osm_id,outlet_name,shop_type,size_tier,sku,category,weekly_units,density_score
3291255926,Kiosk,convenience,medium,OIL001,cooking_oil,7,0.739
3291255926,Kiosk,convenience,medium,OIL002,cooking_oil,7,0.739
3291255926,Kiosk,convenience,medium,OIL003,cooking_oil,7,0.739
3291255926,Kiosk,convenience,medium,OIL004,cooking_oil,7,0.739
3291255926,Kiosk,convenience,medium,FLR001,flour,8,0.739
3291255926,Kiosk,convenience,medium,FLR002,flour,7,0.739
3291255926,Kiosk,convenience,medium,FLR003,flour,8,0.739
3291255926,Kiosk,convenience,medium,FLR004,flour,7,0.739
3291255926,Kiosk,convenience,medium,SUG001,sugar,5,0.739
3291255926,Kiosk,convenience,medium,SUG002,sugar,5,0.739
3291255926,Kiosk,convenience,medium,SUG003,sugar,6,0.739
3291255926,Kiosk,convenience,medium,SOP001,soap,5,0.739
3291255926,Kiosk,convenience,medium,SOP002,soap,4,0.739
3291255926,Kiosk,convenience,medium,SOP003,soap,4,0.739
3291255926,Kiosk,convenience,medium,SOP004,soap,3,0.739
3291255926,Kiosk,convenience,medium,BEV001,beverages,5,0.739
3291255926,Kiosk,convenience,medium,BEV002,beverages,5,0.739
3291255926,Kiosk,convenience,medium,BEV003,beverages,5,0.739
3291255926,Kiosk,convenience,medium,BEV004,beverages,4,0.739
3291255926,Kiosk,convenience,medium,PC001,personal_care,4,0.739
3291255926,Kiosk,convenience,medium,PC002,personal_care,4,0.739
3291255926,Kiosk,convenience,medium,PC003,personal_care,3,0.739
3291255926,Kiosk,convenience,medium,SAN001,sanitary,3,0.739
3291255926,Kiosk,convenience,medium,SAN002,sanitary,3,0.739
3291258371,Kiosk,convenience,medium,OIL001,cooking_oil,6,0.739
3291258371,Kiosk,convenience,medium,OIL002,cooking_oil,6,0.739
3291258371,Kiosk,convenience,medium,OIL003,cooking_oil,6,0.739
3291258371,Kiosk,convenience,medium,OIL004,cooking_oil,6,0.739
3291258371,Kiosk,convenience,medium,FLR001,flour,7,0.739
3291258371,Kiosk,convenience,medium,FLR002,flour,6,0.739
3291258371,Kiosk,convenience,medium,FLR003,flour,7,0.739
3291258371,Kiosk,convenience,medium,FLR004,flour,8,0.739
3291258371,Kiosk,convenience,medium,SUG001,sugar,6,0.739
3291258371,Kiosk,convenience,medium,SUG002,sugar,5,0.739
3291258371,Kiosk,convenience,medium,SUG003,sugar,5,0.739
3291258371,Kiosk,convenience,medium,SOP001,soap,4,0.739
3291258371,Kiosk,convenience,medium,SOP002,soap,3,0.739
3291258371,Kiosk,convenience,medium,SOP003,soap,4,0.739
3291258371,Kiosk,convenience,medium,SOP004,soap,5,0.739
3291258371,Kiosk,convenience,medium,BEV001,beverages,5,0.739
3291258371,Kiosk,convenience,medium,BEV002,beverages,4,0.739
3291258371,Kiosk,convenience,medium,BEV003,beverages,5,0.739
3291258371,Kiosk,convenience,medium,BEV004,beverages,4,0.739
3291258371,Kiosk,convenience,medium,PC001,personal_care,3,0.739
3291258371,Kiosk,convenience,medium,PC002,personal_care,3,0.739
3291258371,Kiosk,convenience,medium,PC003,personal_care,3,0.739
3291258371,Kiosk,convenience,medium,SAN001,sanitary,2,0.739
3291258371,Kiosk,convenience,medium,SAN002,sanitary,3,0.739
3291258372,Kiosk,convenience,medium,OIL001,cooking_oil,5,0.761
3291258372,Kiosk,convenience,medium,OIL002,cooking_oil,6,0.761
3291258372,Kiosk,convenience,medium,OIL003,cooking_oil,5,0.761
3291258372,Kiosk,convenience,medium,OIL004,cooking_oil,7,0.761
3291258372,Kiosk,convenience,medium,FLR001,flour,6,0.761
3291258372,Kiosk,convenience,medium,FLR002,flour,9,0.761
3291258372,Kiosk,convenience,medium,FLR003,flour,8,0.761
3291258372,Kiosk,convenience,medium,FLR004,flour,7,0.761
3291258372,Kiosk,convenience,medium,SUG001,sugar,5,0.761
3291258372,Kiosk,convenience,medium,SUG002,sugar,6,0.761
3291258372,Kiosk,convenience,medium,SUG003,sugar,5,0.761
3291258372,Kiosk,convenience,medium,SOP001,soap,3,0.761
3291258372,Kiosk,convenience,medium,SOP002,soap,5,0.761
3291258372,Kiosk,convenience,medium,SOP003,soap,5,0.761
3291258372,Kiosk,convenience,medium,SOP004,soap,4,0.761
3291258372,Kiosk,convenience,medium,BEV001,beverages,5,0.761
3291258372,Kiosk,convenience,medium,BEV002,beverages,5,0.761
3291258372,Kiosk,convenience,medium,BEV003,beverages,5,0.761
3291258372,Kiosk,convenience,medium,BEV004,beverages,5,0.761
3291258372,Kiosk,convenience,medium,PC001,personal_care,3,0.761
3291258372,Kiosk,convenience,medium,PC002,personal_care,3,0.761
3291258372,Kiosk,convenience,medium,PC003,personal_care,3,0.761
3291258372,Kiosk,convenience,medium,SAN001,sanitary,3,0.761
3291258372,Kiosk,convenience,medium,SAN002,sanitary,2,0.761
3291258373,Kiosk,convenience,medium,OIL001,cooking_oil,5,0.761
3291258373,Kiosk,convenience,medium,OIL002,cooking_oil,5,0.761
3291258373,Kiosk,convenience,medium,OIL003,cooking_oil,7,0.761
3291258373,Kiosk,convenience,medium,OIL004,cooking_oil,6,0.761
3291258373,Kiosk,convenience,medium,FLR001,flour,8,0.761
3291258373,Kiosk,convenience,medium,FLR002,flour,7,0.761
3291258373,Kiosk,convenience,medium,FLR003,flour,9,0.761
3291258373,Kiosk,convenience,medium,FLR004,flour,7,0.761
3291258373,Kiosk,convenience,medium,SUG001,sugar,6,0.761
3291258373,Kiosk,convenience,medium,SUG002,sugar,5,0.761
3291258373,Kiosk,convenience,medium,SUG003,sugar,6,0.761
3291258373,Kiosk,convenience,medium,SOP001,soap,4,0.761
3291258373,Kiosk,convenience,medium,SOP002,soap,5,0.761
3291258373,Kiosk,convenience,medium,SOP003,soap,5,0.761
3291258373,Kiosk,convenience,medium,SOP004,soap,5,0.761
3291258373,Kiosk,convenience,medium,BEV001,beverages,6,0.761
3291258373,Kiosk,convenience,medium,BEV002,beverages,4,0.761
3291258373,Kiosk,convenience,medium,BEV003,beverages,5,0.761
3291258373,Kiosk,convenience,medium,BEV004,beverages,6,0.761
3291258373,Kiosk,convenience,medium,PC001,personal_care,3,0.761
3291258373,Kiosk,convenience,medium,PC002,personal_care,4,0.761
3291258373,Kiosk,convenience,medium,PC003,personal_care,3,0.761
3291258373,Kiosk,convenience,medium,SAN001,sanitary,3,0.761
3291258373,Kiosk,convenience,medium,SAN002,sanitary,3,0.761
3292350021,Unknown,butcher,small,OIL001,cooking_oil,3,0.826
3292350021,Unknown,butcher,small,OIL002,cooking_oil,2,0.826
3292350021,Unknown,butcher,small,OIL003,cooking_oil,3,0.826
3292350021,Unknown,butcher,small,OIL004,cooking_oil,3,0.826
3292350021,Unknown,butcher,small,FLR001,flour,4,0.826
3292350021,Unknown,butcher,small,FLR002,flour,3,0.826
3292350021,Unknown,butcher,small,FLR003,flour,4,0.826
3292350021,Unknown,butcher,small,FLR004,flour,4,0.826
3292350021,Unknown,butcher,small,SUG001,sugar,2,0.826
3292350021,Unknown,butcher,small,SUG002,sugar,2,0.826
3292350021,Unknown,butcher,small,SUG003,sugar,3,0.826
3292350021,Unknown,butcher,small,SOP001,soap,2,0.826
3292350021,Unknown,butcher,small,SOP002,soap,2,0.826
3292350021,Unknown,butcher,small,SOP003,soap,2,0.826
3292350021,Unknown,butcher,small,SOP004,soap,2,0.826
3292350021,Unknown,butcher,small,BEV001,beverages,2,0.826
3292350021,Unknown,butcher,small,BEV002,beverages,2,0.826
3292350021,Unknown,butcher,small,BEV003,beverages,2,0.826
3292350021,Unknown,butcher,small,BEV004,beverages,2,0.826
3292350021,Unknown,butcher,small,PC001,personal_care,2,0.826
3292350021,Unknown,butcher,small,PC002,personal_care,1,0.826
3292350021,Unknown,butcher,small,PC003,personal_care,2,0.826
3292350021,Unknown,butcher,small,SAN001,sanitary,1,0.826
3292350021,Unknown,butcher,small,SAN002,sanitary,1,0.826
3834757804,Shivling,supermarket,large,OIL001,cooking_oil,14,0.783
3834757804,Shivling,supermarket,large,OIL002,cooking_oil,18,0.783
3834757804,Shivling,supermarket,large,OIL003,cooking_oil,15,0.783
3834757804,Shivling,supermarket,large,OIL004,cooking_oil,16,0.783
3834757804,Shivling,supermarket,large,FLR001,flour,19,0.783
3834757804,Shivling,supermarket,large,FLR002,flour,19,0.783
3834757804,Shivling,supermarket,large,FLR003,flour,17,0.783
3834757804,Shivling,supermarket,large,FLR004,flour,22,0.783
3834757804,Shivling,supermarket,large,SUG001,sugar,15,0.783
3834757804,Shivling,supermarket,large,SUG002,sugar,12,0.783
3834757804,Shivling,supermarket,large,SUG003,sugar,17,0.783
3834757804,Shivling,supermarket,large,SOP001,soap,10,0.783
3834757804,Shivling,supermarket,large,SOP002,soap,13,0.783
3834757804,Shivling,supermarket,large,SOP003,soap,11,0.783
3834757804,Shivling,supermarket,large,SOP004,soap,10,0.783
3834757804,Shivling,supermarket,large,BEV001,beverages,12,0.783
3834757804,Shivling,supermarket,large,BEV002,beverages,14,0.783
3834757804,Shivling,supermarket,large,BEV003,beverages,15,0.783
3834757804,Shivling,supermarket,large,BEV004,beverages,12,0.783
3834757804,Shivling,supermarket,large,PC001,personal_care,9,0.783
3834757804,Shivling,supermarket,large,PC002,personal_care,10,0.783
3834757804,Shivling,supermarket,large,PC003,personal_care,10,0.783
3834757804,Shivling,supermarket,large,SAN001,sanitary,7,0.783
3834757804,Shivling,supermarket,large,SAN002,sanitary,9,0.783
4620811493,street shop,convenience,medium,OIL001,cooking_oil,4,0.5
4620811493,street shop,convenience,medium,OIL002,cooking_oil,4,0.5
4620811493,street shop,convenience,medium,OIL003,cooking_oil,5,0.5
4620811493,street shop,convenience,medium,OIL004,cooking_oil,4,0.5
4620811493,street shop,convenience,medium,FLR001,flour,5,0.5
4620811493,street shop,convenience,medium,FLR002,flour,4,0.5
4620811493,street shop,convenience,medium,FLR003,flour,5,0.5
4620811493,street shop,convenience,medium,FLR004,flour,4,0.5
4620811493,street shop,convenience,medium,SUG001,sugar,3,0.5
4620811493,street shop,convenience,medium,SUG002,sugar,3,0.5
4620811493,street shop,convenience,medium,SUG003,sugar,3,0.5
4620811493,street shop,convenience,medium,SOP001,soap,2,0.5
4620811493,street shop,convenience,medium,SOP002,soap,3,0.5
4620811493,street shop,convenience,medium,SOP003,soap,2,0.5
4620811493,street shop,convenience,medium,SOP004,soap,2,0.5
4620811493,street shop,convenience,medium,BEV001,beverages,3,0.5
4620811493,street shop,convenience,medium,BEV002,beverages,3,0.5
4620811493,street shop,convenience,medium,BEV003,beverages,3,0.5
4620811493,street shop,convenience,medium,BEV004,beverages,4,0.5
4620811493,street shop,convenience,medium,PC001,personal_care,3,0.5
4620811493,street shop,convenience,medium,PC002,personal_care,3,0.5
4620811493,street shop,convenience,medium,PC003,personal_care,2,0.5
4620811493,street shop,convenience,medium,SAN001,sanitary,2,0.5
4620811493,street shop,convenience,medium,SAN002,sanitary,2,0.5
6851440464,QuickMart,supermarket,large,OIL001,cooking_oil,25,1.022
6851440464,QuickMart,supermarket,large,OIL002,cooking_oil,23,1.022
6851440464,QuickMart,supermarket,large,OIL003,cooking_oil,24,1.022
6851440464,QuickMart,supermarket,large,OIL004,cooking_oil,26,1.022
6851440464,QuickMart,supermarket,large,FLR001,flour,27,1.022
6851440464,QuickMart,supermarket,large,FLR002,flour,22,1.022
6851440464,QuickMart,supermarket,large,FLR003,flour,23,1.022
6851440464,QuickMart,supermarket,large,FLR004,flour,23,1.022
6851440464,QuickMart,supermarket,large,SUG001,sugar,21,1.022
6851440464,QuickMart,supermarket,large,SUG002,sugar,21,1.022
6851440464,QuickMart,supermarket,large,SUG003,sugar,22,1.022
6851440464,QuickMart,supermarket,large,SOP001,soap,17,1.022
6851440464,QuickMart,supermarket,large,SOP002,soap,12,1.022
6851440464,QuickMart,supermarket,large,SOP003,soap,17,1.022
6851440464,QuickMart,supermarket,large,SOP004,soap,14,1.022
6851440464,QuickMart,supermarket,large,BEV001,beverages,20,1.022
6851440464,QuickMart,supermarket,large,BEV002,beverages,19,1.022
6851440464,QuickMart,supermarket,large,BEV003,beverages,19,1.022
6851440464,QuickMart,supermarket,large,BEV004,beverages,18,1.022
6851440464,QuickMart,supermarket,large,PC001,personal_care,12,1.022
6851440464,QuickMart,supermarket,large,PC002,personal_care,11,1.022
6851440464,QuickMart,supermarket,large,PC003,personal_care,14,1.022
6851440464,QuickMart,supermarket,large,SAN001,sanitary,9,1.022
6851440464,QuickMart,supermarket,large,SAN002,sanitary,10,1.022
6966453737,Obunga Market,unclassified,small,OIL001,cooking_oil,3,0.913
6966453737,Obunga Market,unclassified,small,OIL002,cooking_oil,2,0.913
6966453737,Obunga Market,unclassified,small,OIL003,cooking_oil,3,0.913
6966453737,Obunga Market,unclassified,small,OIL004,cooking_oil,2,0.913
6966453737,Obunga Market,unclassified,small,FLR001,flour,3,0.913
6966453737,Obunga Market,unclassified,small,FLR002,flour,4,0.913
6966453737,Obunga Market,unclassified,small,FLR003,flour,4,0.913
6966453737,Obunga Market,unclassified,small,FLR004,flour,4,0.913
6966453737,Obunga Market,unclassified,small,SUG001,sugar,2,0.913
6966453737,Obunga Market,unclassified,small,SUG002,sugar,3,0.913
6966453737,Obunga Market,unclassified,small,SUG003,sugar,3,0.913
6966453737,Obunga Market,unclassified,small,SOP001,soap,2,0.913
6966453737,Obunga Market,unclassified,small,SOP002,soap,2,0.913
6966453737,Obunga Market,unclassified,small,SOP003,soap,2,0.913
6966453737,Obunga Market,unclassified,small,SOP004,soap,2,0.913
6966453737,Obunga Market,unclassified,small,BEV001,beverages,2,0.913
6966453737,Obunga Market,unclassified,small,BEV002,beverages,2,0.913
6966453737,Obunga Market,unclassified,small,BEV003,beverages,3,0.913
6966453737,Obunga Market,unclassified,small,BEV004,beverages,2,0.913
6966453737,Obunga Market,unclassified,small,PC001,personal_care,2,0.913
6966453737,Obunga Market,unclassified,small,PC002,personal_care,2,0.913
6966453737,Obunga Market,unclassified,small,PC003,personal_care,2,0.913
6966453737,Obunga Market,unclassified,small,SAN001,sanitary,1,0.913
6966453737,Obunga Market,unclassified,small,SAN002,sanitary,1,0.913
6969176795,Nyamasaria,unclassified,small,OIL001,cooking_oil,2,0.543
6969176795,Nyamasaria,unclassified,small,OIL002,cooking_oil,1,0.543
6969176795,Nyamasaria,unclassified,small,OIL003,cooking_oil,1,0.543
6969176795,Nyamasaria,unclassified,small,OIL004,cooking_oil,2,0.543
6969176795,Nyamasaria,unclassified,small,FLR001,flour,2,0.543
6969176795,Nyamasaria,unclassified,small,FLR002,flour,2,0.543
6969176795,Nyamasaria,unclassified,small,FLR003,flour,2,0.543
6969176795,Nyamasaria,unclassified,small,FLR004,flour,2,0.543
6969176795,Nyamasaria,unclassified,small,SUG001,sugar,2,0.543
6969176795,Nyamasaria,unclassified,small,SUG002,sugar,2,0.543
6969176795,Nyamasaria,unclassified,small,SUG003,sugar,2,0.543
6969176795,Nyamasaria,unclassified,small,SOP001,soap,1,0.543
6969176795,Nyamasaria,unclassified,small,SOP002,soap,1,0.543
6969176795,Nyamasaria,unclassified,small,SOP003,soap,1,0.543
6969176795,Nyamasaria,unclassified,small,SOP004,soap,1,0.543
6969176795,Nyamasaria,unclassified,small,BEV001,beverages,1,0.543
6969176795,Nyamasaria,unclassified,small,BEV002,beverages,2,0.543
6969176795,Nyamasaria,unclassified,small,BEV003,beverages,2,0.543
6969176795,Nyamasaria,unclassified,small,BEV004,beverages,1,0.543
6969176795,Nyamasaria,unclassified,small,PC001,personal_care,1,0.543
6969176795,Nyamasaria,unclassified,small,PC002,personal_care,1,0.543
6969176795,Nyamasaria,unclassified,small,PC003,personal_care,1,0.543
6969176795,Nyamasaria,unclassified,small,SAN001,sanitary,1,0.543
6969176795,Nyamasaria,unclassified,small,SAN002,sanitary,1,0.543
7181814601,Naivas Food Market,supermarket,large,OIL001,cooking_oil,14,0.565
7181814601,Naivas Food Market,supermarket,large,OIL002,cooking_oil,12,0.565
7181814601,Naivas Food Market,supermarket,large,OIL003,cooking_oil,11,0.565
7181814601,Naivas Food Market,supermarket,large,OIL004,cooking_oil,11,0.565
7181814601,Naivas Food Market,supermarket,large,FLR001,flour,17,0.565
7181814601,Naivas Food Market,supermarket,large,FLR002,flour,15,0.565
7181814601,Naivas Food Market,supermarket,large,FLR003,flour,14,0.565
7181814601,Naivas Food Market,supermarket,large,FLR004,flour,16,0.565
7181814601,Naivas Food Market,supermarket,large,SUG001,sugar,9,0.565
7181814601,Naivas Food Market,supermarket,large,SUG002,sugar,12,0.565
7181814601,Naivas Food Market,supermarket,large,SUG003,sugar,12,0.565
7181814601,Naivas Food Market,supermarket,large,SOP001,soap,7,0.565
7181814601,Naivas Food Market,supermarket,large,SOP002,soap,10,0.565
7181814601,Naivas Food Market,supermarket,large,SOP003,soap,10,0.565
7181814601,Naivas Food Market,supermarket,large,SOP004,soap,8,0.565
7181814601,Naivas Food Market,supermarket,large,BEV001,beverages,9,0.565
7181814601,Naivas Food Market,supermarket,large,BEV002,beverages,11,0.565
7181814601,Naivas Food Market,supermarket,large,BEV003,beverages,10,0.565
7181814601,Naivas Food Market,supermarket,large,BEV004,beverages,8,0.565
7181814601,Naivas Food Market,supermarket,large,PC001,personal_care,7,0.565
7181814601,Naivas Food Market,supermarket,large,PC002,personal_care,8,0.565
7181814601,Naivas Food Market,supermarket,large,PC003,personal_care,8,0.565
7181814601,Naivas Food Market,supermarket,large,SAN001,sanitary,5,0.565
7181814601,Naivas Food Market,supermarket,large,SAN002,sanitary,6,0.565
7227559253,QuickMart,supermarket,large,OIL001,cooking_oil,18,0.739
7227559253,QuickMart,supermarket,large,OIL002,cooking_oil,16,0.739
7227559253,QuickMart,supermarket,large,OIL003,cooking_oil,14,0.739
7227559253,QuickMart,supermarket,large,OIL004,cooking_oil,14,0.739
7227559253,QuickMart,supermarket,large,FLR001,flour,17,0.739
7227559253,QuickMart,supermarket,large,FLR002,flour,22,0.739
7227559253,QuickMart,supermarket,large,FLR003,flour,22,0.739
7227559253,QuickMart,supermarket,large,FLR004,flour,19,0.739
7227559253,QuickMart,supermarket,large,SUG001,sugar,13,0.739
7227559253,QuickMart,supermarket,large,SUG002,sugar,14,0.739
7227559253,QuickMart,supermarket,large,SUG003,sugar,14,0.739
7227559253,QuickMart,supermarket,large,SOP001,soap,10,0.739
7227559253,QuickMart,supermarket,large,SOP002,soap,9,0.739
7227559253,QuickMart,supermarket,large,SOP003,soap,10,0.739
7227559253,QuickMart,supermarket,large,SOP004,soap,11,0.739
7227559253,QuickMart,supermarket,large,BEV001,beverages,14,0.739
7227559253,QuickMart,supermarket,large,BEV002,beverages,14,0.739
7227559253,QuickMart,supermarket,large,BEV003,beverages,11,0.739
7227559253,QuickMart,supermarket,large,BEV004,beverages,12,0.739
7227559253,QuickMart,supermarket,large,PC001,personal_care,9,0.739
7227559253,QuickMart,supermarket,large,PC002,personal_care,9,0.739
7227559253,QuickMart,supermarket,large,PC003,personal_care,8,0.739
7227559253,QuickMart,supermarket,large,SAN001,sanitary,6,0.739
7227559253,QuickMart,supermarket,large,SAN002,sanitary,8,0.739
7229869113,Choppies,supermarket,large,OIL001,cooking_oil,10,0.543
7229869113,Choppies,supermarket,large,OIL002,cooking_oil,12,0.543
7229869113,Choppies,supermarket,large,OIL003,cooking_oil,10,0.543
7229869113,Choppies,supermarket,large,OIL004,cooking_oil,13,0.543
7229869113,Choppies,supermarket,large,FLR001,flour,12,0.543
7229869113,Choppies,supermarket,large,FLR002,flour,15,0.543
7229869113,Choppies,supermarket,large,FLR003,flour,16,0.543
7229869113,Choppies,supermarket,large,FLR004,flour,17,0.543
7229869113,Choppies,supermarket,large,SUG001,sugar,9,0.543
7229869113,Choppies,supermarket,large,SUG002,sugar,9,0.543
7229869113,Choppies,supermarket,large,SUG003,sugar,9,0.543
7229869113,Choppies,supermarket,large,SOP001,soap,9,0.543
7229869113,Choppies,supermarket,large,SOP002,soap,8,0.543
7229869113,Choppies,supermarket,large,SOP003,soap,6,0.543
7229869113,Choppies,supermarket,large,SOP004,soap,8,0.543
7229869113,Choppies,supermarket,large,BEV001,beverages,10,0.543
7229869113,Choppies,supermarket,large,BEV002,beverages,8,0.543
7229869113,Choppies,supermarket,large,BEV003,beverages,9,0.543
7229869113,Choppies,supermarket,large,BEV004,beverages,9,0.543
7229869113,Choppies,supermarket,large,PC001,personal_care,7,0.543
7229869113,Choppies,supermarket,large,PC002,personal_care,6,0.543
7229869113,Choppies,supermarket,large,PC003,personal_care,6,0.543
7229869113,Choppies,supermarket,large,SAN001,sanitary,6,0.543
7229869113,Choppies,supermarket,large,SAN002,sanitary,5,0.543
7229869128,Quickmart- Kondele,supermarket,large,OIL001,cooking_oil,30,1.37
7229869128,Quickmart- Kondele,supermarket,large,OIL002,cooking_oil,34,1.37
7229869128,Quickmart- Kondele,supermarket,large,OIL003,cooking_oil,26,1.37
7229869128,Quickmart- Kondele,supermarket,large,OIL004,cooking_oil,33,1.37
7229869128,Quickmart- Kondele,supermarket,large,FLR001,flour,38,1.37
7229869128,Quickmart- Kondele,supermarket,large,FLR002,flour,39,1.37
7229869128,Quickmart- Kondele,supermarket,large,FLR003,flour,31,1.37
7229869128,Quickmart- Kondele,supermarket,large,FLR004,flour,36,1.37
7229869128,Quickmart- Kondele,supermarket,large,SUG001,sugar,25,1.37
7229869128,Quickmart- Kondele,supermarket,large,SUG002,sugar,29,1.37
7229869128,Quickmart- Kondele,supermarket,large,SUG003,sugar,25,1.37
7229869128,Quickmart- Kondele,supermarket,large,SOP001,soap,18,1.37
7229869128,Quickmart- Kondele,supermarket,large,SOP002,soap,18,1.37
7229869128,Quickmart- Kondele,supermarket,large,SOP003,soap,19,1.37
7229869128,Quickmart- Kondele,supermarket,large,SOP004,soap,18,1.37
7229869128,Quickmart- Kondele,supermarket,large,BEV001,beverages,20,1.37
7229869128,Quickmart- Kondele,supermarket,large,BEV002,beverages,22,1.37
7229869128,Quickmart- Kondele,supermarket,large,BEV003,beverages,26,1.37
7229869128,Quickmart- Kondele,supermarket,large,BEV004,beverages,20,1.37
7229869128,Quickmart- Kondele,supermarket,large,PC001,personal_care,19,1.37
7229869128,Quickmart- Kondele,supermarket,large,PC002,personal_care,17,1.37
7229869128,Quickmart- Kondele,supermarket,large,PC003,personal_care,15,1.37
7229869128,Quickmart- Kondele,supermarket,large,SAN001,sanitary,13,1.37
7229869128,Quickmart- Kondele,supermarket,large,SAN002,sanitary,13,1.37
7229869129,Shivling,supermarket,large,OIL001,cooking_oil,29,1.391
7229869129,Shivling,supermarket,large,OIL002,cooking_oil,29,1.391
7229869129,Shivling,supermarket,large,OIL003,cooking_oil,29,1.391
7229869129,Shivling,supermarket,large,OIL004,cooking_oil,26,1.391
7229869129,Shivling,supermarket,large,FLR001,flour,30,1.391
7229869129,Shivling,supermarket,large,FLR002,flour,40,1.391
7229869129,Shivling,supermarket,large,FLR003,flour,38,1.391
7229869129,Shivling,supermarket,large,FLR004,flour,40,1.391
7229869129,Shivling,supermarket,large,SUG001,sugar,31,1.391
7229869129,Shivling,supermarket,large,SUG002,sugar,27,1.391
7229869129,Shivling,supermarket,large,SUG003,sugar,30,1.391
7229869129,Shivling,supermarket,large,SOP001,soap,23,1.391
7229869129,Shivling,supermarket,large,SOP002,soap,24,1.391
7229869129,Shivling,supermarket,large,SOP003,soap,18,1.391
7229869129,Shivling,supermarket,large,SOP004,soap,19,1.391
7229869129,Shivling,supermarket,large,BEV001,beverages,24,1.391
7229869129,Shivling,supermarket,large,BEV002,beverages,19,1.391
7229869129,Shivling,supermarket,large,BEV003,beverages,20,1.391
7229869129,Shivling,supermarket,large,BEV004,beverages,27,1.391
7229869129,Shivling,supermarket,large,PC001,personal_care,17,1.391
7229869129,Shivling,supermarket,large,PC002,personal_care,15,1.391
7229869129,Shivling,supermarket,large,PC003,personal_care,19,1.391
7229869129,Shivling,supermarket,large,SAN001,sanitary,14,1.391
7229869129,Shivling,supermarket,large,SAN002,sanitary,15,1.391
7230512297,Gambogi,unclassified,small,OIL001,cooking_oil,1,0.5
7230512297,Gambogi,unclassified,small,OIL002,cooking_oil,2,0.5
7230512297,Gambogi,unclassified,small,OIL003,cooking_oil,1,0.5
7230512297,Gambogi,unclassified,small,OIL004,cooking_oil,2,0.5
7230512297,Gambogi,unclassified,small,FLR001,flour,2,0.5
7230512297,Gambogi,unclassified,small,FLR002,flour,2,0.5
7230512297,Gambogi,unclassified,small,FLR003,flour,2,0.5
7230512297,Gambogi,unclassified,small,FLR004,flour,2,0.5
7230512297,Gambogi,unclassified,small,SUG001,sugar,1,0.5
7230512297,Gambogi,unclassified,small,SUG002,sugar,1,0.5
7230512297,Gambogi,unclassified,small,SUG003,sugar,1,0.5
7230512297,Gambogi,unclassified,small,SOP001,soap,1,0.5
7230512297,Gambogi,unclassified,small,SOP002,soap,1,0.5
7230512297,Gambogi,unclassified,small,SOP003,soap,1,0.5
7230512297,Gambogi,unclassified,small,SOP004,soap,1,0.5
7230512297,Gambogi,unclassified,small,BEV001,beverages,1,0.5
7230512297,Gambogi,unclassified,small,BEV002,beverages,1,0.5
7230512297,Gambogi,unclassified,small,BEV003,beverages,1,0.5
7230512297,Gambogi,unclassified,small,BEV004,beverages,1,0.5
7230512297,Gambogi,unclassified,small,PC001,personal_care,1,0.5
7230512297,Gambogi,unclassified,small,PC002,personal_care,1,0.5
7230512297,Gambogi,unclassified,small,PC003,personal_care,1,0.5
7230512297,Gambogi,unclassified,small,SAN001,sanitary,1,0.5
7230512297,Gambogi,unclassified,small,SAN002,sanitary,1,0.5
8814265702,Mama Papa's Shop,general,medium,OIL001,cooking_oil,6,0.652
8814265702,Mama Papa's Shop,general,medium,OIL002,cooking_oil,4,0.652
8814265702,Mama Papa's Shop,general,medium,OIL003,cooking_oil,6,0.652
8814265702,Mama Papa's Shop,general,medium,OIL004,cooking_oil,5,0.652
8814265702,Mama Papa's Shop,general,medium,FLR001,flour,6,0.652
8814265702,Mama Papa's Shop,general,medium,FLR002,flour,7,0.652
8814265702,Mama Papa's Shop,general,medium,FLR003,flour,7,0.652
8814265702,Mama Papa's Shop,general,medium,FLR004,flour,6,0.652
8814265702,Mama Papa's Shop,general,medium,SUG001,sugar,4,0.652
8814265702,Mama Papa's Shop,general,medium,SUG002,sugar,4,0.652
8814265702,Mama Papa's Shop,general,medium,SUG003,sugar,5,0.652
8814265702,Mama Papa's Shop,general,medium,SOP001,soap,3,0.652
8814265702,Mama Papa's Shop,general,medium,SOP002,soap,4,0.652
8814265702,Mama Papa's Shop,general,medium,SOP003,soap,3,0.652
8814265702,Mama Papa's Shop,general,medium,SOP004,soap,4,0.652
8814265702,Mama Papa's Shop,general,medium,BEV001,beverages,4,0.652
8814265702,Mama Papa's Shop,general,medium,BEV002,beverages,4,0.652
8814265702,Mama Papa's Shop,general,medium,BEV003,beverages,4,0.652
8814265702,Mama Papa's Shop,general,medium,BEV004,beverages,4,0.652
8814265702,Mama Papa's Shop,general,medium,PC001,personal_care,3,0.652
8814265702,Mama Papa's Shop,general,medium,PC002,personal_care,3,0.652
8814265702,Mama Papa's Shop,general,medium,PC003,personal_care,3,0.652
8814265702,Mama Papa's Shop,general,medium,SAN001,sanitary,2,0.652
8814265702,Mama Papa's Shop,general,medium,SAN002,sanitary,3,0.652
8814390051,Honda Nafuu General Store,general,medium,OIL001,cooking_oil,5,0.652
8814390051,Honda Nafuu General Store,general,medium,OIL002,cooking_oil,5,0.652
8814390051,Honda Nafuu General Store,general,medium,OIL003,cooking_oil,5,0.652
8814390051,Honda Nafuu General Store,general,medium,OIL004,cooking_oil,5,0.652
8814390051,Honda Nafuu General Store,general,medium,FLR001,flour,6,0.652
8814390051,Honda Nafuu General Store,general,medium,FLR002,flour,6,0.652
8814390051,Honda Nafuu General Store,general,medium,FLR003,flour,6,0.652
8814390051,Honda Nafuu General Store,general,medium,FLR004,flour,7,0.652
8814390051,Honda Nafuu General Store,general,medium,SUG001,sugar,5,0.652
8814390051,Honda Nafuu General Store,general,medium,SUG002,sugar,5,0.652
8814390051,Honda Nafuu General Store,general,medium,SUG003,sugar,6,0.652
8814390051,Honda Nafuu General Store,general,medium,SOP001,soap,4,0.652
8814390051,Honda Nafuu General Store,general,medium,SOP002,soap,3,0.652
8814390051,Honda Nafuu General Store,general,medium,SOP003,soap,3,0.652
8814390051,Honda Nafuu General Store,general,medium,SOP004,soap,3,0.652
8814390051,Honda Nafuu General Store,general,medium,BEV001,beverages,4,0.652
8814390051,Honda Nafuu General Store,general,medium,BEV002,beverages,3,0.652
8814390051,Honda Nafuu General Store,general,medium,BEV003,beverages,5,0.652
8814390051,Honda Nafuu General Store,general,medium,BEV004,beverages,4,0.652
8814390051,Honda Nafuu General Store,general,medium,PC001,personal_care,3,0.652
8814390051,Honda Nafuu General Store,general,medium,PC002,personal_care,3,0.652
8814390051,Honda Nafuu General Store,general,medium,PC003,personal_care,3,0.652
8814390051,Honda Nafuu General Store,general,medium,SAN001,sanitary,2,0.652
8814390051,Honda Nafuu General Store,general,medium,SAN002,sanitary,2,0.652
8814394881,Mama Sally Shop,kiosk,small,OIL001,cooking_oil,2,0.652
8814394881,Mama Sally Shop,kiosk,small,OIL002,cooking_oil,2,0.652
8814394881,Mama Sally Shop,kiosk,small,OIL003,cooking_oil,2,0.652
8814394881,Mama Sally Shop,kiosk,small,OIL004,cooking_oil,2,0.652
8814394881,Mama Sally Shop,kiosk,small,FLR001,flour,2,0.652
8814394881,Mama Sally Shop,kiosk,small,FLR002,flour,3,0.652
8814394881,Mama Sally Shop,kiosk,small,FLR003,flour,2,0.652
8814394881,Mama Sally Shop,kiosk,small,FLR004,flour,3,0.652
8814394881,Mama Sally Shop,kiosk,small,SUG001,sugar,2,0.652
8814394881,Mama Sally Shop,kiosk,small,SUG002,sugar,2,0.652
8814394881,Mama Sally Shop,kiosk,small,SUG003,sugar,2,0.652
8814394881,Mama Sally Shop,kiosk,small,SOP001,soap,1,0.652
8814394881,Mama Sally Shop,kiosk,small,SOP002,soap,1,0.652
8814394881,Mama Sally Shop,kiosk,small,SOP003,soap,1,0.652
8814394881,Mama Sally Shop,kiosk,small,SOP004,soap,1,0.652
8814394881,Mama Sally Shop,kiosk,small,BEV001,beverages,2,0.652
8814394881,Mama Sally Shop,kiosk,small,BEV002,beverages,1,0.652
8814394881,Mama Sally Shop,kiosk,small,BEV003,beverages,2,0.652
8814394881,Mama Sally Shop,kiosk,small,BEV004,beverages,2,0.652
8814394881,Mama Sally Shop,kiosk,small,PC001,personal_care,1,0.652
8814394881,Mama Sally Shop,kiosk,small,PC002,personal_care,1,0.652
8814394881,Mama Sally Shop,kiosk,small,PC003,personal_care,1,0.652
8814394881,Mama Sally Shop,kiosk,small,SAN001,sanitary,1,0.652
8814394881,Mama Sally Shop,kiosk,small,SAN002,sanitary,1,0.652
8816862517,Dunga Market,unclassified,small,OIL001,cooking_oil,1,0.5
8816862517,Dunga Market,unclassified,small,OIL002,cooking_oil,1,0.5
8816862517,Dunga Market,unclassified,small,OIL003,cooking_oil,1,0.5
8816862517,Dunga Market,unclassified,small,OIL004,cooking_oil,1,0.5
8816862517,Dunga Market,unclassified,small,FLR001,flour,2,0.5
8816862517,Dunga Market,unclassified,small,FLR002,flour,2,0.5
8816862517,Dunga Market,unclassified,small,FLR003,flour,2,0.5
8816862517,Dunga Market,unclassified,small,FLR004,flour,2,0.5
8816862517,Dunga Market,unclassified,small,SUG001,sugar,1,0.5
8816862517,Dunga Market,unclassified,small,SUG002,sugar,1,0.5
8816862517,Dunga Market,unclassified,small,SUG003,sugar,2,0.5
8816862517,Dunga Market,unclassified,small,SOP001,soap,1,0.5
8816862517,Dunga Market,unclassified,small,SOP002,soap,1,0.5
8816862517,Dunga Market,unclassified,small,SOP003,soap,1,0.5
8816862517,Dunga Market,unclassified,small,SOP004,soap,1,0.5
8816862517,Dunga Market,unclassified,small,BEV001,beverages,1,0.5
8816862517,Dunga Market,unclassified,small,BEV002,beverages,1,0.5
8816862517,Dunga Market,unclassified,small,BEV003,beverages,1,0.5
8816862517,Dunga Market,unclassified,small,BEV004,beverages,1,0.5
8816862517,Dunga Market,unclassified,small,PC001,personal_care,1,0.5
8816862517,Dunga Market,unclassified,small,PC002,personal_care,1,0.5
8816862517,Dunga Market,unclassified,small,PC003,personal_care,1,0.5
8816862517,Dunga Market,unclassified,small,SAN001,sanitary,1,0.5
8816862517,Dunga Market,unclassified,small,SAN002,sanitary,1,0.5
8816875717,Kilo,unclassified,small,OIL001,cooking_oil,2,0.87
8816875717,Kilo,unclassified,small,OIL002,cooking_oil,3,0.87
8816875717,Kilo,unclassified,small,OIL003,cooking_oil,3,0.87
8816875717,Kilo,unclassified,small,OIL004,cooking_oil,3,0.87
8816875717,Kilo,unclassified,small,FLR001,flour,4,0.87
8816875717,Kilo,unclassified,small,FLR002,flour,4,0.87
8816875717,Kilo,unclassified,small,FLR003,flour,3,0.87
8816875717,Kilo,unclassified,small,FLR004,flour,4,0.87
8816875717,Kilo,unclassified,small,SUG001,sugar,2,0.87
8816875717,Kilo,unclassified,small,SUG002,sugar,2,0.87
8816875717,Kilo,unclassified,small,SUG003,sugar,3,0.87
8816875717,Kilo,unclassified,small,SOP001,soap,2,0.87
8816875717,Kilo,unclassified,small,SOP002,soap,2,0.87
8816875717,Kilo,unclassified,small,SOP003,soap,2,0.87
8816875717,Kilo,unclassified,small,SOP004,soap,2,0.87
8816875717,Kilo,unclassified,small,BEV001,beverages,2,0.87
8816875717,Kilo,unclassified,small,BEV002,beverages,2,0.87
8816875717,Kilo,unclassified,small,BEV003,beverages,2,0.87
8816875717,Kilo,unclassified,small,BEV004,beverages,2,0.87
8816875717,Kilo,unclassified,small,PC001,personal_care,2,0.87
8816875717,Kilo,unclassified,small,PC002,personal_care,1,0.87
8816875717,Kilo,unclassified,small,PC003,personal_care,2,0.87
8816875717,Kilo,unclassified,small,SAN001,sanitary,1,0.87
8816875717,Kilo,unclassified,small,SAN002,sanitary,1,0.87
8816877717,Simba Market,unclassified,small,OIL001,cooking_oil,2,0.674
8816877717,Simba Market,unclassified,small,OIL002,cooking_oil,2,0.674
8816877717,Simba Market,unclassified,small,OIL003,cooking_oil,2,0.674
8816877717,Simba Market,unclassified,small,OIL004,cooking_oil,2,0.674
8816877717,Simba Market,unclassified,small,FLR001,flour,3,0.674
8816877717,Simba Market,unclassified,small,FLR002,flour,2,0.674
8816877717,Simba Market,unclassified,small,FLR003,flour,3,0.674
8816877717,Simba Market,unclassified,small,FLR004,flour,3,0.674
8816877717,Simba Market,unclassified,small,SUG001,sugar,2,0.674
8816877717,Simba Market,unclassified,small,SUG002,sugar,2,0.674
8816877717,Simba Market,unclassified,small,SUG003,sugar,2,0.674
8816877717,Simba Market,unclassified,small,SOP001,soap,1,0.674
8816877717,Simba Market,unclassified,small,SOP002,soap,1,0.674
8816877717,Simba Market,unclassified,small,SOP003,soap,1,0.674
8816877717,Simba Market,unclassified,small,SOP004,soap,2,0.674
8816877717,Simba Market,unclassified,small,BEV001,beverages,2,0.674
8816877717,Simba Market,unclassified,small,BEV002,beverages,2,0.674
8816877717,Simba Market,unclassified,small,BEV003,beverages,2,0.674
8816877717,Simba Market,unclassified,small,BEV004,beverages,2,0.674
8816877717,Simba Market,unclassified,small,PC001,personal_care,1,0.674
8816877717,Simba Market,unclassified,small,PC002,personal_care,1,0.674
8816877717,Simba Market,unclassified,small,PC003,personal_care,1,0.674
8816877717,Simba Market,unclassified,small,SAN001,sanitary,1,0.674
8816877717,Simba Market,unclassified,small,SAN002,sanitary,1,0.674
8816877719,Kasawino,convenience,medium,OIL001,cooking_oil,3,0.522
8816877719,Kasawino,convenience,medium,OIL002,cooking_oil,5,0.522
8816877719,Kasawino,convenience,medium,OIL003,cooking_oil,5,0.522
8816877719,Kasawino,convenience,medium,OIL004,cooking_oil,3,0.522
8816877719,Kasawino,convenience,medium,FLR001,flour,5,0.522
8816877719,Kasawino,convenience,medium,FLR002,flour,5,0.522
8816877719,Kasawino,convenience,medium,FLR003,flour,4,0.522
8816877719,Kasawino,convenience,medium,FLR004,flour,5,0.522
8816877719,Kasawino,convenience,medium,SUG001,sugar,3,0.522
8816877719,Kasawino,convenience,medium,SUG002,sugar,4,0.522
8816877719,Kasawino,convenience,medium,SUG003,sugar,4,0.522
8816877719,Kasawino,convenience,medium,SOP001,soap,3,0.522
8816877719,Kasawino,convenience,medium,SOP002,soap,3,0.522
8816877719,Kasawino,convenience,medium,SOP003,soap,2,0.522
8816877719,Kasawino,convenience,medium,SOP004,soap,3,0.522
8816877719,Kasawino,convenience,medium,BEV001,beverages,3,0.522
8816877719,Kasawino,convenience,medium,BEV002,beverages,3,0.522
8816877719,Kasawino,convenience,medium,BEV003,beverages,3,0.522
8816877719,Kasawino,convenience,medium,BEV004,beverages,3,0.522
8816877719,Kasawino,convenience,medium,PC001,personal_care,2,0.522
8816877719,Kasawino,convenience,medium,PC002,personal_care,2,0.522
8816877719,Kasawino,convenience,medium,PC003,personal_care,3,0.522
8816877719,Kasawino,convenience,medium,SAN001,sanitary,2,0.522
8816877719,Kasawino,convenience,medium,SAN002,sanitary,2,0.522
8816890718,Corona market - kowino,unclassified,small,OIL001,cooking_oil,2,0.609
8816890718,Corona market - kowino,unclassified,small,OIL002,cooking_oil,2,0.609
8816890718,Corona market - kowino,unclassified,small,OIL003,cooking_oil,2,0.609
8816890718,Corona market - kowino,unclassified,small,OIL004,cooking_oil,2,0.609
8816890718,Corona market - kowino,unclassified,small,FLR001,flour,3,0.609
8816890718,Corona market - kowino,unclassified,small,FLR002,flour,2,0.609
8816890718,Corona market - kowino,unclassified,small,FLR003,flour,2,0.609
8816890718,Corona market - kowino,unclassified,small,FLR004,flour,2,0.609
8816890718,Corona market - kowino,unclassified,small,SUG001,sugar,2,0.609
8816890718,Corona market - kowino,unclassified,small,SUG002,sugar,2,0.609
8816890718,Corona market - kowino,unclassified,small,SUG003,sugar,2,0.609
8816890718,Corona market - kowino,unclassified,small,SOP001,soap,1,0.609
8816890718,Corona market - kowino,unclassified,small,SOP002,soap,1,0.609
8816890718,Corona market - kowino,unclassified,small,SOP003,soap,2,0.609
8816890718,Corona market - kowino,unclassified,small,SOP004,soap,1,0.609
8816890718,Corona market - kowino,unclassified,small,BEV001,beverages,1,0.609
8816890718,Corona market - kowino,unclassified,small,BEV002,beverages,2,0.609
8816890718,Corona market - kowino,unclassified,small,BEV003,beverages,2,0.609
8816890718,Corona market - kowino,unclassified,small,BEV004,beverages,1,0.609
8816890718,Corona market - kowino,unclassified,small,PC001,personal_care,1,0.609
8816890718,Corona market - kowino,unclassified,small,PC002,personal_care,1,0.609
8816890718,Corona market - kowino,unclassified,small,PC003,personal_care,1,0.609
8816890718,Corona market - kowino,unclassified,small,SAN001,sanitary,1,0.609
8816890718,Corona market - kowino,unclassified,small,SAN002,sanitary,1,0.609
8816908517,Kasawino Market,unclassified,small,OIL001,cooking_oil,2,0.522
8816908517,Kasawino Market,unclassified,small,OIL002,cooking_oil,1,0.522
8816908517,Kasawino Market,unclassified,small,OIL003,cooking_oil,1,0.522
8816908517,Kasawino Market,unclassified,small,OIL004,cooking_oil,2,0.522
8816908517,Kasawino Market,unclassified,small,FLR001,flour,2,0.522
8816908517,Kasawino Market,unclassified,small,FLR002,flour,2,0.522
8816908517,Kasawino Market,unclassified,small,FLR003,flour,2,0.522
8816908517,Kasawino Market,unclassified,small,FLR004,flour,2,0.522
8816908517,Kasawino Market,unclassified,small,SUG001,sugar,2,0.522
8816908517,Kasawino Market,unclassified,small,SUG002,sugar,2,0.522
8816908517,Kasawino Market,unclassified,small,SUG003,sugar,1,0.522
8816908517,Kasawino Market,unclassified,small,SOP001,soap,1,0.522
8816908517,Kasawino Market,unclassified,small,SOP002,soap,1,0.522
8816908517,Kasawino Market,unclassified,small,SOP003,soap,1,0.522
8816908517,Kasawino Market,unclassified,small,SOP004,soap,1,0.522
8816908517,Kasawino Market,unclassified,small,BEV001,beverages,1,0.522
8816908517,Kasawino Market,unclassified,small,BEV002,beverages,2,0.522
8816908517,Kasawino Market,unclassified,small,BEV003,beverages,1,0.522
8816908517,Kasawino Market,unclassified,small,BEV004,beverages,1,0.522
8816908517,Kasawino Market,unclassified,small,PC001,personal_care,1,0.522
8816908517,Kasawino Market,unclassified,small,PC002,personal_care,1,0.522
8816908517,Kasawino Market,unclassified,small,PC003,personal_care,1,0.522
8816908517,Kasawino Market,unclassified,small,SAN001,sanitary,1,0.522
8816908517,Kasawino Market,unclassified,small,SAN002,sanitary,1,0.522
8816914817,Gesoko,unclassified,small,OIL001,cooking_oil,1,0.522
8816914817,Gesoko,unclassified,small,OIL002,cooking_oil,2,0.522
8816914817,Gesoko,unclassified,small,OIL003,cooking_oil,2,0.522
8816914817,Gesoko,unclassified,small,OIL004,cooking_oil,2,0.522
8816914817,Gesoko,unclassified,small,FLR001,flour,2,0.522
8816914817,Gesoko,unclassified,small,FLR002,flour,2,0.522
8816914817,Gesoko,unclassified,small,FLR003,flour,2,0.522
8816914817,Gesoko,unclassified,small,FLR004,flour,2,0.522
8816914817,Gesoko,unclassified,small,SUG001,sugar,2,0.522
8816914817,Gesoko,unclassified,small,SUG002,sugar,1,0.522
8816914817,Gesoko,unclassified,small,SUG003,sugar,1,0.522
8816914817,Gesoko,unclassified,small,SOP001,soap,1,0.522
8816914817,Gesoko,unclassified,small,SOP002,soap,1,0.522
8816914817,Gesoko,unclassified,small,SOP003,soap,1,0.522
8816914817,Gesoko,unclassified,small,SOP004,soap,1,0.522
8816914817,Gesoko,unclassified,small,BEV001,beverages,1,0.522
8816914817,Gesoko,unclassified,small,BEV002,beverages,1,0.522
8816914817,Gesoko,unclassified,small,BEV003,beverages,1,0.522
8816914817,Gesoko,unclassified,small,BEV004,beverages,1,0.522
8816914817,Gesoko,unclassified,small,PC001,personal_care,1,0.522
8816914817,Gesoko,unclassified,small,PC002,personal_care,1,0.522
8816914817,Gesoko,unclassified,small,PC003,personal_care,1,0.522
8816914817,Gesoko,unclassified,small,SAN001,sanitary,1,0.522
8816914817,Gesoko,unclassified,small,SAN002,sanitary,1,0.522
8816921346,Usodho J.G Shop,kiosk,small,OIL001,cooking_oil,3,0.761
8816921346,Usodho J.G Shop,kiosk,small,OIL002,cooking_oil,3,0.761
8816921346,Usodho J.G Shop,kiosk,small,OIL003,cooking_oil,2,0.761
8816921346,Usodho J.G Shop,kiosk,small,OIL004,cooking_oil,2,0.761
8816921346,Usodho J.G Shop,kiosk,small,FLR001,flour,3,0.761
8816921346,Usodho J.G Shop,kiosk,small,FLR002,flour,3,0.761
8816921346,Usodho J.G Shop,kiosk,small,FLR003,flour,3,0.761
8816921346,Usodho J.G Shop,kiosk,small,FLR004,flour,3,0.761
8816921346,Usodho J.G Shop,kiosk,small,SUG001,sugar,3,0.761
8816921346,Usodho J.G Shop,kiosk,small,SUG002,sugar,2,0.761
8816921346,Usodho J.G Shop,kiosk,small,SUG003,sugar,2,0.761
8816921346,Usodho J.G Shop,kiosk,small,SOP001,soap,1,0.761
8816921346,Usodho J.G Shop,kiosk,small,SOP002,soap,2,0.761
8816921346,Usodho J.G Shop,kiosk,small,SOP003,soap,2,0.761
8816921346,Usodho J.G Shop,kiosk,small,SOP004,soap,2,0.761
8816921346,Usodho J.G Shop,kiosk,small,BEV001,beverages,2,0.761
8816921346,Usodho J.G Shop,kiosk,small,BEV002,beverages,2,0.761
8816921346,Usodho J.G Shop,kiosk,small,BEV003,beverages,2,0.761
8816921346,Usodho J.G Shop,kiosk,small,BEV004,beverages,2,0.761
8816921346,Usodho J.G Shop,kiosk,small,PC001,personal_care,1,0.761
8816921346,Usodho J.G Shop,kiosk,small,PC002,personal_care,2,0.761
8816921346,Usodho J.G Shop,kiosk,small,PC003,personal_care,1,0.761
8816921346,Usodho J.G Shop,kiosk,small,SAN001,sanitary,1,0.761
8816921346,Usodho J.G Shop,kiosk,small,SAN002,sanitary,1,0.761
8816941117,Corona Market 2,unclassified,small,OIL001,cooking_oil,2,0.609
8816941117,Corona Market 2,unclassified,small,OIL002,cooking_oil,2,0.609
8816941117,Corona Market 2,unclassified,small,OIL003,cooking_oil,2,0.609
8816941117,Corona Market 2,unclassified,small,OIL004,cooking_oil,2,0.609
8816941117,Corona Market 2,unclassified,small,FLR001,flour,3,0.609
8816941117,Corona Market 2,unclassified,small,FLR002,flour,2,0.609
8816941117,Corona Market 2,unclassified,small,FLR003,flour,3,0.609
8816941117,Corona Market 2,unclassified,small,FLR004,flour,2,0.609
8816941117,Corona Market 2,unclassified,small,SUG001,sugar,2,0.609
8816941117,Corona Market 2,unclassified,small,SUG002,sugar,2,0.609
8816941117,Corona Market 2,unclassified,small,SUG003,sugar,1,0.609
8816941117,Corona Market 2,unclassified,small,SOP001,soap,1,0.609
8816941117,Corona Market 2,unclassified,small,SOP002,soap,1,0.609
8816941117,Corona Market 2,unclassified,small,SOP003,soap,1,0.609
8816941117,Corona Market 2,unclassified,small,SOP004,soap,1,0.609
8816941117,Corona Market 2,unclassified,small,BEV001,beverages,2,0.609
8816941117,Corona Market 2,unclassified,small,BEV002,beverages,2,0.609
8816941117,Corona Market 2,unclassified,small,BEV003,beverages,2,0.609
8816941117,Corona Market 2,unclassified,small,BEV004,beverages,2,0.609
8816941117,Corona Market 2,unclassified,small,PC001,personal_care,1,0.609
8816941117,Corona Market 2,unclassified,small,PC002,personal_care,1,0.609
8816941117,Corona Market 2,unclassified,small,PC003,personal_care,1,0.609
8816941117,Corona Market 2,unclassified,small,SAN001,sanitary,1,0.609
8816941117,Corona Market 2,unclassified,small,SAN002,sanitary,1,0.609
8816945517,Corona Market,unclassified,small,OIL001,cooking_oil,4,0.957
8816945517,Corona Market,unclassified,small,OIL002,cooking_oil,3,0.957
8816945517,Corona Market,unclassified,small,OIL003,cooking_oil,3,0.957
8816945517,Corona Market,unclassified,small,OIL004,cooking_oil,3,0.957
8816945517,Corona Market,unclassified,small,FLR001,flour,3,0.957
8816945517,Corona Market,unclassified,small,FLR002,flour,4,0.957
8816945517,Corona Market,unclassified,small,FLR003,flour,3,0.957
8816945517,Corona Market,unclassified,small,FLR004,flour,4,0.957
8816945517,Corona Market,unclassified,small,SUG001,sugar,3,0.957
8816945517,Corona Market,unclassified,small,SUG002,sugar,2,0.957
8816945517,Corona Market,unclassified,small,SUG003,sugar,3,0.957
8816945517,Corona Market,unclassified,small,SOP001,soap,2,0.957
8816945517,Corona Market,unclassified,small,SOP002,soap,2,0.957
8816945517,Corona Market,unclassified,small,SOP003,soap,2,0.957
8816945517,Corona Market,unclassified,small,SOP004,soap,2,0.957
8816945517,Corona Market,unclassified,small,BEV001,beverages,2,0.957
8816945517,Corona Market,unclassified,small,BEV002,beverages,2,0.957
8816945517,Corona Market,unclassified,small,BEV003,beverages,3,0.957
8816945517,Corona Market,unclassified,small,BEV004,beverages,3,0.957
8816945517,Corona Market,unclassified,small,PC001,personal_care,2,0.957
8816945517,Corona Market,unclassified,small,PC002,personal_care,2,0.957
8816945517,Corona Market,unclassified,small,PC003,personal_care,2,0.957
8816945517,Corona Market,unclassified,small,SAN001,sanitary,2,0.957
8816945517,Corona Market,unclassified,small,SAN002,sanitary,1,0.957
8816948717,Kona Mbuta Market,unclassified,small,OIL001,cooking_oil,2,0.63
8816948717,Kona Mbuta Market,unclassified,small,OIL002,cooking_oil,2,0.63
8816948717,Kona Mbuta Market,unclassified,small,OIL003,cooking_oil,2,0.63
8816948717,Kona Mbuta Market,unclassified,small,OIL004,cooking_oil,2,0.63
8816948717,Kona Mbuta Market,unclassified,small,FLR001,flour,2,0.63
8816948717,Kona Mbuta Market,unclassified,small,FLR002,flour,2,0.63
8816948717,Kona Mbuta Market,unclassified,small,FLR003,flour,3,0.63
8816948717,Kona Mbuta Market,unclassified,small,FLR004,flour,3,0.63
8816948717,Kona Mbuta Market,unclassified,small,SUG001,sugar,2,0.63
8816948717,Kona Mbuta Market,unclassified,small,SUG002,sugar,2,0.63
8816948717,Kona Mbuta Market,unclassified,small,SUG003,sugar,2,0.63
8816948717,Kona Mbuta Market,unclassified,small,SOP001,soap,2,0.63
8816948717,Kona Mbuta Market,unclassified,small,SOP002,soap,1,0.63
8816948717,Kona Mbuta Market,unclassified,small,SOP003,soap,1,0.63
8816948717,Kona Mbuta Market,unclassified,small,SOP004,soap,1,0.63
8816948717,Kona Mbuta Market,unclassified,small,BEV001,beverages,1,0.63
8816948717,Kona Mbuta Market,unclassified,small,BEV002,beverages,1,0.63
8816948717,Kona Mbuta Market,unclassified,small,BEV003,beverages,1,0.63
8816948717,Kona Mbuta Market,unclassified,small,BEV004,beverages,1,0.63
8816948717,Kona Mbuta Market,unclassified,small,PC001,personal_care,1,0.63
8816948717,Kona Mbuta Market,unclassified,small,PC002,personal_care,1,0.63
8816948717,Kona Mbuta Market,unclassified,small,PC003,personal_care,1,0.63
8816948717,Kona Mbuta Market,unclassified,small,SAN001,sanitary,1,0.63
8816948717,Kona Mbuta Market,unclassified,small,SAN002,sanitary,1,0.63
8816952917,Kaego,unclassified,small,OIL001,cooking_oil,2,0.609
8816952917,Kaego,unclassified,small,OIL002,cooking_oil,2,0.609
8816952917,Kaego,unclassified,small,OIL003,cooking_oil,2,0.609
8816952917,Kaego,unclassified,small,OIL004,cooking_oil,2,0.609
8816952917,Kaego,unclassified,small,FLR001,flour,3,0.609
8816952917,Kaego,unclassified,small,FLR002,flour,2,0.609
8816952917,Kaego,unclassified,small,FLR003,flour,3,0.609
8816952917,Kaego,unclassified,small,FLR004,flour,2,0.609
8816952917,Kaego,unclassified,small,SUG001,sugar,2,0.609
8816952917,Kaego,unclassified,small,SUG002,sugar,1,0.609
8816952917,Kaego,unclassified,small,SUG003,sugar,2,0.609
8816952917,Kaego,unclassified,small,SOP001,soap,1,0.609
8816952917,Kaego,unclassified,small,SOP002,soap,1,0.609
8816952917,Kaego,unclassified,small,SOP003,soap,2,0.609
8816952917,Kaego,unclassified,small,SOP004,soap,1,0.609
8816952917,Kaego,unclassified,small,BEV001,beverages,2,0.609
8816952917,Kaego,unclassified,small,BEV002,beverages,1,0.609
8816952917,Kaego,unclassified,small,BEV003,beverages,2,0.609
8816952917,Kaego,unclassified,small,BEV004,beverages,1,0.609
8816952917,Kaego,unclassified,small,PC001,personal_care,1,0.609
8816952917,Kaego,unclassified,small,PC002,personal_care,1,0.609
8816952917,Kaego,unclassified,small,PC003,personal_care,1,0.609
8816952917,Kaego,unclassified,small,SAN001,sanitary,1,0.609
8816952917,Kaego,unclassified,small,SAN002,sanitary,1,0.609
8816962317,Kondele Market,unclassified,small,OIL001,cooking_oil,5,1.37
8816962317,Kondele Market,unclassified,small,OIL002,cooking_oil,4,1.37
8816962317,Kondele Market,unclassified,small,OIL003,cooking_oil,4,1.37
8816962317,Kondele Market,unclassified,small,OIL004,cooking_oil,5,1.37
8816962317,Kondele Market,unclassified,small,FLR001,flour,5,1.37
8816962317,Kondele Market,unclassified,small,FLR002,flour,5,1.37
8816962317,Kondele Market,unclassified,small,FLR003,flour,6,1.37
8816962317,Kondele Market,unclassified,small,FLR004,flour,6,1.37
8816962317,Kondele Market,unclassified,small,SUG001,sugar,4,1.37
8816962317,Kondele Market,unclassified,small,SUG002,sugar,4,1.37
8816962317,Kondele Market,unclassified,small,SUG003,sugar,5,1.37
8816962317,Kondele Market,unclassified,small,SOP001,soap,2,1.37
8816962317,Kondele Market,unclassified,small,SOP002,soap,3,1.37
8816962317,Kondele Market,unclassified,small,SOP003,soap,3,1.37
8816962317,Kondele Market,unclassified,small,SOP004,soap,4,1.37
8816962317,Kondele Market,unclassified,small,BEV001,beverages,4,1.37
8816962317,Kondele Market,unclassified,small,BEV002,beverages,3,1.37
8816962317,Kondele Market,unclassified,small,BEV003,beverages,3,1.37
8816962317,Kondele Market,unclassified,small,BEV004,beverages,3,1.37
8816962317,Kondele Market,unclassified,small,PC001,personal_care,3,1.37
8816962317,Kondele Market,unclassified,small,PC002,personal_care,2,1.37
8816962317,Kondele Market,unclassified,small,PC003,personal_care,3,1.37
8816962317,Kondele Market,unclassified,small,SAN001,sanitary,2,1.37
8816962317,Kondele Market,unclassified,small,SAN002,sanitary,2,1.37
8816972117,Kaego Market,unclassified,small,OIL001,cooking_oil,3,1.087
8816972117,Kaego Market,unclassified,small,OIL002,cooking_oil,4,1.087
8816972117,Kaego Market,unclassified,small,OIL003,cooking_oil,3,1.087
8816972117,Kaego Market,unclassified,small,OIL004,cooking_oil,4,1.087
8816972117,Kaego Market,unclassified,small,FLR001,flour,5,1.087
8816972117,Kaego Market,unclassified,small,FLR002,flour,4,1.087
8816972117,Kaego Market,unclassified,small,FLR003,flour,4,1.087
8816972117,Kaego Market,unclassified,small,FLR004,flour,5,1.087
8816972117,Kaego Market,unclassified,small,SUG001,sugar,3,1.087
8816972117,Kaego Market,unclassified,small,SUG002,sugar,3,1.087
8816972117,Kaego Market,unclassified,small,SUG003,sugar,3,1.087
8816972117,Kaego Market,unclassified,small,SOP001,soap,2,1.087
8816972117,Kaego Market,unclassified,small,SOP002,soap,3,1.087
8816972117,Kaego Market,unclassified,small,SOP003,soap,2,1.087
8816972117,Kaego Market,unclassified,small,SOP004,soap,2,1.087
8816972117,Kaego Market,unclassified,small,BEV001,beverages,3,1.087
8816972117,Kaego Market,unclassified,small,BEV002,beverages,2,1.087
8816972117,Kaego Market,unclassified,small,BEV003,beverages,3,1.087
8816972117,Kaego Market,unclassified,small,BEV004,beverages,3,1.087
8816972117,Kaego Market,unclassified,small,PC001,personal_care,2,1.087
8816972117,Kaego Market,unclassified,small,PC002,personal_care,2,1.087
8816972117,Kaego Market,unclassified,small,PC003,personal_care,2,1.087
8816972117,Kaego Market,unclassified,small,SAN001,sanitary,1,1.087
8816972117,Kaego Market,unclassified,small,SAN002,sanitary,1,1.087
8816972118,Lolwe Junction Market,unclassified,small,OIL001,cooking_oil,3,1.152
8816972118,Lolwe Junction Market,unclassified,small,OIL002,cooking_oil,4,1.152
8816972118,Lolwe Junction Market,unclassified,small,OIL003,cooking_oil,4,1.152
8816972118,Lolwe Junction Market,unclassified,small,OIL004,cooking_oil,4,1.152
8816972118,Lolwe Junction Market,unclassified,small,FLR001,flour,4,1.152
8816972118,Lolwe Junction Market,unclassified,small,FLR002,flour,4,1.152
8816972118,Lolwe Junction Market,unclassified,small,FLR003,flour,5,1.152
8816972118,Lolwe Junction Market,unclassified,small,FLR004,flour,4,1.152
8816972118,Lolwe Junction Market,unclassified,small,SUG001,sugar,3,1.152
8816972118,Lolwe Junction Market,unclassified,small,SUG002,sugar,3,1.152
8816972118,Lolwe Junction Market,unclassified,small,SUG003,sugar,3,1.152
8816972118,Lolwe Junction Market,unclassified,small,SOP001,soap,3,1.152
8816972118,Lolwe Junction Market,unclassified,small,SOP002,soap,2,1.152
8816972118,Lolwe Junction Market,unclassified,small,SOP003,soap,3,1.152
8816972118,Lolwe Junction Market,unclassified,small,SOP004,soap,2,1.152
8816972118,Lolwe Junction Market,unclassified,small,BEV001,beverages,3,1.152
8816972118,Lolwe Junction Market,unclassified,small,BEV002,beverages,3,1.152
8816972118,Lolwe Junction Market,unclassified,small,BEV003,beverages,3,1.152
8816972118,Lolwe Junction Market,unclassified,small,BEV004,beverages,3,1.152
8816972118,Lolwe Junction Market,unclassified,small,PC001,personal_care,2,1.152
8816972118,Lolwe Junction Market,unclassified,small,PC002,personal_care,2,1.152
8816972118,Lolwe Junction Market,unclassified,small,PC003,personal_care,2,1.152
8816972118,Lolwe Junction Market,unclassified,small,SAN001,sanitary,2,1.152
8816972118,Lolwe Junction Market,unclassified,small,SAN002,sanitary,2,1.152
8816975418,Nyawita market,unclassified,small,OIL001,cooking_oil,4,1.283
8816975418,Nyawita market,unclassified,small,OIL002,cooking_oil,5,1.283
8816975418,Nyawita market,unclassified,small,OIL003,cooking_oil,4,1.283
8816975418,Nyawita market,unclassified,small,OIL004,cooking_oil,4,1.283
8816975418,Nyawita market,unclassified,small,FLR001,flour,5,1.283
8816975418,Nyawita market,unclassified,small,FLR002,flour,6,1.283
8816975418,Nyawita market,unclassified,small,FLR003,flour,5,1.283
8816975418,Nyawita market,unclassified,small,FLR004,flour,6,1.283
8816975418,Nyawita market,unclassified,small,SUG001,sugar,4,1.283
8816975418,Nyawita market,unclassified,small,SUG002,sugar,4,1.283
8816975418,Nyawita market,unclassified,small,SUG003,sugar,4,1.283
8816975418,Nyawita market,unclassified,small,SOP001,soap,2,1.283
8816975418,Nyawita market,unclassified,small,SOP002,soap,3,1.283
8816975418,Nyawita market,unclassified,small,SOP003,soap,3,1.283
8816975418,Nyawita market,unclassified,small,SOP004,soap,2,1.283
8816975418,Nyawita market,unclassified,small,BEV001,beverages,4,1.283
8816975418,Nyawita market,unclassified,small,BEV002,beverages,3,1.283
8816975418,Nyawita market,unclassified,small,BEV003,beverages,3,1.283
8816975418,Nyawita market,unclassified,small,BEV004,beverages,3,1.283
8816975418,Nyawita market,unclassified,small,PC001,personal_care,2,1.283
8816975418,Nyawita market,unclassified,small,PC002,personal_care,2,1.283
8816975418,Nyawita market,unclassified,small,PC003,personal_care,2,1.283
8816975418,Nyawita market,unclassified,small,SAN001,sanitary,2,1.283
8816975418,Nyawita market,unclassified,small,SAN002,sanitary,2,1.283
8816984317,Ayanga Market Nyawita,unclassified,small,OIL001,cooking_oil,5,1.304
8816984317,Ayanga Market Nyawita,unclassified,small,OIL002,cooking_oil,4,1.304
8816984317,Ayanga Market Nyawita,unclassified,small,OIL003,cooking_oil,4,1.304
8816984317,Ayanga Market Nyawita,unclassified,small,OIL004,cooking_oil,5,1.304
8816984317,Ayanga Market Nyawita,unclassified,small,FLR001,flour,5,1.304
8816984317,Ayanga Market Nyawita,unclassified,small,FLR002,flour,5,1.304
8816984317,Ayanga Market Nyawita,unclassified,small,FLR003,flour,5,1.304
8816984317,Ayanga Market Nyawita,unclassified,small,FLR004,flour,4,1.304
8816984317,Ayanga Market Nyawita,unclassified,small,SUG001,sugar,4,1.304
8816984317,Ayanga Market Nyawita,unclassified,small,SUG002,sugar,4,1.304
8816984317,Ayanga Market Nyawita,unclassified,small,SUG003,sugar,3,1.304
8816984317,Ayanga Market Nyawita,unclassified,small,SOP001,soap,3,1.304
8816984317,Ayanga Market Nyawita,unclassified,small,SOP002,soap,3,1.304
8816984317,Ayanga Market Nyawita,unclassified,small,SOP003,soap,3,1.304
8816984317,Ayanga Market Nyawita,unclassified,small,SOP004,soap,3,1.304
8816984317,Ayanga Market Nyawita,unclassified,small,BEV001,beverages,4,1.304
8816984317,Ayanga Market Nyawita,unclassified,small,BEV002,beverages,3,1.304
8816984317,Ayanga Market Nyawita,unclassified,small,BEV003,beverages,4,1.304
8816984317,Ayanga Market Nyawita,unclassified,small,BEV004,beverages,3,1.304
8816984317,Ayanga Market Nyawita,unclassified,small,PC001,personal_care,2,1.304
8816984317,Ayanga Market Nyawita,unclassified,small,PC002,personal_care,2,1.304
8816984317,Ayanga Market Nyawita,unclassified,small,PC003,personal_care,3,1.304
8816984317,Ayanga Market Nyawita,unclassified,small,SAN001,sanitary,2,1.304
8816984317,Ayanga Market Nyawita,unclassified,small,SAN002,sanitary,2,1.304
8816988617,Obunga Fish Market,unclassified,small,OIL001,cooking_oil,2,0.761
8816988617,Obunga Fish Market,unclassified,small,OIL002,cooking_oil,2,0.761
8816988617,Obunga Fish Market,unclassified,small,OIL003,cooking_oil,3,0.761
8816988617,Obunga Fish Market,unclassified,small,OIL004,cooking_oil,2,0.761
8816988617,Obunga Fish Market,unclassified,small,FLR001,flour,3,0.761
8816988617,Obunga Fish Market,unclassified,small,FLR002,flour,3,0.761
8816988617,Obunga Fish Market,unclassified,small,FLR003,flour,3,0.761
8816988617,Obunga Fish Market,unclassified,small,FLR004,flour,2,0.761
8816988617,Obunga Fish Market,unclassified,small,SUG001,sugar,2,0.761
8816988617,Obunga Fish Market,unclassified,small,SUG002,sugar,2,0.761
8816988617,Obunga Fish Market,unclassified,small,SUG003,sugar,2,0.761
8816988617,Obunga Fish Market,unclassified,small,SOP001,soap,2,0.761
8816988617,Obunga Fish Market,unclassified,small,SOP002,soap,1,0.761
8816988617,Obunga Fish Market,unclassified,small,SOP003,soap,2,0.761
8816988617,Obunga Fish Market,unclassified,small,SOP004,soap,1,0.761
8816988617,Obunga Fish Market,unclassified,small,BEV001,beverages,2,0.761
8816988617,Obunga Fish Market,unclassified,small,BEV002,beverages,2,0.761
8816988617,Obunga Fish Market,unclassified,small,BEV003,beverages,2,0.761
8816988617,Obunga Fish Market,unclassified,small,BEV004,beverages,2,0.761
8816988617,Obunga Fish Market,unclassified,small,PC001,personal_care,1,0.761
8816988617,Obunga Fish Market,unclassified,small,PC002,personal_care,1,0.761
8816988617,Obunga Fish Market,unclassified,small,PC003,personal_care,1,0.761
8816988617,Obunga Fish Market,unclassified,small,SAN001,sanitary,1,0.761
8816988617,Obunga Fish Market,unclassified,small,SAN002,sanitary,1,0.761
8816995517,Kombedu Market,unclassified,small,OIL001,cooking_oil,2,0.522
8816995517,Kombedu Market,unclassified,small,OIL002,cooking_oil,2,0.522
8816995517,Kombedu Market,unclassified,small,OIL003,cooking_oil,2,0.522
8816995517,Kombedu Market,unclassified,small,OIL004,cooking_oil,2,0.522
8816995517,Kombedu Market,unclassified,small,FLR001,flour,2,0.522
8816995517,Kombedu Market,unclassified,small,FLR002,flour,2,0.522
8816995517,Kombedu Market,unclassified,small,FLR003,flour,2,0.522
8816995517,Kombedu Market,unclassified,small,FLR004,flour,2,0.522
8816995517,Kombedu Market,unclassified,small,SUG001,sugar,2,0.522
8816995517,Kombedu Market,unclassified,small,SUG002,sugar,1,0.522
8816995517,Kombedu Market,unclassified,small,SUG003,sugar,2,0.522
8816995517,Kombedu Market,unclassified,small,SOP001,soap,1,0.522
8816995517,Kombedu Market,unclassified,small,SOP002,soap,1,0.522
8816995517,Kombedu Market,unclassified,small,SOP003,soap,1,0.522
8816995517,Kombedu Market,unclassified,small,SOP004,soap,1,0.522
8816995517,Kombedu Market,unclassified,small,BEV001,beverages,1,0.522
8816995517,Kombedu Market,unclassified,small,BEV002,beverages,1,0.522
8816995517,Kombedu Market,unclassified,small,BEV003,beverages,1,0.522
8816995517,Kombedu Market,unclassified,small,BEV004,beverages,1,0.522
8816995517,Kombedu Market,unclassified,small,PC001,personal_care,1,0.522
8816995517,Kombedu Market,unclassified,small,PC002,personal_care,1,0.522
8816995517,Kombedu Market,unclassified,small,PC003,personal_care,1,0.522
8816995517,Kombedu Market,unclassified,small,SAN001,sanitary,1,0.522
8816995517,Kombedu Market,unclassified,small,SAN002,sanitary,1,0.522
8816996417,Kombedu,unclassified,small,OIL001,cooking_oil,1,0.522
8816996417,Kombedu,unclassified,small,OIL002,cooking_oil,2,0.522
8816996417,Kombedu,unclassified,small,OIL003,cooking_oil,2,0.522
8816996417,Kombedu,unclassified,small,OIL004,cooking_oil,2,0.522
8816996417,Kombedu,unclassified,small,FLR001,flour,2,0.522
8816996417,Kombedu,unclassified,small,FLR002,flour,2,0.522
8816996417,Kombedu,unclassified,small,FLR003,flour,2,0.522
8816996417,Kombedu,unclassified,small,FLR004,flour,2,0.522
8816996417,Kombedu,unclassified,small,SUG001,sugar,1,0.522
8816996417,Kombedu,unclassified,small,SUG002,sugar,1,0.522
8816996417,Kombedu,unclassified,small,SUG003,sugar,2,0.522
8816996417,Kombedu,unclassified,small,SOP001,soap,1,0.522
8816996417,Kombedu,unclassified,small,SOP002,soap,1,0.522
8816996417,Kombedu,unclassified,small,SOP003,soap,1,0.522
8816996417,Kombedu,unclassified,small,SOP004,soap,1,0.522
8816996417,Kombedu,unclassified,small,BEV001,beverages,1,0.522
8816996417,Kombedu,unclassified,small,BEV002,beverages,1,0.522
8816996417,Kombedu,unclassified,small,BEV003,beverages,1,0.522
8816996417,Kombedu,unclassified,small,BEV004,beverages,1,0.522
8816996417,Kombedu,unclassified,small,PC001,personal_care,1,0.522
8816996417,Kombedu,unclassified,small,PC002,personal_care,1,0.522
8816996417,Kombedu,unclassified,small,PC003,personal_care,1,0.522
8816996417,Kombedu,unclassified,small,SAN001,sanitary,1,0.522
8816996417,Kombedu,unclassified,small,SAN002,sanitary,1,0.522
8817013517,Bandani Market,unclassified,small,OIL001,cooking_oil,2,0.5
8817013517,Bandani Market,unclassified,small,OIL002,cooking_oil,2,0.5
8817013517,Bandani Market,unclassified,small,OIL003,cooking_oil,2,0.5
8817013517,Bandani Market,unclassified,small,OIL004,cooking_oil,1,0.5
8817013517,Bandani Market,unclassified,small,FLR001,flour,2,0.5
8817013517,Bandani Market,unclassified,small,FLR002,flour,2,0.5
8817013517,Bandani Market,unclassified,small,FLR003,flour,2,0.5
8817013517,Bandani Market,unclassified,small,FLR004,flour,2,0.5
8817013517,Bandani Market,unclassified,small,SUG001,sugar,1,0.5
8817013517,Bandani Market,unclassified,small,SUG002,sugar,1,0.5
8817013517,Bandani Market,unclassified,small,SUG003,sugar,2,0.5
8817013517,Bandani Market,unclassified,small,SOP001,soap,1,0.5
8817013517,Bandani Market,unclassified,small,SOP002,soap,1,0.5
8817013517,Bandani Market,unclassified,small,SOP003,soap,1,0.5
8817013517,Bandani Market,unclassified,small,SOP004,soap,1,0.5
8817013517,Bandani Market,unclassified,small,BEV001,beverages,1,0.5
8817013517,Bandani Market,unclassified,small,BEV002,beverages,1,0.5
8817013517,Bandani Market,unclassified,small,BEV003,beverages,1,0.5
8817013517,Bandani Market,unclassified,small,BEV004,beverages,1,0.5
8817013517,Bandani Market,unclassified,small,PC001,personal_care,1,0.5
8817013517,Bandani Market,unclassified,small,PC002,personal_care,1,0.5
8817013517,Bandani Market,unclassified,small,PC003,personal_care,1,0.5
8817013517,Bandani Market,unclassified,small,SAN001,sanitary,1,0.5
8817013517,Bandani Market,unclassified,small,SAN002,sanitary,1,0.5
8817126017,Riat Market,unclassified,small,OIL001,cooking_oil,2,0.543
8817126017,Riat Market,unclassified,small,OIL002,cooking_oil,2,0.543
8817126017,Riat Market,unclassified,small,OIL003,cooking_oil,2,0.543
8817126017,Riat Market,unclassified,small,OIL004,cooking_oil,2,0.543
8817126017,Riat Market,unclassified,small,FLR001,flour,2,0.543
8817126017,Riat Market,unclassified,small,FLR002,flour,2,0.543
8817126017,Riat Market,unclassified,small,FLR003,flour,2,0.543
8817126017,Riat Market,unclassified,small,FLR004,flour,2,0.543
8817126017,Riat Market,unclassified,small,SUG001,sugar,2,0.543
8817126017,Riat Market,unclassified,small,SUG002,sugar,2,0.543
8817126017,Riat Market,unclassified,small,SUG003,sugar,1,0.543
8817126017,Riat Market,unclassified,small,SOP001,soap,1,0.543
8817126017,Riat Market,unclassified,small,SOP002,soap,1,0.543
8817126017,Riat Market,unclassified,small,SOP003,soap,1,0.543
8817126017,Riat Market,unclassified,small,SOP004,soap,1,0.543
8817126017,Riat Market,unclassified,small,BEV001,beverages,2,0.543
8817126017,Riat Market,unclassified,small,BEV002,beverages,1,0.543
8817126017,Riat Market,unclassified,small,BEV003,beverages,1,0.543
8817126017,Riat Market,unclassified,small,BEV004,beverages,1,0.543
8817126017,Riat Market,unclassified,small,PC001,personal_care,1,0.543
8817126017,Riat Market,unclassified,small,PC002,personal_care,1,0.543
8817126017,Riat Market,unclassified,small,PC003,personal_care,1,0.543
8817126017,Riat Market,unclassified,small,SAN001,sanitary,1,0.543
8817126017,Riat Market,unclassified,small,SAN002,sanitary,1,0.543
8817126018,Riat road side market,farm,small,OIL001,cooking_oil,1,0.543
8817126018,Riat road side market,farm,small,OIL002,cooking_oil,2,0.543
8817126018,Riat road side market,farm,small,OIL003,cooking_oil,2,0.543
8817126018,Riat road side market,farm,small,OIL004,cooking_oil,2,0.543
8817126018,Riat road side market,farm,small,FLR001,flour,2,0.543
8817126018,Riat road side market,farm,small,FLR002,flour,2,0.543
8817126018,Riat road side market,farm,small,FLR003,flour,2,0.543
8817126018,Riat road side market,farm,small,FLR004,flour,2,0.543
8817126018,Riat road side market,farm,small,SUG001,sugar,2,0.543
8817126018,Riat road side market,farm,small,SUG002,sugar,2,0.543
8817126018,Riat road side market,farm,small,SUG003,sugar,2,0.543
8817126018,Riat road side market,farm,small,SOP001,soap,1,0.543
8817126018,Riat road side market,farm,small,SOP002,soap,1,0.543
8817126018,Riat road side market,farm,small,SOP003,soap,1,0.543
8817126018,Riat road side market,farm,small,SOP004,soap,1,0.543
8817126018,Riat road side market,farm,small,BEV001,beverages,1,0.543
8817126018,Riat road side market,farm,small,BEV002,beverages,1,0.543
8817126018,Riat road side market,farm,small,BEV003,beverages,1,0.543
8817126018,Riat road side market,farm,small,BEV004,beverages,2,0.543
8817126018,Riat road side market,farm,small,PC001,personal_care,1,0.543
8817126018,Riat road side market,farm,small,PC002,personal_care,1,0.543
8817126018,Riat road side market,farm,small,PC003,personal_care,1,0.543
8817126018,Riat road side market,farm,small,SAN001,sanitary,1,0.543
8817126018,Riat road side market,farm,small,SAN002,sanitary,1,0.543
8817177117,Riat railway market,unclassified,small,OIL001,cooking_oil,2,0.543
8817177117,Riat railway market,unclassified,small,OIL002,cooking_oil,2,0.543
8817177117,Riat railway market,unclassified,small,OIL003,cooking_oil,2,0.543
8817177117,Riat railway market,unclassified,small,OIL004,cooking_oil,2,0.543
8817177117,Riat railway market,unclassified,small,FLR001,flour,2,0.543
8817177117,Riat railway market,unclassified,small,FLR002,flour,2,0.543
8817177117,Riat railway market,unclassified,small,FLR003,flour,2,0.543
8817177117,Riat railway market,unclassified,small,FLR004,flour,2,0.543
8817177117,Riat railway market,unclassified,small,SUG001,sugar,1,0.543
8817177117,Riat railway market,unclassified,small,SUG002,sugar,2,0.543
8817177117,Riat railway market,unclassified,small,SUG003,sugar,1,0.543
8817177117,Riat railway market,unclassified,small,SOP001,soap,1,0.543
8817177117,Riat railway market,unclassified,small,SOP002,soap,1,0.543
8817177117,Riat railway market,unclassified,small,SOP003,soap,1,0.543
8817177117,Riat railway market,unclassified,small,SOP004,soap,1,0.543
8817177117,Riat railway market,unclassified,small,BEV001,beverages,1,0.543
8817177117,Riat railway market,unclassified,small,BEV002,beverages,2,0.543
8817177117,Riat railway market,unclassified,small,BEV003,beverages,1,0.543
8817177117,Riat railway market,unclassified,small,BEV004,beverages,1,0.543
8817177117,Riat railway market,unclassified,small,PC001,personal_care,1,0.543
8817177117,Riat railway market,unclassified,small,PC002,personal_care,1,0.543
8817177117,Riat railway market,unclassified,small,PC003,personal_care,1,0.543
8817177117,Riat railway market,unclassified,small,SAN001,sanitary,1,0.543
8817177117,Riat railway market,unclassified,small,SAN002,sanitary,1,0.543
8817263717,Bandani market,unclassified,small,OIL001,cooking_oil,2,0.543
8817263717,Bandani market,unclassified,small,OIL002,cooking_oil,2,0.543
8817263717,Bandani market,unclassified,small,OIL003,cooking_oil,1,0.543
8817263717,Bandani market,unclassified,small,OIL004,cooking_oil,2,0.543
8817263717,Bandani market,unclassified,small,FLR001,flour,2,0.543
8817263717,Bandani market,unclassified,small,FLR002,flour,2,0.543
8817263717,Bandani market,unclassified,small,FLR003,flour,2,0.543
8817263717,Bandani market,unclassified,small,FLR004,flour,2,0.543
8817263717,Bandani market,unclassified,small,SUG001,sugar,1,0.543
8817263717,Bandani market,unclassified,small,SUG002,sugar,1,0.543
8817263717,Bandani market,unclassified,small,SUG003,sugar,1,0.543
8817263717,Bandani market,unclassified,small,SOP001,soap,1,0.543
8817263717,Bandani market,unclassified,small,SOP002,soap,1,0.543
8817263717,Bandani market,unclassified,small,SOP003,soap,1,0.543
8817263717,Bandani market,unclassified,small,SOP004,soap,1,0.543
8817263717,Bandani market,unclassified,small,BEV001,beverages,1,0.543
8817263717,Bandani market,unclassified,small,BEV002,beverages,2,0.543
8817263717,Bandani market,unclassified,small,BEV003,beverages,2,0.543
8817263717,Bandani market,unclassified,small,BEV004,beverages,2,0.543
8817263717,Bandani market,unclassified,small,PC001,personal_care,1,0.543
8817263717,Bandani market,unclassified,small,PC002,personal_care,1,0.543
8817263717,Bandani market,unclassified,small,PC003,personal_care,1,0.543
8817263717,Bandani market,unclassified,small,SAN001,sanitary,1,0.543
8817263717,Bandani market,unclassified,small,SAN002,sanitary,1,0.543
8817300117,Kotetni market,unclassified,small,OIL001,cooking_oil,1,0.5
8817300117,Kotetni market,unclassified,small,OIL002,cooking_oil,2,0.5
8817300117,Kotetni market,unclassified,small,OIL003,cooking_oil,2,0.5
8817300117,Kotetni market,unclassified,small,OIL004,cooking_oil,2,0.5
8817300117,Kotetni market,unclassified,small,FLR001,flour,2,0.5
8817300117,Kotetni market,unclassified,small,FLR002,flour,2,0.5
8817300117,Kotetni market,unclassified,small,FLR003,flour,2,0.5
8817300117,Kotetni market,unclassified,small,FLR004,flour,2,0.5
8817300117,Kotetni market,unclassified,small,SUG001,sugar,2,0.5
8817300117,Kotetni market,unclassified,small,SUG002,sugar,2,0.5
8817300117,Kotetni market,unclassified,small,SUG003,sugar,1,0.5
8817300117,Kotetni market,unclassified,small,SOP001,soap,1,0.5
8817300117,Kotetni market,unclassified,small,SOP002,soap,1,0.5
8817300117,Kotetni market,unclassified,small,SOP003,soap,1,0.5
8817300117,Kotetni market,unclassified,small,SOP004,soap,1,0.5
8817300117,Kotetni market,unclassified,small,BEV001,beverages,1,0.5
8817300117,Kotetni market,unclassified,small,BEV002,beverages,1,0.5
8817300117,Kotetni market,unclassified,small,BEV003,beverages,1,0.5
8817300117,Kotetni market,unclassified,small,BEV004,beverages,1,0.5
8817300117,Kotetni market,unclassified,small,PC001,personal_care,1,0.5
8817300117,Kotetni market,unclassified,small,PC002,personal_care,1,0.5
8817300117,Kotetni market,unclassified,small,PC003,personal_care,1,0.5
8817300117,Kotetni market,unclassified,small,SAN001,sanitary,1,0.5
8817300117,Kotetni market,unclassified,small,SAN002,sanitary,1,0.5
8817517530,Handshake Wines and Spirits,alcohol,medium,OIL001,cooking_oil,11,1.37
8817517530,Handshake Wines and Spirits,alcohol,medium,OIL002,cooking_oil,12,1.37
8817517530,Handshake Wines and Spirits,alcohol,medium,OIL003,cooking_oil,10,1.37
8817517530,Handshake Wines and Spirits,alcohol,medium,OIL004,cooking_oil,13,1.37
8817517530,Handshake Wines and Spirits,alcohol,medium,FLR001,flour,15,1.37
8817517530,Handshake Wines and Spirits,alcohol,medium,FLR002,flour,13,1.37
8817517530,Handshake Wines and Spirits,alcohol,medium,FLR003,flour,11,1.37
8817517530,Handshake Wines and Spirits,alcohol,medium,FLR004,flour,13,1.37
8817517530,Handshake Wines and Spirits,alcohol,medium,SUG001,sugar,11,1.37
8817517530,Handshake Wines and Spirits,alcohol,medium,SUG002,sugar,8,1.37
8817517530,Handshake Wines and Spirits,alcohol,medium,SUG003,sugar,9,1.37
8817517530,Handshake Wines and Spirits,alcohol,medium,SOP001,soap,9,1.37
8817517530,Handshake Wines and Spirits,alcohol,medium,SOP002,soap,6,1.37
8817517530,Handshake Wines and Spirits,alcohol,medium,SOP003,soap,7,1.37
8817517530,Handshake Wines and Spirits,alcohol,medium,SOP004,soap,6,1.37
8817517530,Handshake Wines and Spirits,alcohol,medium,BEV001,beverages,9,1.37
8817517530,Handshake Wines and Spirits,alcohol,medium,BEV002,beverages,10,1.37
8817517530,Handshake Wines and Spirits,alcohol,medium,BEV003,beverages,8,1.37
8817517530,Handshake Wines and Spirits,alcohol,medium,BEV004,beverages,8,1.37
8817517530,Handshake Wines and Spirits,alcohol,medium,PC001,personal_care,6,1.37
8817517530,Handshake Wines and Spirits,alcohol,medium,PC002,personal_care,5,1.37
8817517530,Handshake Wines and Spirits,alcohol,medium,PC003,personal_care,6,1.37
8817517530,Handshake Wines and Spirits,alcohol,medium,SAN001,sanitary,5,1.37
8817517530,Handshake Wines and Spirits,alcohol,medium,SAN002,sanitary,6,1.37
8817685608,Unknown,kiosk,small,OIL001,cooking_oil,5,1.37
8817685608,Unknown,kiosk,small,OIL002,cooking_oil,4,1.37
8817685608,Unknown,kiosk,small,OIL003,cooking_oil,5,1.37
8817685608,Unknown,kiosk,small,OIL004,cooking_oil,4,1.37
8817685608,Unknown,kiosk,small,FLR001,flour,5,1.37
8817685608,Unknown,kiosk,small,FLR002,flour,4,1.37
8817685608,Unknown,kiosk,small,FLR003,flour,5,1.37
8817685608,Unknown,kiosk,small,FLR004,flour,4,1.37
8817685608,Unknown,kiosk,small,SUG001,sugar,4,1.37
8817685608,Unknown,kiosk,small,SUG002,sugar,3,1.37
8817685608,Unknown,kiosk,small,SUG003,sugar,5,1.37
8817685608,Unknown,kiosk,small,SOP001,soap,3,1.37
8817685608,Unknown,kiosk,small,SOP002,soap,2,1.37
8817685608,Unknown,kiosk,small,SOP003,soap,3,1.37
8817685608,Unknown,kiosk,small,SOP004,soap,3,1.37
8817685608,Unknown,kiosk,small,BEV001,beverages,4,1.37
8817685608,Unknown,kiosk,small,BEV002,beverages,4,1.37
8817685608,Unknown,kiosk,small,BEV003,beverages,4,1.37
8817685608,Unknown,kiosk,small,BEV004,beverages,4,1.37
8817685608,Unknown,kiosk,small,PC001,personal_care,2,1.37
8817685608,Unknown,kiosk,small,PC002,personal_care,2,1.37
8817685608,Unknown,kiosk,small,PC003,personal_care,3,1.37
8817685608,Unknown,kiosk,small,SAN001,sanitary,2,1.37
8817685608,Unknown,kiosk,small,SAN002,sanitary,2,1.37
8817734979,Aswanson Super Duka,wholesale,large,OIL001,cooking_oil,28,1.37
8817734979,Aswanson Super Duka,wholesale,large,OIL002,cooking_oil,26,1.37
8817734979,Aswanson Super Duka,wholesale,large,OIL003,cooking_oil,29,1.37
8817734979,Aswanson Super Duka,wholesale,large,OIL004,cooking_oil,25,1.37
8817734979,Aswanson Super Duka,wholesale,large,FLR001,flour,33,1.37
8817734979,Aswanson Super Duka,wholesale,large,FLR002,flour,41,1.37
8817734979,Aswanson Super Duka,wholesale,large,FLR003,flour,39,1.37
8817734979,Aswanson Super Duka,wholesale,large,FLR004,flour,39,1.37
8817734979,Aswanson Super Duka,wholesale,large,SUG001,sugar,31,1.37
8817734979,Aswanson Super Duka,wholesale,large,SUG002,sugar,31,1.37
8817734979,Aswanson Super Duka,wholesale,large,SUG003,sugar,30,1.37
8817734979,Aswanson Super Duka,wholesale,large,SOP001,soap,23,1.37
8817734979,Aswanson Super Duka,wholesale,large,SOP002,soap,18,1.37
8817734979,Aswanson Super Duka,wholesale,large,SOP003,soap,22,1.37
8817734979,Aswanson Super Duka,wholesale,large,SOP004,soap,24,1.37
8817734979,Aswanson Super Duka,wholesale,large,BEV001,beverages,23,1.37
8817734979,Aswanson Super Duka,wholesale,large,BEV002,beverages,25,1.37
8817734979,Aswanson Super Duka,wholesale,large,BEV003,beverages,20,1.37
8817734979,Aswanson Super Duka,wholesale,large,BEV004,beverages,19,1.37
8817734979,Aswanson Super Duka,wholesale,large,PC001,personal_care,16,1.37
8817734979,Aswanson Super Duka,wholesale,large,PC002,personal_care,14,1.37
8817734979,Aswanson Super Duka,wholesale,large,PC003,personal_care,15,1.37
8817734979,Aswanson Super Duka,wholesale,large,SAN001,sanitary,13,1.37
8817734979,Aswanson Super Duka,wholesale,large,SAN002,sanitary,15,1.37
8820769660,Josato Butchery,butcher,small,OIL001,cooking_oil,4,1.435
8820769660,Josato Butchery,butcher,small,OIL002,cooking_oil,5,1.435
8820769660,Josato Butchery,butcher,small,OIL003,cooking_oil,4,1.435
8820769660,Josato Butchery,butcher,small,OIL004,cooking_oil,5,1.435
8820769660,Josato Butchery,butcher,small,FLR001,flour,5,1.435
8820769660,Josato Butchery,butcher,small,FLR002,flour,6,1.435
8820769660,Josato Butchery,butcher,small,FLR003,flour,5,1.435
8820769660,Josato Butchery,butcher,small,FLR004,flour,5,1.435
8820769660,Josato Butchery,butcher,small,SUG001,sugar,4,1.435
8820769660,Josato Butchery,butcher,small,SUG002,sugar,3,1.435
8820769660,Josato Butchery,butcher,small,SUG003,sugar,5,1.435
8820769660,Josato Butchery,butcher,small,SOP001,soap,4,1.435
8820769660,Josato Butchery,butcher,small,SOP002,soap,3,1.435
8820769660,Josato Butchery,butcher,small,SOP003,soap,3,1.435
8820769660,Josato Butchery,butcher,small,SOP004,soap,3,1.435
8820769660,Josato Butchery,butcher,small,BEV001,beverages,4,1.435
8820769660,Josato Butchery,butcher,small,BEV002,beverages,3,1.435
8820769660,Josato Butchery,butcher,small,BEV003,beverages,4,1.435
8820769660,Josato Butchery,butcher,small,BEV004,beverages,4,1.435
8820769660,Josato Butchery,butcher,small,PC001,personal_care,2,1.435
8820769660,Josato Butchery,butcher,small,PC002,personal_care,2,1.435
8820769660,Josato Butchery,butcher,small,PC003,personal_care,3,1.435
8820769660,Josato Butchery,butcher,small,SAN001,sanitary,2,1.435
8820769660,Josato Butchery,butcher,small,SAN002,sanitary,2,1.435
8820816082,Nyawita Dairy Shop,dairy,small,OIL001,cooking_oil,3,1.326
8820816082,Nyawita Dairy Shop,dairy,small,OIL002,cooking_oil,5,1.326
8820816082,Nyawita Dairy Shop,dairy,small,OIL003,cooking_oil,4,1.326
8820816082,Nyawita Dairy Shop,dairy,small,OIL004,cooking_oil,5,1.326
8820816082,Nyawita Dairy Shop,dairy,small,FLR001,flour,5,1.326
8820816082,Nyawita Dairy Shop,dairy,small,FLR002,flour,6,1.326
8820816082,Nyawita Dairy Shop,dairy,small,FLR003,flour,5,1.326
8820816082,Nyawita Dairy Shop,dairy,small,FLR004,flour,5,1.326
8820816082,Nyawita Dairy Shop,dairy,small,SUG001,sugar,3,1.326
8820816082,Nyawita Dairy Shop,dairy,small,SUG002,sugar,4,1.326
8820816082,Nyawita Dairy Shop,dairy,small,SUG003,sugar,4,1.326
8820816082,Nyawita Dairy Shop,dairy,small,SOP001,soap,3,1.326
8820816082,Nyawita Dairy Shop,dairy,small,SOP002,soap,3,1.326
8820816082,Nyawita Dairy Shop,dairy,small,SOP003,soap,2,1.326
8820816082,Nyawita Dairy Shop,dairy,small,SOP004,soap,3,1.326
8820816082,Nyawita Dairy Shop,dairy,small,BEV001,beverages,4,1.326
8820816082,Nyawita Dairy Shop,dairy,small,BEV002,beverages,3,1.326
8820816082,Nyawita Dairy Shop,dairy,small,BEV003,beverages,3,1.326
8820816082,Nyawita Dairy Shop,dairy,small,BEV004,beverages,4,1.326
8820816082,Nyawita Dairy Shop,dairy,small,PC001,personal_care,2,1.326
8820816082,Nyawita Dairy Shop,dairy,small,PC002,personal_care,2,1.326
8820816082,Nyawita Dairy Shop,dairy,small,PC003,personal_care,2,1.326
8820816082,Nyawita Dairy Shop,dairy,small,SAN001,sanitary,2,1.326
8820816082,Nyawita Dairy Shop,dairy,small,SAN002,sanitary,2,1.326
8820816309,Denis Shop,kiosk,small,OIL001,cooking_oil,4,1.326
8820816309,Denis Shop,kiosk,small,OIL002,cooking_oil,4,1.326
8820816309,Denis Shop,kiosk,small,OIL003,cooking_oil,5,1.326
8820816309,Denis Shop,kiosk,small,OIL004,cooking_oil,4,1.326
8820816309,Denis Shop,kiosk,small,FLR001,flour,5,1.326
8820816309,Denis Shop,kiosk,small,FLR002,flour,5,1.326
8820816309,Denis Shop,kiosk,small,FLR003,flour,4,1.326
8820816309,Denis Shop,kiosk,small,FLR004,flour,5,1.326
8820816309,Denis Shop,kiosk,small,SUG001,sugar,4,1.326
8820816309,Denis Shop,kiosk,small,SUG002,sugar,4,1.326
8820816309,Denis Shop,kiosk,small,SUG003,sugar,3,1.326
8820816309,Denis Shop,kiosk,small,SOP001,soap,3,1.326
8820816309,Denis Shop,kiosk,small,SOP002,soap,3,1.326
8820816309,Denis Shop,kiosk,small,SOP003,soap,3,1.326
8820816309,Denis Shop,kiosk,small,SOP004,soap,2,1.326
8820816309,Denis Shop,kiosk,small,BEV001,beverages,3,1.326
8820816309,Denis Shop,kiosk,small,BEV002,beverages,4,1.326
8820816309,Denis Shop,kiosk,small,BEV003,beverages,3,1.326
8820816309,Denis Shop,kiosk,small,BEV004,beverages,3,1.326
8820816309,Denis Shop,kiosk,small,PC001,personal_care,2,1.326
8820816309,Denis Shop,kiosk,small,PC002,personal_care,2,1.326
8820816309,Denis Shop,kiosk,small,PC003,personal_care,2,1.326
8820816309,Denis Shop,kiosk,small,SAN001,sanitary,2,1.326
8820816309,Denis Shop,kiosk,small,SAN002,sanitary,2,1.326
8820820649,Signet Shop,kiosk,small,OIL001,cooking_oil,4,1.326
8820820649,Signet Shop,kiosk,small,OIL002,cooking_oil,4,1.326
8820820649,Signet Shop,kiosk,small,OIL003,cooking_oil,4,1.326
8820820649,Signet Shop,kiosk,small,OIL004,cooking_oil,5,1.326
8820820649,Signet Shop,kiosk,small,FLR001,flour,5,1.326
8820820649,Signet Shop,kiosk,small,FLR002,flour,5,1.326
8820820649,Signet Shop,kiosk,small,FLR003,flour,6,1.326
8820820649,Signet Shop,kiosk,small,FLR004,flour,5,1.326
8820820649,Signet Shop,kiosk,small,SUG001,sugar,4,1.326
8820820649,Signet Shop,kiosk,small,SUG002,sugar,4,1.326
8820820649,Signet Shop,kiosk,small,SUG003,sugar,4,1.326
8820820649,Signet Shop,kiosk,small,SOP001,soap,3,1.326
8820820649,Signet Shop,kiosk,small,SOP002,soap,3,1.326
8820820649,Signet Shop,kiosk,small,SOP003,soap,3,1.326
8820820649,Signet Shop,kiosk,small,SOP004,soap,3,1.326
8820820649,Signet Shop,kiosk,small,BEV001,beverages,4,1.326
8820820649,Signet Shop,kiosk,small,BEV002,beverages,4,1.326
8820820649,Signet Shop,kiosk,small,BEV003,beverages,4,1.326
8820820649,Signet Shop,kiosk,small,BEV004,beverages,4,1.326
8820820649,Signet Shop,kiosk,small,PC001,personal_care,2,1.326
8820820649,Signet Shop,kiosk,small,PC002,personal_care,3,1.326
8820820649,Signet Shop,kiosk,small,PC003,personal_care,3,1.326
8820820649,Signet Shop,kiosk,small,SAN001,sanitary,2,1.326
8820820649,Signet Shop,kiosk,small,SAN002,sanitary,2,1.326
8820825354,Mama Juliet Shop,kiosk,small,OIL001,cooking_oil,5,1.304
8820825354,Mama Juliet Shop,kiosk,small,OIL002,cooking_oil,4,1.304
8820825354,Mama Juliet Shop,kiosk,small,OIL003,cooking_oil,4,1.304
8820825354,Mama Juliet Shop,kiosk,small,OIL004,cooking_oil,4,1.304
8820825354,Mama Juliet Shop,kiosk,small,FLR001,flour,6,1.304
8820825354,Mama Juliet Shop,kiosk,small,FLR002,flour,5,1.304
8820825354,Mama Juliet Shop,kiosk,small,FLR003,flour,5,1.304
8820825354,Mama Juliet Shop,kiosk,small,FLR004,flour,5,1.304
8820825354,Mama Juliet Shop,kiosk,small,SUG001,sugar,4,1.304
8820825354,Mama Juliet Shop,kiosk,small,SUG002,sugar,4,1.304
8820825354,Mama Juliet Shop,kiosk,small,SUG003,sugar,4,1.304
8820825354,Mama Juliet Shop,kiosk,small,SOP001,soap,3,1.304
8820825354,Mama Juliet Shop,kiosk,small,SOP002,soap,2,1.304
8820825354,Mama Juliet Shop,kiosk,small,SOP003,soap,3,1.304
8820825354,Mama Juliet Shop,kiosk,small,SOP004,soap,3,1.304
8820825354,Mama Juliet Shop,kiosk,small,BEV001,beverages,3,1.304
8820825354,Mama Juliet Shop,kiosk,small,BEV002,beverages,3,1.304
8820825354,Mama Juliet Shop,kiosk,small,BEV003,beverages,3,1.304
8820825354,Mama Juliet Shop,kiosk,small,BEV004,beverages,4,1.304
8820825354,Mama Juliet Shop,kiosk,small,PC001,personal_care,2,1.304
8820825354,Mama Juliet Shop,kiosk,small,PC002,personal_care,2,1.304
8820825354,Mama Juliet Shop,kiosk,small,PC003,personal_care,2,1.304
8820825354,Mama Juliet Shop,kiosk,small,SAN001,sanitary,2,1.304
8820825354,Mama Juliet Shop,kiosk,small,SAN002,sanitary,2,1.304
8820855657,Kananga Everfresh Butchery,butcher,small,OIL001,cooking_oil,5,1.283
8820855657,Kananga Everfresh Butchery,butcher,small,OIL002,cooking_oil,4,1.283
8820855657,Kananga Everfresh Butchery,butcher,small,OIL003,cooking_oil,4,1.283
8820855657,Kananga Everfresh Butchery,butcher,small,OIL004,cooking_oil,4,1.283
8820855657,Kananga Everfresh Butchery,butcher,small,FLR001,flour,6,1.283
8820855657,Kananga Everfresh Butchery,butcher,small,FLR002,flour,4,1.283
8820855657,Kananga Everfresh Butchery,butcher,small,FLR003,flour,6,1.283
8820855657,Kananga Everfresh Butchery,butcher,small,FLR004,flour,5,1.283
8820855657,Kananga Everfresh Butchery,butcher,small,SUG001,sugar,4,1.283
8820855657,Kananga Everfresh Butchery,butcher,small,SUG002,sugar,4,1.283
8820855657,Kananga Everfresh Butchery,butcher,small,SUG003,sugar,4,1.283
8820855657,Kananga Everfresh Butchery,butcher,small,SOP001,soap,3,1.283
8820855657,Kananga Everfresh Butchery,butcher,small,SOP002,soap,3,1.283
8820855657,Kananga Everfresh Butchery,butcher,small,SOP003,soap,3,1.283
8820855657,Kananga Everfresh Butchery,butcher,small,SOP004,soap,3,1.283
8820855657,Kananga Everfresh Butchery,butcher,small,BEV001,beverages,4,1.283
8820855657,Kananga Everfresh Butchery,butcher,small,BEV002,beverages,3,1.283
8820855657,Kananga Everfresh Butchery,butcher,small,BEV003,beverages,3,1.283
8820855657,Kananga Everfresh Butchery,butcher,small,BEV004,beverages,3,1.283
8820855657,Kananga Everfresh Butchery,butcher,small,PC001,personal_care,3,1.283
8820855657,Kananga Everfresh Butchery,butcher,small,PC002,personal_care,3,1.283
8820855657,Kananga Everfresh Butchery,butcher,small,PC003,personal_care,2,1.283
8820855657,Kananga Everfresh Butchery,butcher,small,SAN001,sanitary,2,1.283
8820855657,Kananga Everfresh Butchery,butcher,small,SAN002,sanitary,2,1.283
8820886815,NEEMA Dairy Shop,dairy,small,OIL001,cooking_oil,3,1.109
8820886815,NEEMA Dairy Shop,dairy,small,OIL002,cooking_oil,3,1.109
8820886815,NEEMA Dairy Shop,dairy,small,OIL003,cooking_oil,4,1.109
8820886815,NEEMA Dairy Shop,dairy,small,OIL004,cooking_oil,4,1.109
8820886815,NEEMA Dairy Shop,dairy,small,FLR001,flour,5,1.109
8820886815,NEEMA Dairy Shop,dairy,small,FLR002,flour,4,1.109
8820886815,NEEMA Dairy Shop,dairy,small,FLR003,flour,4,1.109
8820886815,NEEMA Dairy Shop,dairy,small,FLR004,flour,5,1.109
8820886815,NEEMA Dairy Shop,dairy,small,SUG001,sugar,4,1.109
8820886815,NEEMA Dairy Shop,dairy,small,SUG002,sugar,3,1.109
8820886815,NEEMA Dairy Shop,dairy,small,SUG003,sugar,3,1.109
8820886815,NEEMA Dairy Shop,dairy,small,SOP001,soap,2,1.109
8820886815,NEEMA Dairy Shop,dairy,small,SOP002,soap,3,1.109
8820886815,NEEMA Dairy Shop,dairy,small,SOP003,soap,2,1.109
8820886815,NEEMA Dairy Shop,dairy,small,SOP004,soap,3,1.109
8820886815,NEEMA Dairy Shop,dairy,small,BEV001,beverages,3,1.109
8820886815,NEEMA Dairy Shop,dairy,small,BEV002,beverages,3,1.109
8820886815,NEEMA Dairy Shop,dairy,small,BEV003,beverages,3,1.109
8820886815,NEEMA Dairy Shop,dairy,small,BEV004,beverages,3,1.109
8820886815,NEEMA Dairy Shop,dairy,small,PC001,personal_care,2,1.109
8820886815,NEEMA Dairy Shop,dairy,small,PC002,personal_care,2,1.109
8820886815,NEEMA Dairy Shop,dairy,small,PC003,personal_care,2,1.109
8820886815,NEEMA Dairy Shop,dairy,small,SAN001,sanitary,2,1.109
8820886815,NEEMA Dairy Shop,dairy,small,SAN002,sanitary,1,1.109
8820899854,Butchery,butcher,small,OIL001,cooking_oil,4,1.109
8820899854,Butchery,butcher,small,OIL002,cooking_oil,3,1.109
8820899854,Butchery,butcher,small,OIL003,cooking_oil,4,1.109
8820899854,Butchery,butcher,small,OIL004,cooking_oil,3,1.109
8820899854,Butchery,butcher,small,FLR001,flour,5,1.109
8820899854,Butchery,butcher,small,FLR002,flour,4,1.109
8820899854,Butchery,butcher,small,FLR003,flour,5,1.109
8820899854,Butchery,butcher,small,FLR004,flour,5,1.109
8820899854,Butchery,butcher,small,SUG001,sugar,4,1.109
8820899854,Butchery,butcher,small,SUG002,sugar,3,1.109
8820899854,Butchery,butcher,small,SUG003,sugar,3,1.109
8820899854,Butchery,butcher,small,SOP001,soap,3,1.109
8820899854,Butchery,butcher,small,SOP002,soap,3,1.109
8820899854,Butchery,butcher,small,SOP003,soap,3,1.109
8820899854,Butchery,butcher,small,SOP004,soap,2,1.109
8820899854,Butchery,butcher,small,BEV001,beverages,3,1.109
8820899854,Butchery,butcher,small,BEV002,beverages,3,1.109
8820899854,Butchery,butcher,small,BEV003,beverages,3,1.109
8820899854,Butchery,butcher,small,BEV004,beverages,3,1.109
8820899854,Butchery,butcher,small,PC001,personal_care,2,1.109
8820899854,Butchery,butcher,small,PC002,personal_care,2,1.109
8820899854,Butchery,butcher,small,PC003,personal_care,2,1.109
8820899854,Butchery,butcher,small,SAN001,sanitary,2,1.109
8820899854,Butchery,butcher,small,SAN002,sanitary,2,1.109
8820906538,Imani Meat Butchery,butcher,small,OIL001,cooking_oil,4,0.957
8820906538,Imani Meat Butchery,butcher,small,OIL002,cooking_oil,3,0.957
8820906538,Imani Meat Butchery,butcher,small,OIL003,cooking_oil,3,0.957
8820906538,Imani Meat Butchery,butcher,small,OIL004,cooking_oil,3,0.957
8820906538,Imani Meat Butchery,butcher,small,FLR001,flour,5,0.957
8820906538,Imani Meat Butchery,butcher,small,FLR002,flour,4,0.957
8820906538,Imani Meat Butchery,butcher,small,FLR003,flour,4,0.957
8820906538,Imani Meat Butchery,butcher,small,FLR004,flour,4,0.957
8820906538,Imani Meat Butchery,butcher,small,SUG001,sugar,3,0.957
8820906538,Imani Meat Butchery,butcher,small,SUG002,sugar,2,0.957
8820906538,Imani Meat Butchery,butcher,small,SUG003,sugar,3,0.957
8820906538,Imani Meat Butchery,butcher,small,SOP001,soap,2,0.957
8820906538,Imani Meat Butchery,butcher,small,SOP002,soap,2,0.957
8820906538,Imani Meat Butchery,butcher,small,SOP003,soap,2,0.957
8820906538,Imani Meat Butchery,butcher,small,SOP004,soap,2,0.957
8820906538,Imani Meat Butchery,butcher,small,BEV001,beverages,2,0.957
8820906538,Imani Meat Butchery,butcher,small,BEV002,beverages,3,0.957
8820906538,Imani Meat Butchery,butcher,small,BEV003,beverages,3,0.957
8820906538,Imani Meat Butchery,butcher,small,BEV004,beverages,2,0.957
8820906538,Imani Meat Butchery,butcher,small,PC001,personal_care,2,0.957
8820906538,Imani Meat Butchery,butcher,small,PC002,personal_care,1,0.957
8820906538,Imani Meat Butchery,butcher,small,PC003,personal_care,2,0.957
8820906538,Imani Meat Butchery,butcher,small,SAN001,sanitary,1,0.957
8820906538,Imani Meat Butchery,butcher,small,SAN002,sanitary,1,0.957
8823995282,Juba General shop,kiosk,small,OIL001,cooking_oil,4,1.065
8823995282,Juba General shop,kiosk,small,OIL002,cooking_oil,4,1.065
8823995282,Juba General shop,kiosk,small,OIL003,cooking_oil,3,1.065
8823995282,Juba General shop,kiosk,small,OIL004,cooking_oil,3,1.065
8823995282,Juba General shop,kiosk,small,FLR001,flour,5,1.065
8823995282,Juba General shop,kiosk,small,FLR002,flour,4,1.065
8823995282,Juba General shop,kiosk,small,FLR003,flour,5,1.065
8823995282,Juba General shop,kiosk,small,FLR004,flour,4,1.065
8823995282,Juba General shop,kiosk,small,SUG001,sugar,3,1.065
8823995282,Juba General shop,kiosk,small,SUG002,sugar,3,1.065
8823995282,Juba General shop,kiosk,small,SUG003,sugar,3,1.065
8823995282,Juba General shop,kiosk,small,SOP001,soap,3,1.065
8823995282,Juba General shop,kiosk,small,SOP002,soap,3,1.065
8823995282,Juba General shop,kiosk,small,SOP003,soap,2,1.065
8823995282,Juba General shop,kiosk,small,SOP004,soap,3,1.065
8823995282,Juba General shop,kiosk,small,BEV001,beverages,3,1.065
8823995282,Juba General shop,kiosk,small,BEV002,beverages,3,1.065
8823995282,Juba General shop,kiosk,small,BEV003,beverages,3,1.065
8823995282,Juba General shop,kiosk,small,BEV004,beverages,2,1.065
8823995282,Juba General shop,kiosk,small,PC001,personal_care,2,1.065
8823995282,Juba General shop,kiosk,small,PC002,personal_care,2,1.065
8823995282,Juba General shop,kiosk,small,PC003,personal_care,2,1.065
8823995282,Juba General shop,kiosk,small,SAN001,sanitary,2,1.065
8823995282,Juba General shop,kiosk,small,SAN002,sanitary,1,1.065
8824025979,Three Star Butchery,butcher,small,OIL001,cooking_oil,3,0.913
8824025979,Three Star Butchery,butcher,small,OIL002,cooking_oil,3,0.913
8824025979,Three Star Butchery,butcher,small,OIL003,cooking_oil,3,0.913
8824025979,Three Star Butchery,butcher,small,OIL004,cooking_oil,4,0.913
8824025979,Three Star Butchery,butcher,small,FLR001,flour,3,0.913
8824025979,Three Star Butchery,butcher,small,FLR002,flour,4,0.913
8824025979,Three Star Butchery,butcher,small,FLR003,flour,4,0.913
8824025979,Three Star Butchery,butcher,small,FLR004,flour,3,0.913
8824025979,Three Star Butchery,butcher,small,SUG001,sugar,3,0.913
8824025979,Three Star Butchery,butcher,small,SUG002,sugar,3,0.913
8824025979,Three Star Butchery,butcher,small,SUG003,sugar,3,0.913
8824025979,Three Star Butchery,butcher,small,SOP001,soap,2,0.913
8824025979,Three Star Butchery,butcher,small,SOP002,soap,2,0.913
8824025979,Three Star Butchery,butcher,small,SOP003,soap,2,0.913
8824025979,Three Star Butchery,butcher,small,SOP004,soap,2,0.913
8824025979,Three Star Butchery,butcher,small,BEV001,beverages,3,0.913
8824025979,Three Star Butchery,butcher,small,BEV002,beverages,2,0.913
8824025979,Three Star Butchery,butcher,small,BEV003,beverages,2,0.913
8824025979,Three Star Butchery,butcher,small,BEV004,beverages,2,0.913
8824025979,Three Star Butchery,butcher,small,PC001,personal_care,2,0.913
8824025979,Three Star Butchery,butcher,small,PC002,personal_care,2,0.913
8824025979,Three Star Butchery,butcher,small,PC003,personal_care,1,0.913
8824025979,Three Star Butchery,butcher,small,SAN001,sanitary,2,0.913
8824025979,Three Star Butchery,butcher,small,SAN002,sanitary,1,0.913
8824028730,Edu Shop,kiosk,small,OIL001,cooking_oil,3,0.891
8824028730,Edu Shop,kiosk,small,OIL002,cooking_oil,3,0.891
8824028730,Edu Shop,kiosk,small,OIL003,cooking_oil,3,0.891
8824028730,Edu Shop,kiosk,small,OIL004,cooking_oil,3,0.891
8824028730,Edu Shop,kiosk,small,FLR001,flour,4,0.891
8824028730,Edu Shop,kiosk,small,FLR002,flour,3,0.891
8824028730,Edu Shop,kiosk,small,FLR003,flour,4,0.891
8824028730,Edu Shop,kiosk,small,FLR004,flour,3,0.891
8824028730,Edu Shop,kiosk,small,SUG001,sugar,2,0.891
8824028730,Edu Shop,kiosk,small,SUG002,sugar,2,0.891
8824028730,Edu Shop,kiosk,small,SUG003,sugar,2,0.891
8824028730,Edu Shop,kiosk,small,SOP001,soap,2,0.891
8824028730,Edu Shop,kiosk,small,SOP002,soap,2,0.891
8824028730,Edu Shop,kiosk,small,SOP003,soap,2,0.891
8824028730,Edu Shop,kiosk,small,SOP004,soap,2,0.891
8824028730,Edu Shop,kiosk,small,BEV001,beverages,2,0.891
8824028730,Edu Shop,kiosk,small,BEV002,beverages,3,0.891
8824028730,Edu Shop,kiosk,small,BEV003,beverages,2,0.891
8824028730,Edu Shop,kiosk,small,BEV004,beverages,2,0.891
8824028730,Edu Shop,kiosk,small,PC001,personal_care,2,0.891
8824028730,Edu Shop,kiosk,small,PC002,personal_care,2,0.891
8824028730,Edu Shop,kiosk,small,PC003,personal_care,2,0.891
8824028730,Edu Shop,kiosk,small,SAN001,sanitary,1,0.891
8824028730,Edu Shop,kiosk,small,SAN002,sanitary,1,0.891
8824029560,Holos Wines and Spitits,alcohol,medium,OIL001,cooking_oil,7,1.022
8824029560,Holos Wines and Spitits,alcohol,medium,OIL002,cooking_oil,8,1.022
8824029560,Holos Wines and Spitits,alcohol,medium,OIL003,cooking_oil,10,1.022
8824029560,Holos Wines and Spitits,alcohol,medium,OIL004,cooking_oil,8,1.022
8824029560,Holos Wines and Spitits,alcohol,medium,FLR001,flour,11,1.022
8824029560,Holos Wines and Spitits,alcohol,medium,FLR002,flour,11,1.022
8824029560,Holos Wines and Spitits,alcohol,medium,FLR003,flour,12,1.022
8824029560,Holos Wines and Spitits,alcohol,medium,FLR004,flour,11,1.022
8824029560,Holos Wines and Spitits,alcohol,medium,SUG001,sugar,6,1.022
8824029560,Holos Wines and Spitits,alcohol,medium,SUG002,sugar,9,1.022
8824029560,Holos Wines and Spitits,alcohol,medium,SUG003,sugar,6,1.022
8824029560,Holos Wines and Spitits,alcohol,medium,SOP001,soap,5,1.022
8824029560,Holos Wines and Spitits,alcohol,medium,SOP002,soap,4,1.022
8824029560,Holos Wines and Spitits,alcohol,medium,SOP003,soap,5,1.022
8824029560,Holos Wines and Spitits,alcohol,medium,SOP004,soap,5,1.022
8824029560,Holos Wines and Spitits,alcohol,medium,BEV001,beverages,7,1.022
8824029560,Holos Wines and Spitits,alcohol,medium,BEV002,beverages,7,1.022
8824029560,Holos Wines and Spitits,alcohol,medium,BEV003,beverages,8,1.022
8824029560,Holos Wines and Spitits,alcohol,medium,BEV004,beverages,6,1.022
8824029560,Holos Wines and Spitits,alcohol,medium,PC001,personal_care,5,1.022
8824029560,Holos Wines and Spitits,alcohol,medium,PC002,personal_care,5,1.022
8824029560,Holos Wines and Spitits,alcohol,medium,PC003,personal_care,5,1.022
8824029560,Holos Wines and Spitits,alcohol,medium,SAN001,sanitary,3,1.022
8824029560,Holos Wines and Spitits,alcohol,medium,SAN002,sanitary,4,1.022
8824050876,Riverside Shop,kiosk,small,OIL001,cooking_oil,3,0.913
8824050876,Riverside Shop,kiosk,small,OIL002,cooking_oil,3,0.913
8824050876,Riverside Shop,kiosk,small,OIL003,cooking_oil,3,0.913
8824050876,Riverside Shop,kiosk,small,OIL004,cooking_oil,3,0.913
8824050876,Riverside Shop,kiosk,small,FLR001,flour,3,0.913
8824050876,Riverside Shop,kiosk,small,FLR002,flour,4,0.913
8824050876,Riverside Shop,kiosk,small,FLR003,flour,3,0.913
8824050876,Riverside Shop,kiosk,small,FLR004,flour,4,0.913
8824050876,Riverside Shop,kiosk,small,SUG001,sugar,3,0.913
8824050876,Riverside Shop,kiosk,small,SUG002,sugar,3,0.913
8824050876,Riverside Shop,kiosk,small,SUG003,sugar,3,0.913
8824050876,Riverside Shop,kiosk,small,SOP001,soap,2,0.913
8824050876,Riverside Shop,kiosk,small,SOP002,soap,2,0.913
8824050876,Riverside Shop,kiosk,small,SOP003,soap,2,0.913
8824050876,Riverside Shop,kiosk,small,SOP004,soap,2,0.913
8824050876,Riverside Shop,kiosk,small,BEV001,beverages,2,0.913
8824050876,Riverside Shop,kiosk,small,BEV002,beverages,2,0.913
8824050876,Riverside Shop,kiosk,small,BEV003,beverages,3,0.913
8824050876,Riverside Shop,kiosk,small,BEV004,beverages,2,0.913
8824050876,Riverside Shop,kiosk,small,PC001,personal_care,1,0.913
8824050876,Riverside Shop,kiosk,small,PC002,personal_care,2,0.913
8824050876,Riverside Shop,kiosk,small,PC003,personal_care,2,0.913
8824050876,Riverside Shop,kiosk,small,SAN001,sanitary,2,0.913
8824050876,Riverside Shop,kiosk,small,SAN002,sanitary,1,0.913
8824052507,Baba Nelfa Shop,kiosk,small,OIL001,cooking_oil,3,0.913
8824052507,Baba Nelfa Shop,kiosk,small,OIL002,cooking_oil,3,0.913
8824052507,Baba Nelfa Shop,kiosk,small,OIL003,cooking_oil,3,0.913
8824052507,Baba Nelfa Shop,kiosk,small,OIL004,cooking_oil,4,0.913
8824052507,Baba Nelfa Shop,kiosk,small,FLR001,flour,3,0.913
8824052507,Baba Nelfa Shop,kiosk,small,FLR002,flour,3,0.913
8824052507,Baba Nelfa Shop,kiosk,small,FLR003,flour,4,0.913
8824052507,Baba Nelfa Shop,kiosk,small,FLR004,flour,4,0.913
8824052507,Baba Nelfa Shop,kiosk,small,SUG001,sugar,2,0.913
8824052507,Baba Nelfa Shop,kiosk,small,SUG002,sugar,2,0.913
8824052507,Baba Nelfa Shop,kiosk,small,SUG003,sugar,3,0.913
8824052507,Baba Nelfa Shop,kiosk,small,SOP001,soap,2,0.913
8824052507,Baba Nelfa Shop,kiosk,small,SOP002,soap,2,0.913
8824052507,Baba Nelfa Shop,kiosk,small,SOP003,soap,2,0.913
8824052507,Baba Nelfa Shop,kiosk,small,SOP004,soap,2,0.913
8824052507,Baba Nelfa Shop,kiosk,small,BEV001,beverages,2,0.913
8824052507,Baba Nelfa Shop,kiosk,small,BEV002,beverages,3,0.913
8824052507,Baba Nelfa Shop,kiosk,small,BEV003,beverages,3,0.913
8824052507,Baba Nelfa Shop,kiosk,small,BEV004,beverages,2,0.913
8824052507,Baba Nelfa Shop,kiosk,small,PC001,personal_care,1,0.913
8824052507,Baba Nelfa Shop,kiosk,small,PC002,personal_care,1,0.913
8824052507,Baba Nelfa Shop,kiosk,small,PC003,personal_care,2,0.913
8824052507,Baba Nelfa Shop,kiosk,small,SAN001,sanitary,1,0.913
8824052507,Baba Nelfa Shop,kiosk,small,SAN002,sanitary,1,0.913
8824052508,Mama Manu Shop,kiosk,small,OIL001,cooking_oil,3,0.913
8824052508,Mama Manu Shop,kiosk,small,OIL002,cooking_oil,3,0.913
8824052508,Mama Manu Shop,kiosk,small,OIL003,cooking_oil,3,0.913
8824052508,Mama Manu Shop,kiosk,small,OIL004,cooking_oil,3,0.913
8824052508,Mama Manu Shop,kiosk,small,FLR001,flour,3,0.913
8824052508,Mama Manu Shop,kiosk,small,FLR002,flour,4,0.913
8824052508,Mama Manu Shop,kiosk,small,FLR003,flour,4,0.913
8824052508,Mama Manu Shop,kiosk,small,FLR004,flour,4,0.913
8824052508,Mama Manu Shop,kiosk,small,SUG001,sugar,3,0.913
8824052508,Mama Manu Shop,kiosk,small,SUG002,sugar,3,0.913
8824052508,Mama Manu Shop,kiosk,small,SUG003,sugar,2,0.913
8824052508,Mama Manu Shop,kiosk,small,SOP001,soap,2,0.913
8824052508,Mama Manu Shop,kiosk,small,SOP002,soap,2,0.913
8824052508,Mama Manu Shop,kiosk,small,SOP003,soap,2,0.913
8824052508,Mama Manu Shop,kiosk,small,SOP004,soap,2,0.913
8824052508,Mama Manu Shop,kiosk,small,BEV001,beverages,2,0.913
8824052508,Mama Manu Shop,kiosk,small,BEV002,beverages,3,0.913
8824052508,Mama Manu Shop,kiosk,small,BEV003,beverages,2,0.913
8824052508,Mama Manu Shop,kiosk,small,BEV004,beverages,2,0.913
8824052508,Mama Manu Shop,kiosk,small,PC001,personal_care,2,0.913
8824052508,Mama Manu Shop,kiosk,small,PC002,personal_care,1,0.913
8824052508,Mama Manu Shop,kiosk,small,PC003,personal_care,1,0.913
8824052508,Mama Manu Shop,kiosk,small,SAN001,sanitary,1,0.913
8824052508,Mama Manu Shop,kiosk,small,SAN002,sanitary,1,0.913
8824061915,Joy Butchery,butcher,small,OIL001,cooking_oil,3,0.913
8824061915,Joy Butchery,butcher,small,OIL002,cooking_oil,3,0.913
8824061915,Joy Butchery,butcher,small,OIL003,cooking_oil,3,0.913
8824061915,Joy Butchery,butcher,small,OIL004,cooking_oil,3,0.913
8824061915,Joy Butchery,butcher,small,FLR001,flour,3,0.913
8824061915,Joy Butchery,butcher,small,FLR002,flour,4,0.913
8824061915,Joy Butchery,butcher,small,FLR003,flour,4,0.913
8824061915,Joy Butchery,butcher,small,FLR004,flour,3,0.913
8824061915,Joy Butchery,butcher,small,SUG001,sugar,2,0.913
8824061915,Joy Butchery,butcher,small,SUG002,sugar,3,0.913
8824061915,Joy Butchery,butcher,small,SUG003,sugar,2,0.913
8824061915,Joy Butchery,butcher,small,SOP001,soap,2,0.913
8824061915,Joy Butchery,butcher,small,SOP002,soap,2,0.913
8824061915,Joy Butchery,butcher,small,SOP003,soap,2,0.913
8824061915,Joy Butchery,butcher,small,SOP004,soap,2,0.913
8824061915,Joy Butchery,butcher,small,BEV001,beverages,2,0.913
8824061915,Joy Butchery,butcher,small,BEV002,beverages,2,0.913
8824061915,Joy Butchery,butcher,small,BEV003,beverages,2,0.913
8824061915,Joy Butchery,butcher,small,BEV004,beverages,3,0.913
8824061915,Joy Butchery,butcher,small,PC001,personal_care,2,0.913
8824061915,Joy Butchery,butcher,small,PC002,personal_care,2,0.913
8824061915,Joy Butchery,butcher,small,PC003,personal_care,2,0.913
8824061915,Joy Butchery,butcher,small,SAN001,sanitary,2,0.913
8824061915,Joy Butchery,butcher,small,SAN002,sanitary,1,0.913
8824066818,Kuku Shop,butcher,small,OIL001,cooking_oil,3,0.913
8824066818,Kuku Shop,butcher,small,OIL002,cooking_oil,2,0.913
8824066818,Kuku Shop,butcher,small,OIL003,cooking_oil,3,0.913
8824066818,Kuku Shop,butcher,small,OIL004,cooking_oil,3,0.913
8824066818,Kuku Shop,butcher,small,FLR001,flour,3,0.913
8824066818,Kuku Shop,butcher,small,FLR002,flour,3,0.913
8824066818,Kuku Shop,butcher,small,FLR003,flour,3,0.913
8824066818,Kuku Shop,butcher,small,FLR004,flour,4,0.913
8824066818,Kuku Shop,butcher,small,SUG001,sugar,3,0.913
8824066818,Kuku Shop,butcher,small,SUG002,sugar,2,0.913
8824066818,Kuku Shop,butcher,small,SUG003,sugar,3,0.913
8824066818,Kuku Shop,butcher,small,SOP001,soap,2,0.913
8824066818,Kuku Shop,butcher,small,SOP002,soap,2,0.913
8824066818,Kuku Shop,butcher,small,SOP003,soap,2,0.913
8824066818,Kuku Shop,butcher,small,SOP004,soap,2,0.913
8824066818,Kuku Shop,butcher,small,BEV001,beverages,2,0.913
8824066818,Kuku Shop,butcher,small,BEV002,beverages,2,0.913
8824066818,Kuku Shop,butcher,small,BEV003,beverages,2,0.913
8824066818,Kuku Shop,butcher,small,BEV004,beverages,2,0.913
8824066818,Kuku Shop,butcher,small,PC001,personal_care,2,0.913
8824066818,Kuku Shop,butcher,small,PC002,personal_care,1,0.913
8824066818,Kuku Shop,butcher,small,PC003,personal_care,2,0.913
8824066818,Kuku Shop,butcher,small,SAN001,sanitary,1,0.913
8824066818,Kuku Shop,butcher,small,SAN002,sanitary,1,0.913
8824073827,Grocery Stall,greengrocer,small,OIL001,cooking_oil,4,0.913
8824073827,Grocery Stall,greengrocer,small,OIL002,cooking_oil,3,0.913
8824073827,Grocery Stall,greengrocer,small,OIL003,cooking_oil,3,0.913
8824073827,Grocery Stall,greengrocer,small,OIL004,cooking_oil,3,0.913
8824073827,Grocery Stall,greengrocer,small,FLR001,flour,3,0.913
8824073827,Grocery Stall,greengrocer,small,FLR002,flour,4,0.913
8824073827,Grocery Stall,greengrocer,small,FLR003,flour,4,0.913
8824073827,Grocery Stall,greengrocer,small,FLR004,flour,3,0.913
8824073827,Grocery Stall,greengrocer,small,SUG001,sugar,3,0.913
8824073827,Grocery Stall,greengrocer,small,SUG002,sugar,2,0.913
8824073827,Grocery Stall,greengrocer,small,SUG003,sugar,2,0.913
8824073827,Grocery Stall,greengrocer,small,SOP001,soap,2,0.913
8824073827,Grocery Stall,greengrocer,small,SOP002,soap,2,0.913
8824073827,Grocery Stall,greengrocer,small,SOP003,soap,2,0.913
8824073827,Grocery Stall,greengrocer,small,SOP004,soap,2,0.913
8824073827,Grocery Stall,greengrocer,small,BEV001,beverages,3,0.913
8824073827,Grocery Stall,greengrocer,small,BEV002,beverages,2,0.913
8824073827,Grocery Stall,greengrocer,small,BEV003,beverages,2,0.913
8824073827,Grocery Stall,greengrocer,small,BEV004,beverages,2,0.913
8824073827,Grocery Stall,greengrocer,small,PC001,personal_care,2,0.913
8824073827,Grocery Stall,greengrocer,small,PC002,personal_care,2,0.913
8824073827,Grocery Stall,greengrocer,small,PC003,personal_care,2,0.913
8824073827,Grocery Stall,greengrocer,small,SAN001,sanitary,1,0.913
8824073827,Grocery Stall,greengrocer,small,SAN002,sanitary,1,0.913
8824095656,Kajaloka Shop,kiosk,small,OIL001,cooking_oil,3,0.891
8824095656,Kajaloka Shop,kiosk,small,OIL002,cooking_oil,3,0.891
8824095656,Kajaloka Shop,kiosk,small,OIL003,cooking_oil,3,0.891
8824095656,Kajaloka Shop,kiosk,small,OIL004,cooking_oil,3,0.891
8824095656,Kajaloka Shop,kiosk,small,FLR001,flour,3,0.891
8824095656,Kajaloka Shop,kiosk,small,FLR002,flour,4,0.891
8824095656,Kajaloka Shop,kiosk,small,FLR003,flour,3,0.891
8824095656,Kajaloka Shop,kiosk,small,FLR004,flour,3,0.891
8824095656,Kajaloka Shop,kiosk,small,SUG001,sugar,2,0.891
8824095656,Kajaloka Shop,kiosk,small,SUG002,sugar,2,0.891
8824095656,Kajaloka Shop,kiosk,small,SUG003,sugar,2,0.891
8824095656,Kajaloka Shop,kiosk,small,SOP001,soap,2,0.891
8824095656,Kajaloka Shop,kiosk,small,SOP002,soap,2,0.891
8824095656,Kajaloka Shop,kiosk,small,SOP003,soap,2,0.891
8824095656,Kajaloka Shop,kiosk,small,SOP004,soap,2,0.891
8824095656,Kajaloka Shop,kiosk,small,BEV001,beverages,2,0.891
8824095656,Kajaloka Shop,kiosk,small,BEV002,beverages,2,0.891
8824095656,Kajaloka Shop,kiosk,small,BEV003,beverages,2,0.891
8824095656,Kajaloka Shop,kiosk,small,BEV004,beverages,2,0.891
8824095656,Kajaloka Shop,kiosk,small,PC001,personal_care,1,0.891
8824095656,Kajaloka Shop,kiosk,small,PC002,personal_care,2,0.891
8824095656,Kajaloka Shop,kiosk,small,PC003,personal_care,2,0.891
8824095656,Kajaloka Shop,kiosk,small,SAN001,sanitary,1,0.891
8824095656,Kajaloka Shop,kiosk,small,SAN002,sanitary,1,0.891
8824115284,Mercy Cereals,greengrocer,small,OIL001,cooking_oil,3,0.913
8824115284,Mercy Cereals,greengrocer,small,OIL002,cooking_oil,3,0.913
8824115284,Mercy Cereals,greengrocer,small,OIL003,cooking_oil,3,0.913
8824115284,Mercy Cereals,greengrocer,small,OIL004,cooking_oil,3,0.913
8824115284,Mercy Cereals,greengrocer,small,FLR001,flour,4,0.913
8824115284,Mercy Cereals,greengrocer,small,FLR002,flour,4,0.913
8824115284,Mercy Cereals,greengrocer,small,FLR003,flour,4,0.913
8824115284,Mercy Cereals,greengrocer,small,FLR004,flour,3,0.913
8824115284,Mercy Cereals,greengrocer,small,SUG001,sugar,2,0.913
8824115284,Mercy Cereals,greengrocer,small,SUG002,sugar,2,0.913
8824115284,Mercy Cereals,greengrocer,small,SUG003,sugar,3,0.913
8824115284,Mercy Cereals,greengrocer,small,SOP001,soap,2,0.913
8824115284,Mercy Cereals,greengrocer,small,SOP002,soap,2,0.913
8824115284,Mercy Cereals,greengrocer,small,SOP003,soap,2,0.913
8824115284,Mercy Cereals,greengrocer,small,SOP004,soap,2,0.913
8824115284,Mercy Cereals,greengrocer,small,BEV001,beverages,3,0.913
8824115284,Mercy Cereals,greengrocer,small,BEV002,beverages,2,0.913
8824115284,Mercy Cereals,greengrocer,small,BEV003,beverages,3,0.913
8824115284,Mercy Cereals,greengrocer,small,BEV004,beverages,2,0.913
8824115284,Mercy Cereals,greengrocer,small,PC001,personal_care,2,0.913
8824115284,Mercy Cereals,greengrocer,small,PC002,personal_care,1,0.913
8824115284,Mercy Cereals,greengrocer,small,PC003,personal_care,2,0.913
8824115284,Mercy Cereals,greengrocer,small,SAN001,sanitary,1,0.913
8824115284,Mercy Cereals,greengrocer,small,SAN002,sanitary,1,0.913
8824117358,Jaseme Shop,kiosk,small,OIL001,cooking_oil,3,0.891
8824117358,Jaseme Shop,kiosk,small,OIL002,cooking_oil,3,0.891
8824117358,Jaseme Shop,kiosk,small,OIL003,cooking_oil,3,0.891
8824117358,Jaseme Shop,kiosk,small,OIL004,cooking_oil,3,0.891
8824117358,Jaseme Shop,kiosk,small,FLR001,flour,3,0.891
8824117358,Jaseme Shop,kiosk,small,FLR002,flour,3,0.891
8824117358,Jaseme Shop,kiosk,small,FLR003,flour,3,0.891
8824117358,Jaseme Shop,kiosk,small,FLR004,flour,3,0.891
8824117358,Jaseme Shop,kiosk,small,SUG001,sugar,3,0.891
8824117358,Jaseme Shop,kiosk,small,SUG002,sugar,3,0.891
8824117358,Jaseme Shop,kiosk,small,SUG003,sugar,3,0.891
8824117358,Jaseme Shop,kiosk,small,SOP001,soap,2,0.891
8824117358,Jaseme Shop,kiosk,small,SOP002,soap,2,0.891
8824117358,Jaseme Shop,kiosk,small,SOP003,soap,2,0.891
8824117358,Jaseme Shop,kiosk,small,SOP004,soap,2,0.891
8824117358,Jaseme Shop,kiosk,small,BEV001,beverages,2,0.891
8824117358,Jaseme Shop,kiosk,small,BEV002,beverages,3,0.891
8824117358,Jaseme Shop,kiosk,small,BEV003,beverages,2,0.891
8824117358,Jaseme Shop,kiosk,small,BEV004,beverages,3,0.891
8824117358,Jaseme Shop,kiosk,small,PC001,personal_care,1,0.891
8824117358,Jaseme Shop,kiosk,small,PC002,personal_care,2,0.891
8824117358,Jaseme Shop,kiosk,small,PC003,personal_care,2,0.891
8824117358,Jaseme Shop,kiosk,small,SAN001,sanitary,1,0.891
8824117358,Jaseme Shop,kiosk,small,SAN002,sanitary,1,0.891
8987955679,Manyatta Market,unclassified,small,OIL001,cooking_oil,2,0.652
8987955679,Manyatta Market,unclassified,small,OIL002,cooking_oil,2,0.652
8987955679,Manyatta Market,unclassified,small,OIL003,cooking_oil,2,0.652
8987955679,Manyatta Market,unclassified,small,OIL004,cooking_oil,2,0.652
8987955679,Manyatta Market,unclassified,small,FLR001,flour,2,0.652
8987955679,Manyatta Market,unclassified,small,FLR002,flour,3,0.652
8987955679,Manyatta Market,unclassified,small,FLR003,flour,2,0.652
8987955679,Manyatta Market,unclassified,small,FLR004,flour,2,0.652
8987955679,Manyatta Market,unclassified,small,SUG001,sugar,2,0.652
8987955679,Manyatta Market,unclassified,small,SUG002,sugar,2,0.652
8987955679,Manyatta Market,unclassified,small,SUG003,sugar,2,0.652
8987955679,Manyatta Market,unclassified,small,SOP001,soap,1,0.652
8987955679,Manyatta Market,unclassified,small,SOP002,soap,1,0.652
8987955679,Manyatta Market,unclassified,small,SOP003,soap,1,0.652
8987955679,Manyatta Market,unclassified,small,SOP004,soap,1,0.652
8987955679,Manyatta Market,unclassified,small,BEV001,beverages,2,0.652
8987955679,Manyatta Market,unclassified,small,BEV002,beverages,2,0.652
8987955679,Manyatta Market,unclassified,small,BEV003,beverages,2,0.652
8987955679,Manyatta Market,unclassified,small,BEV004,beverages,2,0.652
8987955679,Manyatta Market,unclassified,small,PC001,personal_care,1,0.652
8987955679,Manyatta Market,unclassified,small,PC002,personal_care,1,0.652
8987955679,Manyatta Market,unclassified,small,PC003,personal_care,1,0.652
8987955679,Manyatta Market,unclassified,small,SAN001,sanitary,1,0.652
8987955679,Manyatta Market,unclassified,small,SAN002,sanitary,1,0.652
9126367969,Unknown,greengrocer,small,OIL001,cooking_oil,3,0.761
9126367969,Unknown,greengrocer,small,OIL002,cooking_oil,2,0.761
9126367969,Unknown,greengrocer,small,OIL003,cooking_oil,2,0.761
9126367969,Unknown,greengrocer,small,OIL004,cooking_oil,3,0.761
9126367969,Unknown,greengrocer,small,FLR001,flour,2,0.761
9126367969,Unknown,greengrocer,small,FLR002,flour,3,0.761
9126367969,Unknown,greengrocer,small,FLR003,flour,3,0.761
9126367969,Unknown,greengrocer,small,FLR004,flour,3,0.761
9126367969,Unknown,greengrocer,small,SUG001,sugar,2,0.761
9126367969,Unknown,greengrocer,small,SUG002,sugar,2,0.761
9126367969,Unknown,greengrocer,small,SUG003,sugar,2,0.761
9126367969,Unknown,greengrocer,small,SOP001,soap,2,0.761
9126367969,Unknown,greengrocer,small,SOP002,soap,2,0.761
9126367969,Unknown,greengrocer,small,SOP003,soap,2,0.761
9126367969,Unknown,greengrocer,small,SOP004,soap,2,0.761
9126367969,Unknown,greengrocer,small,BEV001,beverages,2,0.761
9126367969,Unknown,greengrocer,small,BEV002,beverages,2,0.761
9126367969,Unknown,greengrocer,small,BEV003,beverages,2,0.761
9126367969,Unknown,greengrocer,small,BEV004,beverages,2,0.761
9126367969,Unknown,greengrocer,small,PC001,personal_care,1,0.761
9126367969,Unknown,greengrocer,small,PC002,personal_care,2,0.761
9126367969,Unknown,greengrocer,small,PC003,personal_care,1,0.761
9126367969,Unknown,greengrocer,small,SAN001,sanitary,1,0.761
9126367969,Unknown,greengrocer,small,SAN002,sanitary,1,0.761
9126374353,Drink and smile,water,medium,OIL001,cooking_oil,6,0.761
9126374353,Drink and smile,water,medium,OIL002,cooking_oil,5,0.761
9126374353,Drink and smile,water,medium,OIL003,cooking_oil,6,0.761
9126374353,Drink and smile,water,medium,OIL004,cooking_oil,6,0.761
9126374353,Drink and smile,water,medium,FLR001,flour,7,0.761
9126374353,Drink and smile,water,medium,FLR002,flour,8,0.761
9126374353,Drink and smile,water,medium,FLR003,flour,9,0.761
9126374353,Drink and smile,water,medium,FLR004,flour,9,0.761
9126374353,Drink and smile,water,medium,SUG001,sugar,7,0.761
9126374353,Drink and smile,water,medium,SUG002,sugar,5,0.761
9126374353,Drink and smile,water,medium,SUG003,sugar,6,0.761
9126374353,Drink and smile,water,medium,SOP001,soap,5,0.761
9126374353,Drink and smile,water,medium,SOP002,soap,5,0.761
9126374353,Drink and smile,water,medium,SOP003,soap,4,0.761
9126374353,Drink and smile,water,medium,SOP004,soap,5,0.761
9126374353,Drink and smile,water,medium,BEV001,beverages,6,0.761
9126374353,Drink and smile,water,medium,BEV002,beverages,5,0.761
9126374353,Drink and smile,water,medium,BEV003,beverages,5,0.761
9126374353,Drink and smile,water,medium,BEV004,beverages,6,0.761
9126374353,Drink and smile,water,medium,PC001,personal_care,4,0.761
9126374353,Drink and smile,water,medium,PC002,personal_care,3,0.761
9126374353,Drink and smile,water,medium,PC003,personal_care,3,0.761
9126374353,Drink and smile,water,medium,SAN001,sanitary,3,0.761
9126374353,Drink and smile,water,medium,SAN002,sanitary,3,0.761
9443804417,Queen Soap,chemist,medium,OIL001,cooking_oil,6,0.652
9443804417,Queen Soap,chemist,medium,OIL002,cooking_oil,6,0.652
9443804417,Queen Soap,chemist,medium,OIL003,cooking_oil,4,0.652
9443804417,Queen Soap,chemist,medium,OIL004,cooking_oil,5,0.652
9443804417,Queen Soap,chemist,medium,FLR001,flour,8,0.652
9443804417,Queen Soap,chemist,medium,FLR002,flour,6,0.652
9443804417,Queen Soap,chemist,medium,FLR003,flour,7,0.652
9443804417,Queen Soap,chemist,medium,FLR004,flour,5,0.652
9443804417,Queen Soap,chemist,medium,SUG001,sugar,5,0.652
9443804417,Queen Soap,chemist,medium,SUG002,sugar,5,0.652
9443804417,Queen Soap,chemist,medium,SUG003,sugar,4,0.652
9443804417,Queen Soap,chemist,medium,SOP001,soap,3,0.652
9443804417,Queen Soap,chemist,medium,SOP002,soap,3,0.652
9443804417,Queen Soap,chemist,medium,SOP003,soap,3,0.652
9443804417,Queen Soap,chemist,medium,SOP004,soap,3,0.652
9443804417,Queen Soap,chemist,medium,BEV001,beverages,5,0.652
9443804417,Queen Soap,chemist,medium,BEV002,beverages,4,0.652
9443804417,Queen Soap,chemist,medium,BEV003,beverages,3,0.652
9443804417,Queen Soap,chemist,medium,BEV004,beverages,4,0.652
9443804417,Queen Soap,chemist,medium,PC001,personal_care,3,0.652
9443804417,Queen Soap,chemist,medium,PC002,personal_care,3,0.652
9443804417,Queen Soap,chemist,medium,PC003,personal_care,3,0.652
9443804417,Queen Soap,chemist,medium,SAN001,sanitary,2,0.652
9443804417,Queen Soap,chemist,medium,SAN002,sanitary,2,0.652
9443804425,Mama Brax Shop,chemist,medium,OIL001,cooking_oil,5,0.5
9443804425,Mama Brax Shop,chemist,medium,OIL002,cooking_oil,4,0.5
9443804425,Mama Brax Shop,chemist,medium,OIL003,cooking_oil,3,0.5
9443804425,Mama Brax Shop,chemist,medium,OIL004,cooking_oil,4,0.5
9443804425,Mama Brax Shop,chemist,medium,FLR001,flour,4,0.5
9443804425,Mama Brax Shop,chemist,medium,FLR002,flour,6,0.5
9443804425,Mama Brax Shop,chemist,medium,FLR003,flour,4,0.5
9443804425,Mama Brax Shop,chemist,medium,FLR004,flour,5,0.5
9443804425,Mama Brax Shop,chemist,medium,SUG001,sugar,3,0.5
9443804425,Mama Brax Shop,chemist,medium,SUG002,sugar,4,0.5
9443804425,Mama Brax Shop,chemist,medium,SUG003,sugar,4,0.5
9443804425,Mama Brax Shop,chemist,medium,SOP001,soap,3,0.5
9443804425,Mama Brax Shop,chemist,medium,SOP002,soap,3,0.5
9443804425,Mama Brax Shop,chemist,medium,SOP003,soap,3,0.5
9443804425,Mama Brax Shop,chemist,medium,SOP004,soap,3,0.5
9443804425,Mama Brax Shop,chemist,medium,BEV001,beverages,3,0.5
9443804425,Mama Brax Shop,chemist,medium,BEV002,beverages,3,0.5
9443804425,Mama Brax Shop,chemist,medium,BEV003,beverages,4,0.5
9443804425,Mama Brax Shop,chemist,medium,BEV004,beverages,4,0.5
9443804425,Mama Brax Shop,chemist,medium,PC001,personal_care,3,0.5
9443804425,Mama Brax Shop,chemist,medium,PC002,personal_care,3,0.5
9443804425,Mama Brax Shop,chemist,medium,PC003,personal_care,2,0.5
9443804425,Mama Brax Shop,chemist,medium,SAN001,sanitary,2,0.5
9443804425,Mama Brax Shop,chemist,medium,SAN002,sanitary,2,0.5
9443804444,Sharon,chemist,medium,OIL001,cooking_oil,5,0.587
9443804444,Sharon,chemist,medium,OIL002,cooking_oil,5,0.587
9443804444,Sharon,chemist,medium,OIL003,cooking_oil,4,0.587
9443804444,Sharon,chemist,medium,OIL004,cooking_oil,4,0.587
9443804444,Sharon,chemist,medium,FLR001,flour,5,0.587
9443804444,Sharon,chemist,medium,FLR002,flour,5,0.587
9443804444,Sharon,chemist,medium,FLR003,flour,5,0.587
9443804444,Sharon,chemist,medium,FLR004,flour,6,0.587
9443804444,Sharon,chemist,medium,SUG001,sugar,4,0.587
9443804444,Sharon,chemist,medium,SUG002,sugar,4,0.587
9443804444,Sharon,chemist,medium,SUG003,sugar,4,0.587
9443804444,Sharon,chemist,medium,SOP001,soap,3,0.587
9443804444,Sharon,chemist,medium,SOP002,soap,3,0.587
9443804444,Sharon,chemist,medium,SOP003,soap,4,0.587
9443804444,Sharon,chemist,medium,SOP004,soap,3,0.587
9443804444,Sharon,chemist,medium,BEV001,beverages,4,0.587
9443804444,Sharon,chemist,medium,BEV002,beverages,4,0.587
9443804444,Sharon,chemist,medium,BEV003,beverages,4,0.587
9443804444,Sharon,chemist,medium,BEV004,beverages,3,0.587
9443804444,Sharon,chemist,medium,PC001,personal_care,3,0.587
9443804444,Sharon,chemist,medium,PC002,personal_care,3,0.587
9443804444,Sharon,chemist,medium,PC003,personal_care,2,0.587
9443804444,Sharon,chemist,medium,SAN001,sanitary,2,0.587
9443804444,Sharon,chemist,medium,SAN002,sanitary,2,0.587
9443804446,Cynthia Atieno,chemist,medium,OIL001,cooking_oil,10,1.37
9443804446,Cynthia Atieno,chemist,medium,OIL002,cooking_oil,13,1.37
9443804446,Cynthia Atieno,chemist,medium,OIL003,cooking_oil,12,1.37
9443804446,Cynthia Atieno,chemist,medium,OIL004,cooking_oil,13,1.37
9443804446,Cynthia Atieno,chemist,medium,FLR001,flour,16,1.37
9443804446,Cynthia Atieno,chemist,medium,FLR002,flour,12,1.37
9443804446,Cynthia Atieno,chemist,medium,FLR003,flour,13,1.37
9443804446,Cynthia Atieno,chemist,medium,FLR004,flour,13,1.37
9443804446,Cynthia Atieno,chemist,medium,SUG001,sugar,11,1.37
9443804446,Cynthia Atieno,chemist,medium,SUG002,sugar,8,1.37
9443804446,Cynthia Atieno,chemist,medium,SUG003,sugar,9,1.37
9443804446,Cynthia Atieno,chemist,medium,SOP001,soap,7,1.37
9443804446,Cynthia Atieno,chemist,medium,SOP002,soap,8,1.37
9443804446,Cynthia Atieno,chemist,medium,SOP003,soap,7,1.37
9443804446,Cynthia Atieno,chemist,medium,SOP004,soap,7,1.37
9443804446,Cynthia Atieno,chemist,medium,BEV001,beverages,10,1.37
9443804446,Cynthia Atieno,chemist,medium,BEV002,beverages,10,1.37
9443804446,Cynthia Atieno,chemist,medium,BEV003,beverages,10,1.37
9443804446,Cynthia Atieno,chemist,medium,BEV004,beverages,7,1.37
9443804446,Cynthia Atieno,chemist,medium,PC001,personal_care,7,1.37
9443804446,Cynthia Atieno,chemist,medium,PC002,personal_care,6,1.37
9443804446,Cynthia Atieno,chemist,medium,PC003,personal_care,6,1.37
9443804446,Cynthia Atieno,chemist,medium,SAN001,sanitary,5,1.37
9443804446,Cynthia Atieno,chemist,medium,SAN002,sanitary,5,1.37
9443804462,Nelly's House,chemist,medium,OIL001,cooking_oil,7,0.761
9443804462,Nelly's House,chemist,medium,OIL002,cooking_oil,7,0.761
9443804462,Nelly's House,chemist,medium,OIL003,cooking_oil,7,0.761
9443804462,Nelly's House,chemist,medium,OIL004,cooking_oil,5,0.761
9443804462,Nelly's House,chemist,medium,FLR001,flour,7,0.761
9443804462,Nelly's House,chemist,medium,FLR002,flour,6,0.761
9443804462,Nelly's House,chemist,medium,FLR003,flour,8,0.761
9443804462,Nelly's House,chemist,medium,FLR004,flour,8,0.761
9443804462,Nelly's House,chemist,medium,SUG001,sugar,6,0.761
9443804462,Nelly's House,chemist,medium,SUG002,sugar,6,0.761
9443804462,Nelly's House,chemist,medium,SUG003,sugar,6,0.761
9443804462,Nelly's House,chemist,medium,SOP001,soap,3,0.761
9443804462,Nelly's House,chemist,medium,SOP002,soap,3,0.761
9443804462,Nelly's House,chemist,medium,SOP003,soap,4,0.761
9443804462,Nelly's House,chemist,medium,SOP004,soap,4,0.761
9443804462,Nelly's House,chemist,medium,BEV001,beverages,5,0.761
9443804462,Nelly's House,chemist,medium,BEV002,beverages,5,0.761
9443804462,Nelly's House,chemist,medium,BEV003,beverages,5,0.761
9443804462,Nelly's House,chemist,medium,BEV004,beverages,4,0.761
9443804462,Nelly's House,chemist,medium,PC001,personal_care,4,0.761
9443804462,Nelly's House,chemist,medium,PC002,personal_care,4,0.761
9443804462,Nelly's House,chemist,medium,PC003,personal_care,4,0.761
9443804462,Nelly's House,chemist,medium,SAN001,sanitary,3,0.761
9443804462,Nelly's House,chemist,medium,SAN002,sanitary,3,0.761
9443804470,Vincent's Shop,chemist,medium,OIL001,cooking_oil,6,0.696
9443804470,Vincent's Shop,chemist,medium,OIL002,cooking_oil,5,0.696
9443804470,Vincent's Shop,chemist,medium,OIL003,cooking_oil,5,0.696
9443804470,Vincent's Shop,chemist,medium,OIL004,cooking_oil,6,0.696
9443804470,Vincent's Shop,chemist,medium,FLR001,flour,8,0.696
9443804470,Vincent's Shop,chemist,medium,FLR002,flour,6,0.696
9443804470,Vincent's Shop,chemist,medium,FLR003,flour,6,0.696
9443804470,Vincent's Shop,chemist,medium,FLR004,flour,7,0.696
9443804470,Vincent's Shop,chemist,medium,SUG001,sugar,5,0.696
9443804470,Vincent's Shop,chemist,medium,SUG002,sugar,6,0.696
9443804470,Vincent's Shop,chemist,medium,SUG003,sugar,4,0.696
9443804470,Vincent's Shop,chemist,medium,SOP001,soap,3,0.696
9443804470,Vincent's Shop,chemist,medium,SOP002,soap,4,0.696
9443804470,Vincent's Shop,chemist,medium,SOP003,soap,4,0.696
9443804470,Vincent's Shop,chemist,medium,SOP004,soap,4,0.696
9443804470,Vincent's Shop,chemist,medium,BEV001,beverages,5,0.696
9443804470,Vincent's Shop,chemist,medium,BEV002,beverages,4,0.696
9443804470,Vincent's Shop,chemist,medium,BEV003,beverages,5,0.696
9443804470,Vincent's Shop,chemist,medium,BEV004,beverages,5,0.696
9443804470,Vincent's Shop,chemist,medium,PC001,personal_care,3,0.696
9443804470,Vincent's Shop,chemist,medium,PC002,personal_care,3,0.696
9443804470,Vincent's Shop,chemist,medium,PC003,personal_care,3,0.696
9443804470,Vincent's Shop,chemist,medium,SAN001,sanitary,2,0.696
9443804470,Vincent's Shop,chemist,medium,SAN002,sanitary,2,0.696
9443804487,Andrew Ater,chemist,medium,OIL001,cooking_oil,4,0.543
9443804487,Andrew Ater,chemist,medium,OIL002,cooking_oil,5,0.543
9443804487,Andrew Ater,chemist,medium,OIL003,cooking_oil,5,0.543
9443804487,Andrew Ater,chemist,medium,OIL004,cooking_oil,4,0.543
9443804487,Andrew Ater,chemist,medium,FLR001,flour,4,0.543
9443804487,Andrew Ater,chemist,medium,FLR002,flour,6,0.543
9443804487,Andrew Ater,chemist,medium,FLR003,flour,4,0.543
9443804487,Andrew Ater,chemist,medium,FLR004,flour,4,0.543
9443804487,Andrew Ater,chemist,medium,SUG001,sugar,4,0.543
9443804487,Andrew Ater,chemist,medium,SUG002,sugar,4,0.543
9443804487,Andrew Ater,chemist,medium,SUG003,sugar,4,0.543
9443804487,Andrew Ater,chemist,medium,SOP001,soap,3,0.543
9443804487,Andrew Ater,chemist,medium,SOP002,soap,2,0.543
9443804487,Andrew Ater,chemist,medium,SOP003,soap,3,0.543
9443804487,Andrew Ater,chemist,medium,SOP004,soap,3,0.543
9443804487,Andrew Ater,chemist,medium,BEV001,beverages,3,0.543
9443804487,Andrew Ater,chemist,medium,BEV002,beverages,4,0.543
9443804487,Andrew Ater,chemist,medium,BEV003,beverages,3,0.543
9443804487,Andrew Ater,chemist,medium,BEV004,beverages,3,0.543
9443804487,Andrew Ater,chemist,medium,PC001,personal_care,3,0.543
9443804487,Andrew Ater,chemist,medium,PC002,personal_care,2,0.543
9443804487,Andrew Ater,chemist,medium,PC003,personal_care,2,0.543
9443804487,Andrew Ater,chemist,medium,SAN001,sanitary,2,0.543
9443804487,Andrew Ater,chemist,medium,SAN002,sanitary,2,0.543
9443804492,Dennis,chemist,medium,OIL001,cooking_oil,8,0.978
9443804492,Dennis,chemist,medium,OIL002,cooking_oil,8,0.978
9443804492,Dennis,chemist,medium,OIL003,cooking_oil,9,0.978
9443804492,Dennis,chemist,medium,OIL004,cooking_oil,9,0.978
9443804492,Dennis,chemist,medium,FLR001,flour,9,0.978
9443804492,Dennis,chemist,medium,FLR002,flour,9,0.978
9443804492,Dennis,chemist,medium,FLR003,flour,9,0.978
9443804492,Dennis,chemist,medium,FLR004,flour,10,0.978
9443804492,Dennis,chemist,medium,SUG001,sugar,7,0.978
9443804492,Dennis,chemist,medium,SUG002,sugar,8,0.978
9443804492,Dennis,chemist,medium,SUG003,sugar,7,0.978
9443804492,Dennis,chemist,medium,SOP001,soap,6,0.978
9443804492,Dennis,chemist,medium,SOP002,soap,6,0.978
9443804492,Dennis,chemist,medium,SOP003,soap,5,0.978
9443804492,Dennis,chemist,medium,SOP004,soap,5,0.978
9443804492,Dennis,chemist,medium,BEV001,beverages,6,0.978
9443804492,Dennis,chemist,medium,BEV002,beverages,6,0.978
9443804492,Dennis,chemist,medium,BEV003,beverages,7,0.978
9443804492,Dennis,chemist,medium,BEV004,beverages,7,0.978
9443804492,Dennis,chemist,medium,PC001,personal_care,5,0.978
9443804492,Dennis,chemist,medium,PC002,personal_care,5,0.978
9443804492,Dennis,chemist,medium,PC003,personal_care,4,0.978
9443804492,Dennis,chemist,medium,SAN001,sanitary,3,0.978
9443804492,Dennis,chemist,medium,SAN002,sanitary,3,0.978
9443804498,Suprima Industries,chemist,medium,OIL001,cooking_oil,7,0.978
9443804498,Suprima Industries,chemist,medium,OIL002,cooking_oil,7,0.978
9443804498,Suprima Industries,chemist,medium,OIL003,cooking_oil,7,0.978
9443804498,Suprima Industries,chemist,medium,OIL004,cooking_oil,7,0.978
9443804498,Suprima Industries,chemist,medium,FLR001,flour,9,0.978
9443804498,Suprima Industries,chemist,medium,FLR002,flour,11,0.978
9443804498,Suprima Industries,chemist,medium,FLR003,flour,10,0.978
9443804498,Suprima Industries,chemist,medium,FLR004,flour,11,0.978
9443804498,Suprima Industries,chemist,medium,SUG001,sugar,7,0.978
9443804498,Suprima Industries,chemist,medium,SUG002,sugar,8,0.978
9443804498,Suprima Industries,chemist,medium,SUG003,sugar,7,0.978
9443804498,Suprima Industries,chemist,medium,SOP001,soap,6,0.978
9443804498,Suprima Industries,chemist,medium,SOP002,soap,4,0.978
9443804498,Suprima Industries,chemist,medium,SOP003,soap,5,0.978
9443804498,Suprima Industries,chemist,medium,SOP004,soap,6,0.978
9443804498,Suprima Industries,chemist,medium,BEV001,beverages,5,0.978
9443804498,Suprima Industries,chemist,medium,BEV002,beverages,6,0.978
9443804498,Suprima Industries,chemist,medium,BEV003,beverages,7,0.978
9443804498,Suprima Industries,chemist,medium,BEV004,beverages,7,0.978
9443804498,Suprima Industries,chemist,medium,PC001,personal_care,5,0.978
9443804498,Suprima Industries,chemist,medium,PC002,personal_care,5,0.978
9443804498,Suprima Industries,chemist,medium,PC003,personal_care,4,0.978
9443804498,Suprima Industries,chemist,medium,SAN001,sanitary,3,0.978
9443804498,Suprima Industries,chemist,medium,SAN002,sanitary,3,0.978
9443804517,Mironga,chemist,medium,OIL001,cooking_oil,8,0.978
9443804517,Mironga,chemist,medium,OIL002,cooking_oil,9,0.978
9443804517,Mironga,chemist,medium,OIL003,cooking_oil,6,0.978
9443804517,Mironga,chemist,medium,OIL004,cooking_oil,7,0.978
9443804517,Mironga,chemist,medium,FLR001,flour,9,0.978
9443804517,Mironga,chemist,medium,FLR002,flour,10,0.978
9443804517,Mironga,chemist,medium,FLR003,flour,10,0.978
9443804517,Mironga,chemist,medium,FLR004,flour,9,0.978
9443804517,Mironga,chemist,medium,SUG001,sugar,8,0.978
9443804517,Mironga,chemist,medium,SUG002,sugar,8,0.978
9443804517,Mironga,chemist,medium,SUG003,sugar,8,0.978
9443804517,Mironga,chemist,medium,SOP001,soap,6,0.978
9443804517,Mironga,chemist,medium,SOP002,soap,5,0.978
9443804517,Mironga,chemist,medium,SOP003,soap,5,0.978
9443804517,Mironga,chemist,medium,SOP004,soap,6,0.978
9443804517,Mironga,chemist,medium,BEV001,beverages,7,0.978
9443804517,Mironga,chemist,medium,BEV002,beverages,7,0.978
9443804517,Mironga,chemist,medium,BEV003,beverages,6,0.978
9443804517,Mironga,chemist,medium,BEV004,beverages,6,0.978
9443804517,Mironga,chemist,medium,PC001,personal_care,5,0.978
9443804517,Mironga,chemist,medium,PC002,personal_care,4,0.978
9443804517,Mironga,chemist,medium,PC003,personal_care,4,0.978
9443804517,Mironga,chemist,medium,SAN001,sanitary,4,0.978
9443804517,Mironga,chemist,medium,SAN002,sanitary,4,0.978
9443804519,Yvonne,chemist,medium,OIL001,cooking_oil,4,0.522
9443804519,Yvonne,chemist,medium,OIL002,cooking_oil,4,0.522
9443804519,Yvonne,chemist,medium,OIL003,cooking_oil,4,0.522
9443804519,Yvonne,chemist,medium,OIL004,cooking_oil,4,0.522
9443804519,Yvonne,chemist,medium,FLR001,flour,5,0.522
9443804519,Yvonne,chemist,medium,FLR002,flour,5,0.522
9443804519,Yvonne,chemist,medium,FLR003,flour,6,0.522
9443804519,Yvonne,chemist,medium,FLR004,flour,6,0.522
9443804519,Yvonne,chemist,medium,SUG001,sugar,4,0.522
9443804519,Yvonne,chemist,medium,SUG002,sugar,4,0.522
9443804519,Yvonne,chemist,medium,SUG003,sugar,4,0.522
9443804519,Yvonne,chemist,medium,SOP001,soap,3,0.522
9443804519,Yvonne,chemist,medium,SOP002,soap,3,0.522
9443804519,Yvonne,chemist,medium,SOP003,soap,2,0.522
9443804519,Yvonne,chemist,medium,SOP004,soap,3,0.522
9443804519,Yvonne,chemist,medium,BEV001,beverages,3,0.522
9443804519,Yvonne,chemist,medium,BEV002,beverages,4,0.522
9443804519,Yvonne,chemist,medium,BEV003,beverages,4,0.522
9443804519,Yvonne,chemist,medium,BEV004,beverages,3,0.522
9443804519,Yvonne,chemist,medium,PC001,personal_care,3,0.522
9443804519,Yvonne,chemist,medium,PC002,personal_care,2,0.522
9443804519,Yvonne,chemist,medium,PC003,personal_care,2,0.522
9443804519,Yvonne,chemist,medium,SAN001,sanitary,2,0.522
9443804519,Yvonne,chemist,medium,SAN002,sanitary,2,0.522
9443804521,Carruthers East Africa,chemist,medium,OIL001,cooking_oil,5,0.5
9443804521,Carruthers East Africa,chemist,medium,OIL002,cooking_oil,5,0.5
9443804521,Carruthers East Africa,chemist,medium,OIL003,cooking_oil,4,0.5
9443804521,Carruthers East Africa,chemist,medium,OIL004,cooking_oil,4,0.5
9443804521,Carruthers East Africa,chemist,medium,FLR001,flour,4,0.5
9443804521,Carruthers East Africa,chemist,medium,FLR002,flour,5,0.5
9443804521,Carruthers East Africa,chemist,medium,FLR003,flour,6,0.5
9443804521,Carruthers East Africa,chemist,medium,FLR004,flour,6,0.5
9443804521,Carruthers East Africa,chemist,medium,SUG001,sugar,4,0.5
9443804521,Carruthers East Africa,chemist,medium,SUG002,sugar,4,0.5
9443804521,Carruthers East Africa,chemist,medium,SUG003,sugar,3,0.5
9443804521,Carruthers East Africa,chemist,medium,SOP001,soap,3,0.5
9443804521,Carruthers East Africa,chemist,medium,SOP002,soap,3,0.5
9443804521,Carruthers East Africa,chemist,medium,SOP003,soap,2,0.5
9443804521,Carruthers East Africa,chemist,medium,SOP004,soap,2,0.5
9443804521,Carruthers East Africa,chemist,medium,BEV001,beverages,4,0.5
9443804521,Carruthers East Africa,chemist,medium,BEV002,beverages,3,0.5
9443804521,Carruthers East Africa,chemist,medium,BEV003,beverages,3,0.5
9443804521,Carruthers East Africa,chemist,medium,BEV004,beverages,3,0.5
9443804521,Carruthers East Africa,chemist,medium,PC001,personal_care,2,0.5
9443804521,Carruthers East Africa,chemist,medium,PC002,personal_care,2,0.5
9443804521,Carruthers East Africa,chemist,medium,PC003,personal_care,2,0.5
9443804521,Carruthers East Africa,chemist,medium,SAN001,sanitary,2,0.5
9443804521,Carruthers East Africa,chemist,medium,SAN002,sanitary,2,0.5
9443804537,Lord General Shop,chemist,medium,OIL001,cooking_oil,5,0.652
9443804537,Lord General Shop,chemist,medium,OIL002,cooking_oil,6,0.652
9443804537,Lord General Shop,chemist,medium,OIL003,cooking_oil,5,0.652
9443804537,Lord General Shop,chemist,medium,OIL004,cooking_oil,4,0.652
9443804537,Lord General Shop,chemist,medium,FLR001,flour,6,0.652
9443804537,Lord General Shop,chemist,medium,FLR002,flour,5,0.652
9443804537,Lord General Shop,chemist,medium,FLR003,flour,6,0.652
9443804537,Lord General Shop,chemist,medium,FLR004,flour,5,0.652
9443804537,Lord General Shop,chemist,medium,SUG001,sugar,4,0.652
9443804537,Lord General Shop,chemist,medium,SUG002,sugar,5,0.652
9443804537,Lord General Shop,chemist,medium,SUG003,sugar,5,0.652
9443804537,Lord General Shop,chemist,medium,SOP001,soap,4,0.652
9443804537,Lord General Shop,chemist,medium,SOP002,soap,3,0.652
9443804537,Lord General Shop,chemist,medium,SOP003,soap,3,0.652
9443804537,Lord General Shop,chemist,medium,SOP004,soap,4,0.652
9443804537,Lord General Shop,chemist,medium,BEV001,beverages,3,0.652
9443804537,Lord General Shop,chemist,medium,BEV002,beverages,4,0.652
9443804537,Lord General Shop,chemist,medium,BEV003,beverages,4,0.652
9443804537,Lord General Shop,chemist,medium,BEV004,beverages,3,0.652
9443804537,Lord General Shop,chemist,medium,PC001,personal_care,3,0.652
9443804537,Lord General Shop,chemist,medium,PC002,personal_care,2,0.652
9443804537,Lord General Shop,chemist,medium,PC003,personal_care,3,0.652
9443804537,Lord General Shop,chemist,medium,SAN001,sanitary,2,0.652
9443804537,Lord General Shop,chemist,medium,SAN002,sanitary,3,0.652
9443804549,Elias,chemist,medium,OIL001,cooking_oil,5,0.717
9443804549,Elias,chemist,medium,OIL002,cooking_oil,7,0.717
9443804549,Elias,chemist,medium,OIL003,cooking_oil,7,0.717
9443804549,Elias,chemist,medium,OIL004,cooking_oil,5,0.717
9443804549,Elias,chemist,medium,FLR001,flour,6,0.717
9443804549,Elias,chemist,medium,FLR002,flour,7,0.717
9443804549,Elias,chemist,medium,FLR003,flour,8,0.717
9443804549,Elias,chemist,medium,FLR004,flour,6,0.717
9443804549,Elias,chemist,medium,SUG001,sugar,4,0.717
9443804549,Elias,chemist,medium,SUG002,sugar,6,0.717
9443804549,Elias,chemist,medium,SUG003,sugar,5,0.717
9443804549,Elias,chemist,medium,SOP001,soap,4,0.717
9443804549,Elias,chemist,medium,SOP002,soap,3,0.717
9443804549,Elias,chemist,medium,SOP003,soap,4,0.717
9443804549,Elias,chemist,medium,SOP004,soap,4,0.717
9443804549,Elias,chemist,medium,BEV001,beverages,4,0.717
9443804549,Elias,chemist,medium,BEV002,beverages,5,0.717
9443804549,Elias,chemist,medium,BEV003,beverages,5,0.717
9443804549,Elias,chemist,medium,BEV004,beverages,4,0.717
9443804549,Elias,chemist,medium,PC001,personal_care,3,0.717
9443804549,Elias,chemist,medium,PC002,personal_care,3,0.717
9443804549,Elias,chemist,medium,PC003,personal_care,4,0.717
9443804549,Elias,chemist,medium,SAN001,sanitary,3,0.717
9443804549,Elias,chemist,medium,SAN002,sanitary,2,0.717
9446338304,Naomi Achieng,chemist,medium,OIL001,cooking_oil,4,0.543
9446338304,Naomi Achieng,chemist,medium,OIL002,cooking_oil,4,0.543
9446338304,Naomi Achieng,chemist,medium,OIL003,cooking_oil,4,0.543
9446338304,Naomi Achieng,chemist,medium,OIL004,cooking_oil,4,0.543
9446338304,Naomi Achieng,chemist,medium,FLR001,flour,5,0.543
9446338304,Naomi Achieng,chemist,medium,FLR002,flour,4,0.543
9446338304,Naomi Achieng,chemist,medium,FLR003,flour,6,0.543
9446338304,Naomi Achieng,chemist,medium,FLR004,flour,5,0.543
9446338304,Naomi Achieng,chemist,medium,SUG001,sugar,4,0.543
9446338304,Naomi Achieng,chemist,medium,SUG002,sugar,4,0.543
9446338304,Naomi Achieng,chemist,medium,SUG003,sugar,3,0.543
9446338304,Naomi Achieng,chemist,medium,SOP001,soap,3,0.543
9446338304,Naomi Achieng,chemist,medium,SOP002,soap,3,0.543
9446338304,Naomi Achieng,chemist,medium,SOP003,soap,3,0.543
9446338304,Naomi Achieng,chemist,medium,SOP004,soap,3,0.543
9446338304,Naomi Achieng,chemist,medium,BEV001,beverages,3,0.543
9446338304,Naomi Achieng,chemist,medium,BEV002,beverages,3,0.543
9446338304,Naomi Achieng,chemist,medium,BEV003,beverages,3,0.543
9446338304,Naomi Achieng,chemist,medium,BEV004,beverages,3,0.543
9446338304,Naomi Achieng,chemist,medium,PC001,personal_care,2,0.543
9446338304,Naomi Achieng,chemist,medium,PC002,personal_care,3,0.543
9446338304,Naomi Achieng,chemist,medium,PC003,personal_care,3,0.543
9446338304,Naomi Achieng,chemist,medium,SAN001,sanitary,2,0.543
9446338304,Naomi Achieng,chemist,medium,SAN002,sanitary,2,0.543
9446395025,Carter's Shaop,chemist,medium,OIL001,cooking_oil,10,1.109
9446395025,Carter's Shaop,chemist,medium,OIL002,cooking_oil,9,1.109
9446395025,Carter's Shaop,chemist,medium,OIL003,cooking_oil,8,1.109
9446395025,Carter's Shaop,chemist,medium,OIL004,cooking_oil,8,1.109
9446395025,Carter's Shaop,chemist,medium,FLR001,flour,9,1.109
9446395025,Carter's Shaop,chemist,medium,FLR002,flour,11,1.109
9446395025,Carter's Shaop,chemist,medium,FLR003,flour,11,1.109
9446395025,Carter's Shaop,chemist,medium,FLR004,flour,12,1.109
9446395025,Carter's Shaop,chemist,medium,SUG001,sugar,9,1.109
9446395025,Carter's Shaop,chemist,medium,SUG002,sugar,9,1.109
9446395025,Carter's Shaop,chemist,medium,SUG003,sugar,9,1.109
9446395025,Carter's Shaop,chemist,medium,SOP001,soap,7,1.109
9446395025,Carter's Shaop,chemist,medium,SOP002,soap,6,1.109
9446395025,Carter's Shaop,chemist,medium,SOP003,soap,6,1.109
9446395025,Carter's Shaop,chemist,medium,SOP004,soap,5,1.109
9446395025,Carter's Shaop,chemist,medium,BEV001,beverages,7,1.109
9446395025,Carter's Shaop,chemist,medium,BEV002,beverages,7,1.109
9446395025,Carter's Shaop,chemist,medium,BEV003,beverages,6,1.109
9446395025,Carter's Shaop,chemist,medium,BEV004,beverages,8,1.109
9446395025,Carter's Shaop,chemist,medium,PC001,personal_care,6,1.109
9446395025,Carter's Shaop,chemist,medium,PC002,personal_care,6,1.109
9446395025,Carter's Shaop,chemist,medium,PC003,personal_care,6,1.109
9446395025,Carter's Shaop,chemist,medium,SAN001,sanitary,3,1.109
9446395025,Carter's Shaop,chemist,medium,SAN002,sanitary,3,1.109
9446395026,Otom Investments,chemist,medium,OIL001,cooking_oil,13,1.348
9446395026,Otom Investments,chemist,medium,OIL002,cooking_oil,10,1.348
9446395026,Otom Investments,chemist,medium,OIL003,cooking_oil,10,1.348
9446395026,Otom Investments,chemist,medium,OIL004,cooking_oil,12,1.348
9446395026,Otom Investments,chemist,medium,FLR001,flour,15,1.348
9446395026,Otom Investments,chemist,medium,FLR002,flour,16,1.348
9446395026,Otom Investments,chemist,medium,FLR003,flour,11,1.348
9446395026,Otom Investments,chemist,medium,FLR004,flour,11,1.348
9446395026,Otom Investments,chemist,medium,SUG001,sugar,8,1.348
9446395026,Otom Investments,chemist,medium,SUG002,sugar,9,1.348
9446395026,Otom Investments,chemist,medium,SUG003,sugar,9,1.348
9446395026,Otom Investments,chemist,medium,SOP001,soap,7,1.348
9446395026,Otom Investments,chemist,medium,SOP002,soap,9,1.348
9446395026,Otom Investments,chemist,medium,SOP003,soap,6,1.348
9446395026,Otom Investments,chemist,medium,SOP004,soap,7,1.348
9446395026,Otom Investments,chemist,medium,BEV001,beverages,8,1.348
9446395026,Otom Investments,chemist,medium,BEV002,beverages,9,1.348
9446395026,Otom Investments,chemist,medium,BEV003,beverages,7,1.348
9446395026,Otom Investments,chemist,medium,BEV004,beverages,10,1.348
9446395026,Otom Investments,chemist,medium,PC001,personal_care,5,1.348
9446395026,Otom Investments,chemist,medium,PC002,personal_care,6,1.348
9446395026,Otom Investments,chemist,medium,PC003,personal_care,6,1.348
9446395026,Otom Investments,chemist,medium,SAN001,sanitary,6,1.348
9446395026,Otom Investments,chemist,medium,SAN002,sanitary,6,1.348
9446395031,Deborah Ouma Odindo Shop,chemist,medium,OIL001,cooking_oil,4,0.543
9446395031,Deborah Ouma Odindo Shop,chemist,medium,OIL002,cooking_oil,5,0.543
9446395031,Deborah Ouma Odindo Shop,chemist,medium,OIL003,cooking_oil,4,0.543
9446395031,Deborah Ouma Odindo Shop,chemist,medium,OIL004,cooking_oil,4,0.543
9446395031,Deborah Ouma Odindo Shop,chemist,medium,FLR001,flour,6,0.543
9446395031,Deborah Ouma Odindo Shop,chemist,medium,FLR002,flour,6,0.543
9446395031,Deborah Ouma Odindo Shop,chemist,medium,FLR003,flour,6,0.543
9446395031,Deborah Ouma Odindo Shop,chemist,medium,FLR004,flour,6,0.543
9446395031,Deborah Ouma Odindo Shop,chemist,medium,SUG001,sugar,5,0.543
9446395031,Deborah Ouma Odindo Shop,chemist,medium,SUG002,sugar,4,0.543
9446395031,Deborah Ouma Odindo Shop,chemist,medium,SUG003,sugar,3,0.543
9446395031,Deborah Ouma Odindo Shop,chemist,medium,SOP001,soap,3,0.543
9446395031,Deborah Ouma Odindo Shop,chemist,medium,SOP002,soap,3,0.543
9446395031,Deborah Ouma Odindo Shop,chemist,medium,SOP003,soap,3,0.543
9446395031,Deborah Ouma Odindo Shop,chemist,medium,SOP004,soap,3,0.543
9446395031,Deborah Ouma Odindo Shop,chemist,medium,BEV001,beverages,3,0.543
9446395031,Deborah Ouma Odindo Shop,chemist,medium,BEV002,beverages,4,0.543
9446395031,Deborah Ouma Odindo Shop,chemist,medium,BEV003,beverages,3,0.543
9446395031,Deborah Ouma Odindo Shop,chemist,medium,BEV004,beverages,3,0.543
9446395031,Deborah Ouma Odindo Shop,chemist,medium,PC001,personal_care,3,0.543
9446395031,Deborah Ouma Odindo Shop,chemist,medium,PC002,personal_care,3,0.543
9446395031,Deborah Ouma Odindo Shop,chemist,medium,PC003,personal_care,2,0.543
9446395031,Deborah Ouma Odindo Shop,chemist,medium,SAN001,sanitary,2,0.543
9446395031,Deborah Ouma Odindo Shop,chemist,medium,SAN002,sanitary,2,0.543
9446395094,Olenyo Shop,chemist,medium,OIL001,cooking_oil,6,0.609
9446395094,Olenyo Shop,chemist,medium,OIL002,cooking_oil,4,0.609
9446395094,Olenyo Shop,chemist,medium,OIL003,cooking_oil,5,0.609
9446395094,Olenyo Shop,chemist,medium,OIL004,cooking_oil,6,0.609
9446395094,Olenyo Shop,chemist,medium,FLR001,flour,5,0.609
9446395094,Olenyo Shop,chemist,medium,FLR002,flour,7,0.609
9446395094,Olenyo Shop,chemist,medium,FLR003,flour,6,0.609
9446395094,Olenyo Shop,chemist,medium,FLR004,flour,5,0.609
9446395094,Olenyo Shop,chemist,medium,SUG001,sugar,5,0.609
9446395094,Olenyo Shop,chemist,medium,SUG002,sugar,4,0.609
9446395094,Olenyo Shop,chemist,medium,SUG003,sugar,4,0.609
9446395094,Olenyo Shop,chemist,medium,SOP001,soap,4,0.609
9446395094,Olenyo Shop,chemist,medium,SOP002,soap,4,0.609
9446395094,Olenyo Shop,chemist,medium,SOP003,soap,3,0.609
9446395094,Olenyo Shop,chemist,medium,SOP004,soap,4,0.609
9446395094,Olenyo Shop,chemist,medium,BEV001,beverages,4,0.609
9446395094,Olenyo Shop,chemist,medium,BEV002,beverages,4,0.609
9446395094,Olenyo Shop,chemist,medium,BEV003,beverages,5,0.609
9446395094,Olenyo Shop,chemist,medium,BEV004,beverages,4,0.609
9446395094,Olenyo Shop,chemist,medium,PC001,personal_care,3,0.609
9446395094,Olenyo Shop,chemist,medium,PC002,personal_care,3,0.609
9446395094,Olenyo Shop,chemist,medium,PC003,personal_care,3,0.609
9446395094,Olenyo Shop,chemist,medium,SAN001,sanitary,2,0.609
9446395094,Olenyo Shop,chemist,medium,SAN002,sanitary,2,0.609
9446395095,KCB Mpesa Shop,chemist,medium,OIL001,cooking_oil,4,0.543
9446395095,KCB Mpesa Shop,chemist,medium,OIL002,cooking_oil,5,0.543
9446395095,KCB Mpesa Shop,chemist,medium,OIL003,cooking_oil,5,0.543
9446395095,KCB Mpesa Shop,chemist,medium,OIL004,cooking_oil,4,0.543
9446395095,KCB Mpesa Shop,chemist,medium,FLR001,flour,6,0.543
9446395095,KCB Mpesa Shop,chemist,medium,FLR002,flour,5,0.543
9446395095,KCB Mpesa Shop,chemist,medium,FLR003,flour,5,0.543
9446395095,KCB Mpesa Shop,chemist,medium,FLR004,flour,6,0.543
9446395095,KCB Mpesa Shop,chemist,medium,SUG001,sugar,4,0.543
9446395095,KCB Mpesa Shop,chemist,medium,SUG002,sugar,4,0.543
9446395095,KCB Mpesa Shop,chemist,medium,SUG003,sugar,4,0.543
9446395095,KCB Mpesa Shop,chemist,medium,SOP001,soap,3,0.543
9446395095,KCB Mpesa Shop,chemist,medium,SOP002,soap,3,0.543
9446395095,KCB Mpesa Shop,chemist,medium,SOP003,soap,3,0.543
9446395095,KCB Mpesa Shop,chemist,medium,SOP004,soap,3,0.543
9446395095,KCB Mpesa Shop,chemist,medium,BEV001,beverages,3,0.543
9446395095,KCB Mpesa Shop,chemist,medium,BEV002,beverages,3,0.543
9446395095,KCB Mpesa Shop,chemist,medium,BEV003,beverages,4,0.543
9446395095,KCB Mpesa Shop,chemist,medium,BEV004,beverages,3,0.543
9446395095,KCB Mpesa Shop,chemist,medium,PC001,personal_care,3,0.543
9446395095,KCB Mpesa Shop,chemist,medium,PC002,personal_care,2,0.543
9446395095,KCB Mpesa Shop,chemist,medium,PC003,personal_care,3,0.543
9446395095,KCB Mpesa Shop,chemist,medium,SAN001,sanitary,2,0.543
9446395095,KCB Mpesa Shop,chemist,medium,SAN002,sanitary,2,0.543
9446395117,Babby,chemist,medium,OIL001,cooking_oil,7,0.761
9446395117,Babby,chemist,medium,OIL002,cooking_oil,5,0.761
9446395117,Babby,chemist,medium,OIL003,cooking_oil,7,0.761
9446395117,Babby,chemist,medium,OIL004,cooking_oil,7,0.761
9446395117,Babby,chemist,medium,FLR001,flour,6,0.761
9446395117,Babby,chemist,medium,FLR002,flour,7,0.761
9446395117,Babby,chemist,medium,FLR003,flour,7,0.761
9446395117,Babby,chemist,medium,FLR004,flour,8,0.761
9446395117,Babby,chemist,medium,SUG001,sugar,6,0.761
9446395117,Babby,chemist,medium,SUG002,sugar,6,0.761
9446395117,Babby,chemist,medium,SUG003,sugar,5,0.761
9446395117,Babby,chemist,medium,SOP001,soap,5,0.761
9446395117,Babby,chemist,medium,SOP002,soap,4,0.761
9446395117,Babby,chemist,medium,SOP003,soap,4,0.761
9446395117,Babby,chemist,medium,SOP004,soap,5,0.761
9446395117,Babby,chemist,medium,BEV001,beverages,6,0.761
9446395117,Babby,chemist,medium,BEV002,beverages,5,0.761
9446395117,Babby,chemist,medium,BEV003,beverages,5,0.761
9446395117,Babby,chemist,medium,BEV004,beverages,6,0.761
9446395117,Babby,chemist,medium,PC001,personal_care,3,0.761
9446395117,Babby,chemist,medium,PC002,personal_care,4,0.761
9446395117,Babby,chemist,medium,PC003,personal_care,3,0.761
9446395117,Babby,chemist,medium,SAN001,sanitary,3,0.761
9446395117,Babby,chemist,medium,SAN002,sanitary,2,0.761
9446395130,No Name Yet,chemist,medium,OIL001,cooking_oil,11,1.348
9446395130,No Name Yet,chemist,medium,OIL002,cooking_oil,12,1.348
9446395130,No Name Yet,chemist,medium,OIL003,cooking_oil,12,1.348
9446395130,No Name Yet,chemist,medium,OIL004,cooking_oil,12,1.348
9446395130,No Name Yet,chemist,medium,FLR001,flour,13,1.348
9446395130,No Name Yet,chemist,medium,FLR002,flour,15,1.348
9446395130,No Name Yet,chemist,medium,FLR003,flour,16,1.348
9446395130,No Name Yet,chemist,medium,FLR004,flour,16,1.348
9446395130,No Name Yet,chemist,medium,SUG001,sugar,10,1.348
9446395130,No Name Yet,chemist,medium,SUG002,sugar,8,1.348
9446395130,No Name Yet,chemist,medium,SUG003,sugar,10,1.348
9446395130,No Name Yet,chemist,medium,SOP001,soap,8,1.348
9446395130,No Name Yet,chemist,medium,SOP002,soap,7,1.348
9446395130,No Name Yet,chemist,medium,SOP003,soap,8,1.348
9446395130,No Name Yet,chemist,medium,SOP004,soap,8,1.348
9446395130,No Name Yet,chemist,medium,BEV001,beverages,8,1.348
9446395130,No Name Yet,chemist,medium,BEV002,beverages,10,1.348
9446395130,No Name Yet,chemist,medium,BEV003,beverages,10,1.348
9446395130,No Name Yet,chemist,medium,BEV004,beverages,9,1.348
9446395130,No Name Yet,chemist,medium,PC001,personal_care,7,1.348
9446395130,No Name Yet,chemist,medium,PC002,personal_care,7,1.348
9446395130,No Name Yet,chemist,medium,PC003,personal_care,7,1.348
9446395130,No Name Yet,chemist,medium,SAN001,sanitary,4,1.348
9446395130,No Name Yet,chemist,medium,SAN002,sanitary,5,1.348
9446395135,Her House,chemist,medium,OIL001,cooking_oil,5,0.543
9446395135,Her House,chemist,medium,OIL002,cooking_oil,5,0.543
9446395135,Her House,chemist,medium,OIL003,cooking_oil,4,0.543
9446395135,Her House,chemist,medium,OIL004,cooking_oil,5,0.543
9446395135,Her House,chemist,medium,FLR001,flour,6,0.543
9446395135,Her House,chemist,medium,FLR002,flour,6,0.543
9446395135,Her House,chemist,medium,FLR003,flour,6,0.543
9446395135,Her House,chemist,medium,FLR004,flour,6,0.543
9446395135,Her House,chemist,medium,SUG001,sugar,3,0.543
9446395135,Her House,chemist,medium,SUG002,sugar,3,0.543
9446395135,Her House,chemist,medium,SUG003,sugar,4,0.543
9446395135,Her House,chemist,medium,SOP001,soap,2,0.543
9446395135,Her House,chemist,medium,SOP002,soap,3,0.543
9446395135,Her House,chemist,medium,SOP003,soap,3,0.543
9446395135,Her House,chemist,medium,SOP004,soap,2,0.543
9446395135,Her House,chemist,medium,BEV001,beverages,4,0.543
9446395135,Her House,chemist,medium,BEV002,beverages,4,0.543
9446395135,Her House,chemist,medium,BEV003,beverages,3,0.543
9446395135,Her House,chemist,medium,BEV004,beverages,3,0.543
9446395135,Her House,chemist,medium,PC001,personal_care,2,0.543
9446395135,Her House,chemist,medium,PC002,personal_care,2,0.543
9446395135,Her House,chemist,medium,PC003,personal_care,2,0.543
9446395135,Her House,chemist,medium,SAN001,sanitary,2,0.543
9446395135,Her House,chemist,medium,SAN002,sanitary,2,0.543
9462604704,Eric Welding Shop,chemist,medium,OIL001,cooking_oil,5,0.674
9462604704,Eric Welding Shop,chemist,medium,OIL002,cooking_oil,4,0.674
9462604704,Eric Welding Shop,chemist,medium,OIL003,cooking_oil,5,0.674
9462604704,Eric Welding Shop,chemist,medium,OIL004,cooking_oil,6,0.674
9462604704,Eric Welding Shop,chemist,medium,FLR001,flour,6,0.674
9462604704,Eric Welding Shop,chemist,medium,FLR002,flour,7,0.674
9462604704,Eric Welding Shop,chemist,medium,FLR003,flour,7,0.674
9462604704,Eric Welding Shop,chemist,medium,FLR004,flour,6,0.674
9462604704,Eric Welding Shop,chemist,medium,SUG001,sugar,6,0.674
9462604704,Eric Welding Shop,chemist,medium,SUG002,sugar,5,0.674
9462604704,Eric Welding Shop,chemist,medium,SUG003,sugar,4,0.674
9462604704,Eric Welding Shop,chemist,medium,SOP001,soap,4,0.674
9462604704,Eric Welding Shop,chemist,medium,SOP002,soap,3,0.674
9462604704,Eric Welding Shop,chemist,medium,SOP003,soap,4,0.674
9462604704,Eric Welding Shop,chemist,medium,SOP004,soap,4,0.674
9462604704,Eric Welding Shop,chemist,medium,BEV001,beverages,5,0.674
9462604704,Eric Welding Shop,chemist,medium,BEV002,beverages,5,0.674
9462604704,Eric Welding Shop,chemist,medium,BEV003,beverages,5,0.674
9462604704,Eric Welding Shop,chemist,medium,BEV004,beverages,4,0.674
9462604704,Eric Welding Shop,chemist,medium,PC001,personal_care,3,0.674
9462604704,Eric Welding Shop,chemist,medium,PC002,personal_care,3,0.674
9462604704,Eric Welding Shop,chemist,medium,PC003,personal_care,3,0.674
9462604704,Eric Welding Shop,chemist,medium,SAN001,sanitary,2,0.674
9462604704,Eric Welding Shop,chemist,medium,SAN002,sanitary,2,0.674
9462619420,Cynthia's Shop,chemist,medium,OIL001,cooking_oil,6,0.587
9462619420,Cynthia's Shop,chemist,medium,OIL002,cooking_oil,5,0.587
9462619420,Cynthia's Shop,chemist,medium,OIL003,cooking_oil,5,0.587
9462619420,Cynthia's Shop,chemist,medium,OIL004,cooking_oil,4,0.587
9462619420,Cynthia's Shop,chemist,medium,FLR001,flour,6,0.587
9462619420,Cynthia's Shop,chemist,medium,FLR002,flour,6,0.587
9462619420,Cynthia's Shop,chemist,medium,FLR003,flour,7,0.587
9462619420,Cynthia's Shop,chemist,medium,FLR004,flour,5,0.587
9462619420,Cynthia's Shop,chemist,medium,SUG001,sugar,4,0.587
9462619420,Cynthia's Shop,chemist,medium,SUG002,sugar,4,0.587
9462619420,Cynthia's Shop,chemist,medium,SUG003,sugar,5,0.587
9462619420,Cynthia's Shop,chemist,medium,SOP001,soap,3,0.587
9462619420,Cynthia's Shop,chemist,medium,SOP002,soap,3,0.587
9462619420,Cynthia's Shop,chemist,medium,SOP003,soap,3,0.587
9462619420,Cynthia's Shop,chemist,medium,SOP004,soap,3,0.587
9462619420,Cynthia's Shop,chemist,medium,BEV001,beverages,4,0.587
9462619420,Cynthia's Shop,chemist,medium,BEV002,beverages,4,0.587
9462619420,Cynthia's Shop,chemist,medium,BEV003,beverages,4,0.587
9462619420,Cynthia's Shop,chemist,medium,BEV004,beverages,4,0.587
9462619420,Cynthia's Shop,chemist,medium,PC001,personal_care,3,0.587
9462619420,Cynthia's Shop,chemist,medium,PC002,personal_care,2,0.587
9462619420,Cynthia's Shop,chemist,medium,PC003,personal_care,3,0.587
9462619420,Cynthia's Shop,chemist,medium,SAN001,sanitary,2,0.587
9462619420,Cynthia's Shop,chemist,medium,SAN002,sanitary,2,0.587
9462619432,Princess Marcos,chemist,medium,OIL001,cooking_oil,7,0.978
9462619432,Princess Marcos,chemist,medium,OIL002,cooking_oil,7,0.978
9462619432,Princess Marcos,chemist,medium,OIL003,cooking_oil,7,0.978
9462619432,Princess Marcos,chemist,medium,OIL004,cooking_oil,9,0.978
9462619432,Princess Marcos,chemist,medium,FLR001,flour,9,0.978
9462619432,Princess Marcos,chemist,medium,FLR002,flour,8,0.978
9462619432,Princess Marcos,chemist,medium,FLR003,flour,8,0.978
9462619432,Princess Marcos,chemist,medium,FLR004,flour,9,0.978
9462619432,Princess Marcos,chemist,medium,SUG001,sugar,6,0.978
9462619432,Princess Marcos,chemist,medium,SUG002,sugar,7,0.978
9462619432,Princess Marcos,chemist,medium,SUG003,sugar,6,0.978
9462619432,Princess Marcos,chemist,medium,SOP001,soap,5,0.978
9462619432,Princess Marcos,chemist,medium,SOP002,soap,6,0.978
9462619432,Princess Marcos,chemist,medium,SOP003,soap,6,0.978
9462619432,Princess Marcos,chemist,medium,SOP004,soap,6,0.978
9462619432,Princess Marcos,chemist,medium,BEV001,beverages,7,0.978
9462619432,Princess Marcos,chemist,medium,BEV002,beverages,6,0.978
9462619432,Princess Marcos,chemist,medium,BEV003,beverages,6,0.978
9462619432,Princess Marcos,chemist,medium,BEV004,beverages,5,0.978
9462619432,Princess Marcos,chemist,medium,PC001,personal_care,5,0.978
9462619432,Princess Marcos,chemist,medium,PC002,personal_care,5,0.978
9462619432,Princess Marcos,chemist,medium,PC003,personal_care,4,0.978
9462619432,Princess Marcos,chemist,medium,SAN001,sanitary,4,0.978
9462619432,Princess Marcos,chemist,medium,SAN002,sanitary,3,0.978
9462619443,Gulflab Chemical Co.Ltd,chemist,medium,OIL001,cooking_oil,8,1.065
9462619443,Gulflab Chemical Co.Ltd,chemist,medium,OIL002,cooking_oil,7,1.065
9462619443,Gulflab Chemical Co.Ltd,chemist,medium,OIL003,cooking_oil,10,1.065
9462619443,Gulflab Chemical Co.Ltd,chemist,medium,OIL004,cooking_oil,9,1.065
9462619443,Gulflab Chemical Co.Ltd,chemist,medium,FLR001,flour,12,1.065
9462619443,Gulflab Chemical Co.Ltd,chemist,medium,FLR002,flour,11,1.065
9462619443,Gulflab Chemical Co.Ltd,chemist,medium,FLR003,flour,11,1.065
9462619443,Gulflab Chemical Co.Ltd,chemist,medium,FLR004,flour,12,1.065
9462619443,Gulflab Chemical Co.Ltd,chemist,medium,SUG001,sugar,6,1.065
9462619443,Gulflab Chemical Co.Ltd,chemist,medium,SUG002,sugar,9,1.065
9462619443,Gulflab Chemical Co.Ltd,chemist,medium,SUG003,sugar,7,1.065
9462619443,Gulflab Chemical Co.Ltd,chemist,medium,SOP001,soap,5,1.065
9462619443,Gulflab Chemical Co.Ltd,chemist,medium,SOP002,soap,6,1.065
9462619443,Gulflab Chemical Co.Ltd,chemist,medium,SOP003,soap,6,1.065
9462619443,Gulflab Chemical Co.Ltd,chemist,medium,SOP004,soap,6,1.065
9462619443,Gulflab Chemical Co.Ltd,chemist,medium,BEV001,beverages,8,1.065
9462619443,Gulflab Chemical Co.Ltd,chemist,medium,BEV002,beverages,6,1.065
9462619443,Gulflab Chemical Co.Ltd,chemist,medium,BEV003,beverages,7,1.065
9462619443,Gulflab Chemical Co.Ltd,chemist,medium,BEV004,beverages,6,1.065
9462619443,Gulflab Chemical Co.Ltd,chemist,medium,PC001,personal_care,4,1.065
9462619443,Gulflab Chemical Co.Ltd,chemist,medium,PC002,personal_care,5,1.065
9462619443,Gulflab Chemical Co.Ltd,chemist,medium,PC003,personal_care,4,1.065
9462619443,Gulflab Chemical Co.Ltd,chemist,medium,SAN001,sanitary,3,1.065
9462619443,Gulflab Chemical Co.Ltd,chemist,medium,SAN002,sanitary,5,1.065
9462619461,Bb,chemist,medium,OIL001,cooking_oil,5,0.761
9462619461,Bb,chemist,medium,OIL002,cooking_oil,7,0.761
9462619461,Bb,chemist,medium,OIL003,cooking_oil,7,0.761
9462619461,Bb,chemist,medium,OIL004,cooking_oil,5,0.761
9462619461,Bb,chemist,medium,FLR001,flour,6,0.761
9462619461,Bb,chemist,medium,FLR002,flour,7,0.761
9462619461,Bb,chemist,medium,FLR003,flour,7,0.761
9462619461,Bb,chemist,medium,FLR004,flour,7,0.761
9462619461,Bb,chemist,medium,SUG001,sugar,6,0.761
9462619461,Bb,chemist,medium,SUG002,sugar,5,0.761
9462619461,Bb,chemist,medium,SUG003,sugar,5,0.761
9462619461,Bb,chemist,medium,SOP001,soap,4,0.761
9462619461,Bb,chemist,medium,SOP002,soap,4,0.761
9462619461,Bb,chemist,medium,SOP003,soap,4,0.761
9462619461,Bb,chemist,medium,SOP004,soap,4,0.761
9462619461,Bb,chemist,medium,BEV001,beverages,4,0.761
9462619461,Bb,chemist,medium,BEV002,beverages,5,0.761
9462619461,Bb,chemist,medium,BEV003,beverages,5,0.761
9462619461,Bb,chemist,medium,BEV004,beverages,5,0.761
9462619461,Bb,chemist,medium,PC001,personal_care,3,0.761
9462619461,Bb,chemist,medium,PC002,personal_care,4,0.761
9462619461,Bb,chemist,medium,PC003,personal_care,4,0.761
9462619461,Bb,chemist,medium,SAN001,sanitary,3,0.761
9462619461,Bb,chemist,medium,SAN002,sanitary,2,0.761
9462619464,Kona Shop,chemist,medium,OIL001,cooking_oil,5,0.587
9462619464,Kona Shop,chemist,medium,OIL002,cooking_oil,4,0.587
9462619464,Kona Shop,chemist,medium,OIL003,cooking_oil,6,0.587
9462619464,Kona Shop,chemist,medium,OIL004,cooking_oil,5,0.587
9462619464,Kona Shop,chemist,medium,FLR001,flour,7,0.587
9462619464,Kona Shop,chemist,medium,FLR002,flour,6,0.587
9462619464,Kona Shop,chemist,medium,FLR003,flour,6,0.587
9462619464,Kona Shop,chemist,medium,FLR004,flour,6,0.587
9462619464,Kona Shop,chemist,medium,SUG001,sugar,4,0.587
9462619464,Kona Shop,chemist,medium,SUG002,sugar,4,0.587
9462619464,Kona Shop,chemist,medium,SUG003,sugar,4,0.587
9462619464,Kona Shop,chemist,medium,SOP001,soap,3,0.587
9462619464,Kona Shop,chemist,medium,SOP002,soap,4,0.587
9462619464,Kona Shop,chemist,medium,SOP003,soap,3,0.587
9462619464,Kona Shop,chemist,medium,SOP004,soap,3,0.587
9462619464,Kona Shop,chemist,medium,BEV001,beverages,3,0.587
9462619464,Kona Shop,chemist,medium,BEV002,beverages,4,0.587
9462619464,Kona Shop,chemist,medium,BEV003,beverages,3,0.587
9462619464,Kona Shop,chemist,medium,BEV004,beverages,3,0.587
9462619464,Kona Shop,chemist,medium,PC001,personal_care,2,0.587
9462619464,Kona Shop,chemist,medium,PC002,personal_care,3,0.587
9462619464,Kona Shop,chemist,medium,PC003,personal_care,3,0.587
9462619464,Kona Shop,chemist,medium,SAN001,sanitary,2,0.587
9462619464,Kona Shop,chemist,medium,SAN002,sanitary,2,0.587
9462619487,David,chemist,medium,OIL001,cooking_oil,11,1.174
9462619487,David,chemist,medium,OIL002,cooking_oil,10,1.174
9462619487,David,chemist,medium,OIL003,cooking_oil,8,1.174
9462619487,David,chemist,medium,OIL004,cooking_oil,10,1.174
9462619487,David,chemist,medium,FLR001,flour,12,1.174
9462619487,David,chemist,medium,FLR002,flour,10,1.174
9462619487,David,chemist,medium,FLR003,flour,12,1.174
9462619487,David,chemist,medium,FLR004,flour,14,1.174
9462619487,David,chemist,medium,SUG001,sugar,9,1.174
9462619487,David,chemist,medium,SUG002,sugar,7,1.174
9462619487,David,chemist,medium,SUG003,sugar,9,1.174
9462619487,David,chemist,medium,SOP001,soap,6,1.174
9462619487,David,chemist,medium,SOP002,soap,8,1.174
9462619487,David,chemist,medium,SOP003,soap,7,1.174
9462619487,David,chemist,medium,SOP004,soap,6,1.174
9462619487,David,chemist,medium,BEV001,beverages,8,1.174
9462619487,David,chemist,medium,BEV002,beverages,9,1.174
9462619487,David,chemist,medium,BEV003,beverages,9,1.174
9462619487,David,chemist,medium,BEV004,beverages,8,1.174
9462619487,David,chemist,medium,PC001,personal_care,5,1.174
9462619487,David,chemist,medium,PC002,personal_care,6,1.174
9462619487,David,chemist,medium,PC003,personal_care,6,1.174
9462619487,David,chemist,medium,SAN001,sanitary,4,1.174
9462619487,David,chemist,medium,SAN002,sanitary,5,1.174
9462619492,Kibos Sugar,chemist,medium,OIL001,cooking_oil,3,0.5
9462619492,Kibos Sugar,chemist,medium,OIL002,cooking_oil,4,0.5
9462619492,Kibos Sugar,chemist,medium,OIL003,cooking_oil,4,0.5
9462619492,Kibos Sugar,chemist,medium,OIL004,cooking_oil,4,0.5
9462619492,Kibos Sugar,chemist,medium,FLR001,flour,4,0.5
9462619492,Kibos Sugar,chemist,medium,FLR002,flour,4,0.5
9462619492,Kibos Sugar,chemist,medium,FLR003,flour,6,0.5
9462619492,Kibos Sugar,chemist,medium,FLR004,flour,5,0.5
9462619492,Kibos Sugar,chemist,medium,SUG001,sugar,3,0.5
9462619492,Kibos Sugar,chemist,medium,SUG002,sugar,4,0.5
9462619492,Kibos Sugar,chemist,medium,SUG003,sugar,3,0.5
9462619492,Kibos Sugar,chemist,medium,SOP001,soap,3,0.5
9462619492,Kibos Sugar,chemist,medium,SOP002,soap,3,0.5
9462619492,Kibos Sugar,chemist,medium,SOP003,soap,2,0.5
9462619492,Kibos Sugar,chemist,medium,SOP004,soap,3,0.5
9462619492,Kibos Sugar,chemist,medium,BEV001,beverages,3,0.5
9462619492,Kibos Sugar,chemist,medium,BEV002,beverages,3,0.5
9462619492,Kibos Sugar,chemist,medium,BEV003,beverages,4,0.5
9462619492,Kibos Sugar,chemist,medium,BEV004,beverages,3,0.5
9462619492,Kibos Sugar,chemist,medium,PC001,personal_care,3,0.5
9462619492,Kibos Sugar,chemist,medium,PC002,personal_care,2,0.5
9462619492,Kibos Sugar,chemist,medium,PC003,personal_care,2,0.5
9462619492,Kibos Sugar,chemist,medium,SAN001,sanitary,2,0.5
9462619492,Kibos Sugar,chemist,medium,SAN002,sanitary,2,0.5
9462619523,Safe Water And Aids Project,chemist,medium,OIL001,cooking_oil,5,0.565
9462619523,Safe Water And Aids Project,chemist,medium,OIL002,cooking_oil,5,0.565
9462619523,Safe Water And Aids Project,chemist,medium,OIL003,cooking_oil,5,0.565
9462619523,Safe Water And Aids Project,chemist,medium,OIL004,cooking_oil,5,0.565
9462619523,Safe Water And Aids Project,chemist,medium,FLR001,flour,5,0.565
9462619523,Safe Water And Aids Project,chemist,medium,FLR002,flour,6,0.565
9462619523,Safe Water And Aids Project,chemist,medium,FLR003,flour,6,0.565
9462619523,Safe Water And Aids Project,chemist,medium,FLR004,flour,6,0.565
9462619523,Safe Water And Aids Project,chemist,medium,SUG001,sugar,5,0.565
9462619523,Safe Water And Aids Project,chemist,medium,SUG002,sugar,5,0.565
9462619523,Safe Water And Aids Project,chemist,medium,SUG003,sugar,3,0.565
9462619523,Safe Water And Aids Project,chemist,medium,SOP001,soap,3,0.565
9462619523,Safe Water And Aids Project,chemist,medium,SOP002,soap,3,0.565
9462619523,Safe Water And Aids Project,chemist,medium,SOP003,soap,3,0.565
9462619523,Safe Water And Aids Project,chemist,medium,SOP004,soap,3,0.565
9462619523,Safe Water And Aids Project,chemist,medium,BEV001,beverages,4,0.565
9462619523,Safe Water And Aids Project,chemist,medium,BEV002,beverages,4,0.565
9462619523,Safe Water And Aids Project,chemist,medium,BEV003,beverages,4,0.565
9462619523,Safe Water And Aids Project,chemist,medium,BEV004,beverages,4,0.565
9462619523,Safe Water And Aids Project,chemist,medium,PC001,personal_care,3,0.565
9462619523,Safe Water And Aids Project,chemist,medium,PC002,personal_care,3,0.565
9462619523,Safe Water And Aids Project,chemist,medium,PC003,personal_care,2,0.565
9462619523,Safe Water And Aids Project,chemist,medium,SAN001,sanitary,2,0.565
9462619523,Safe Water And Aids Project,chemist,medium,SAN002,sanitary,2,0.565
9462619528,Kibos Sugar,chemist,medium,OIL001,cooking_oil,5,0.522
9462619528,Kibos Sugar,chemist,medium,OIL002,cooking_oil,5,0.522
9462619528,Kibos Sugar,chemist,medium,OIL003,cooking_oil,5,0.522
9462619528,Kibos Sugar,chemist,medium,OIL004,cooking_oil,4,0.522
9462619528,Kibos Sugar,chemist,medium,FLR001,flour,4,0.522
9462619528,Kibos Sugar,chemist,medium,FLR002,flour,5,0.522
9462619528,Kibos Sugar,chemist,medium,FLR003,flour,5,0.522
9462619528,Kibos Sugar,chemist,medium,FLR004,flour,6,0.522
9462619528,Kibos Sugar,chemist,medium,SUG001,sugar,4,0.522
9462619528,Kibos Sugar,chemist,medium,SUG002,sugar,4,0.522
9462619528,Kibos Sugar,chemist,medium,SUG003,sugar,4,0.522
9462619528,Kibos Sugar,chemist,medium,SOP001,soap,3,0.522
9462619528,Kibos Sugar,chemist,medium,SOP002,soap,3,0.522
9462619528,Kibos Sugar,chemist,medium,SOP003,soap,3,0.522
9462619528,Kibos Sugar,chemist,medium,SOP004,soap,3,0.522
9462619528,Kibos Sugar,chemist,medium,BEV001,beverages,3,0.522
9462619528,Kibos Sugar,chemist,medium,BEV002,beverages,4,0.522
9462619528,Kibos Sugar,chemist,medium,BEV003,beverages,3,0.522
9462619528,Kibos Sugar,chemist,medium,BEV004,beverages,3,0.522
9462619528,Kibos Sugar,chemist,medium,PC001,personal_care,3,0.522
9462619528,Kibos Sugar,chemist,medium,PC002,personal_care,2,0.522
9462619528,Kibos Sugar,chemist,medium,PC003,personal_care,2,0.522
9462619528,Kibos Sugar,chemist,medium,SAN001,sanitary,2,0.522
9462619528,Kibos Sugar,chemist,medium,SAN002,sanitary,2,0.522
9462619554,Beatrice Enterprises Limited,chemist,medium,OIL001,cooking_oil,5,0.565
9462619554,Beatrice Enterprises Limited,chemist,medium,OIL002,cooking_oil,4,0.565
9462619554,Beatrice Enterprises Limited,chemist,medium,OIL003,cooking_oil,5,0.565
9462619554,Beatrice Enterprises Limited,chemist,medium,OIL004,cooking_oil,5,0.565
9462619554,Beatrice Enterprises Limited,chemist,medium,FLR001,flour,6,0.565
9462619554,Beatrice Enterprises Limited,chemist,medium,FLR002,flour,5,0.565
9462619554,Beatrice Enterprises Limited,chemist,medium,FLR003,flour,5,0.565
9462619554,Beatrice Enterprises Limited,chemist,medium,FLR004,flour,5,0.565
9462619554,Beatrice Enterprises Limited,chemist,medium,SUG001,sugar,3,0.565
9462619554,Beatrice Enterprises Limited,chemist,medium,SUG002,sugar,4,0.565
9462619554,Beatrice Enterprises Limited,chemist,medium,SUG003,sugar,3,0.565
9462619554,Beatrice Enterprises Limited,chemist,medium,SOP001,soap,3,0.565
9462619554,Beatrice Enterprises Limited,chemist,medium,SOP002,soap,3,0.565
9462619554,Beatrice Enterprises Limited,chemist,medium,SOP003,soap,4,0.565
9462619554,Beatrice Enterprises Limited,chemist,medium,SOP004,soap,3,0.565
9462619554,Beatrice Enterprises Limited,chemist,medium,BEV001,beverages,3,0.565
9462619554,Beatrice Enterprises Limited,chemist,medium,BEV002,beverages,4,0.565
9462619554,Beatrice Enterprises Limited,chemist,medium,BEV003,beverages,3,0.565
9462619554,Beatrice Enterprises Limited,chemist,medium,BEV004,beverages,4,0.565
9462619554,Beatrice Enterprises Limited,chemist,medium,PC001,personal_care,2,0.565
9462619554,Beatrice Enterprises Limited,chemist,medium,PC002,personal_care,2,0.565
9462619554,Beatrice Enterprises Limited,chemist,medium,PC003,personal_care,2,0.565
9462619554,Beatrice Enterprises Limited,chemist,medium,SAN001,sanitary,2,0.565
9462619554,Beatrice Enterprises Limited,chemist,medium,SAN002,sanitary,2,0.565
9462682162,Equitor Bottlers,chemist,medium,OIL001,cooking_oil,3,0.5
9462682162,Equitor Bottlers,chemist,medium,OIL002,cooking_oil,4,0.5
9462682162,Equitor Bottlers,chemist,medium,OIL003,cooking_oil,4,0.5
9462682162,Equitor Bottlers,chemist,medium,OIL004,cooking_oil,4,0.5
9462682162,Equitor Bottlers,chemist,medium,FLR001,flour,5,0.5
9462682162,Equitor Bottlers,chemist,medium,FLR002,flour,6,0.5
9462682162,Equitor Bottlers,chemist,medium,FLR003,flour,5,0.5
9462682162,Equitor Bottlers,chemist,medium,FLR004,flour,4,0.5
9462682162,Equitor Bottlers,chemist,medium,SUG001,sugar,4,0.5
9462682162,Equitor Bottlers,chemist,medium,SUG002,sugar,4,0.5
9462682162,Equitor Bottlers,chemist,medium,SUG003,sugar,3,0.5
9462682162,Equitor Bottlers,chemist,medium,SOP001,soap,2,0.5
9462682162,Equitor Bottlers,chemist,medium,SOP002,soap,2,0.5
9462682162,Equitor Bottlers,chemist,medium,SOP003,soap,3,0.5
9462682162,Equitor Bottlers,chemist,medium,SOP004,soap,2,0.5
9462682162,Equitor Bottlers,chemist,medium,BEV001,beverages,3,0.5
9462682162,Equitor Bottlers,chemist,medium,BEV002,beverages,4,0.5
9462682162,Equitor Bottlers,chemist,medium,BEV003,beverages,3,0.5
9462682162,Equitor Bottlers,chemist,medium,BEV004,beverages,4,0.5
9462682162,Equitor Bottlers,chemist,medium,PC001,personal_care,2,0.5
9462682162,Equitor Bottlers,chemist,medium,PC002,personal_care,2,0.5
9462682162,Equitor Bottlers,chemist,medium,PC003,personal_care,3,0.5
9462682162,Equitor Bottlers,chemist,medium,SAN001,sanitary,2,0.5
9462682162,Equitor Bottlers,chemist,medium,SAN002,sanitary,2,0.5
9462682188,Joel Enterprise,chemist,medium,OIL001,cooking_oil,6,0.804
9462682188,Joel Enterprise,chemist,medium,OIL002,cooking_oil,6,0.804
9462682188,Joel Enterprise,chemist,medium,OIL003,cooking_oil,7,0.804
9462682188,Joel Enterprise,chemist,medium,OIL004,cooking_oil,6,0.804
9462682188,Joel Enterprise,chemist,medium,FLR001,flour,7,0.804
9462682188,Joel Enterprise,chemist,medium,FLR002,flour,8,0.804
9462682188,Joel Enterprise,chemist,medium,FLR003,flour,7,0.804
9462682188,Joel Enterprise,chemist,medium,FLR004,flour,8,0.804
9462682188,Joel Enterprise,chemist,medium,SUG001,sugar,6,0.804
9462682188,Joel Enterprise,chemist,medium,SUG002,sugar,6,0.804
9462682188,Joel Enterprise,chemist,medium,SUG003,sugar,5,0.804
9462682188,Joel Enterprise,chemist,medium,SOP001,soap,4,0.804
9462682188,Joel Enterprise,chemist,medium,SOP002,soap,4,0.804
9462682188,Joel Enterprise,chemist,medium,SOP003,soap,5,0.804
9462682188,Joel Enterprise,chemist,medium,SOP004,soap,4,0.804
9462682188,Joel Enterprise,chemist,medium,BEV001,beverages,6,0.804
9462682188,Joel Enterprise,chemist,medium,BEV002,beverages,5,0.804
9462682188,Joel Enterprise,chemist,medium,BEV003,beverages,5,0.804
9462682188,Joel Enterprise,chemist,medium,BEV004,beverages,4,0.804
9462682188,Joel Enterprise,chemist,medium,PC001,personal_care,3,0.804
9462682188,Joel Enterprise,chemist,medium,PC002,personal_care,4,0.804
9462682188,Joel Enterprise,chemist,medium,PC003,personal_care,3,0.804
9462682188,Joel Enterprise,chemist,medium,SAN001,sanitary,3,0.804
9462682188,Joel Enterprise,chemist,medium,SAN002,sanitary,3,0.804
9462682201,Flozy Detergent,chemist,medium,OIL001,cooking_oil,5,0.739
9462682201,Flozy Detergent,chemist,medium,OIL002,cooking_oil,6,0.739
9462682201,Flozy Detergent,chemist,medium,OIL003,cooking_oil,6,0.739
9462682201,Flozy Detergent,chemist,medium,OIL004,cooking_oil,7,0.739
9462682201,Flozy Detergent,chemist,medium,FLR001,flour,7,0.739
9462682201,Flozy Detergent,chemist,medium,FLR002,flour,7,0.739
9462682201,Flozy Detergent,chemist,medium,FLR003,flour,7,0.739
9462682201,Flozy Detergent,chemist,medium,FLR004,flour,8,0.739
9462682201,Flozy Detergent,chemist,medium,SUG001,sugar,6,0.739
9462682201,Flozy Detergent,chemist,medium,SUG002,sugar,6,0.739
9462682201,Flozy Detergent,chemist,medium,SUG003,sugar,6,0.739
9462682201,Flozy Detergent,chemist,medium,SOP001,soap,3,0.739
9462682201,Flozy Detergent,chemist,medium,SOP002,soap,5,0.739
9462682201,Flozy Detergent,chemist,medium,SOP003,soap,3,0.739
9462682201,Flozy Detergent,chemist,medium,SOP004,soap,5,0.739
9462682201,Flozy Detergent,chemist,medium,BEV001,beverages,5,0.739
9462682201,Flozy Detergent,chemist,medium,BEV002,beverages,4,0.739
9462682201,Flozy Detergent,chemist,medium,BEV003,beverages,5,0.739
9462682201,Flozy Detergent,chemist,medium,BEV004,beverages,5,0.739
9462682201,Flozy Detergent,chemist,medium,PC001,personal_care,3,0.739
9462682201,Flozy Detergent,chemist,medium,PC002,personal_care,3,0.739
9462682201,Flozy Detergent,chemist,medium,PC003,personal_care,4,0.739
9462682201,Flozy Detergent,chemist,medium,SAN001,sanitary,3,0.739
9462682201,Flozy Detergent,chemist,medium,SAN002,sanitary,3,0.739
9462682918,Industrial Detergent,chemist,medium,OIL001,cooking_oil,5,0.565
9462682918,Industrial Detergent,chemist,medium,OIL002,cooking_oil,4,0.565
9462682918,Industrial Detergent,chemist,medium,OIL003,cooking_oil,4,0.565
9462682918,Industrial Detergent,chemist,medium,OIL004,cooking_oil,4,0.565
9462682918,Industrial Detergent,chemist,medium,FLR001,flour,7,0.565
9462682918,Industrial Detergent,chemist,medium,FLR002,flour,6,0.565
9462682918,Industrial Detergent,chemist,medium,FLR003,flour,5,0.565
9462682918,Industrial Detergent,chemist,medium,FLR004,flour,6,0.565
9462682918,Industrial Detergent,chemist,medium,SUG001,sugar,3,0.565
9462682918,Industrial Detergent,chemist,medium,SUG002,sugar,5,0.565
9462682918,Industrial Detergent,chemist,medium,SUG003,sugar,3,0.565
9462682918,Industrial Detergent,chemist,medium,SOP001,soap,3,0.565
9462682918,Industrial Detergent,chemist,medium,SOP002,soap,3,0.565
9462682918,Industrial Detergent,chemist,medium,SOP003,soap,2,0.565
9462682918,Industrial Detergent,chemist,medium,SOP004,soap,3,0.565
9462682918,Industrial Detergent,chemist,medium,BEV001,beverages,3,0.565
9462682918,Industrial Detergent,chemist,medium,BEV002,beverages,4,0.565
9462682918,Industrial Detergent,chemist,medium,BEV003,beverages,4,0.565
9462682918,Industrial Detergent,chemist,medium,BEV004,beverages,3,0.565
9462682918,Industrial Detergent,chemist,medium,PC001,personal_care,2,0.565
9462682918,Industrial Detergent,chemist,medium,PC002,personal_care,2,0.565
9462682918,Industrial Detergent,chemist,medium,PC003,personal_care,3,0.565
9462682918,Industrial Detergent,chemist,medium,SAN001,sanitary,2,0.565
9462682918,Industrial Detergent,chemist,medium,SAN002,sanitary,2,0.565
9462682926,Judy's Shop,chemist,medium,OIL001,cooking_oil,6,0.63
9462682926,Judy's Shop,chemist,medium,OIL002,cooking_oil,6,0.63
9462682926,Judy's Shop,chemist,medium,OIL003,cooking_oil,4,0.63
9462682926,Judy's Shop,chemist,medium,OIL004,cooking_oil,6,0.63
9462682926,Judy's Shop,chemist,medium,FLR001,flour,5,0.63
9462682926,Judy's Shop,chemist,medium,FLR002,flour,7,0.63
9462682926,Judy's Shop,chemist,medium,FLR003,flour,6,0.63
9462682926,Judy's Shop,chemist,medium,FLR004,flour,7,0.63
9462682926,Judy's Shop,chemist,medium,SUG001,sugar,4,0.63
9462682926,Judy's Shop,chemist,medium,SUG002,sugar,4,0.63
9462682926,Judy's Shop,chemist,medium,SUG003,sugar,5,0.63
9462682926,Judy's Shop,chemist,medium,SOP001,soap,4,0.63
9462682926,Judy's Shop,chemist,medium,SOP002,soap,3,0.63
9462682926,Judy's Shop,chemist,medium,SOP003,soap,3,0.63
9462682926,Judy's Shop,chemist,medium,SOP004,soap,3,0.63
9462682926,Judy's Shop,chemist,medium,BEV001,beverages,4,0.63
9462682926,Judy's Shop,chemist,medium,BEV002,beverages,4,0.63
9462682926,Judy's Shop,chemist,medium,BEV003,beverages,3,0.63
9462682926,Judy's Shop,chemist,medium,BEV004,beverages,4,0.63
9462682926,Judy's Shop,chemist,medium,PC001,personal_care,3,0.63
9462682926,Judy's Shop,chemist,medium,PC002,personal_care,2,0.63
9462682926,Judy's Shop,chemist,medium,PC003,personal_care,3,0.63
9462682926,Judy's Shop,chemist,medium,SAN001,sanitary,2,0.63
9462682926,Judy's Shop,chemist,medium,SAN002,sanitary,2,0.63
9462682944,Dorothy Amayamu,chemist,medium,OIL001,cooking_oil,9,1.13
9462682944,Dorothy Amayamu,chemist,medium,OIL002,cooking_oil,10,1.13
9462682944,Dorothy Amayamu,chemist,medium,OIL003,cooking_oil,11,1.13
9462682944,Dorothy Amayamu,chemist,medium,OIL004,cooking_oil,11,1.13
9462682944,Dorothy Amayamu,chemist,medium,FLR001,flour,9,1.13
9462682944,Dorothy Amayamu,chemist,medium,FLR002,flour,12,1.13
9462682944,Dorothy Amayamu,chemist,medium,FLR003,flour,10,1.13
9462682944,Dorothy Amayamu,chemist,medium,FLR004,flour,11,1.13
9462682944,Dorothy Amayamu,chemist,medium,SUG001,sugar,9,1.13
9462682944,Dorothy Amayamu,chemist,medium,SUG002,sugar,7,1.13
9462682944,Dorothy Amayamu,chemist,medium,SUG003,sugar,8,1.13
9462682944,Dorothy Amayamu,chemist,medium,SOP001,soap,6,1.13
9462682944,Dorothy Amayamu,chemist,medium,SOP002,soap,7,1.13
9462682944,Dorothy Amayamu,chemist,medium,SOP003,soap,6,1.13
9462682944,Dorothy Amayamu,chemist,medium,SOP004,soap,7,1.13
9462682944,Dorothy Amayamu,chemist,medium,BEV001,beverages,8,1.13
9462682944,Dorothy Amayamu,chemist,medium,BEV002,beverages,8,1.13
9462682944,Dorothy Amayamu,chemist,medium,BEV003,beverages,6,1.13
9462682944,Dorothy Amayamu,chemist,medium,BEV004,beverages,7,1.13
9462682944,Dorothy Amayamu,chemist,medium,PC001,personal_care,6,1.13
9462682944,Dorothy Amayamu,chemist,medium,PC002,personal_care,5,1.13
9462682944,Dorothy Amayamu,chemist,medium,PC003,personal_care,4,1.13
9462682944,Dorothy Amayamu,chemist,medium,SAN001,sanitary,4,1.13
9462682944,Dorothy Amayamu,chemist,medium,SAN002,sanitary,4,1.13
9462682963,Maurice Cleaners,chemist,medium,OIL001,cooking_oil,13,1.326
9462682963,Maurice Cleaners,chemist,medium,OIL002,cooking_oil,10,1.326
9462682963,Maurice Cleaners,chemist,medium,OIL003,cooking_oil,12,1.326
9462682963,Maurice Cleaners,chemist,medium,OIL004,cooking_oil,13,1.326
9462682963,Maurice Cleaners,chemist,medium,FLR001,flour,16,1.326
9462682963,Maurice Cleaners,chemist,medium,FLR002,flour,14,1.326
9462682963,Maurice Cleaners,chemist,medium,FLR003,flour,16,1.326
9462682963,Maurice Cleaners,chemist,medium,FLR004,flour,13,1.326
9462682963,Maurice Cleaners,chemist,medium,SUG001,sugar,11,1.326
9462682963,Maurice Cleaners,chemist,medium,SUG002,sugar,11,1.326
9462682963,Maurice Cleaners,chemist,medium,SUG003,sugar,11,1.326
9462682963,Maurice Cleaners,chemist,medium,SOP001,soap,7,1.326
9462682963,Maurice Cleaners,chemist,medium,SOP002,soap,6,1.326
9462682963,Maurice Cleaners,chemist,medium,SOP003,soap,7,1.326
9462682963,Maurice Cleaners,chemist,medium,SOP004,soap,6,1.326
9462682963,Maurice Cleaners,chemist,medium,BEV001,beverages,9,1.326
9462682963,Maurice Cleaners,chemist,medium,BEV002,beverages,9,1.326
9462682963,Maurice Cleaners,chemist,medium,BEV003,beverages,8,1.326
9462682963,Maurice Cleaners,chemist,medium,BEV004,beverages,7,1.326
9462682963,Maurice Cleaners,chemist,medium,PC001,personal_care,6,1.326
9462682963,Maurice Cleaners,chemist,medium,PC002,personal_care,6,1.326
9462682963,Maurice Cleaners,chemist,medium,PC003,personal_care,6,1.326
9462682963,Maurice Cleaners,chemist,medium,SAN001,sanitary,5,1.326
9462682963,Maurice Cleaners,chemist,medium,SAN002,sanitary,5,1.326
9462682998,Linet Oliech,chemist,medium,OIL001,cooking_oil,5,0.609
9462682998,Linet Oliech,chemist,medium,OIL002,cooking_oil,5,0.609
9462682998,Linet Oliech,chemist,medium,OIL003,cooking_oil,5,0.609
9462682998,Linet Oliech,chemist,medium,OIL004,cooking_oil,4,0.609
9462682998,Linet Oliech,chemist,medium,FLR001,flour,7,0.609
9462682998,Linet Oliech,chemist,medium,FLR002,flour,7,0.609
9462682998,Linet Oliech,chemist,medium,FLR003,flour,7,0.609
9462682998,Linet Oliech,chemist,medium,FLR004,flour,7,0.609
9462682998,Linet Oliech,chemist,medium,SUG001,sugar,4,0.609
9462682998,Linet Oliech,chemist,medium,SUG002,sugar,4,0.609
9462682998,Linet Oliech,chemist,medium,SUG003,sugar,4,0.609
9462682998,Linet Oliech,chemist,medium,SOP001,soap,3,0.609
9462682998,Linet Oliech,chemist,medium,SOP002,soap,3,0.609
9462682998,Linet Oliech,chemist,medium,SOP003,soap,4,0.609
9462682998,Linet Oliech,chemist,medium,SOP004,soap,3,0.609
9462682998,Linet Oliech,chemist,medium,BEV001,beverages,4,0.609
9462682998,Linet Oliech,chemist,medium,BEV002,beverages,4,0.609
9462682998,Linet Oliech,chemist,medium,BEV003,beverages,4,0.609
9462682998,Linet Oliech,chemist,medium,BEV004,beverages,4,0.609
9462682998,Linet Oliech,chemist,medium,PC001,personal_care,2,0.609
9462682998,Linet Oliech,chemist,medium,PC002,personal_care,2,0.609
9462682998,Linet Oliech,chemist,medium,PC003,personal_care,3,0.609
9462682998,Linet Oliech,chemist,medium,SAN001,sanitary,2,0.609
9462682998,Linet Oliech,chemist,medium,SAN002,sanitary,2,0.609
9462683006,Rose Bella,chemist,medium,OIL001,cooking_oil,4,0.565
9462683006,Rose Bella,chemist,medium,OIL002,cooking_oil,4,0.565
9462683006,Rose Bella,chemist,medium,OIL003,cooking_oil,5,0.565
9462683006,Rose Bella,chemist,medium,OIL004,cooking_oil,5,0.565
9462683006,Rose Bella,chemist,medium,FLR001,flour,6,0.565
9462683006,Rose Bella,chemist,medium,FLR002,flour,5,0.565
9462683006,Rose Bella,chemist,medium,FLR003,flour,7,0.565
9462683006,Rose Bella,chemist,medium,FLR004,flour,5,0.565
9462683006,Rose Bella,chemist,medium,SUG001,sugar,4,0.565
9462683006,Rose Bella,chemist,medium,SUG002,sugar,4,0.565
9462683006,Rose Bella,chemist,medium,SUG003,sugar,4,0.565
9462683006,Rose Bella,chemist,medium,SOP001,soap,3,0.565
9462683006,Rose Bella,chemist,medium,SOP002,soap,3,0.565
9462683006,Rose Bella,chemist,medium,SOP003,soap,3,0.565
9462683006,Rose Bella,chemist,medium,SOP004,soap,3,0.565
9462683006,Rose Bella,chemist,medium,BEV001,beverages,3,0.565
9462683006,Rose Bella,chemist,medium,BEV002,beverages,4,0.565
9462683006,Rose Bella,chemist,medium,BEV003,beverages,4,0.565
9462683006,Rose Bella,chemist,medium,BEV004,beverages,4,0.565
9462683006,Rose Bella,chemist,medium,PC001,personal_care,3,0.565
9462683006,Rose Bella,chemist,medium,PC002,personal_care,3,0.565
9462683006,Rose Bella,chemist,medium,PC003,personal_care,2,0.565
9462683006,Rose Bella,chemist,medium,SAN001,sanitary,2,0.565
9462683006,Rose Bella,chemist,medium,SAN002,sanitary,2,0.565
9465883861,Lohman Chemicals,chemist,medium,OIL001,cooking_oil,12,1.37
9465883861,Lohman Chemicals,chemist,medium,OIL002,cooking_oil,13,1.37
9465883861,Lohman Chemicals,chemist,medium,OIL003,cooking_oil,9,1.37
9465883861,Lohman Chemicals,chemist,medium,OIL004,cooking_oil,10,1.37
9465883861,Lohman Chemicals,chemist,medium,FLR001,flour,15,1.37
9465883861,Lohman Chemicals,chemist,medium,FLR002,flour,11,1.37
9465883861,Lohman Chemicals,chemist,medium,FLR003,flour,13,1.37
9465883861,Lohman Chemicals,chemist,medium,FLR004,flour,11,1.37
9465883861,Lohman Chemicals,chemist,medium,SUG001,sugar,9,1.37
9465883861,Lohman Chemicals,chemist,medium,SUG002,sugar,9,1.37
9465883861,Lohman Chemicals,chemist,medium,SUG003,sugar,9,1.37
9465883861,Lohman Chemicals,chemist,medium,SOP001,soap,8,1.37
9465883861,Lohman Chemicals,chemist,medium,SOP002,soap,8,1.37
9465883861,Lohman Chemicals,chemist,medium,SOP003,soap,6,1.37
9465883861,Lohman Chemicals,chemist,medium,SOP004,soap,7,1.37
9465883861,Lohman Chemicals,chemist,medium,BEV001,beverages,10,1.37
9465883861,Lohman Chemicals,chemist,medium,BEV002,beverages,7,1.37
9465883861,Lohman Chemicals,chemist,medium,BEV003,beverages,8,1.37
9465883861,Lohman Chemicals,chemist,medium,BEV004,beverages,7,1.37
9465883861,Lohman Chemicals,chemist,medium,PC001,personal_care,6,1.37
9465883861,Lohman Chemicals,chemist,medium,PC002,personal_care,7,1.37
9465883861,Lohman Chemicals,chemist,medium,PC003,personal_care,7,1.37
9465883861,Lohman Chemicals,chemist,medium,SAN001,sanitary,4,1.37
9465883861,Lohman Chemicals,chemist,medium,SAN002,sanitary,4,1.37
9465883869,House,chemist,medium,OIL001,cooking_oil,4,0.543
9465883869,House,chemist,medium,OIL002,cooking_oil,4,0.543
9465883869,House,chemist,medium,OIL003,cooking_oil,4,0.543
9465883869,House,chemist,medium,OIL004,cooking_oil,4,0.543
9465883869,House,chemist,medium,FLR001,flour,6,0.543
9465883869,House,chemist,medium,FLR002,flour,5,0.543
9465883869,House,chemist,medium,FLR003,flour,5,0.543
9465883869,House,chemist,medium,FLR004,flour,5,0.543
9465883869,House,chemist,medium,SUG001,sugar,4,0.543
9465883869,House,chemist,medium,SUG002,sugar,4,0.543
9465883869,House,chemist,medium,SUG003,sugar,4,0.543
9465883869,House,chemist,medium,SOP001,soap,2,0.543
9465883869,House,chemist,medium,SOP002,soap,3,0.543
9465883869,House,chemist,medium,SOP003,soap,2,0.543
9465883869,House,chemist,medium,SOP004,soap,2,0.543
9465883869,House,chemist,medium,BEV001,beverages,4,0.543
9465883869,House,chemist,medium,BEV002,beverages,3,0.543
9465883869,House,chemist,medium,BEV003,beverages,4,0.543
9465883869,House,chemist,medium,BEV004,beverages,4,0.543
9465883869,House,chemist,medium,PC001,personal_care,3,0.543
9465883869,House,chemist,medium,PC002,personal_care,3,0.543
9465883869,House,chemist,medium,PC003,personal_care,3,0.543
9465883869,House,chemist,medium,SAN001,sanitary,2,0.543
9465883869,House,chemist,medium,SAN002,sanitary,2,0.543
9465883875,Goreti Shop,chemist,medium,OIL001,cooking_oil,7,0.739
9465883875,Goreti Shop,chemist,medium,OIL002,cooking_oil,7,0.739
9465883875,Goreti Shop,chemist,medium,OIL003,cooking_oil,5,0.739
9465883875,Goreti Shop,chemist,medium,OIL004,cooking_oil,6,0.739
9465883875,Goreti Shop,chemist,medium,FLR001,flour,6,0.739
9465883875,Goreti Shop,chemist,medium,FLR002,flour,7,0.739
9465883875,Goreti Shop,chemist,medium,FLR003,flour,9,0.739
9465883875,Goreti Shop,chemist,medium,FLR004,flour,8,0.739
9465883875,Goreti Shop,chemist,medium,SUG001,sugar,6,0.739
9465883875,Goreti Shop,chemist,medium,SUG002,sugar,5,0.739
9465883875,Goreti Shop,chemist,medium,SUG003,sugar,6,0.739
9465883875,Goreti Shop,chemist,medium,SOP001,soap,4,0.739
9465883875,Goreti Shop,chemist,medium,SOP002,soap,4,0.739
9465883875,Goreti Shop,chemist,medium,SOP003,soap,5,0.739
9465883875,Goreti Shop,chemist,medium,SOP004,soap,5,0.739
9465883875,Goreti Shop,chemist,medium,BEV001,beverages,6,0.739
9465883875,Goreti Shop,chemist,medium,BEV002,beverages,5,0.739
9465883875,Goreti Shop,chemist,medium,BEV003,beverages,5,0.739
9465883875,Goreti Shop,chemist,medium,BEV004,beverages,4,0.739
9465883875,Goreti Shop,chemist,medium,PC001,personal_care,3,0.739
9465883875,Goreti Shop,chemist,medium,PC002,personal_care,3,0.739
9465883875,Goreti Shop,chemist,medium,PC003,personal_care,3,0.739
9465883875,Goreti Shop,chemist,medium,SAN001,sanitary,3,0.739
9465883875,Goreti Shop,chemist,medium,SAN002,sanitary,3,0.739
9465883900,Cyneth Home Wash,chemist,medium,OIL001,cooking_oil,9,1.043
9465883900,Cyneth Home Wash,chemist,medium,OIL002,cooking_oil,8,1.043
9465883900,Cyneth Home Wash,chemist,medium,OIL003,cooking_oil,9,1.043
9465883900,Cyneth Home Wash,chemist,medium,OIL004,cooking_oil,9,1.043
9465883900,Cyneth Home Wash,chemist,medium,FLR001,flour,8,1.043
9465883900,Cyneth Home Wash,chemist,medium,FLR002,flour,12,1.043
9465883900,Cyneth Home Wash,chemist,medium,FLR003,flour,9,1.043
9465883900,Cyneth Home Wash,chemist,medium,FLR004,flour,8,1.043
9465883900,Cyneth Home Wash,chemist,medium,SUG001,sugar,6,1.043
9465883900,Cyneth Home Wash,chemist,medium,SUG002,sugar,8,1.043
9465883900,Cyneth Home Wash,chemist,medium,SUG003,sugar,7,1.043
9465883900,Cyneth Home Wash,chemist,medium,SOP001,soap,7,1.043
9465883900,Cyneth Home Wash,chemist,medium,SOP002,soap,6,1.043
9465883900,Cyneth Home Wash,chemist,medium,SOP003,soap,6,1.043
9465883900,Cyneth Home Wash,chemist,medium,SOP004,soap,6,1.043
9465883900,Cyneth Home Wash,chemist,medium,BEV001,beverages,7,1.043
9465883900,Cyneth Home Wash,chemist,medium,BEV002,beverages,6,1.043
9465883900,Cyneth Home Wash,chemist,medium,BEV003,beverages,7,1.043
9465883900,Cyneth Home Wash,chemist,medium,BEV004,beverages,7,1.043
9465883900,Cyneth Home Wash,chemist,medium,PC001,personal_care,4,1.043
9465883900,Cyneth Home Wash,chemist,medium,PC002,personal_care,4,1.043
9465883900,Cyneth Home Wash,chemist,medium,PC003,personal_care,5,1.043
9465883900,Cyneth Home Wash,chemist,medium,SAN001,sanitary,3,1.043
9465883900,Cyneth Home Wash,chemist,medium,SAN002,sanitary,4,1.043
9465883901,Winfrida Ochieng,chemist,medium,OIL001,cooking_oil,9,1.13
9465883901,Winfrida Ochieng,chemist,medium,OIL002,cooking_oil,10,1.13
9465883901,Winfrida Ochieng,chemist,medium,OIL003,cooking_oil,9,1.13
9465883901,Winfrida Ochieng,chemist,medium,OIL004,cooking_oil,10,1.13
9465883901,Winfrida Ochieng,chemist,medium,FLR001,flour,13,1.13
9465883901,Winfrida Ochieng,chemist,medium,FLR002,flour,13,1.13
9465883901,Winfrida Ochieng,chemist,medium,FLR003,flour,13,1.13
9465883901,Winfrida Ochieng,chemist,medium,FLR004,flour,11,1.13
9465883901,Winfrida Ochieng,chemist,medium,SUG001,sugar,8,1.13
9465883901,Winfrida Ochieng,chemist,medium,SUG002,sugar,7,1.13
9465883901,Winfrida Ochieng,chemist,medium,SUG003,sugar,8,1.13
9465883901,Winfrida Ochieng,chemist,medium,SOP001,soap,7,1.13
9465883901,Winfrida Ochieng,chemist,medium,SOP002,soap,7,1.13
9465883901,Winfrida Ochieng,chemist,medium,SOP003,soap,7,1.13
9465883901,Winfrida Ochieng,chemist,medium,SOP004,soap,6,1.13
9465883901,Winfrida Ochieng,chemist,medium,BEV001,beverages,8,1.13
9465883901,Winfrida Ochieng,chemist,medium,BEV002,beverages,7,1.13
9465883901,Winfrida Ochieng,chemist,medium,BEV003,beverages,6,1.13
9465883901,Winfrida Ochieng,chemist,medium,BEV004,beverages,6,1.13
9465883901,Winfrida Ochieng,chemist,medium,PC001,personal_care,5,1.13
9465883901,Winfrida Ochieng,chemist,medium,PC002,personal_care,6,1.13
9465883901,Winfrida Ochieng,chemist,medium,PC003,personal_care,6,1.13
9465883901,Winfrida Ochieng,chemist,medium,SAN001,sanitary,5,1.13
9465883901,Winfrida Ochieng,chemist,medium,SAN002,sanitary,4,1.13
9465883904,Beatrice,chemist,medium,OIL001,cooking_oil,9,1.413
9465883904,Beatrice,chemist,medium,OIL002,cooking_oil,10,1.413
9465883904,Beatrice,chemist,medium,OIL003,cooking_oil,11,1.413
9465883904,Beatrice,chemist,medium,OIL004,cooking_oil,14,1.413
9465883904,Beatrice,chemist,medium,FLR001,flour,12,1.413
9465883904,Beatrice,chemist,medium,FLR002,flour,17,1.413
9465883904,Beatrice,chemist,medium,FLR003,flour,13,1.413
9465883904,Beatrice,chemist,medium,FLR004,flour,12,1.413
9465883904,Beatrice,chemist,medium,SUG001,sugar,12,1.413
9465883904,Beatrice,chemist,medium,SUG002,sugar,8,1.413
9465883904,Beatrice,chemist,medium,SUG003,sugar,9,1.413
9465883904,Beatrice,chemist,medium,SOP001,soap,6,1.413
9465883904,Beatrice,chemist,medium,SOP002,soap,8,1.413
9465883904,Beatrice,chemist,medium,SOP003,soap,6,1.413
9465883904,Beatrice,chemist,medium,SOP004,soap,7,1.413
9465883904,Beatrice,chemist,medium,BEV001,beverages,11,1.413
9465883904,Beatrice,chemist,medium,BEV002,beverages,8,1.413
9465883904,Beatrice,chemist,medium,BEV003,beverages,10,1.413
9465883904,Beatrice,chemist,medium,BEV004,beverages,10,1.413
9465883904,Beatrice,chemist,medium,PC001,personal_care,7,1.413
9465883904,Beatrice,chemist,medium,PC002,personal_care,7,1.413
9465883904,Beatrice,chemist,medium,PC003,personal_care,6,1.413
9465883904,Beatrice,chemist,medium,SAN001,sanitary,6,1.413
9465883904,Beatrice,chemist,medium,SAN002,sanitary,5,1.413
9465905636,Home Based,chemist,medium,OIL001,cooking_oil,6,0.696
9465905636,Home Based,chemist,medium,OIL002,cooking_oil,6,0.696
9465905636,Home Based,chemist,medium,OIL003,cooking_oil,6,0.696
9465905636,Home Based,chemist,medium,OIL004,cooking_oil,5,0.696
9465905636,Home Based,chemist,medium,FLR001,flour,8,0.696
9465905636,Home Based,chemist,medium,FLR002,flour,7,0.696
9465905636,Home Based,chemist,medium,FLR003,flour,8,0.696
9465905636,Home Based,chemist,medium,FLR004,flour,6,0.696
9465905636,Home Based,chemist,medium,SUG001,sugar,6,0.696
9465905636,Home Based,chemist,medium,SUG002,sugar,5,0.696
9465905636,Home Based,chemist,medium,SUG003,sugar,4,0.696
9465905636,Home Based,chemist,medium,SOP001,soap,4,0.696
9465905636,Home Based,chemist,medium,SOP002,soap,4,0.696
9465905636,Home Based,chemist,medium,SOP003,soap,4,0.696
9465905636,Home Based,chemist,medium,SOP004,soap,3,0.696
9465905636,Home Based,chemist,medium,BEV001,beverages,4,0.696
9465905636,Home Based,chemist,medium,BEV002,beverages,5,0.696
9465905636,Home Based,chemist,medium,BEV003,beverages,4,0.696
9465905636,Home Based,chemist,medium,BEV004,beverages,4,0.696
9465905636,Home Based,chemist,medium,PC001,personal_care,4,0.696
9465905636,Home Based,chemist,medium,PC002,personal_care,3,0.696
9465905636,Home Based,chemist,medium,PC003,personal_care,3,0.696
9465905636,Home Based,chemist,medium,SAN001,sanitary,2,0.696
9465905636,Home Based,chemist,medium,SAN002,sanitary,2,0.696
9465905637,Linet Atieno Omollo,chemist,medium,OIL001,cooking_oil,4,0.543
9465905637,Linet Atieno Omollo,chemist,medium,OIL002,cooking_oil,4,0.543
9465905637,Linet Atieno Omollo,chemist,medium,OIL003,cooking_oil,4,0.543
9465905637,Linet Atieno Omollo,chemist,medium,OIL004,cooking_oil,5,0.543
9465905637,Linet Atieno Omollo,chemist,medium,FLR001,flour,6,0.543
9465905637,Linet Atieno Omollo,chemist,medium,FLR002,flour,6,0.543
9465905637,Linet Atieno Omollo,chemist,medium,FLR003,flour,5,0.543
9465905637,Linet Atieno Omollo,chemist,medium,FLR004,flour,5,0.543
9465905637,Linet Atieno Omollo,chemist,medium,SUG001,sugar,3,0.543
9465905637,Linet Atieno Omollo,chemist,medium,SUG002,sugar,4,0.543
9465905637,Linet Atieno Omollo,chemist,medium,SUG003,sugar,4,0.543
9465905637,Linet Atieno Omollo,chemist,medium,SOP001,soap,3,0.543
9465905637,Linet Atieno Omollo,chemist,medium,SOP002,soap,3,0.543
9465905637,Linet Atieno Omollo,chemist,medium,SOP003,soap,3,0.543
9465905637,Linet Atieno Omollo,chemist,medium,SOP004,soap,3,0.543
9465905637,Linet Atieno Omollo,chemist,medium,BEV001,beverages,3,0.543
9465905637,Linet Atieno Omollo,chemist,medium,BEV002,beverages,3,0.543
9465905637,Linet Atieno Omollo,chemist,medium,BEV003,beverages,3,0.543
9465905637,Linet Atieno Omollo,chemist,medium,BEV004,beverages,3,0.543
9465905637,Linet Atieno Omollo,chemist,medium,PC001,personal_care,2,0.543
9465905637,Linet Atieno Omollo,chemist,medium,PC002,personal_care,3,0.543
9465905637,Linet Atieno Omollo,chemist,medium,PC003,personal_care,2,0.543
9465905637,Linet Atieno Omollo,chemist,medium,SAN001,sanitary,2,0.543
9465905637,Linet Atieno Omollo,chemist,medium,SAN002,sanitary,2,0.543
9465905661,Dorcass,chemist,medium,OIL001,cooking_oil,6,0.652
9465905661,Dorcass,chemist,medium,OIL002,cooking_oil,5,0.652
9465905661,Dorcass,chemist,medium,OIL003,cooking_oil,4,0.652
9465905661,Dorcass,chemist,medium,OIL004,cooking_oil,5,0.652
9465905661,Dorcass,chemist,medium,FLR001,flour,8,0.652
9465905661,Dorcass,chemist,medium,FLR002,flour,6,0.652
9465905661,Dorcass,chemist,medium,FLR003,flour,6,0.652
9465905661,Dorcass,chemist,medium,FLR004,flour,7,0.652
9465905661,Dorcass,chemist,medium,SUG001,sugar,4,0.652
9465905661,Dorcass,chemist,medium,SUG002,sugar,4,0.652
9465905661,Dorcass,chemist,medium,SUG003,sugar,4,0.652
9465905661,Dorcass,chemist,medium,SOP001,soap,4,0.652
9465905661,Dorcass,chemist,medium,SOP002,soap,4,0.652
9465905661,Dorcass,chemist,medium,SOP003,soap,3,0.652
9465905661,Dorcass,chemist,medium,SOP004,soap,4,0.652
9465905661,Dorcass,chemist,medium,BEV001,beverages,5,0.652
9465905661,Dorcass,chemist,medium,BEV002,beverages,4,0.652
9465905661,Dorcass,chemist,medium,BEV003,beverages,5,0.652
9465905661,Dorcass,chemist,medium,BEV004,beverages,5,0.652
9465905661,Dorcass,chemist,medium,PC001,personal_care,3,0.652
9465905661,Dorcass,chemist,medium,PC002,personal_care,3,0.652
9465905661,Dorcass,chemist,medium,PC003,personal_care,2,0.652
9465905661,Dorcass,chemist,medium,SAN001,sanitary,3,0.652
9465905661,Dorcass,chemist,medium,SAN002,sanitary,2,0.652
9465905761,Ziki,chemist,medium,OIL001,cooking_oil,7,0.913
9465905761,Ziki,chemist,medium,OIL002,cooking_oil,8,0.913
9465905761,Ziki,chemist,medium,OIL003,cooking_oil,8,0.913
9465905761,Ziki,chemist,medium,OIL004,cooking_oil,9,0.913
9465905761,Ziki,chemist,medium,FLR001,flour,8,0.913
9465905761,Ziki,chemist,medium,FLR002,flour,8,0.913
9465905761,Ziki,chemist,medium,FLR003,flour,10,0.913
9465905761,Ziki,chemist,medium,FLR004,flour,9,0.913
9465905761,Ziki,chemist,medium,SUG001,sugar,6,0.913
9465905761,Ziki,chemist,medium,SUG002,sugar,6,0.913
9465905761,Ziki,chemist,medium,SUG003,sugar,6,0.913
9465905761,Ziki,chemist,medium,SOP001,soap,6,0.913
9465905761,Ziki,chemist,medium,SOP002,soap,4,0.913
9465905761,Ziki,chemist,medium,SOP003,soap,6,0.913
9465905761,Ziki,chemist,medium,SOP004,soap,4,0.913
9465905761,Ziki,chemist,medium,BEV001,beverages,5,0.913
9465905761,Ziki,chemist,medium,BEV002,beverages,7,0.913
9465905761,Ziki,chemist,medium,BEV003,beverages,6,0.913
9465905761,Ziki,chemist,medium,BEV004,beverages,5,0.913
9465905761,Ziki,chemist,medium,PC001,personal_care,4,0.913
9465905761,Ziki,chemist,medium,PC002,personal_care,5,0.913
9465905761,Ziki,chemist,medium,PC003,personal_care,4,0.913
9465905761,Ziki,chemist,medium,SAN001,sanitary,3,0.913
9465905761,Ziki,chemist,medium,SAN002,sanitary,3,0.913
9465905764,Aqua Foss,chemist,medium,OIL001,cooking_oil,5,0.674
9465905764,Aqua Foss,chemist,medium,OIL002,cooking_oil,6,0.674
9465905764,Aqua Foss,chemist,medium,OIL003,cooking_oil,4,0.674
9465905764,Aqua Foss,chemist,medium,OIL004,cooking_oil,6,0.674
9465905764,Aqua Foss,chemist,medium,FLR001,flour,7,0.674
9465905764,Aqua Foss,chemist,medium,FLR002,flour,6,0.674
9465905764,Aqua Foss,chemist,medium,FLR003,flour,7,0.674
9465905764,Aqua Foss,chemist,medium,FLR004,flour,6,0.674
9465905764,Aqua Foss,chemist,medium,SUG001,sugar,5,0.674
9465905764,Aqua Foss,chemist,medium,SUG002,sugar,6,0.674
9465905764,Aqua Foss,chemist,medium,SUG003,sugar,4,0.674
9465905764,Aqua Foss,chemist,medium,SOP001,soap,3,0.674
9465905764,Aqua Foss,chemist,medium,SOP002,soap,3,0.674
9465905764,Aqua Foss,chemist,medium,SOP003,soap,4,0.674
9465905764,Aqua Foss,chemist,medium,SOP004,soap,4,0.674
9465905764,Aqua Foss,chemist,medium,BEV001,beverages,5,0.674
9465905764,Aqua Foss,chemist,medium,BEV002,beverages,5,0.674
9465905764,Aqua Foss,chemist,medium,BEV003,beverages,4,0.674
9465905764,Aqua Foss,chemist,medium,BEV004,beverages,4,0.674
9465905764,Aqua Foss,chemist,medium,PC001,personal_care,4,0.674
9465905764,Aqua Foss,chemist,medium,PC002,personal_care,3,0.674
9465905764,Aqua Foss,chemist,medium,PC003,personal_care,3,0.674
9465905764,Aqua Foss,chemist,medium,SAN001,sanitary,2,0.674
9465905764,Aqua Foss,chemist,medium,SAN002,sanitary,2,0.674
9465905769,Fifi Detergents,chemist,medium,OIL001,cooking_oil,6,0.739
9465905769,Fifi Detergents,chemist,medium,OIL002,cooking_oil,7,0.739
9465905769,Fifi Detergents,chemist,medium,OIL003,cooking_oil,6,0.739
9465905769,Fifi Detergents,chemist,medium,OIL004,cooking_oil,5,0.739
9465905769,Fifi Detergents,chemist,medium,FLR001,flour,7,0.739
9465905769,Fifi Detergents,chemist,medium,FLR002,flour,7,0.739
9465905769,Fifi Detergents,chemist,medium,FLR003,flour,8,0.739
9465905769,Fifi Detergents,chemist,medium,FLR004,flour,6,0.739
9465905769,Fifi Detergents,chemist,medium,SUG001,sugar,5,0.739
9465905769,Fifi Detergents,chemist,medium,SUG002,sugar,5,0.739
9465905769,Fifi Detergents,chemist,medium,SUG003,sugar,4,0.739
9465905769,Fifi Detergents,chemist,medium,SOP001,soap,4,0.739
9465905769,Fifi Detergents,chemist,medium,SOP002,soap,4,0.739
9465905769,Fifi Detergents,chemist,medium,SOP003,soap,4,0.739
9465905769,Fifi Detergents,chemist,medium,SOP004,soap,4,0.739
9465905769,Fifi Detergents,chemist,medium,BEV001,beverages,4,0.739
9465905769,Fifi Detergents,chemist,medium,BEV002,beverages,5,0.739
9465905769,Fifi Detergents,chemist,medium,BEV003,beverages,4,0.739
9465905769,Fifi Detergents,chemist,medium,BEV004,beverages,5,0.739
9465905769,Fifi Detergents,chemist,medium,PC001,personal_care,4,0.739
9465905769,Fifi Detergents,chemist,medium,PC002,personal_care,3,0.739
9465905769,Fifi Detergents,chemist,medium,PC003,personal_care,3,0.739
9465905769,Fifi Detergents,chemist,medium,SAN001,sanitary,3,0.739
9465905769,Fifi Detergents,chemist,medium,SAN002,sanitary,3,0.739
9467664683,Cadra,chemist,medium,OIL001,cooking_oil,11,1.239
9467664683,Cadra,chemist,medium,OIL002,cooking_oil,12,1.239
9467664683,Cadra,chemist,medium,OIL003,cooking_oil,9,1.239
9467664683,Cadra,chemist,medium,OIL004,cooking_oil,9,1.239
9467664683,Cadra,chemist,medium,FLR001,flour,10,1.239
9467664683,Cadra,chemist,medium,FLR002,flour,12,1.239
9467664683,Cadra,chemist,medium,FLR003,flour,13,1.239
9467664683,Cadra,chemist,medium,FLR004,flour,14,1.239
9467664683,Cadra,chemist,medium,SUG001,sugar,10,1.239
9467664683,Cadra,chemist,medium,SUG002,sugar,8,1.239
9467664683,Cadra,chemist,medium,SUG003,sugar,9,1.239
9467664683,Cadra,chemist,medium,SOP001,soap,6,1.239
9467664683,Cadra,chemist,medium,SOP002,soap,8,1.239
9467664683,Cadra,chemist,medium,SOP003,soap,8,1.239
9467664683,Cadra,chemist,medium,SOP004,soap,8,1.239
9467664683,Cadra,chemist,medium,BEV001,beverages,8,1.239
9467664683,Cadra,chemist,medium,BEV002,beverages,8,1.239
9467664683,Cadra,chemist,medium,BEV003,beverages,6,1.239
9467664683,Cadra,chemist,medium,BEV004,beverages,8,1.239
9467664683,Cadra,chemist,medium,PC001,personal_care,5,1.239
9467664683,Cadra,chemist,medium,PC002,personal_care,5,1.239
9467664683,Cadra,chemist,medium,PC003,personal_care,6,1.239
9467664683,Cadra,chemist,medium,SAN001,sanitary,5,1.239
9467664683,Cadra,chemist,medium,SAN002,sanitary,5,1.239
9467664702,Dee Biz,chemist,medium,OIL001,cooking_oil,6,0.804
9467664702,Dee Biz,chemist,medium,OIL002,cooking_oil,6,0.804
9467664702,Dee Biz,chemist,medium,OIL003,cooking_oil,6,0.804
9467664702,Dee Biz,chemist,medium,OIL004,cooking_oil,5,0.804
9467664702,Dee Biz,chemist,medium,FLR001,flour,8,0.804
9467664702,Dee Biz,chemist,medium,FLR002,flour,7,0.804
9467664702,Dee Biz,chemist,medium,FLR003,flour,9,0.804
9467664702,Dee Biz,chemist,medium,FLR004,flour,9,0.804
9467664702,Dee Biz,chemist,medium,SUG001,sugar,5,0.804
9467664702,Dee Biz,chemist,medium,SUG002,sugar,7,0.804
9467664702,Dee Biz,chemist,medium,SUG003,sugar,5,0.804
9467664702,Dee Biz,chemist,medium,SOP001,soap,4,0.804
9467664702,Dee Biz,chemist,medium,SOP002,soap,5,0.804
9467664702,Dee Biz,chemist,medium,SOP003,soap,5,0.804
9467664702,Dee Biz,chemist,medium,SOP004,soap,4,0.804
9467664702,Dee Biz,chemist,medium,BEV001,beverages,4,0.804
9467664702,Dee Biz,chemist,medium,BEV002,beverages,6,0.804
9467664702,Dee Biz,chemist,medium,BEV003,beverages,4,0.804
9467664702,Dee Biz,chemist,medium,BEV004,beverages,5,0.804
9467664702,Dee Biz,chemist,medium,PC001,personal_care,4,0.804
9467664702,Dee Biz,chemist,medium,PC002,personal_care,3,0.804
9467664702,Dee Biz,chemist,medium,PC003,personal_care,4,0.804
9467664702,Dee Biz,chemist,medium,SAN001,sanitary,3,0.804
9467664702,Dee Biz,chemist,medium,SAN002,sanitary,3,0.804
9467698826,Moniq,chemist,medium,OIL001,cooking_oil,6,0.804
9467698826,Moniq,chemist,medium,OIL002,cooking_oil,6,0.804
9467698826,Moniq,chemist,medium,OIL003,cooking_oil,8,0.804
9467698826,Moniq,chemist,medium,OIL004,cooking_oil,8,0.804
9467698826,Moniq,chemist,medium,FLR001,flour,6,0.804
9467698826,Moniq,chemist,medium,FLR002,flour,9,0.804
9467698826,Moniq,chemist,medium,FLR003,flour,8,0.804
9467698826,Moniq,chemist,medium,FLR004,flour,8,0.804
9467698826,Moniq,chemist,medium,SUG001,sugar,7,0.804
9467698826,Moniq,chemist,medium,SUG002,sugar,6,0.804
9467698826,Moniq,chemist,medium,SUG003,sugar,7,0.804
9467698826,Moniq,chemist,medium,SOP001,soap,4,0.804
9467698826,Moniq,chemist,medium,SOP002,soap,5,0.804
9467698826,Moniq,chemist,medium,SOP003,soap,5,0.804
9467698826,Moniq,chemist,medium,SOP004,soap,4,0.804
9467698826,Moniq,chemist,medium,BEV001,beverages,5,0.804
9467698826,Moniq,chemist,medium,BEV002,beverages,6,0.804
9467698826,Moniq,chemist,medium,BEV003,beverages,5,0.804
9467698826,Moniq,chemist,medium,BEV004,beverages,4,0.804
9467698826,Moniq,chemist,medium,PC001,personal_care,4,0.804
9467698826,Moniq,chemist,medium,PC002,personal_care,3,0.804
9467698826,Moniq,chemist,medium,PC003,personal_care,3,0.804
9467698826,Moniq,chemist,medium,SAN001,sanitary,3,0.804
9467698826,Moniq,chemist,medium,SAN002,sanitary,2,0.804
9467698836,House,chemist,medium,OIL001,cooking_oil,4,0.543
9467698836,House,chemist,medium,OIL002,cooking_oil,4,0.543
9467698836,House,chemist,medium,OIL003,cooking_oil,4,0.543
9467698836,House,chemist,medium,OIL004,cooking_oil,4,0.543
9467698836,House,chemist,medium,FLR001,flour,6,0.543
9467698836,House,chemist,medium,FLR002,flour,6,0.543
9467698836,House,chemist,medium,FLR003,flour,6,0.543
9467698836,House,chemist,medium,FLR004,flour,6,0.543
9467698836,House,chemist,medium,SUG001,sugar,4,0.543
9467698836,House,chemist,medium,SUG002,sugar,3,0.543
9467698836,House,chemist,medium,SUG003,sugar,3,0.543
9467698836,House,chemist,medium,SOP001,soap,3,0.543
9467698836,House,chemist,medium,SOP002,soap,3,0.543
9467698836,House,chemist,medium,SOP003,soap,3,0.543
9467698836,House,chemist,medium,SOP004,soap,3,0.543
9467698836,House,chemist,medium,BEV001,beverages,4,0.543
9467698836,House,chemist,medium,BEV002,beverages,4,0.543
9467698836,House,chemist,medium,BEV003,beverages,3,0.543
9467698836,House,chemist,medium,BEV004,beverages,3,0.543
9467698836,House,chemist,medium,PC001,personal_care,2,0.543
9467698836,House,chemist,medium,PC002,personal_care,2,0.543
9467698836,House,chemist,medium,PC003,personal_care,3,0.543
9467698836,House,chemist,medium,SAN001,sanitary,2,0.543
9467698836,House,chemist,medium,SAN002,sanitary,2,0.543
9467698840,Real Fasion,chemist,medium,OIL001,cooking_oil,6,0.761
9467698840,Real Fasion,chemist,medium,OIL002,cooking_oil,7,0.761
9467698840,Real Fasion,chemist,medium,OIL003,cooking_oil,5,0.761
9467698840,Real Fasion,chemist,medium,OIL004,cooking_oil,7,0.761
9467698840,Real Fasion,chemist,medium,FLR001,flour,7,0.761
9467698840,Real Fasion,chemist,medium,FLR002,flour,7,0.761
9467698840,Real Fasion,chemist,medium,FLR003,flour,9,0.761
9467698840,Real Fasion,chemist,medium,FLR004,flour,8,0.761
9467698840,Real Fasion,chemist,medium,SUG001,sugar,5,0.761
9467698840,Real Fasion,chemist,medium,SUG002,sugar,5,0.761
9467698840,Real Fasion,chemist,medium,SUG003,sugar,6,0.761
9467698840,Real Fasion,chemist,medium,SOP001,soap,4,0.761
9467698840,Real Fasion,chemist,medium,SOP002,soap,3,0.761
9467698840,Real Fasion,chemist,medium,SOP003,soap,3,0.761
9467698840,Real Fasion,chemist,medium,SOP004,soap,4,0.761
9467698840,Real Fasion,chemist,medium,BEV001,beverages,5,0.761
9467698840,Real Fasion,chemist,medium,BEV002,beverages,4,0.761
9467698840,Real Fasion,chemist,medium,BEV003,beverages,4,0.761
9467698840,Real Fasion,chemist,medium,BEV004,beverages,4,0.761
9467698840,Real Fasion,chemist,medium,PC001,personal_care,3,0.761
9467698840,Real Fasion,chemist,medium,PC002,personal_care,3,0.761
9467698840,Real Fasion,chemist,medium,PC003,personal_care,3,0.761
9467698840,Real Fasion,chemist,medium,SAN001,sanitary,3,0.761
9467698840,Real Fasion,chemist,medium,SAN002,sanitary,2,0.761
9467698842,Lilian Oyugi,chemist,medium,OIL001,cooking_oil,7,0.761
9467698842,Lilian Oyugi,chemist,medium,OIL002,cooking_oil,6,0.761
9467698842,Lilian Oyugi,chemist,medium,OIL003,cooking_oil,6,0.761
9467698842,Lilian Oyugi,chemist,medium,OIL004,cooking_oil,7,0.761
9467698842,Lilian Oyugi,chemist,medium,FLR001,flour,7,0.761
9467698842,Lilian Oyugi,chemist,medium,FLR002,flour,8,0.761
9467698842,Lilian Oyugi,chemist,medium,FLR003,flour,8,0.761
9467698842,Lilian Oyugi,chemist,medium,FLR004,flour,8,0.761
9467698842,Lilian Oyugi,chemist,medium,SUG001,sugar,5,0.761
9467698842,Lilian Oyugi,chemist,medium,SUG002,sugar,5,0.761
9467698842,Lilian Oyugi,chemist,medium,SUG003,sugar,6,0.761
9467698842,Lilian Oyugi,chemist,medium,SOP001,soap,4,0.761
9467698842,Lilian Oyugi,chemist,medium,SOP002,soap,3,0.761
9467698842,Lilian Oyugi,chemist,medium,SOP003,soap,4,0.761
9467698842,Lilian Oyugi,chemist,medium,SOP004,soap,4,0.761
9467698842,Lilian Oyugi,chemist,medium,BEV001,beverages,5,0.761
9467698842,Lilian Oyugi,chemist,medium,BEV002,beverages,4,0.761
9467698842,Lilian Oyugi,chemist,medium,BEV003,beverages,5,0.761
9467698842,Lilian Oyugi,chemist,medium,BEV004,beverages,5,0.761
9467698842,Lilian Oyugi,chemist,medium,PC001,personal_care,3,0.761
9467698842,Lilian Oyugi,chemist,medium,PC002,personal_care,4,0.761
9467698842,Lilian Oyugi,chemist,medium,PC003,personal_care,4,0.761
9467698842,Lilian Oyugi,chemist,medium,SAN001,sanitary,3,0.761
9467698842,Lilian Oyugi,chemist,medium,SAN002,sanitary,3,0.761
9467698844,Brook,chemist,medium,OIL001,cooking_oil,5,0.761
9467698844,Brook,chemist,medium,OIL002,cooking_oil,7,0.761
9467698844,Brook,chemist,medium,OIL003,cooking_oil,7,0.761
9467698844,Brook,chemist,medium,OIL004,cooking_oil,7,0.761
9467698844,Brook,chemist,medium,FLR001,flour,7,0.761
9467698844,Brook,chemist,medium,FLR002,flour,7,0.761
9467698844,Brook,chemist,medium,FLR003,flour,7,0.761
9467698844,Brook,chemist,medium,FLR004,flour,8,0.761
9467698844,Brook,chemist,medium,SUG001,sugar,6,0.761
9467698844,Brook,chemist,medium,SUG002,sugar,4,0.761
9467698844,Brook,chemist,medium,SUG003,sugar,5,0.761
9467698844,Brook,chemist,medium,SOP001,soap,5,0.761
9467698844,Brook,chemist,medium,SOP002,soap,5,0.761
9467698844,Brook,chemist,medium,SOP003,soap,4,0.761
9467698844,Brook,chemist,medium,SOP004,soap,4,0.761
9467698844,Brook,chemist,medium,BEV001,beverages,5,0.761
9467698844,Brook,chemist,medium,BEV002,beverages,4,0.761
9467698844,Brook,chemist,medium,BEV003,beverages,5,0.761
9467698844,Brook,chemist,medium,BEV004,beverages,5,0.761
9467698844,Brook,chemist,medium,PC001,personal_care,4,0.761
9467698844,Brook,chemist,medium,PC002,personal_care,3,0.761
9467698844,Brook,chemist,medium,PC003,personal_care,4,0.761
9467698844,Brook,chemist,medium,SAN001,sanitary,3,0.761
9467698844,Brook,chemist,medium,SAN002,sanitary,3,0.761
9467698854,Agustin Shop,chemist,medium,OIL001,cooking_oil,7,0.761
9467698854,Agustin Shop,chemist,medium,OIL002,cooking_oil,5,0.761
9467698854,Agustin Shop,chemist,medium,OIL003,cooking_oil,7,0.761
9467698854,Agustin Shop,chemist,medium,OIL004,cooking_oil,6,0.761
9467698854,Agustin Shop,chemist,medium,FLR001,flour,9,0.761
9467698854,Agustin Shop,chemist,medium,FLR002,flour,8,0.761
9467698854,Agustin Shop,chemist,medium,FLR003,flour,8,0.761
9467698854,Agustin Shop,chemist,medium,FLR004,flour,8,0.761
9467698854,Agustin Shop,chemist,medium,SUG001,sugar,6,0.761
9467698854,Agustin Shop,chemist,medium,SUG002,sugar,6,0.761
9467698854,Agustin Shop,chemist,medium,SUG003,sugar,5,0.761
9467698854,Agustin Shop,chemist,medium,SOP001,soap,3,0.761
9467698854,Agustin Shop,chemist,medium,SOP002,soap,4,0.761
9467698854,Agustin Shop,chemist,medium,SOP003,soap,4,0.761
9467698854,Agustin Shop,chemist,medium,SOP004,soap,4,0.761
9467698854,Agustin Shop,chemist,medium,BEV001,beverages,5,0.761
9467698854,Agustin Shop,chemist,medium,BEV002,beverages,4,0.761
9467698854,Agustin Shop,chemist,medium,BEV003,beverages,5,0.761
9467698854,Agustin Shop,chemist,medium,BEV004,beverages,5,0.761
9467698854,Agustin Shop,chemist,medium,PC001,personal_care,4,0.761
9467698854,Agustin Shop,chemist,medium,PC002,personal_care,3,0.761
9467698854,Agustin Shop,chemist,medium,PC003,personal_care,4,0.761
9467698854,Agustin Shop,chemist,medium,SAN001,sanitary,3,0.761
9467698854,Agustin Shop,chemist,medium,SAN002,sanitary,3,0.761
9467698861,Pheny,chemist,medium,OIL001,cooking_oil,5,0.674
9467698861,Pheny,chemist,medium,OIL002,cooking_oil,6,0.674
9467698861,Pheny,chemist,medium,OIL003,cooking_oil,6,0.674
9467698861,Pheny,chemist,medium,OIL004,cooking_oil,5,0.674
9467698861,Pheny,chemist,medium,FLR001,flour,6,0.674
9467698861,Pheny,chemist,medium,FLR002,flour,7,0.674
9467698861,Pheny,chemist,medium,FLR003,flour,7,0.674
9467698861,Pheny,chemist,medium,FLR004,flour,6,0.674
9467698861,Pheny,chemist,medium,SUG001,sugar,5,0.674
9467698861,Pheny,chemist,medium,SUG002,sugar,5,0.674
9467698861,Pheny,chemist,medium,SUG003,sugar,4,0.674
9467698861,Pheny,chemist,medium,SOP001,soap,3,0.674
9467698861,Pheny,chemist,medium,SOP002,soap,4,0.674
9467698861,Pheny,chemist,medium,SOP003,soap,3,0.674
9467698861,Pheny,chemist,medium,SOP004,soap,4,0.674
9467698861,Pheny,chemist,medium,BEV001,beverages,4,0.674
9467698861,Pheny,chemist,medium,BEV002,beverages,5,0.674
9467698861,Pheny,chemist,medium,BEV003,beverages,4,0.674
9467698861,Pheny,chemist,medium,BEV004,beverages,5,0.674
9467698861,Pheny,chemist,medium,PC001,personal_care,4,0.674
9467698861,Pheny,chemist,medium,PC002,personal_care,3,0.674
9467698861,Pheny,chemist,medium,PC003,personal_care,3,0.674
9467698861,Pheny,chemist,medium,SAN001,sanitary,2,0.674
9467698861,Pheny,chemist,medium,SAN002,sanitary,2,0.674
9467698871,Eunice,chemist,medium,OIL001,cooking_oil,6,0.739
9467698871,Eunice,chemist,medium,OIL002,cooking_oil,6,0.739
9467698871,Eunice,chemist,medium,OIL003,cooking_oil,6,0.739
9467698871,Eunice,chemist,medium,OIL004,cooking_oil,7,0.739
9467698871,Eunice,chemist,medium,FLR001,flour,6,0.739
9467698871,Eunice,chemist,medium,FLR002,flour,8,0.739
9467698871,Eunice,chemist,medium,FLR003,flour,6,0.739
9467698871,Eunice,chemist,medium,FLR004,flour,7,0.739
9467698871,Eunice,chemist,medium,SUG001,sugar,6,0.739
9467698871,Eunice,chemist,medium,SUG002,sugar,5,0.739
9467698871,Eunice,chemist,medium,SUG003,sugar,6,0.739
9467698871,Eunice,chemist,medium,SOP001,soap,4,0.739
9467698871,Eunice,chemist,medium,SOP002,soap,3,0.739
9467698871,Eunice,chemist,medium,SOP003,soap,4,0.739
9467698871,Eunice,chemist,medium,SOP004,soap,3,0.739
9467698871,Eunice,chemist,medium,BEV001,beverages,5,0.739
9467698871,Eunice,chemist,medium,BEV002,beverages,5,0.739
9467698871,Eunice,chemist,medium,BEV003,beverages,4,0.739
9467698871,Eunice,chemist,medium,BEV004,beverages,5,0.739
9467698871,Eunice,chemist,medium,PC001,personal_care,3,0.739
9467698871,Eunice,chemist,medium,PC002,personal_care,3,0.739
9467698871,Eunice,chemist,medium,PC003,personal_care,3,0.739
9467698871,Eunice,chemist,medium,SAN001,sanitary,3,0.739
9467698871,Eunice,chemist,medium,SAN002,sanitary,3,0.739
9467698872,Shayla,chemist,medium,OIL001,cooking_oil,7,0.761
9467698872,Shayla,chemist,medium,OIL002,cooking_oil,6,0.761
9467698872,Shayla,chemist,medium,OIL003,cooking_oil,5,0.761
9467698872,Shayla,chemist,medium,OIL004,cooking_oil,7,0.761
9467698872,Shayla,chemist,medium,FLR001,flour,6,0.761
9467698872,Shayla,chemist,medium,FLR002,flour,9,0.761
9467698872,Shayla,chemist,medium,FLR003,flour,9,0.761
9467698872,Shayla,chemist,medium,FLR004,flour,6,0.761
9467698872,Shayla,chemist,medium,SUG001,sugar,6,0.761
9467698872,Shayla,chemist,medium,SUG002,sugar,6,0.761
9467698872,Shayla,chemist,medium,SUG003,sugar,5,0.761
9467698872,Shayla,chemist,medium,SOP001,soap,5,0.761
9467698872,Shayla,chemist,medium,SOP002,soap,4,0.761
9467698872,Shayla,chemist,medium,SOP003,soap,4,0.761
9467698872,Shayla,chemist,medium,SOP004,soap,5,0.761
9467698872,Shayla,chemist,medium,BEV001,beverages,4,0.761
9467698872,Shayla,chemist,medium,BEV002,beverages,5,0.761
9467698872,Shayla,chemist,medium,BEV003,beverages,5,0.761
9467698872,Shayla,chemist,medium,BEV004,beverages,5,0.761
9467698872,Shayla,chemist,medium,PC001,personal_care,3,0.761
9467698872,Shayla,chemist,medium,PC002,personal_care,4,0.761
9467698872,Shayla,chemist,medium,PC003,personal_care,3,0.761
9467698872,Shayla,chemist,medium,SAN001,sanitary,2,0.761
9467698872,Shayla,chemist,medium,SAN002,sanitary,2,0.761
9467698906,James,chemist,medium,OIL001,cooking_oil,11,1.109
9467698906,James,chemist,medium,OIL002,cooking_oil,9,1.109
9467698906,James,chemist,medium,OIL003,cooking_oil,8,1.109
9467698906,James,chemist,medium,OIL004,cooking_oil,9,1.109
9467698906,James,chemist,medium,FLR001,flour,11,1.109
9467698906,James,chemist,medium,FLR002,flour,12,1.109
9467698906,James,chemist,medium,FLR003,flour,13,1.109
9467698906,James,chemist,medium,FLR004,flour,9,1.109
9467698906,James,chemist,medium,SUG001,sugar,8,1.109
9467698906,James,chemist,medium,SUG002,sugar,7,1.109
9467698906,James,chemist,medium,SUG003,sugar,8,1.109
9467698906,James,chemist,medium,SOP001,soap,6,1.109
9467698906,James,chemist,medium,SOP002,soap,5,1.109
9467698906,James,chemist,medium,SOP003,soap,6,1.109
9467698906,James,chemist,medium,SOP004,soap,6,1.109
9467698906,James,chemist,medium,BEV001,beverages,7,1.109
9467698906,James,chemist,medium,BEV002,beverages,7,1.109
9467698906,James,chemist,medium,BEV003,beverages,6,1.109
9467698906,James,chemist,medium,BEV004,beverages,8,1.109
9467698906,James,chemist,medium,PC001,personal_care,5,1.109
9467698906,James,chemist,medium,PC002,personal_care,5,1.109
9467698906,James,chemist,medium,PC003,personal_care,5,1.109
9467698906,James,chemist,medium,SAN001,sanitary,4,1.109
9467698906,James,chemist,medium,SAN002,sanitary,4,1.109
9467698918,Mama Gloria Shop,chemist,medium,OIL001,cooking_oil,5,0.543
9467698918,Mama Gloria Shop,chemist,medium,OIL002,cooking_oil,5,0.543
9467698918,Mama Gloria Shop,chemist,medium,OIL003,cooking_oil,4,0.543
9467698918,Mama Gloria Shop,chemist,medium,OIL004,cooking_oil,4,0.543
9467698918,Mama Gloria Shop,chemist,medium,FLR001,flour,4,0.543
9467698918,Mama Gloria Shop,chemist,medium,FLR002,flour,6,0.543
9467698918,Mama Gloria Shop,chemist,medium,FLR003,flour,6,0.543
9467698918,Mama Gloria Shop,chemist,medium,FLR004,flour,6,0.543
9467698918,Mama Gloria Shop,chemist,medium,SUG001,sugar,3,0.543
9467698918,Mama Gloria Shop,chemist,medium,SUG002,sugar,4,0.543
9467698918,Mama Gloria Shop,chemist,medium,SUG003,sugar,3,0.543
9467698918,Mama Gloria Shop,chemist,medium,SOP001,soap,3,0.543
9467698918,Mama Gloria Shop,chemist,medium,SOP002,soap,3,0.543
9467698918,Mama Gloria Shop,chemist,medium,SOP003,soap,3,0.543
9467698918,Mama Gloria Shop,chemist,medium,SOP004,soap,3,0.543
9467698918,Mama Gloria Shop,chemist,medium,BEV001,beverages,3,0.543
9467698918,Mama Gloria Shop,chemist,medium,BEV002,beverages,3,0.543
9467698918,Mama Gloria Shop,chemist,medium,BEV003,beverages,4,0.543
9467698918,Mama Gloria Shop,chemist,medium,BEV004,beverages,3,0.543
9467698918,Mama Gloria Shop,chemist,medium,PC001,personal_care,2,0.543
9467698918,Mama Gloria Shop,chemist,medium,PC002,personal_care,3,0.543
9467698918,Mama Gloria Shop,chemist,medium,PC003,personal_care,2,0.543
9467698918,Mama Gloria Shop,chemist,medium,SAN001,sanitary,2,0.543
9467698918,Mama Gloria Shop,chemist,medium,SAN002,sanitary,2,0.543
9467698921,Mama Jay,chemist,medium,OIL001,cooking_oil,6,0.717
9467698921,Mama Jay,chemist,medium,OIL002,cooking_oil,6,0.717
9467698921,Mama Jay,chemist,medium,OIL003,cooking_oil,7,0.717
9467698921,Mama Jay,chemist,medium,OIL004,cooking_oil,6,0.717
9467698921,Mama Jay,chemist,medium,FLR001,flour,8,0.717
9467698921,Mama Jay,chemist,medium,FLR002,flour,6,0.717
9467698921,Mama Jay,chemist,medium,FLR003,flour,6,0.717
9467698921,Mama Jay,chemist,medium,FLR004,flour,8,0.717
9467698921,Mama Jay,chemist,medium,SUG001,sugar,5,0.717
9467698921,Mama Jay,chemist,medium,SUG002,sugar,6,0.717
9467698921,Mama Jay,chemist,medium,SUG003,sugar,4,0.717
9467698921,Mama Jay,chemist,medium,SOP001,soap,4,0.717
9467698921,Mama Jay,chemist,medium,SOP002,soap,4,0.717
9467698921,Mama Jay,chemist,medium,SOP003,soap,5,0.717
9467698921,Mama Jay,chemist,medium,SOP004,soap,4,0.717
9467698921,Mama Jay,chemist,medium,BEV001,beverages,4,0.717
9467698921,Mama Jay,chemist,medium,BEV002,beverages,5,0.717
9467698921,Mama Jay,chemist,medium,BEV003,beverages,4,0.717
9467698921,Mama Jay,chemist,medium,BEV004,beverages,4,0.717
9467698921,Mama Jay,chemist,medium,PC001,personal_care,4,0.717
9467698921,Mama Jay,chemist,medium,PC002,personal_care,3,0.717
9467698921,Mama Jay,chemist,medium,PC003,personal_care,3,0.717
9467698921,Mama Jay,chemist,medium,SAN001,sanitary,3,0.717
9467698921,Mama Jay,chemist,medium,SAN002,sanitary,3,0.717
9467698936,Filida Quick Access,chemist,medium,OIL001,cooking_oil,7,0.761
9467698936,Filida Quick Access,chemist,medium,OIL002,cooking_oil,7,0.761
9467698936,Filida Quick Access,chemist,medium,OIL003,cooking_oil,5,0.761
9467698936,Filida Quick Access,chemist,medium,OIL004,cooking_oil,7,0.761
9467698936,Filida Quick Access,chemist,medium,FLR001,flour,9,0.761
9467698936,Filida Quick Access,chemist,medium,FLR002,flour,9,0.761
9467698936,Filida Quick Access,chemist,medium,FLR003,flour,8,0.761
9467698936,Filida Quick Access,chemist,medium,FLR004,flour,7,0.761
9467698936,Filida Quick Access,chemist,medium,SUG001,sugar,6,0.761
9467698936,Filida Quick Access,chemist,medium,SUG002,sugar,6,0.761
9467698936,Filida Quick Access,chemist,medium,SUG003,sugar,5,0.761
9467698936,Filida Quick Access,chemist,medium,SOP001,soap,4,0.761
9467698936,Filida Quick Access,chemist,medium,SOP002,soap,5,0.761
9467698936,Filida Quick Access,chemist,medium,SOP003,soap,5,0.761
9467698936,Filida Quick Access,chemist,medium,SOP004,soap,4,0.761
9467698936,Filida Quick Access,chemist,medium,BEV001,beverages,5,0.761
9467698936,Filida Quick Access,chemist,medium,BEV002,beverages,4,0.761
9467698936,Filida Quick Access,chemist,medium,BEV003,beverages,5,0.761
9467698936,Filida Quick Access,chemist,medium,BEV004,beverages,4,0.761
9467698936,Filida Quick Access,chemist,medium,PC001,personal_care,3,0.761
9467698936,Filida Quick Access,chemist,medium,PC002,personal_care,4,0.761
9467698936,Filida Quick Access,chemist,medium,PC003,personal_care,3,0.761
9467698936,Filida Quick Access,chemist,medium,SAN001,sanitary,3,0.761
9467698936,Filida Quick Access,chemist,medium,SAN002,sanitary,2,0.761
9467698939,Stacy,chemist,medium,OIL001,cooking_oil,6,0.652
9467698939,Stacy,chemist,medium,OIL002,cooking_oil,5,0.652
9467698939,Stacy,chemist,medium,OIL003,cooking_oil,4,0.652
9467698939,Stacy,chemist,medium,OIL004,cooking_oil,5,0.652
9467698939,Stacy,chemist,medium,FLR001,flour,7,0.652
9467698939,Stacy,chemist,medium,FLR002,flour,7,0.652
9467698939,Stacy,chemist,medium,FLR003,flour,6,0.652
9467698939,Stacy,chemist,medium,FLR004,flour,7,0.652
9467698939,Stacy,chemist,medium,SUG001,sugar,6,0.652
9467698939,Stacy,chemist,medium,SUG002,sugar,5,0.652
9467698939,Stacy,chemist,medium,SUG003,sugar,6,0.652
9467698939,Stacy,chemist,medium,SOP001,soap,4,0.652
9467698939,Stacy,chemist,medium,SOP002,soap,3,0.652
9467698939,Stacy,chemist,medium,SOP003,soap,4,0.652
9467698939,Stacy,chemist,medium,SOP004,soap,4,0.652
9467698939,Stacy,chemist,medium,BEV001,beverages,4,0.652
9467698939,Stacy,chemist,medium,BEV002,beverages,4,0.652
9467698939,Stacy,chemist,medium,BEV003,beverages,4,0.652
9467698939,Stacy,chemist,medium,BEV004,beverages,4,0.652
9467698939,Stacy,chemist,medium,PC001,personal_care,4,0.652
9467698939,Stacy,chemist,medium,PC002,personal_care,3,0.652
9467698939,Stacy,chemist,medium,PC003,personal_care,3,0.652
9467698939,Stacy,chemist,medium,SAN001,sanitary,2,0.652
9467698939,Stacy,chemist,medium,SAN002,sanitary,2,0.652
9467698955,Jesca Shop,chemist,medium,OIL001,cooking_oil,6,0.63
9467698955,Jesca Shop,chemist,medium,OIL002,cooking_oil,6,0.63
9467698955,Jesca Shop,chemist,medium,OIL003,cooking_oil,4,0.63
9467698955,Jesca Shop,chemist,medium,OIL004,cooking_oil,6,0.63
9467698955,Jesca Shop,chemist,medium,FLR001,flour,6,0.63
9467698955,Jesca Shop,chemist,medium,FLR002,flour,5,0.63
9467698955,Jesca Shop,chemist,medium,FLR003,flour,7,0.63
9467698955,Jesca Shop,chemist,medium,FLR004,flour,6,0.63
9467698955,Jesca Shop,chemist,medium,SUG001,sugar,5,0.63
9467698955,Jesca Shop,chemist,medium,SUG002,sugar,5,0.63
9467698955,Jesca Shop,chemist,medium,SUG003,sugar,5,0.63
9467698955,Jesca Shop,chemist,medium,SOP001,soap,3,0.63
9467698955,Jesca Shop,chemist,medium,SOP002,soap,3,0.63
9467698955,Jesca Shop,chemist,medium,SOP003,soap,4,0.63
9467698955,Jesca Shop,chemist,medium,SOP004,soap,3,0.63
9467698955,Jesca Shop,chemist,medium,BEV001,beverages,4,0.63
9467698955,Jesca Shop,chemist,medium,BEV002,beverages,5,0.63
9467698955,Jesca Shop,chemist,medium,BEV003,beverages,4,0.63
9467698955,Jesca Shop,chemist,medium,BEV004,beverages,3,0.63
9467698955,Jesca Shop,chemist,medium,PC001,personal_care,2,0.63
9467698955,Jesca Shop,chemist,medium,PC002,personal_care,2,0.63
9467698955,Jesca Shop,chemist,medium,PC003,personal_care,2,0.63
9467698955,Jesca Shop,chemist,medium,SAN001,sanitary,3,0.63
9467698955,Jesca Shop,chemist,medium,SAN002,sanitary,3,0.63
9467698969,Joseph,chemist,medium,OIL001,cooking_oil,5,0.674
9467698969,Joseph,chemist,medium,OIL002,cooking_oil,6,0.674
9467698969,Joseph,chemist,medium,OIL003,cooking_oil,6,0.674
9467698969,Joseph,chemist,medium,OIL004,cooking_oil,5,0.674
9467698969,Joseph,chemist,medium,FLR001,flour,6,0.674
9467698969,Joseph,chemist,medium,FLR002,flour,5,0.674
9467698969,Joseph,chemist,medium,FLR003,flour,6,0.674
9467698969,Joseph,chemist,medium,FLR004,flour,6,0.674
9467698969,Joseph,chemist,medium,SUG001,sugar,5,0.674
9467698969,Joseph,chemist,medium,SUG002,sugar,4,0.674
9467698969,Joseph,chemist,medium,SUG003,sugar,6,0.674
9467698969,Joseph,chemist,medium,SOP001,soap,3,0.674
9467698969,Joseph,chemist,medium,SOP002,soap,3,0.674
9467698969,Joseph,chemist,medium,SOP003,soap,4,0.674
9467698969,Joseph,chemist,medium,SOP004,soap,4,0.674
9467698969,Joseph,chemist,medium,BEV001,beverages,4,0.674
9467698969,Joseph,chemist,medium,BEV002,beverages,4,0.674
9467698969,Joseph,chemist,medium,BEV003,beverages,5,0.674
9467698969,Joseph,chemist,medium,BEV004,beverages,4,0.674
9467698969,Joseph,chemist,medium,PC001,personal_care,3,0.674
9467698969,Joseph,chemist,medium,PC002,personal_care,4,0.674
9467698969,Joseph,chemist,medium,PC003,personal_care,3,0.674
9467698969,Joseph,chemist,medium,SAN001,sanitary,3,0.674
9467698969,Joseph,chemist,medium,SAN002,sanitary,2,0.674
9467698984,Jannet Shop,chemist,medium,OIL001,cooking_oil,4,0.5
9467698984,Jannet Shop,chemist,medium,OIL002,cooking_oil,4,0.5
9467698984,Jannet Shop,chemist,medium,OIL003,cooking_oil,3,0.5
9467698984,Jannet Shop,chemist,medium,OIL004,cooking_oil,5,0.5
9467698984,Jannet Shop,chemist,medium,FLR001,flour,5,0.5
9467698984,Jannet Shop,chemist,medium,FLR002,flour,5,0.5
9467698984,Jannet Shop,chemist,medium,FLR003,flour,5,0.5
9467698984,Jannet Shop,chemist,medium,FLR004,flour,5,0.5
9467698984,Jannet Shop,chemist,medium,SUG001,sugar,4,0.5
9467698984,Jannet Shop,chemist,medium,SUG002,sugar,4,0.5
9467698984,Jannet Shop,chemist,medium,SUG003,sugar,4,0.5
9467698984,Jannet Shop,chemist,medium,SOP001,soap,3,0.5
9467698984,Jannet Shop,chemist,medium,SOP002,soap,2,0.5
9467698984,Jannet Shop,chemist,medium,SOP003,soap,3,0.5
9467698984,Jannet Shop,chemist,medium,SOP004,soap,3,0.5
9467698984,Jannet Shop,chemist,medium,BEV001,beverages,4,0.5
9467698984,Jannet Shop,chemist,medium,BEV002,beverages,3,0.5
9467698984,Jannet Shop,chemist,medium,BEV003,beverages,3,0.5
9467698984,Jannet Shop,chemist,medium,BEV004,beverages,4,0.5
9467698984,Jannet Shop,chemist,medium,PC001,personal_care,2,0.5
9467698984,Jannet Shop,chemist,medium,PC002,personal_care,2,0.5
9467698984,Jannet Shop,chemist,medium,PC003,personal_care,2,0.5
9467698984,Jannet Shop,chemist,medium,SAN001,sanitary,2,0.5
9467698984,Jannet Shop,chemist,medium,SAN002,sanitary,2,0.5
9467698989,Flevicks Complex Shop,chemist,medium,OIL001,cooking_oil,4,0.609
9467698989,Flevicks Complex Shop,chemist,medium,OIL002,cooking_oil,4,0.609
9467698989,Flevicks Complex Shop,chemist,medium,OIL003,cooking_oil,6,0.609
9467698989,Flevicks Complex Shop,chemist,medium,OIL004,cooking_oil,5,0.609
9467698989,Flevicks Complex Shop,chemist,medium,FLR001,flour,6,0.609
9467698989,Flevicks Complex Shop,chemist,medium,FLR002,flour,7,0.609
9467698989,Flevicks Complex Shop,chemist,medium,FLR003,flour,6,0.609
9467698989,Flevicks Complex Shop,chemist,medium,FLR004,flour,5,0.609
9467698989,Flevicks Complex Shop,chemist,medium,SUG001,sugar,5,0.609
9467698989,Flevicks Complex Shop,chemist,medium,SUG002,sugar,5,0.609
9467698989,Flevicks Complex Shop,chemist,medium,SUG003,sugar,5,0.609
9467698989,Flevicks Complex Shop,chemist,medium,SOP001,soap,4,0.609
9467698989,Flevicks Complex Shop,chemist,medium,SOP002,soap,3,0.609
9467698989,Flevicks Complex Shop,chemist,medium,SOP003,soap,3,0.609
9467698989,Flevicks Complex Shop,chemist,medium,SOP004,soap,3,0.609
9467698989,Flevicks Complex Shop,chemist,medium,BEV001,beverages,4,0.609
9467698989,Flevicks Complex Shop,chemist,medium,BEV002,beverages,4,0.609
9467698989,Flevicks Complex Shop,chemist,medium,BEV003,beverages,3,0.609
9467698989,Flevicks Complex Shop,chemist,medium,BEV004,beverages,3,0.609
9467698989,Flevicks Complex Shop,chemist,medium,PC001,personal_care,3,0.609
9467698989,Flevicks Complex Shop,chemist,medium,PC002,personal_care,3,0.609
9467698989,Flevicks Complex Shop,chemist,medium,PC003,personal_care,2,0.609
9467698989,Flevicks Complex Shop,chemist,medium,SAN001,sanitary,2,0.609
9467698989,Flevicks Complex Shop,chemist,medium,SAN002,sanitary,2,0.609
9467698996,Monroe Beauty Shop,chemist,medium,OIL001,cooking_oil,6,0.63
9467698996,Monroe Beauty Shop,chemist,medium,OIL002,cooking_oil,4,0.63
9467698996,Monroe Beauty Shop,chemist,medium,OIL003,cooking_oil,5,0.63
9467698996,Monroe Beauty Shop,chemist,medium,OIL004,cooking_oil,6,0.63
9467698996,Monroe Beauty Shop,chemist,medium,FLR001,flour,7,0.63
9467698996,Monroe Beauty Shop,chemist,medium,FLR002,flour,5,0.63
9467698996,Monroe Beauty Shop,chemist,medium,FLR003,flour,5,0.63
9467698996,Monroe Beauty Shop,chemist,medium,FLR004,flour,6,0.63
9467698996,Monroe Beauty Shop,chemist,medium,SUG001,sugar,4,0.63
9467698996,Monroe Beauty Shop,chemist,medium,SUG002,sugar,4,0.63
9467698996,Monroe Beauty Shop,chemist,medium,SUG003,sugar,4,0.63
9467698996,Monroe Beauty Shop,chemist,medium,SOP001,soap,3,0.63
9467698996,Monroe Beauty Shop,chemist,medium,SOP002,soap,3,0.63
9467698996,Monroe Beauty Shop,chemist,medium,SOP003,soap,4,0.63
9467698996,Monroe Beauty Shop,chemist,medium,SOP004,soap,3,0.63
9467698996,Monroe Beauty Shop,chemist,medium,BEV001,beverages,4,0.63
9467698996,Monroe Beauty Shop,chemist,medium,BEV002,beverages,4,0.63
9467698996,Monroe Beauty Shop,chemist,medium,BEV003,beverages,4,0.63
9467698996,Monroe Beauty Shop,chemist,medium,BEV004,beverages,5,0.63
9467698996,Monroe Beauty Shop,chemist,medium,PC001,personal_care,3,0.63
9467698996,Monroe Beauty Shop,chemist,medium,PC002,personal_care,2,0.63
9467698996,Monroe Beauty Shop,chemist,medium,PC003,personal_care,3,0.63
9467698996,Monroe Beauty Shop,chemist,medium,SAN001,sanitary,2,0.63
9467698996,Monroe Beauty Shop,chemist,medium,SAN002,sanitary,2,0.63
9467699005,Kibos Sugar And Allied Industries,chemist,medium,OIL001,cooking_oil,6,0.63
9467699005,Kibos Sugar And Allied Industries,chemist,medium,OIL002,cooking_oil,4,0.63
9467699005,Kibos Sugar And Allied Industries,chemist,medium,OIL003,cooking_oil,5,0.63
9467699005,Kibos Sugar And Allied Industries,chemist,medium,OIL004,cooking_oil,5,0.63
9467699005,Kibos Sugar And Allied Industries,chemist,medium,FLR001,flour,6,0.63
9467699005,Kibos Sugar And Allied Industries,chemist,medium,FLR002,flour,6,0.63
9467699005,Kibos Sugar And Allied Industries,chemist,medium,FLR003,flour,5,0.63
9467699005,Kibos Sugar And Allied Industries,chemist,medium,FLR004,flour,6,0.63
9467699005,Kibos Sugar And Allied Industries,chemist,medium,SUG001,sugar,5,0.63
9467699005,Kibos Sugar And Allied Industries,chemist,medium,SUG002,sugar,4,0.63
9467699005,Kibos Sugar And Allied Industries,chemist,medium,SUG003,sugar,5,0.63
9467699005,Kibos Sugar And Allied Industries,chemist,medium,SOP001,soap,3,0.63
9467699005,Kibos Sugar And Allied Industries,chemist,medium,SOP002,soap,3,0.63
9467699005,Kibos Sugar And Allied Industries,chemist,medium,SOP003,soap,3,0.63
9467699005,Kibos Sugar And Allied Industries,chemist,medium,SOP004,soap,4,0.63
9467699005,Kibos Sugar And Allied Industries,chemist,medium,BEV001,beverages,4,0.63
9467699005,Kibos Sugar And Allied Industries,chemist,medium,BEV002,beverages,4,0.63
9467699005,Kibos Sugar And Allied Industries,chemist,medium,BEV003,beverages,3,0.63
9467699005,Kibos Sugar And Allied Industries,chemist,medium,BEV004,beverages,4,0.63
9467699005,Kibos Sugar And Allied Industries,chemist,medium,PC001,personal_care,3,0.63
9467699005,Kibos Sugar And Allied Industries,chemist,medium,PC002,personal_care,3,0.63
9467699005,Kibos Sugar And Allied Industries,chemist,medium,PC003,personal_care,3,0.63
9467699005,Kibos Sugar And Allied Industries,chemist,medium,SAN001,sanitary,2,0.63
9467699005,Kibos Sugar And Allied Industries,chemist,medium,SAN002,sanitary,3,0.63
9467699012,Bether,chemist,medium,OIL001,cooking_oil,6,0.717
9467699012,Bether,chemist,medium,OIL002,cooking_oil,7,0.717
9467699012,Bether,chemist,medium,OIL003,cooking_oil,7,0.717
9467699012,Bether,chemist,medium,OIL004,cooking_oil,5,0.717
9467699012,Bether,chemist,medium,FLR001,flour,7,0.717
9467699012,Bether,chemist,medium,FLR002,flour,6,0.717
9467699012,Bether,chemist,medium,FLR003,flour,6,0.717
9467699012,Bether,chemist,medium,FLR004,flour,7,0.717
9467699012,Bether,chemist,medium,SUG001,sugar,4,0.717
9467699012,Bether,chemist,medium,SUG002,sugar,6,0.717
9467699012,Bether,chemist,medium,SUG003,sugar,6,0.717
9467699012,Bether,chemist,medium,SOP001,soap,4,0.717
9467699012,Bether,chemist,medium,SOP002,soap,4,0.717
9467699012,Bether,chemist,medium,SOP003,soap,3,0.717
9467699012,Bether,chemist,medium,SOP004,soap,4,0.717
9467699012,Bether,chemist,medium,BEV001,beverages,4,0.717
9467699012,Bether,chemist,medium,BEV002,beverages,5,0.717
9467699012,Bether,chemist,medium,BEV003,beverages,4,0.717
9467699012,Bether,chemist,medium,BEV004,beverages,5,0.717
9467699012,Bether,chemist,medium,PC001,personal_care,3,0.717
9467699012,Bether,chemist,medium,PC002,personal_care,4,0.717
9467699012,Bether,chemist,medium,PC003,personal_care,3,0.717
9467699012,Bether,chemist,medium,SAN001,sanitary,3,0.717
9467699012,Bether,chemist,medium,SAN002,sanitary,2,0.717
10559137642,Chandarana FoodPlus,supermarket,large,OIL001,cooking_oil,15,0.696
10559137642,Chandarana FoodPlus,supermarket,large,OIL002,cooking_oil,18,0.696
10559137642,Chandarana FoodPlus,supermarket,large,OIL003,cooking_oil,16,0.696
10559137642,Chandarana FoodPlus,supermarket,large,OIL004,cooking_oil,17,0.696
10559137642,Chandarana FoodPlus,supermarket,large,FLR001,flour,15,0.696
10559137642,Chandarana FoodPlus,supermarket,large,FLR002,flour,22,0.696
10559137642,Chandarana FoodPlus,supermarket,large,FLR003,flour,16,0.696
10559137642,Chandarana FoodPlus,supermarket,large,FLR004,flour,19,0.696
10559137642,Chandarana FoodPlus,supermarket,large,SUG001,sugar,15,0.696
10559137642,Chandarana FoodPlus,supermarket,large,SUG002,sugar,12,0.696
10559137642,Chandarana FoodPlus,supermarket,large,SUG003,sugar,15,0.696
10559137642,Chandarana FoodPlus,supermarket,large,SOP001,soap,12,0.696
10559137642,Chandarana FoodPlus,supermarket,large,SOP002,soap,8,0.696
10559137642,Chandarana FoodPlus,supermarket,large,SOP003,soap,10,0.696
10559137642,Chandarana FoodPlus,supermarket,large,SOP004,soap,10,0.696
10559137642,Chandarana FoodPlus,supermarket,large,BEV001,beverages,13,0.696
10559137642,Chandarana FoodPlus,supermarket,large,BEV002,beverages,10,0.696
10559137642,Chandarana FoodPlus,supermarket,large,BEV003,beverages,13,0.696
10559137642,Chandarana FoodPlus,supermarket,large,BEV004,beverages,10,0.696
10559137642,Chandarana FoodPlus,supermarket,large,PC001,personal_care,8,0.696
10559137642,Chandarana FoodPlus,supermarket,large,PC002,personal_care,9,0.696
10559137642,Chandarana FoodPlus,supermarket,large,PC003,personal_care,7,0.696
10559137642,Chandarana FoodPlus,supermarket,large,SAN001,sanitary,7,0.696
10559137642,Chandarana FoodPlus,supermarket,large,SAN002,sanitary,6,0.696
10579036149,Micromed Pharmacy,chemist,medium,OIL001,cooking_oil,13,1.37
10579036149,Micromed Pharmacy,chemist,medium,OIL002,cooking_oil,9,1.37
10579036149,Micromed Pharmacy,chemist,medium,OIL003,cooking_oil,9,1.37
10579036149,Micromed Pharmacy,chemist,medium,OIL004,cooking_oil,10,1.37
10579036149,Micromed Pharmacy,chemist,medium,FLR001,flour,12,1.37
10579036149,Micromed Pharmacy,chemist,medium,FLR002,flour,15,1.37
10579036149,Micromed Pharmacy,chemist,medium,FLR003,flour,13,1.37
10579036149,Micromed Pharmacy,chemist,medium,FLR004,flour,11,1.37
10579036149,Micromed Pharmacy,chemist,medium,SUG001,sugar,10,1.37
10579036149,Micromed Pharmacy,chemist,medium,SUG002,sugar,8,1.37
10579036149,Micromed Pharmacy,chemist,medium,SUG003,sugar,11,1.37
10579036149,Micromed Pharmacy,chemist,medium,SOP001,soap,8,1.37
10579036149,Micromed Pharmacy,chemist,medium,SOP002,soap,7,1.37
10579036149,Micromed Pharmacy,chemist,medium,SOP003,soap,7,1.37
10579036149,Micromed Pharmacy,chemist,medium,SOP004,soap,7,1.37
10579036149,Micromed Pharmacy,chemist,medium,BEV001,beverages,10,1.37
10579036149,Micromed Pharmacy,chemist,medium,BEV002,beverages,7,1.37
10579036149,Micromed Pharmacy,chemist,medium,BEV003,beverages,9,1.37
10579036149,Micromed Pharmacy,chemist,medium,BEV004,beverages,10,1.37
10579036149,Micromed Pharmacy,chemist,medium,PC001,personal_care,5,1.37
10579036149,Micromed Pharmacy,chemist,medium,PC002,personal_care,5,1.37
10579036149,Micromed Pharmacy,chemist,medium,PC003,personal_care,5,1.37
10579036149,Micromed Pharmacy,chemist,medium,SAN001,sanitary,4,1.37
10579036149,Micromed Pharmacy,chemist,medium,SAN002,sanitary,5,1.37
10588857558,Roastiez butchery,butcher,small,OIL001,cooking_oil,2,0.739
10588857558,Roastiez butchery,butcher,small,OIL002,cooking_oil,2,0.739
10588857558,Roastiez butchery,butcher,small,OIL003,cooking_oil,3,0.739
10588857558,Roastiez butchery,butcher,small,OIL004,cooking_oil,3,0.739
10588857558,Roastiez butchery,butcher,small,FLR001,flour,2,0.739
10588857558,Roastiez butchery,butcher,small,FLR002,flour,3,0.739
10588857558,Roastiez butchery,butcher,small,FLR003,flour,3,0.739
10588857558,Roastiez butchery,butcher,small,FLR004,flour,3,0.739
10588857558,Roastiez butchery,butcher,small,SUG001,sugar,2,0.739
10588857558,Roastiez butchery,butcher,small,SUG002,sugar,2,0.739
10588857558,Roastiez butchery,butcher,small,SUG003,sugar,2,0.739
10588857558,Roastiez butchery,butcher,small,SOP001,soap,2,0.739
10588857558,Roastiez butchery,butcher,small,SOP002,soap,1,0.739
10588857558,Roastiez butchery,butcher,small,SOP003,soap,1,0.739
10588857558,Roastiez butchery,butcher,small,SOP004,soap,2,0.739
10588857558,Roastiez butchery,butcher,small,BEV001,beverages,2,0.739
10588857558,Roastiez butchery,butcher,small,BEV002,beverages,2,0.739
10588857558,Roastiez butchery,butcher,small,BEV003,beverages,2,0.739
10588857558,Roastiez butchery,butcher,small,BEV004,beverages,2,0.739
10588857558,Roastiez butchery,butcher,small,PC001,personal_care,2,0.739
10588857558,Roastiez butchery,butcher,small,PC002,personal_care,1,0.739
10588857558,Roastiez butchery,butcher,small,PC003,personal_care,1,0.739
10588857558,Roastiez butchery,butcher,small,SAN001,sanitary,1,0.739
10588857558,Roastiez butchery,butcher,small,SAN002,sanitary,1,0.739
10588857559,Platinum Liquor World,alcohol,medium,OIL001,cooking_oil,6,0.739
10588857559,Platinum Liquor World,alcohol,medium,OIL002,cooking_oil,5,0.739
10588857559,Platinum Liquor World,alcohol,medium,OIL003,cooking_oil,5,0.739
10588857559,Platinum Liquor World,alcohol,medium,OIL004,cooking_oil,7,0.739
10588857559,Platinum Liquor World,alcohol,medium,FLR001,flour,6,0.739
10588857559,Platinum Liquor World,alcohol,medium,FLR002,flour,8,0.739
10588857559,Platinum Liquor World,alcohol,medium,FLR003,flour,8,0.739
10588857559,Platinum Liquor World,alcohol,medium,FLR004,flour,9,0.739
10588857559,Platinum Liquor World,alcohol,medium,SUG001,sugar,6,0.739
10588857559,Platinum Liquor World,alcohol,medium,SUG002,sugar,6,0.739
10588857559,Platinum Liquor World,alcohol,medium,SUG003,sugar,5,0.739
10588857559,Platinum Liquor World,alcohol,medium,SOP001,soap,5,0.739
10588857559,Platinum Liquor World,alcohol,medium,SOP002,soap,4,0.739
10588857559,Platinum Liquor World,alcohol,medium,SOP003,soap,4,0.739
10588857559,Platinum Liquor World,alcohol,medium,SOP004,soap,5,0.739
10588857559,Platinum Liquor World,alcohol,medium,BEV001,beverages,4,0.739
10588857559,Platinum Liquor World,alcohol,medium,BEV002,beverages,4,0.739
10588857559,Platinum Liquor World,alcohol,medium,BEV003,beverages,4,0.739
10588857559,Platinum Liquor World,alcohol,medium,BEV004,beverages,4,0.739
10588857559,Platinum Liquor World,alcohol,medium,PC001,personal_care,3,0.739
10588857559,Platinum Liquor World,alcohol,medium,PC002,personal_care,3,0.739
10588857559,Platinum Liquor World,alcohol,medium,PC003,personal_care,4,0.739
10588857559,Platinum Liquor World,alcohol,medium,SAN001,sanitary,3,0.739
10588857559,Platinum Liquor World,alcohol,medium,SAN002,sanitary,2,0.739
10718898100,Nyawita,unclassified,small,OIL001,cooking_oil,3,0.913
10718898100,Nyawita,unclassified,small,OIL002,cooking_oil,3,0.913
10718898100,Nyawita,unclassified,small,OIL003,cooking_oil,2,0.913
10718898100,Nyawita,unclassified,small,OIL004,cooking_oil,4,0.913
10718898100,Nyawita,unclassified,small,FLR001,flour,3,0.913
10718898100,Nyawita,unclassified,small,FLR002,flour,4,0.913
10718898100,Nyawita,unclassified,small,FLR003,flour,3,0.913
10718898100,Nyawita,unclassified,small,FLR004,flour,4,0.913
10718898100,Nyawita,unclassified,small,SUG001,sugar,3,0.913
10718898100,Nyawita,unclassified,small,SUG002,sugar,2,0.913
10718898100,Nyawita,unclassified,small,SUG003,sugar,2,0.913
10718898100,Nyawita,unclassified,small,SOP001,soap,2,0.913
10718898100,Nyawita,unclassified,small,SOP002,soap,2,0.913
10718898100,Nyawita,unclassified,small,SOP003,soap,2,0.913
10718898100,Nyawita,unclassified,small,SOP004,soap,2,0.913
10718898100,Nyawita,unclassified,small,BEV001,beverages,2,0.913
10718898100,Nyawita,unclassified,small,BEV002,beverages,3,0.913
10718898100,Nyawita,unclassified,small,BEV003,beverages,2,0.913
10718898100,Nyawita,unclassified,small,BEV004,beverages,2,0.913
10718898100,Nyawita,unclassified,small,PC001,personal_care,2,0.913
10718898100,Nyawita,unclassified,small,PC002,personal_care,1,0.913
10718898100,Nyawita,unclassified,small,PC003,personal_care,2,0.913
10718898100,Nyawita,unclassified,small,SAN001,sanitary,1,0.913
10718898100,Nyawita,unclassified,small,SAN002,sanitary,1,0.913
10860047051,Bukuga Market,unclassified,small,OIL001,cooking_oil,2,0.5
10860047051,Bukuga Market,unclassified,small,OIL002,cooking_oil,2,0.5
10860047051,Bukuga Market,unclassified,small,OIL003,cooking_oil,2,0.5
10860047051,Bukuga Market,unclassified,small,OIL004,cooking_oil,2,0.5
10860047051,Bukuga Market,unclassified,small,FLR001,flour,2,0.5
10860047051,Bukuga Market,unclassified,small,FLR002,flour,2,0.5
10860047051,Bukuga Market,unclassified,small,FLR003,flour,2,0.5
10860047051,Bukuga Market,unclassified,small,FLR004,flour,2,0.5
10860047051,Bukuga Market,unclassified,small,SUG001,sugar,1,0.5
10860047051,Bukuga Market,unclassified,small,SUG002,sugar,2,0.5
10860047051,Bukuga Market,unclassified,small,SUG003,sugar,1,0.5
10860047051,Bukuga Market,unclassified,small,SOP001,soap,1,0.5
10860047051,Bukuga Market,unclassified,small,SOP002,soap,1,0.5
10860047051,Bukuga Market,unclassified,small,SOP003,soap,1,0.5
10860047051,Bukuga Market,unclassified,small,SOP004,soap,1,0.5
10860047051,Bukuga Market,unclassified,small,BEV001,beverages,1,0.5
10860047051,Bukuga Market,unclassified,small,BEV002,beverages,1,0.5
10860047051,Bukuga Market,unclassified,small,BEV003,beverages,1,0.5
10860047051,Bukuga Market,unclassified,small,BEV004,beverages,1,0.5
10860047051,Bukuga Market,unclassified,small,PC001,personal_care,1,0.5
10860047051,Bukuga Market,unclassified,small,PC002,personal_care,1,0.5
10860047051,Bukuga Market,unclassified,small,PC003,personal_care,1,0.5
10860047051,Bukuga Market,unclassified,small,SAN001,sanitary,1,0.5
10860047051,Bukuga Market,unclassified,small,SAN002,sanitary,1,0.5
10898735238,Carrefour,supermarket,large,OIL001,cooking_oil,16,0.63
10898735238,Carrefour,supermarket,large,OIL002,cooking_oil,13,0.63
10898735238,Carrefour,supermarket,large,OIL003,cooking_oil,16,0.63
10898735238,Carrefour,supermarket,large,OIL004,cooking_oil,12,0.63
10898735238,Carrefour,supermarket,large,FLR001,flour,17,0.63
10898735238,Carrefour,supermarket,large,FLR002,flour,16,0.63
10898735238,Carrefour,supermarket,large,FLR003,flour,16,0.63
10898735238,Carrefour,supermarket,large,FLR004,flour,16,0.63
10898735238,Carrefour,supermarket,large,SUG001,sugar,13,0.63
10898735238,Carrefour,supermarket,large,SUG002,sugar,14,0.63
10898735238,Carrefour,supermarket,large,SUG003,sugar,12,0.63
10898735238,Carrefour,supermarket,large,SOP001,soap,7,0.63
10898735238,Carrefour,supermarket,large,SOP002,soap,9,0.63
10898735238,Carrefour,supermarket,large,SOP003,soap,11,0.63
10898735238,Carrefour,supermarket,large,SOP004,soap,8,0.63
10898735238,Carrefour,supermarket,large,BEV001,beverages,11,0.63
10898735238,Carrefour,supermarket,large,BEV002,beverages,9,0.63
10898735238,Carrefour,supermarket,large,BEV003,beverages,9,0.63
10898735238,Carrefour,supermarket,large,BEV004,beverages,11,0.63
10898735238,Carrefour,supermarket,large,PC001,personal_care,7,0.63
10898735238,Carrefour,supermarket,large,PC002,personal_care,7,0.63
10898735238,Carrefour,supermarket,large,PC003,personal_care,7,0.63
10898735238,Carrefour,supermarket,large,SAN001,sanitary,6,0.63
10898735238,Carrefour,supermarket,large,SAN002,sanitary,6,0.63
10898822430,Carrefour,supermarket,large,OIL001,cooking_oil,16,0.804
10898822430,Carrefour,supermarket,large,OIL002,cooking_oil,17,0.804
10898822430,Carrefour,supermarket,large,OIL003,cooking_oil,18,0.804
10898822430,Carrefour,supermarket,large,OIL004,cooking_oil,19,0.804
10898822430,Carrefour,supermarket,large,FLR001,flour,23,0.804
10898822430,Carrefour,supermarket,large,FLR002,flour,20,0.804
10898822430,Carrefour,supermarket,large,FLR003,flour,25,0.804
10898822430,Carrefour,supermarket,large,FLR004,flour,20,0.804
10898822430,Carrefour,supermarket,large,SUG001,sugar,18,0.804
10898822430,Carrefour,supermarket,large,SUG002,sugar,13,0.804
10898822430,Carrefour,supermarket,large,SUG003,sugar,15,0.804
10898822430,Carrefour,supermarket,large,SOP001,soap,12,0.804
10898822430,Carrefour,supermarket,large,SOP002,soap,11,0.804
10898822430,Carrefour,supermarket,large,SOP003,soap,10,0.804
10898822430,Carrefour,supermarket,large,SOP004,soap,13,0.804
10898822430,Carrefour,supermarket,large,BEV001,beverages,11,0.804
10898822430,Carrefour,supermarket,large,BEV002,beverages,15,0.804
10898822430,Carrefour,supermarket,large,BEV003,beverages,12,0.804
10898822430,Carrefour,supermarket,large,BEV004,beverages,12,0.804
10898822430,Carrefour,supermarket,large,PC001,personal_care,10,0.804
10898822430,Carrefour,supermarket,large,PC002,personal_care,11,0.804
10898822430,Carrefour,supermarket,large,PC003,personal_care,11,0.804
10898822430,Carrefour,supermarket,large,SAN001,sanitary,6,0.804
10898822430,Carrefour,supermarket,large,SAN002,sanitary,9,0.804
10898822431,Beyond Fruits,greengrocer,small,OIL001,cooking_oil,3,0.783
10898822431,Beyond Fruits,greengrocer,small,OIL002,cooking_oil,3,0.783
10898822431,Beyond Fruits,greengrocer,small,OIL003,cooking_oil,2,0.783
10898822431,Beyond Fruits,greengrocer,small,OIL004,cooking_oil,3,0.783
10898822431,Beyond Fruits,greengrocer,small,FLR001,flour,3,0.783
10898822431,Beyond Fruits,greengrocer,small,FLR002,flour,4,0.783
10898822431,Beyond Fruits,greengrocer,small,FLR003,flour,4,0.783
10898822431,Beyond Fruits,greengrocer,small,FLR004,flour,3,0.783
10898822431,Beyond Fruits,greengrocer,small,SUG001,sugar,2,0.783
10898822431,Beyond Fruits,greengrocer,small,SUG002,sugar,3,0.783
10898822431,Beyond Fruits,greengrocer,small,SUG003,sugar,2,0.783
10898822431,Beyond Fruits,greengrocer,small,SOP001,soap,2,0.783
10898822431,Beyond Fruits,greengrocer,small,SOP002,soap,2,0.783
10898822431,Beyond Fruits,greengrocer,small,SOP003,soap,2,0.783
10898822431,Beyond Fruits,greengrocer,small,SOP004,soap,1,0.783
10898822431,Beyond Fruits,greengrocer,small,BEV001,beverages,2,0.783
10898822431,Beyond Fruits,greengrocer,small,BEV002,beverages,2,0.783
10898822431,Beyond Fruits,greengrocer,small,BEV003,beverages,2,0.783
10898822431,Beyond Fruits,greengrocer,small,BEV004,beverages,2,0.783
10898822431,Beyond Fruits,greengrocer,small,PC001,personal_care,1,0.783
10898822431,Beyond Fruits,greengrocer,small,PC002,personal_care,2,0.783
10898822431,Beyond Fruits,greengrocer,small,PC003,personal_care,1,0.783
10898822431,Beyond Fruits,greengrocer,small,SAN001,sanitary,1,0.783
10898822431,Beyond Fruits,greengrocer,small,SAN002,sanitary,1,0.783
10921144544,Prafulla enterprises Ltd.,wholesale,large,OIL001,cooking_oil,20,0.957
10921144544,Prafulla enterprises Ltd.,wholesale,large,OIL002,cooking_oil,23,0.957
10921144544,Prafulla enterprises Ltd.,wholesale,large,OIL003,cooking_oil,20,0.957
10921144544,Prafulla enterprises Ltd.,wholesale,large,OIL004,cooking_oil,18,0.957
10921144544,Prafulla enterprises Ltd.,wholesale,large,FLR001,flour,27,0.957
10921144544,Prafulla enterprises Ltd.,wholesale,large,FLR002,flour,30,0.957
10921144544,Prafulla enterprises Ltd.,wholesale,large,FLR003,flour,22,0.957
10921144544,Prafulla enterprises Ltd.,wholesale,large,FLR004,flour,26,0.957
10921144544,Prafulla enterprises Ltd.,wholesale,large,SUG001,sugar,17,0.957
10921144544,Prafulla enterprises Ltd.,wholesale,large,SUG002,sugar,19,0.957
10921144544,Prafulla enterprises Ltd.,wholesale,large,SUG003,sugar,19,0.957
10921144544,Prafulla enterprises Ltd.,wholesale,large,SOP001,soap,12,0.957
10921144544,Prafulla enterprises Ltd.,wholesale,large,SOP002,soap,16,0.957
10921144544,Prafulla enterprises Ltd.,wholesale,large,SOP003,soap,16,0.957
10921144544,Prafulla enterprises Ltd.,wholesale,large,SOP004,soap,15,0.957
10921144544,Prafulla enterprises Ltd.,wholesale,large,BEV001,beverages,14,0.957
10921144544,Prafulla enterprises Ltd.,wholesale,large,BEV002,beverages,14,0.957
10921144544,Prafulla enterprises Ltd.,wholesale,large,BEV003,beverages,13,0.957
10921144544,Prafulla enterprises Ltd.,wholesale,large,BEV004,beverages,14,0.957
10921144544,Prafulla enterprises Ltd.,wholesale,large,PC001,personal_care,12,0.957
10921144544,Prafulla enterprises Ltd.,wholesale,large,PC002,personal_care,10,0.957
10921144544,Prafulla enterprises Ltd.,wholesale,large,PC003,personal_care,11,0.957
10921144544,Prafulla enterprises Ltd.,wholesale,large,SAN001,sanitary,9,0.957
10921144544,Prafulla enterprises Ltd.,wholesale,large,SAN002,sanitary,8,0.957
10921245484,Bachulal popatlal,gas,medium,OIL001,cooking_oil,8,1.0
10921245484,Bachulal popatlal,gas,medium,OIL002,cooking_oil,9,1.0
10921245484,Bachulal popatlal,gas,medium,OIL003,cooking_oil,9,1.0
10921245484,Bachulal popatlal,gas,medium,OIL004,cooking_oil,8,1.0
10921245484,Bachulal popatlal,gas,medium,FLR001,flour,10,1.0
10921245484,Bachulal popatlal,gas,medium,FLR002,flour,9,1.0
10921245484,Bachulal popatlal,gas,medium,FLR003,flour,10,1.0
10921245484,Bachulal popatlal,gas,medium,FLR004,flour,11,1.0
10921245484,Bachulal popatlal,gas,medium,SUG001,sugar,6,1.0
10921245484,Bachulal popatlal,gas,medium,SUG002,sugar,6,1.0
10921245484,Bachulal popatlal,gas,medium,SUG003,sugar,8,1.0
10921245484,Bachulal popatlal,gas,medium,SOP001,soap,5,1.0
10921245484,Bachulal popatlal,gas,medium,SOP002,soap,5,1.0
10921245484,Bachulal popatlal,gas,medium,SOP003,soap,6,1.0
10921245484,Bachulal popatlal,gas,medium,SOP004,soap,6,1.0
10921245484,Bachulal popatlal,gas,medium,BEV001,beverages,7,1.0
10921245484,Bachulal popatlal,gas,medium,BEV002,beverages,7,1.0
10921245484,Bachulal popatlal,gas,medium,BEV003,beverages,5,1.0
10921245484,Bachulal popatlal,gas,medium,BEV004,beverages,7,1.0
10921245484,Bachulal popatlal,gas,medium,PC001,personal_care,5,1.0
10921245484,Bachulal popatlal,gas,medium,PC002,personal_care,5,1.0
10921245484,Bachulal popatlal,gas,medium,PC003,personal_care,4,1.0
10921245484,Bachulal popatlal,gas,medium,SAN001,sanitary,4,1.0
10921245484,Bachulal popatlal,gas,medium,SAN002,sanitary,4,1.0
10921245485,Mjengo Supermart,wholesale,large,OIL001,cooking_oil,25,1.0
10921245485,Mjengo Supermart,wholesale,large,OIL002,cooking_oil,25,1.0
10921245485,Mjengo Supermart,wholesale,large,OIL003,cooking_oil,19,1.0
10921245485,Mjengo Supermart,wholesale,large,OIL004,cooking_oil,21,1.0
10921245485,Mjengo Supermart,wholesale,large,FLR001,flour,31,1.0
10921245485,Mjengo Supermart,wholesale,large,FLR002,flour,24,1.0
10921245485,Mjengo Supermart,wholesale,large,FLR003,flour,29,1.0
10921245485,Mjengo Supermart,wholesale,large,FLR004,flour,28,1.0
10921245485,Mjengo Supermart,wholesale,large,SUG001,sugar,18,1.0
10921245485,Mjengo Supermart,wholesale,large,SUG002,sugar,17,1.0
10921245485,Mjengo Supermart,wholesale,large,SUG003,sugar,17,1.0
10921245485,Mjengo Supermart,wholesale,large,SOP001,soap,15,1.0
10921245485,Mjengo Supermart,wholesale,large,SOP002,soap,13,1.0
10921245485,Mjengo Supermart,wholesale,large,SOP003,soap,14,1.0
10921245485,Mjengo Supermart,wholesale,large,SOP004,soap,16,1.0
10921245485,Mjengo Supermart,wholesale,large,BEV001,beverages,17,1.0
10921245485,Mjengo Supermart,wholesale,large,BEV002,beverages,16,1.0
10921245485,Mjengo Supermart,wholesale,large,BEV003,beverages,19,1.0
10921245485,Mjengo Supermart,wholesale,large,BEV004,beverages,16,1.0
10921245485,Mjengo Supermart,wholesale,large,PC001,personal_care,14,1.0
10921245485,Mjengo Supermart,wholesale,large,PC002,personal_care,14,1.0
10921245485,Mjengo Supermart,wholesale,large,PC003,personal_care,10,1.0
10921245485,Mjengo Supermart,wholesale,large,SAN001,sanitary,10,1.0
10921245485,Mjengo Supermart,wholesale,large,SAN002,sanitary,8,1.0
10921245494,U shop,wholesale,large,OIL001,cooking_oil,25,0.978
10921245494,U shop,wholesale,large,OIL002,cooking_oil,23,0.978
10921245494,U shop,wholesale,large,OIL003,cooking_oil,25,0.978
10921245494,U shop,wholesale,large,OIL004,cooking_oil,19,0.978
10921245494,U shop,wholesale,large,FLR001,flour,27,0.978
10921245494,U shop,wholesale,large,FLR002,flour,24,0.978
10921245494,U shop,wholesale,large,FLR003,flour,29,0.978
10921245494,U shop,wholesale,large,FLR004,flour,27,0.978
10921245494,U shop,wholesale,large,SUG001,sugar,16,0.978
10921245494,U shop,wholesale,large,SUG002,sugar,22,0.978
10921245494,U shop,wholesale,large,SUG003,sugar,21,0.978
10921245494,U shop,wholesale,large,SOP001,soap,14,0.978
10921245494,U shop,wholesale,large,SOP002,soap,14,0.978
10921245494,U shop,wholesale,large,SOP003,soap,14,0.978
10921245494,U shop,wholesale,large,SOP004,soap,16,0.978
10921245494,U shop,wholesale,large,BEV001,beverages,16,0.978
10921245494,U shop,wholesale,large,BEV002,beverages,17,0.978
10921245494,U shop,wholesale,large,BEV003,beverages,16,0.978
10921245494,U shop,wholesale,large,BEV004,beverages,16,0.978
10921245494,U shop,wholesale,large,PC001,personal_care,14,0.978
10921245494,U shop,wholesale,large,PC002,personal_care,10,0.978
10921245494,U shop,wholesale,large,PC003,personal_care,12,0.978
10921245494,U shop,wholesale,large,SAN001,sanitary,8,0.978
10921245494,U shop,wholesale,large,SAN002,sanitary,8,0.978
10921245495,Healthy U,supermarket,large,OIL001,cooking_oil,13,0.761
10921245495,Healthy U,supermarket,large,OIL002,cooking_oil,18,0.761
10921245495,Healthy U,supermarket,large,OIL003,cooking_oil,19,0.761
10921245495,Healthy U,supermarket,large,OIL004,cooking_oil,18,0.761
10921245495,Healthy U,supermarket,large,FLR001,flour,17,0.761
10921245495,Healthy U,supermarket,large,FLR002,flour,21,0.761
10921245495,Healthy U,supermarket,large,FLR003,flour,19,0.761
10921245495,Healthy U,supermarket,large,FLR004,flour,23,0.761
10921245495,Healthy U,supermarket,large,SUG001,sugar,15,0.761
10921245495,Healthy U,supermarket,large,SUG002,sugar,16,0.761
10921245495,Healthy U,supermarket,large,SUG003,sugar,14,0.761
10921245495,Healthy U,supermarket,large,SOP001,soap,11,0.761
10921245495,Healthy U,supermarket,large,SOP002,soap,10,0.761
10921245495,Healthy U,supermarket,large,SOP003,soap,10,0.761
10921245495,Healthy U,supermarket,large,SOP004,soap,9,0.761
10921245495,Healthy U,supermarket,large,BEV001,beverages,12,0.761
10921245495,Healthy U,supermarket,large,BEV002,beverages,12,0.761
10921245495,Healthy U,supermarket,large,BEV003,beverages,10,0.761
10921245495,Healthy U,supermarket,large,BEV004,beverages,12,0.761
10921245495,Healthy U,supermarket,large,PC001,personal_care,10,0.761
10921245495,Healthy U,supermarket,large,PC002,personal_care,10,0.761
10921245495,Healthy U,supermarket,large,PC003,personal_care,10,0.761
10921245495,Healthy U,supermarket,large,SAN001,sanitary,7,0.761
10921245495,Healthy U,supermarket,large,SAN002,sanitary,8,0.761
10928805131,Sunbake Enterprises,wholesale,large,OIL001,cooking_oil,15,0.63
10928805131,Sunbake Enterprises,wholesale,large,OIL002,cooking_oil,16,0.63
10928805131,Sunbake Enterprises,wholesale,large,OIL003,cooking_oil,12,0.63
10928805131,Sunbake Enterprises,wholesale,large,OIL004,cooking_oil,11,0.63
10928805131,Sunbake Enterprises,wholesale,large,FLR001,flour,17,0.63
10928805131,Sunbake Enterprises,wholesale,large,FLR002,flour,19,0.63
10928805131,Sunbake Enterprises,wholesale,large,FLR003,flour,17,0.63
10928805131,Sunbake Enterprises,wholesale,large,FLR004,flour,16,0.63
10928805131,Sunbake Enterprises,wholesale,large,SUG001,sugar,13,0.63
10928805131,Sunbake Enterprises,wholesale,large,SUG002,sugar,14,0.63
10928805131,Sunbake Enterprises,wholesale,large,SUG003,sugar,13,0.63
10928805131,Sunbake Enterprises,wholesale,large,SOP001,soap,9,0.63
10928805131,Sunbake Enterprises,wholesale,large,SOP002,soap,8,0.63
10928805131,Sunbake Enterprises,wholesale,large,SOP003,soap,7,0.63
10928805131,Sunbake Enterprises,wholesale,large,SOP004,soap,8,0.63
10928805131,Sunbake Enterprises,wholesale,large,BEV001,beverages,12,0.63
10928805131,Sunbake Enterprises,wholesale,large,BEV002,beverages,10,0.63
10928805131,Sunbake Enterprises,wholesale,large,BEV003,beverages,10,0.63
10928805131,Sunbake Enterprises,wholesale,large,BEV004,beverages,9,0.63
10928805131,Sunbake Enterprises,wholesale,large,PC001,personal_care,9,0.63
10928805131,Sunbake Enterprises,wholesale,large,PC002,personal_care,7,0.63
10928805131,Sunbake Enterprises,wholesale,large,PC003,personal_care,8,0.63
10928805131,Sunbake Enterprises,wholesale,large,SAN001,sanitary,7,0.63
10928805131,Sunbake Enterprises,wholesale,large,SAN002,sanitary,7,0.63
10928805132,Nyanza Sugar & produce Ltd,farm,small,OIL001,cooking_oil,2,0.63
10928805132,Nyanza Sugar & produce Ltd,farm,small,OIL002,cooking_oil,2,0.63
10928805132,Nyanza Sugar & produce Ltd,farm,small,OIL003,cooking_oil,2,0.63
10928805132,Nyanza Sugar & produce Ltd,farm,small,OIL004,cooking_oil,2,0.63
10928805132,Nyanza Sugar & produce Ltd,farm,small,FLR001,flour,3,0.63
10928805132,Nyanza Sugar & produce Ltd,farm,small,FLR002,flour,2,0.63
10928805132,Nyanza Sugar & produce Ltd,farm,small,FLR003,flour,3,0.63
10928805132,Nyanza Sugar & produce Ltd,farm,small,FLR004,flour,2,0.63
10928805132,Nyanza Sugar & produce Ltd,farm,small,SUG001,sugar,2,0.63
10928805132,Nyanza Sugar & produce Ltd,farm,small,SUG002,sugar,2,0.63
10928805132,Nyanza Sugar & produce Ltd,farm,small,SUG003,sugar,2,0.63
10928805132,Nyanza Sugar & produce Ltd,farm,small,SOP001,soap,2,0.63
10928805132,Nyanza Sugar & produce Ltd,farm,small,SOP002,soap,2,0.63
10928805132,Nyanza Sugar & produce Ltd,farm,small,SOP003,soap,1,0.63
10928805132,Nyanza Sugar & produce Ltd,farm,small,SOP004,soap,1,0.63
10928805132,Nyanza Sugar & produce Ltd,farm,small,BEV001,beverages,2,0.63
10928805132,Nyanza Sugar & produce Ltd,farm,small,BEV002,beverages,2,0.63
10928805132,Nyanza Sugar & produce Ltd,farm,small,BEV003,beverages,2,0.63
10928805132,Nyanza Sugar & produce Ltd,farm,small,BEV004,beverages,1,0.63
10928805132,Nyanza Sugar & produce Ltd,farm,small,PC001,personal_care,1,0.63
10928805132,Nyanza Sugar & produce Ltd,farm,small,PC002,personal_care,1,0.63
10928805132,Nyanza Sugar & produce Ltd,farm,small,PC003,personal_care,1,0.63
10928805132,Nyanza Sugar & produce Ltd,farm,small,SAN001,sanitary,1,0.63
10928805132,Nyanza Sugar & produce Ltd,farm,small,SAN002,sanitary,1,0.63
10928805133,Kenya Wine Agencies Ltd,alcohol,medium,OIL001,cooking_oil,5,0.63
10928805133,Kenya Wine Agencies Ltd,alcohol,medium,OIL002,cooking_oil,6,0.63
10928805133,Kenya Wine Agencies Ltd,alcohol,medium,OIL003,cooking_oil,5,0.63
10928805133,Kenya Wine Agencies Ltd,alcohol,medium,OIL004,cooking_oil,5,0.63
10928805133,Kenya Wine Agencies Ltd,alcohol,medium,FLR001,flour,7,0.63
10928805133,Kenya Wine Agencies Ltd,alcohol,medium,FLR002,flour,7,0.63
10928805133,Kenya Wine Agencies Ltd,alcohol,medium,FLR003,flour,6,0.63
10928805133,Kenya Wine Agencies Ltd,alcohol,medium,FLR004,flour,5,0.63
10928805133,Kenya Wine Agencies Ltd,alcohol,medium,SUG001,sugar,4,0.63
10928805133,Kenya Wine Agencies Ltd,alcohol,medium,SUG002,sugar,4,0.63
10928805133,Kenya Wine Agencies Ltd,alcohol,medium,SUG003,sugar,4,0.63
10928805133,Kenya Wine Agencies Ltd,alcohol,medium,SOP001,soap,3,0.63
10928805133,Kenya Wine Agencies Ltd,alcohol,medium,SOP002,soap,3,0.63
10928805133,Kenya Wine Agencies Ltd,alcohol,medium,SOP003,soap,3,0.63
10928805133,Kenya Wine Agencies Ltd,alcohol,medium,SOP004,soap,4,0.63
10928805133,Kenya Wine Agencies Ltd,alcohol,medium,BEV001,beverages,4,0.63
10928805133,Kenya Wine Agencies Ltd,alcohol,medium,BEV002,beverages,4,0.63
10928805133,Kenya Wine Agencies Ltd,alcohol,medium,BEV003,beverages,4,0.63
10928805133,Kenya Wine Agencies Ltd,alcohol,medium,BEV004,beverages,5,0.63
10928805133,Kenya Wine Agencies Ltd,alcohol,medium,PC001,personal_care,2,0.63
10928805133,Kenya Wine Agencies Ltd,alcohol,medium,PC002,personal_care,3,0.63
10928805133,Kenya Wine Agencies Ltd,alcohol,medium,PC003,personal_care,3,0.63
10928805133,Kenya Wine Agencies Ltd,alcohol,medium,SAN001,sanitary,2,0.63
10928805133,Kenya Wine Agencies Ltd,alcohol,medium,SAN002,sanitary,2,0.63
10928935692,Mawele Wines & Spirits,alcohol,medium,OIL001,cooking_oil,7,0.978
10928935692,Mawele Wines & Spirits,alcohol,medium,OIL002,cooking_oil,9,0.978
10928935692,Mawele Wines & Spirits,alcohol,medium,OIL003,cooking_oil,8,0.978
10928935692,Mawele Wines & Spirits,alcohol,medium,OIL004,cooking_oil,8,0.978
10928935692,Mawele Wines & Spirits,alcohol,medium,FLR001,flour,10,0.978
10928935692,Mawele Wines & Spirits,alcohol,medium,FLR002,flour,11,0.978
10928935692,Mawele Wines & Spirits,alcohol,medium,FLR003,flour,10,0.978
10928935692,Mawele Wines & Spirits,alcohol,medium,FLR004,flour,10,0.978
10928935692,Mawele Wines & Spirits,alcohol,medium,SUG001,sugar,6,0.978
10928935692,Mawele Wines & Spirits,alcohol,medium,SUG002,sugar,7,0.978
10928935692,Mawele Wines & Spirits,alcohol,medium,SUG003,sugar,8,0.978
10928935692,Mawele Wines & Spirits,alcohol,medium,SOP001,soap,6,0.978
10928935692,Mawele Wines & Spirits,alcohol,medium,SOP002,soap,6,0.978
10928935692,Mawele Wines & Spirits,alcohol,medium,SOP003,soap,5,0.978
10928935692,Mawele Wines & Spirits,alcohol,medium,SOP004,soap,6,0.978
10928935692,Mawele Wines & Spirits,alcohol,medium,BEV001,beverages,6,0.978
10928935692,Mawele Wines & Spirits,alcohol,medium,BEV002,beverages,6,0.978
10928935692,Mawele Wines & Spirits,alcohol,medium,BEV003,beverages,7,0.978
10928935692,Mawele Wines & Spirits,alcohol,medium,BEV004,beverages,7,0.978
10928935692,Mawele Wines & Spirits,alcohol,medium,PC001,personal_care,5,0.978
10928935692,Mawele Wines & Spirits,alcohol,medium,PC002,personal_care,5,0.978
10928935692,Mawele Wines & Spirits,alcohol,medium,PC003,personal_care,5,0.978
10928935692,Mawele Wines & Spirits,alcohol,medium,SAN001,sanitary,3,0.978
10928935692,Mawele Wines & Spirits,alcohol,medium,SAN002,sanitary,3,0.978
10928935693,Paul Packaging Items,wholesale,large,OIL001,cooking_oil,17,0.978
10928935693,Paul Packaging Items,wholesale,large,OIL002,cooking_oil,20,0.978
10928935693,Paul Packaging Items,wholesale,large,OIL003,cooking_oil,25,0.978
10928935693,Paul Packaging Items,wholesale,large,OIL004,cooking_oil,24,0.978
10928935693,Paul Packaging Items,wholesale,large,FLR001,flour,28,0.978
10928935693,Paul Packaging Items,wholesale,large,FLR002,flour,28,0.978
10928935693,Paul Packaging Items,wholesale,large,FLR003,flour,21,0.978
10928935693,Paul Packaging Items,wholesale,large,FLR004,flour,25,0.978
10928935693,Paul Packaging Items,wholesale,large,SUG001,sugar,19,0.978
10928935693,Paul Packaging Items,wholesale,large,SUG002,sugar,18,0.978
10928935693,Paul Packaging Items,wholesale,large,SUG003,sugar,17,0.978
10928935693,Paul Packaging Items,wholesale,large,SOP001,soap,16,0.978
10928935693,Paul Packaging Items,wholesale,large,SOP002,soap,12,0.978
10928935693,Paul Packaging Items,wholesale,large,SOP003,soap,14,0.978
10928935693,Paul Packaging Items,wholesale,large,SOP004,soap,13,0.978
10928935693,Paul Packaging Items,wholesale,large,BEV001,beverages,20,0.978
10928935693,Paul Packaging Items,wholesale,large,BEV002,beverages,15,0.978
10928935693,Paul Packaging Items,wholesale,large,BEV003,beverages,17,0.978
10928935693,Paul Packaging Items,wholesale,large,BEV004,beverages,14,0.978
10928935693,Paul Packaging Items,wholesale,large,PC001,personal_care,14,0.978
10928935693,Paul Packaging Items,wholesale,large,PC002,personal_care,13,0.978
10928935693,Paul Packaging Items,wholesale,large,PC003,personal_care,11,0.978
10928935693,Paul Packaging Items,wholesale,large,SAN001,sanitary,9,0.978
10928935693,Paul Packaging Items,wholesale,large,SAN002,sanitary,9,0.978
10928935695,Unknown,kiosk,small,OIL001,cooking_oil,4,0.978
10928935695,Unknown,kiosk,small,OIL002,cooking_oil,4,0.978
10928935695,Unknown,kiosk,small,OIL003,cooking_oil,3,0.978
10928935695,Unknown,kiosk,small,OIL004,cooking_oil,3,0.978
10928935695,Unknown,kiosk,small,FLR001,flour,4,0.978
10928935695,Unknown,kiosk,small,FLR002,flour,3,0.978
10928935695,Unknown,kiosk,small,FLR003,flour,4,0.978
10928935695,Unknown,kiosk,small,FLR004,flour,4,0.978
10928935695,Unknown,kiosk,small,SUG001,sugar,3,0.978
10928935695,Unknown,kiosk,small,SUG002,sugar,3,0.978
10928935695,Unknown,kiosk,small,SUG003,sugar,2,0.978
10928935695,Unknown,kiosk,small,SOP001,soap,3,0.978
10928935695,Unknown,kiosk,small,SOP002,soap,2,0.978
10928935695,Unknown,kiosk,small,SOP003,soap,2,0.978
10928935695,Unknown,kiosk,small,SOP004,soap,2,0.978
10928935695,Unknown,kiosk,small,BEV001,beverages,2,0.978
10928935695,Unknown,kiosk,small,BEV002,beverages,2,0.978
10928935695,Unknown,kiosk,small,BEV003,beverages,3,0.978
10928935695,Unknown,kiosk,small,BEV004,beverages,2,0.978
10928935695,Unknown,kiosk,small,PC001,personal_care,2,0.978
10928935695,Unknown,kiosk,small,PC002,personal_care,2,0.978
10928935695,Unknown,kiosk,small,PC003,personal_care,2,0.978
10928935695,Unknown,kiosk,small,SAN001,sanitary,2,0.978
10928935695,Unknown,kiosk,small,SAN002,sanitary,2,0.978
10928935696,Apechem Agrovet,agrarian,medium,OIL001,cooking_oil,8,0.978
10928935696,Apechem Agrovet,agrarian,medium,OIL002,cooking_oil,8,0.978
10928935696,Apechem Agrovet,agrarian,medium,OIL003,cooking_oil,9,0.978
10928935696,Apechem Agrovet,agrarian,medium,OIL004,cooking_oil,9,0.978
10928935696,Apechem Agrovet,agrarian,medium,FLR001,flour,8,0.978
10928935696,Apechem Agrovet,agrarian,medium,FLR002,flour,11,0.978
10928935696,Apechem Agrovet,agrarian,medium,FLR003,flour,8,0.978
10928935696,Apechem Agrovet,agrarian,medium,FLR004,flour,9,0.978
10928935696,Apechem Agrovet,agrarian,medium,SUG001,sugar,7,0.978
10928935696,Apechem Agrovet,agrarian,medium,SUG002,sugar,8,0.978
10928935696,Apechem Agrovet,agrarian,medium,SUG003,sugar,7,0.978
10928935696,Apechem Agrovet,agrarian,medium,SOP001,soap,5,0.978
10928935696,Apechem Agrovet,agrarian,medium,SOP002,soap,6,0.978
10928935696,Apechem Agrovet,agrarian,medium,SOP003,soap,5,0.978
10928935696,Apechem Agrovet,agrarian,medium,SOP004,soap,5,0.978
10928935696,Apechem Agrovet,agrarian,medium,BEV001,beverages,5,0.978
10928935696,Apechem Agrovet,agrarian,medium,BEV002,beverages,5,0.978
10928935696,Apechem Agrovet,agrarian,medium,BEV003,beverages,5,0.978
10928935696,Apechem Agrovet,agrarian,medium,BEV004,beverages,5,0.978
10928935696,Apechem Agrovet,agrarian,medium,PC001,personal_care,4,0.978
10928935696,Apechem Agrovet,agrarian,medium,PC002,personal_care,4,0.978
10928935696,Apechem Agrovet,agrarian,medium,PC003,personal_care,4,0.978
10928935696,Apechem Agrovet,agrarian,medium,SAN001,sanitary,3,0.978
10928935696,Apechem Agrovet,agrarian,medium,SAN002,sanitary,4,0.978
10928935961,Salpro Kisumu Ltd,wholesale,large,OIL001,cooking_oil,22,0.978
10928935961,Salpro Kisumu Ltd,wholesale,large,OIL002,cooking_oil,20,0.978
10928935961,Salpro Kisumu Ltd,wholesale,large,OIL003,cooking_oil,19,0.978
10928935961,Salpro Kisumu Ltd,wholesale,large,OIL004,cooking_oil,24,0.978
10928935961,Salpro Kisumu Ltd,wholesale,large,FLR001,flour,22,0.978
10928935961,Salpro Kisumu Ltd,wholesale,large,FLR002,flour,25,0.978
10928935961,Salpro Kisumu Ltd,wholesale,large,FLR003,flour,30,0.978
10928935961,Salpro Kisumu Ltd,wholesale,large,FLR004,flour,26,0.978
10928935961,Salpro Kisumu Ltd,wholesale,large,SUG001,sugar,16,0.978
10928935961,Salpro Kisumu Ltd,wholesale,large,SUG002,sugar,22,0.978
10928935961,Salpro Kisumu Ltd,wholesale,large,SUG003,sugar,16,0.978
10928935961,Salpro Kisumu Ltd,wholesale,large,SOP001,soap,15,0.978
10928935961,Salpro Kisumu Ltd,wholesale,large,SOP002,soap,13,0.978
10928935961,Salpro Kisumu Ltd,wholesale,large,SOP003,soap,15,0.978
10928935961,Salpro Kisumu Ltd,wholesale,large,SOP004,soap,13,0.978
10928935961,Salpro Kisumu Ltd,wholesale,large,BEV001,beverages,20,0.978
10928935961,Salpro Kisumu Ltd,wholesale,large,BEV002,beverages,20,0.978
10928935961,Salpro Kisumu Ltd,wholesale,large,BEV003,beverages,15,0.978
10928935961,Salpro Kisumu Ltd,wholesale,large,BEV004,beverages,18,0.978
10928935961,Salpro Kisumu Ltd,wholesale,large,PC001,personal_care,13,0.978
10928935961,Salpro Kisumu Ltd,wholesale,large,PC002,personal_care,13,0.978
10928935961,Salpro Kisumu Ltd,wholesale,large,PC003,personal_care,10,0.978
10928935961,Salpro Kisumu Ltd,wholesale,large,SAN001,sanitary,10,0.978
10928935961,Salpro Kisumu Ltd,wholesale,large,SAN002,sanitary,9,0.978
10931608141,Boom Mart,supermarket,large,OIL001,cooking_oil,31,1.5
10931608141,Boom Mart,supermarket,large,OIL002,cooking_oil,37,1.5
10931608141,Boom Mart,supermarket,large,OIL003,cooking_oil,31,1.5
10931608141,Boom Mart,supermarket,large,OIL004,cooking_oil,31,1.5
10931608141,Boom Mart,supermarket,large,FLR001,flour,40,1.5
10931608141,Boom Mart,supermarket,large,FLR002,flour,40,1.5
10931608141,Boom Mart,supermarket,large,FLR003,flour,40,1.5
10931608141,Boom Mart,supermarket,large,FLR004,flour,43,1.5
10931608141,Boom Mart,supermarket,large,SUG001,sugar,29,1.5
10931608141,Boom Mart,supermarket,large,SUG002,sugar,32,1.5
10931608141,Boom Mart,supermarket,large,SUG003,sugar,29,1.5
10931608141,Boom Mart,supermarket,large,SOP001,soap,24,1.5
10931608141,Boom Mart,supermarket,large,SOP002,soap,23,1.5
10931608141,Boom Mart,supermarket,large,SOP003,soap,23,1.5
10931608141,Boom Mart,supermarket,large,SOP004,soap,25,1.5
10931608141,Boom Mart,supermarket,large,BEV001,beverages,28,1.5
10931608141,Boom Mart,supermarket,large,BEV002,beverages,26,1.5
10931608141,Boom Mart,supermarket,large,BEV003,beverages,29,1.5
10931608141,Boom Mart,supermarket,large,BEV004,beverages,22,1.5
10931608141,Boom Mart,supermarket,large,PC001,personal_care,17,1.5
10931608141,Boom Mart,supermarket,large,PC002,personal_care,17,1.5
10931608141,Boom Mart,supermarket,large,PC003,personal_care,21,1.5
10931608141,Boom Mart,supermarket,large,SAN001,sanitary,14,1.5
10931608141,Boom Mart,supermarket,large,SAN002,sanitary,17,1.5
10931608142,Unknown,alcohol,medium,OIL001,cooking_oil,10,1.217
10931608142,Unknown,alcohol,medium,OIL002,cooking_oil,10,1.217
10931608142,Unknown,alcohol,medium,OIL003,cooking_oil,12,1.217
10931608142,Unknown,alcohol,medium,OIL004,cooking_oil,12,1.217
10931608142,Unknown,alcohol,medium,FLR001,flour,10,1.217
10931608142,Unknown,alcohol,medium,FLR002,flour,11,1.217
10931608142,Unknown,alcohol,medium,FLR003,flour,13,1.217
10931608142,Unknown,alcohol,medium,FLR004,flour,12,1.217
10931608142,Unknown,alcohol,medium,SUG001,sugar,10,1.217
10931608142,Unknown,alcohol,medium,SUG002,sugar,10,1.217
10931608142,Unknown,alcohol,medium,SUG003,sugar,9,1.217
10931608142,Unknown,alcohol,medium,SOP001,soap,6,1.217
10931608142,Unknown,alcohol,medium,SOP002,soap,6,1.217
10931608142,Unknown,alcohol,medium,SOP003,soap,5,1.217
10931608142,Unknown,alcohol,medium,SOP004,soap,6,1.217
10931608142,Unknown,alcohol,medium,BEV001,beverages,8,1.217
10931608142,Unknown,alcohol,medium,BEV002,beverages,8,1.217
10931608142,Unknown,alcohol,medium,BEV003,beverages,7,1.217
10931608142,Unknown,alcohol,medium,BEV004,beverages,9,1.217
10931608142,Unknown,alcohol,medium,PC001,personal_care,5,1.217
10931608142,Unknown,alcohol,medium,PC002,personal_care,5,1.217
10931608142,Unknown,alcohol,medium,PC003,personal_care,5,1.217
10931608142,Unknown,alcohol,medium,SAN001,sanitary,5,1.217
10931608142,Unknown,alcohol,medium,SAN002,sanitary,4,1.217
10931608143,Unknown,alcohol,medium,OIL001,cooking_oil,11,1.217
10931608143,Unknown,alcohol,medium,OIL002,cooking_oil,11,1.217
10931608143,Unknown,alcohol,medium,OIL003,cooking_oil,8,1.217
10931608143,Unknown,alcohol,medium,OIL004,cooking_oil,9,1.217
10931608143,Unknown,alcohol,medium,FLR001,flour,12,1.217
10931608143,Unknown,alcohol,medium,FLR002,flour,10,1.217
10931608143,Unknown,alcohol,medium,FLR003,flour,11,1.217
10931608143,Unknown,alcohol,medium,FLR004,flour,12,1.217
10931608143,Unknown,alcohol,medium,SUG001,sugar,9,1.217
10931608143,Unknown,alcohol,medium,SUG002,sugar,10,1.217
10931608143,Unknown,alcohol,medium,SUG003,sugar,10,1.217
10931608143,Unknown,alcohol,medium,SOP001,soap,6,1.217
10931608143,Unknown,alcohol,medium,SOP002,soap,6,1.217
10931608143,Unknown,alcohol,medium,SOP003,soap,6,1.217
10931608143,Unknown,alcohol,medium,SOP004,soap,6,1.217
10931608143,Unknown,alcohol,medium,BEV001,beverages,7,1.217
10931608143,Unknown,alcohol,medium,BEV002,beverages,7,1.217
10931608143,Unknown,alcohol,medium,BEV003,beverages,7,1.217
10931608143,Unknown,alcohol,medium,BEV004,beverages,6,1.217
10931608143,Unknown,alcohol,medium,PC001,personal_care,6,1.217
10931608143,Unknown,alcohol,medium,PC002,personal_care,7,1.217
10931608143,Unknown,alcohol,medium,PC003,personal_care,6,1.217
10931608143,Unknown,alcohol,medium,SAN001,sanitary,4,1.217
10931608143,Unknown,alcohol,medium,SAN002,sanitary,5,1.217
10931608144,Unknown,alcohol,medium,OIL001,cooking_oil,12,1.196
10931608144,Unknown,alcohol,medium,OIL002,cooking_oil,11,1.196
10931608144,Unknown,alcohol,medium,OIL003,cooking_oil,11,1.196
10931608144,Unknown,alcohol,medium,OIL004,cooking_oil,10,1.196
10931608144,Unknown,alcohol,medium,FLR001,flour,14,1.196
10931608144,Unknown,alcohol,medium,FLR002,flour,12,1.196
10931608144,Unknown,alcohol,medium,FLR003,flour,14,1.196
10931608144,Unknown,alcohol,medium,FLR004,flour,13,1.196
10931608144,Unknown,alcohol,medium,SUG001,sugar,7,1.196
10931608144,Unknown,alcohol,medium,SUG002,sugar,9,1.196
10931608144,Unknown,alcohol,medium,SUG003,sugar,8,1.196
10931608144,Unknown,alcohol,medium,SOP001,soap,7,1.196
10931608144,Unknown,alcohol,medium,SOP002,soap,5,1.196
10931608144,Unknown,alcohol,medium,SOP003,soap,6,1.196
10931608144,Unknown,alcohol,medium,SOP004,soap,8,1.196
10931608144,Unknown,alcohol,medium,BEV001,beverages,8,1.196
10931608144,Unknown,alcohol,medium,BEV002,beverages,9,1.196
10931608144,Unknown,alcohol,medium,BEV003,beverages,8,1.196
10931608144,Unknown,alcohol,medium,BEV004,beverages,7,1.196
10931608144,Unknown,alcohol,medium,PC001,personal_care,6,1.196
10931608144,Unknown,alcohol,medium,PC002,personal_care,6,1.196
10931608144,Unknown,alcohol,medium,PC003,personal_care,5,1.196
10931608144,Unknown,alcohol,medium,SAN001,sanitary,4,1.196
10931608144,Unknown,alcohol,medium,SAN002,sanitary,3,1.196
10931690117,Famaroma Enterprises,kiosk,small,OIL001,cooking_oil,2,0.587
10931690117,Famaroma Enterprises,kiosk,small,OIL002,cooking_oil,2,0.587
10931690117,Famaroma Enterprises,kiosk,small,OIL003,cooking_oil,2,0.587
10931690117,Famaroma Enterprises,kiosk,small,OIL004,cooking_oil,2,0.587
10931690117,Famaroma Enterprises,kiosk,small,FLR001,flour,3,0.587
10931690117,Famaroma Enterprises,kiosk,small,FLR002,flour,3,0.587
10931690117,Famaroma Enterprises,kiosk,small,FLR003,flour,2,0.587
10931690117,Famaroma Enterprises,kiosk,small,FLR004,flour,2,0.587
10931690117,Famaroma Enterprises,kiosk,small,SUG001,sugar,1,0.587
10931690117,Famaroma Enterprises,kiosk,small,SUG002,sugar,2,0.587
10931690117,Famaroma Enterprises,kiosk,small,SUG003,sugar,2,0.587
10931690117,Famaroma Enterprises,kiosk,small,SOP001,soap,1,0.587
10931690117,Famaroma Enterprises,kiosk,small,SOP002,soap,1,0.587
10931690117,Famaroma Enterprises,kiosk,small,SOP003,soap,1,0.587
10931690117,Famaroma Enterprises,kiosk,small,SOP004,soap,1,0.587
10931690117,Famaroma Enterprises,kiosk,small,BEV001,beverages,1,0.587
10931690117,Famaroma Enterprises,kiosk,small,BEV002,beverages,2,0.587
10931690117,Famaroma Enterprises,kiosk,small,BEV003,beverages,1,0.587
10931690117,Famaroma Enterprises,kiosk,small,BEV004,beverages,2,0.587
10931690117,Famaroma Enterprises,kiosk,small,PC001,personal_care,1,0.587
10931690117,Famaroma Enterprises,kiosk,small,PC002,personal_care,1,0.587
10931690117,Famaroma Enterprises,kiosk,small,PC003,personal_care,1,0.587
10931690117,Famaroma Enterprises,kiosk,small,SAN001,sanitary,1,0.587
10931690117,Famaroma Enterprises,kiosk,small,SAN002,sanitary,1,0.587
10931690118,Singo Butchery,butcher,small,OIL001,cooking_oil,2,0.587
10931690118,Singo Butchery,butcher,small,OIL002,cooking_oil,2,0.587
10931690118,Singo Butchery,butcher,small,OIL003,cooking_oil,2,0.587
10931690118,Singo Butchery,butcher,small,OIL004,cooking_oil,2,0.587
10931690118,Singo Butchery,butcher,small,FLR001,flour,2,0.587
10931690118,Singo Butchery,butcher,small,FLR002,flour,3,0.587
10931690118,Singo Butchery,butcher,small,FLR003,flour,2,0.587
10931690118,Singo Butchery,butcher,small,FLR004,flour,2,0.587
10931690118,Singo Butchery,butcher,small,SUG001,sugar,2,0.587
10931690118,Singo Butchery,butcher,small,SUG002,sugar,2,0.587
10931690118,Singo Butchery,butcher,small,SUG003,sugar,2,0.587
10931690118,Singo Butchery,butcher,small,SOP001,soap,1,0.587
10931690118,Singo Butchery,butcher,small,SOP002,soap,1,0.587
10931690118,Singo Butchery,butcher,small,SOP003,soap,1,0.587
10931690118,Singo Butchery,butcher,small,SOP004,soap,1,0.587
10931690118,Singo Butchery,butcher,small,BEV001,beverages,2,0.587
10931690118,Singo Butchery,butcher,small,BEV002,beverages,2,0.587
10931690118,Singo Butchery,butcher,small,BEV003,beverages,1,0.587
10931690118,Singo Butchery,butcher,small,BEV004,beverages,1,0.587
10931690118,Singo Butchery,butcher,small,PC001,personal_care,1,0.587
10931690118,Singo Butchery,butcher,small,PC002,personal_care,1,0.587
10931690118,Singo Butchery,butcher,small,PC003,personal_care,1,0.587
10931690118,Singo Butchery,butcher,small,SAN001,sanitary,1,0.587
10931690118,Singo Butchery,butcher,small,SAN002,sanitary,1,0.587
10933997337,Jossy G Traders Shop,kiosk,small,OIL001,cooking_oil,5,1.37
10933997337,Jossy G Traders Shop,kiosk,small,OIL002,cooking_oil,4,1.37
10933997337,Jossy G Traders Shop,kiosk,small,OIL003,cooking_oil,5,1.37
10933997337,Jossy G Traders Shop,kiosk,small,OIL004,cooking_oil,5,1.37
10933997337,Jossy G Traders Shop,kiosk,small,FLR001,flour,6,1.37
10933997337,Jossy G Traders Shop,kiosk,small,FLR002,flour,6,1.37
10933997337,Jossy G Traders Shop,kiosk,small,FLR003,flour,6,1.37
10933997337,Jossy G Traders Shop,kiosk,small,FLR004,flour,6,1.37
10933997337,Jossy G Traders Shop,kiosk,small,SUG001,sugar,4,1.37
10933997337,Jossy G Traders Shop,kiosk,small,SUG002,sugar,4,1.37
10933997337,Jossy G Traders Shop,kiosk,small,SUG003,sugar,4,1.37
10933997337,Jossy G Traders Shop,kiosk,small,SOP001,soap,3,1.37
10933997337,Jossy G Traders Shop,kiosk,small,SOP002,soap,3,1.37
10933997337,Jossy G Traders Shop,kiosk,small,SOP003,soap,3,1.37
10933997337,Jossy G Traders Shop,kiosk,small,SOP004,soap,3,1.37
10933997337,Jossy G Traders Shop,kiosk,small,BEV001,beverages,3,1.37
10933997337,Jossy G Traders Shop,kiosk,small,BEV002,beverages,3,1.37
10933997337,Jossy G Traders Shop,kiosk,small,BEV003,beverages,4,1.37
10933997337,Jossy G Traders Shop,kiosk,small,BEV004,beverages,3,1.37
10933997337,Jossy G Traders Shop,kiosk,small,PC001,personal_care,2,1.37
10933997337,Jossy G Traders Shop,kiosk,small,PC002,personal_care,2,1.37
10933997337,Jossy G Traders Shop,kiosk,small,PC003,personal_care,2,1.37
10933997337,Jossy G Traders Shop,kiosk,small,SAN001,sanitary,2,1.37
10933997337,Jossy G Traders Shop,kiosk,small,SAN002,sanitary,2,1.37
10933997344,wema feeds,agrarian,medium,OIL001,cooking_oil,12,1.37
10933997344,wema feeds,agrarian,medium,OIL002,cooking_oil,11,1.37
10933997344,wema feeds,agrarian,medium,OIL003,cooking_oil,11,1.37
10933997344,wema feeds,agrarian,medium,OIL004,cooking_oil,10,1.37
10933997344,wema feeds,agrarian,medium,FLR001,flour,15,1.37
10933997344,wema feeds,agrarian,medium,FLR002,flour,16,1.37
10933997344,wema feeds,agrarian,medium,FLR003,flour,16,1.37
10933997344,wema feeds,agrarian,medium,FLR004,flour,13,1.37
10933997344,wema feeds,agrarian,medium,SUG001,sugar,8,1.37
10933997344,wema feeds,agrarian,medium,SUG002,sugar,12,1.37
10933997344,wema feeds,agrarian,medium,SUG003,sugar,11,1.37
10933997344,wema feeds,agrarian,medium,SOP001,soap,8,1.37
10933997344,wema feeds,agrarian,medium,SOP002,soap,7,1.37
10933997344,wema feeds,agrarian,medium,SOP003,soap,6,1.37
10933997344,wema feeds,agrarian,medium,SOP004,soap,8,1.37
10933997344,wema feeds,agrarian,medium,BEV001,beverages,8,1.37
10933997344,wema feeds,agrarian,medium,BEV002,beverages,10,1.37
10933997344,wema feeds,agrarian,medium,BEV003,beverages,8,1.37
10933997344,wema feeds,agrarian,medium,BEV004,beverages,8,1.37
10933997344,wema feeds,agrarian,medium,PC001,personal_care,7,1.37
10933997344,wema feeds,agrarian,medium,PC002,personal_care,5,1.37
10933997344,wema feeds,agrarian,medium,PC003,personal_care,7,1.37
10933997344,wema feeds,agrarian,medium,SAN001,sanitary,4,1.37
10933997344,wema feeds,agrarian,medium,SAN002,sanitary,5,1.37
10933997347,Wise choice Kenya bakeries,bakery,medium,OIL001,cooking_oil,10,1.37
10933997347,Wise choice Kenya bakeries,bakery,medium,OIL002,cooking_oil,12,1.37
10933997347,Wise choice Kenya bakeries,bakery,medium,OIL003,cooking_oil,13,1.37
10933997347,Wise choice Kenya bakeries,bakery,medium,OIL004,cooking_oil,12,1.37
10933997347,Wise choice Kenya bakeries,bakery,medium,FLR001,flour,16,1.37
10933997347,Wise choice Kenya bakeries,bakery,medium,FLR002,flour,13,1.37
10933997347,Wise choice Kenya bakeries,bakery,medium,FLR003,flour,12,1.37
10933997347,Wise choice Kenya bakeries,bakery,medium,FLR004,flour,14,1.37
10933997347,Wise choice Kenya bakeries,bakery,medium,SUG001,sugar,8,1.37
10933997347,Wise choice Kenya bakeries,bakery,medium,SUG002,sugar,10,1.37
10933997347,Wise choice Kenya bakeries,bakery,medium,SUG003,sugar,9,1.37
10933997347,Wise choice Kenya bakeries,bakery,medium,SOP001,soap,9,1.37
10933997347,Wise choice Kenya bakeries,bakery,medium,SOP002,soap,9,1.37
10933997347,Wise choice Kenya bakeries,bakery,medium,SOP003,soap,9,1.37
10933997347,Wise choice Kenya bakeries,bakery,medium,SOP004,soap,7,1.37
10933997347,Wise choice Kenya bakeries,bakery,medium,BEV001,beverages,9,1.37
10933997347,Wise choice Kenya bakeries,bakery,medium,BEV002,beverages,10,1.37
10933997347,Wise choice Kenya bakeries,bakery,medium,BEV003,beverages,8,1.37
10933997347,Wise choice Kenya bakeries,bakery,medium,BEV004,beverages,9,1.37
10933997347,Wise choice Kenya bakeries,bakery,medium,PC001,personal_care,6,1.37
10933997347,Wise choice Kenya bakeries,bakery,medium,PC002,personal_care,6,1.37
10933997347,Wise choice Kenya bakeries,bakery,medium,PC003,personal_care,7,1.37
10933997347,Wise choice Kenya bakeries,bakery,medium,SAN001,sanitary,5,1.37
10933997347,Wise choice Kenya bakeries,bakery,medium,SAN002,sanitary,4,1.37
10933997348,Kosogo wines and spitits,alcohol,medium,OIL001,cooking_oil,11,1.37
10933997348,Kosogo wines and spitits,alcohol,medium,OIL002,cooking_oil,12,1.37
10933997348,Kosogo wines and spitits,alcohol,medium,OIL003,cooking_oil,12,1.37
10933997348,Kosogo wines and spitits,alcohol,medium,OIL004,cooking_oil,13,1.37
10933997348,Kosogo wines and spitits,alcohol,medium,FLR001,flour,16,1.37
10933997348,Kosogo wines and spitits,alcohol,medium,FLR002,flour,13,1.37
10933997348,Kosogo wines and spitits,alcohol,medium,FLR003,flour,13,1.37
10933997348,Kosogo wines and spitits,alcohol,medium,FLR004,flour,15,1.37
10933997348,Kosogo wines and spitits,alcohol,medium,SUG001,sugar,8,1.37
10933997348,Kosogo wines and spitits,alcohol,medium,SUG002,sugar,12,1.37
10933997348,Kosogo wines and spitits,alcohol,medium,SUG003,sugar,12,1.37
10933997348,Kosogo wines and spitits,alcohol,medium,SOP001,soap,9,1.37
10933997348,Kosogo wines and spitits,alcohol,medium,SOP002,soap,6,1.37
10933997348,Kosogo wines and spitits,alcohol,medium,SOP003,soap,7,1.37
10933997348,Kosogo wines and spitits,alcohol,medium,SOP004,soap,9,1.37
10933997348,Kosogo wines and spitits,alcohol,medium,BEV001,beverages,7,1.37
10933997348,Kosogo wines and spitits,alcohol,medium,BEV002,beverages,10,1.37
10933997348,Kosogo wines and spitits,alcohol,medium,BEV003,beverages,8,1.37
10933997348,Kosogo wines and spitits,alcohol,medium,BEV004,beverages,9,1.37
10933997348,Kosogo wines and spitits,alcohol,medium,PC001,personal_care,6,1.37
10933997348,Kosogo wines and spitits,alcohol,medium,PC002,personal_care,6,1.37
10933997348,Kosogo wines and spitits,alcohol,medium,PC003,personal_care,6,1.37
10933997348,Kosogo wines and spitits,alcohol,medium,SAN001,sanitary,5,1.37
10933997348,Kosogo wines and spitits,alcohol,medium,SAN002,sanitary,6,1.37
10933997354,Fricada Liquor baze,alcohol,medium,OIL001,cooking_oil,13,1.37
10933997354,Fricada Liquor baze,alcohol,medium,OIL002,cooking_oil,13,1.37
10933997354,Fricada Liquor baze,alcohol,medium,OIL003,cooking_oil,13,1.37
10933997354,Fricada Liquor baze,alcohol,medium,OIL004,cooking_oil,13,1.37
10933997354,Fricada Liquor baze,alcohol,medium,FLR001,flour,15,1.37
10933997354,Fricada Liquor baze,alcohol,medium,FLR002,flour,11,1.37
10933997354,Fricada Liquor baze,alcohol,medium,FLR003,flour,15,1.37
10933997354,Fricada Liquor baze,alcohol,medium,FLR004,flour,13,1.37
10933997354,Fricada Liquor baze,alcohol,medium,SUG001,sugar,8,1.37
10933997354,Fricada Liquor baze,alcohol,medium,SUG002,sugar,8,1.37
10933997354,Fricada Liquor baze,alcohol,medium,SUG003,sugar,10,1.37
10933997354,Fricada Liquor baze,alcohol,medium,SOP001,soap,7,1.37
10933997354,Fricada Liquor baze,alcohol,medium,SOP002,soap,8,1.37
10933997354,Fricada Liquor baze,alcohol,medium,SOP003,soap,7,1.37
10933997354,Fricada Liquor baze,alcohol,medium,SOP004,soap,9,1.37
10933997354,Fricada Liquor baze,alcohol,medium,BEV001,beverages,10,1.37
10933997354,Fricada Liquor baze,alcohol,medium,BEV002,beverages,10,1.37
10933997354,Fricada Liquor baze,alcohol,medium,BEV003,beverages,9,1.37
10933997354,Fricada Liquor baze,alcohol,medium,BEV004,beverages,8,1.37
10933997354,Fricada Liquor baze,alcohol,medium,PC001,personal_care,5,1.37
10933997354,Fricada Liquor baze,alcohol,medium,PC002,personal_care,6,1.37
10933997354,Fricada Liquor baze,alcohol,medium,PC003,personal_care,6,1.37
10933997354,Fricada Liquor baze,alcohol,medium,SAN001,sanitary,4,1.37
10933997354,Fricada Liquor baze,alcohol,medium,SAN002,sanitary,4,1.37
10933998079,Y&M wines and spirits,alcohol,medium,OIL001,cooking_oil,14,1.413
10933998079,Y&M wines and spirits,alcohol,medium,OIL002,cooking_oil,11,1.413
10933998079,Y&M wines and spirits,alcohol,medium,OIL003,cooking_oil,12,1.413
10933998079,Y&M wines and spirits,alcohol,medium,OIL004,cooking_oil,10,1.413
10933998079,Y&M wines and spirits,alcohol,medium,FLR001,flour,14,1.413
10933998079,Y&M wines and spirits,alcohol,medium,FLR002,flour,12,1.413
10933998079,Y&M wines and spirits,alcohol,medium,FLR003,flour,15,1.413
10933998079,Y&M wines and spirits,alcohol,medium,FLR004,flour,12,1.413
10933998079,Y&M wines and spirits,alcohol,medium,SUG001,sugar,9,1.413
10933998079,Y&M wines and spirits,alcohol,medium,SUG002,sugar,10,1.413
10933998079,Y&M wines and spirits,alcohol,medium,SUG003,sugar,12,1.413
10933998079,Y&M wines and spirits,alcohol,medium,SOP001,soap,9,1.413
10933998079,Y&M wines and spirits,alcohol,medium,SOP002,soap,9,1.413
10933998079,Y&M wines and spirits,alcohol,medium,SOP003,soap,8,1.413
10933998079,Y&M wines and spirits,alcohol,medium,SOP004,soap,7,1.413
10933998079,Y&M wines and spirits,alcohol,medium,BEV001,beverages,10,1.413
10933998079,Y&M wines and spirits,alcohol,medium,BEV002,beverages,8,1.413
10933998079,Y&M wines and spirits,alcohol,medium,BEV003,beverages,9,1.413
10933998079,Y&M wines and spirits,alcohol,medium,BEV004,beverages,9,1.413
10933998079,Y&M wines and spirits,alcohol,medium,PC001,personal_care,7,1.413
10933998079,Y&M wines and spirits,alcohol,medium,PC002,personal_care,6,1.413
10933998079,Y&M wines and spirits,alcohol,medium,PC003,personal_care,6,1.413
10933998079,Y&M wines and spirits,alcohol,medium,SAN001,sanitary,4,1.413
10933998079,Y&M wines and spirits,alcohol,medium,SAN002,sanitary,5,1.413
10936324381,Yurop butchery,butcher,small,OIL001,cooking_oil,4,1.304
10936324381,Yurop butchery,butcher,small,OIL002,cooking_oil,4,1.304
10936324381,Yurop butchery,butcher,small,OIL003,cooking_oil,5,1.304
10936324381,Yurop butchery,butcher,small,OIL004,cooking_oil,4,1.304
10936324381,Yurop butchery,butcher,small,FLR001,flour,6,1.304
10936324381,Yurop butchery,butcher,small,FLR002,flour,6,1.304
10936324381,Yurop butchery,butcher,small,FLR003,flour,5,1.304
10936324381,Yurop butchery,butcher,small,FLR004,flour,6,1.304
10936324381,Yurop butchery,butcher,small,SUG001,sugar,4,1.304
10936324381,Yurop butchery,butcher,small,SUG002,sugar,4,1.304
10936324381,Yurop butchery,butcher,small,SUG003,sugar,4,1.304
10936324381,Yurop butchery,butcher,small,SOP001,soap,3,1.304
10936324381,Yurop butchery,butcher,small,SOP002,soap,3,1.304
10936324381,Yurop butchery,butcher,small,SOP003,soap,2,1.304
10936324381,Yurop butchery,butcher,small,SOP004,soap,3,1.304
10936324381,Yurop butchery,butcher,small,BEV001,beverages,3,1.304
10936324381,Yurop butchery,butcher,small,BEV002,beverages,3,1.304
10936324381,Yurop butchery,butcher,small,BEV003,beverages,3,1.304
10936324381,Yurop butchery,butcher,small,BEV004,beverages,3,1.304
10936324381,Yurop butchery,butcher,small,PC001,personal_care,2,1.304
10936324381,Yurop butchery,butcher,small,PC002,personal_care,2,1.304
10936324381,Yurop butchery,butcher,small,PC003,personal_care,2,1.304
10936324381,Yurop butchery,butcher,small,SAN001,sanitary,2,1.304
10936324381,Yurop butchery,butcher,small,SAN002,sanitary,2,1.304
10936324384,Unknown,kiosk,small,OIL001,cooking_oil,3,1.304
10936324384,Unknown,kiosk,small,OIL002,cooking_oil,4,1.304
10936324384,Unknown,kiosk,small,OIL003,cooking_oil,5,1.304
10936324384,Unknown,kiosk,small,OIL004,cooking_oil,5,1.304
10936324384,Unknown,kiosk,small,FLR001,flour,6,1.304
10936324384,Unknown,kiosk,small,FLR002,flour,6,1.304
10936324384,Unknown,kiosk,small,FLR003,flour,6,1.304
10936324384,Unknown,kiosk,small,FLR004,flour,5,1.304
10936324384,Unknown,kiosk,small,SUG001,sugar,3,1.304
10936324384,Unknown,kiosk,small,SUG002,sugar,4,1.304
10936324384,Unknown,kiosk,small,SUG003,sugar,4,1.304
10936324384,Unknown,kiosk,small,SOP001,soap,2,1.304
10936324384,Unknown,kiosk,small,SOP002,soap,2,1.304
10936324384,Unknown,kiosk,small,SOP003,soap,3,1.304
10936324384,Unknown,kiosk,small,SOP004,soap,3,1.304
10936324384,Unknown,kiosk,small,BEV001,beverages,3,1.304
10936324384,Unknown,kiosk,small,BEV002,beverages,3,1.304
10936324384,Unknown,kiosk,small,BEV003,beverages,4,1.304
10936324384,Unknown,kiosk,small,BEV004,beverages,3,1.304
10936324384,Unknown,kiosk,small,PC001,personal_care,2,1.304
10936324384,Unknown,kiosk,small,PC002,personal_care,2,1.304
10936324384,Unknown,kiosk,small,PC003,personal_care,2,1.304
10936324384,Unknown,kiosk,small,SAN001,sanitary,2,1.304
10936324384,Unknown,kiosk,small,SAN002,sanitary,2,1.304
10936324385,Unknown,kiosk,small,OIL001,cooking_oil,4,1.304
10936324385,Unknown,kiosk,small,OIL002,cooking_oil,4,1.304
10936324385,Unknown,kiosk,small,OIL003,cooking_oil,4,1.304
10936324385,Unknown,kiosk,small,OIL004,cooking_oil,4,1.304
10936324385,Unknown,kiosk,small,FLR001,flour,5,1.304
10936324385,Unknown,kiosk,small,FLR002,flour,5,1.304
10936324385,Unknown,kiosk,small,FLR003,flour,5,1.304
10936324385,Unknown,kiosk,small,FLR004,flour,5,1.304
10936324385,Unknown,kiosk,small,SUG001,sugar,4,1.304
10936324385,Unknown,kiosk,small,SUG002,sugar,3,1.304
10936324385,Unknown,kiosk,small,SUG003,sugar,4,1.304
10936324385,Unknown,kiosk,small,SOP001,soap,2,1.304
10936324385,Unknown,kiosk,small,SOP002,soap,3,1.304
10936324385,Unknown,kiosk,small,SOP003,soap,3,1.304
10936324385,Unknown,kiosk,small,SOP004,soap,3,1.304
10936324385,Unknown,kiosk,small,BEV001,beverages,3,1.304
10936324385,Unknown,kiosk,small,BEV002,beverages,3,1.304
10936324385,Unknown,kiosk,small,BEV003,beverages,3,1.304
10936324385,Unknown,kiosk,small,BEV004,beverages,4,1.304
10936324385,Unknown,kiosk,small,PC001,personal_care,2,1.304
10936324385,Unknown,kiosk,small,PC002,personal_care,3,1.304
10936324385,Unknown,kiosk,small,PC003,personal_care,2,1.304
10936324385,Unknown,kiosk,small,SAN001,sanitary,2,1.304
10936324385,Unknown,kiosk,small,SAN002,sanitary,2,1.304
10936335484,Unknown,kiosk,small,OIL001,cooking_oil,4,1.239
10936335484,Unknown,kiosk,small,OIL002,cooking_oil,4,1.239
10936335484,Unknown,kiosk,small,OIL003,cooking_oil,4,1.239
10936335484,Unknown,kiosk,small,OIL004,cooking_oil,4,1.239
10936335484,Unknown,kiosk,small,FLR001,flour,5,1.239
10936335484,Unknown,kiosk,small,FLR002,flour,6,1.239
10936335484,Unknown,kiosk,small,FLR003,flour,5,1.239
10936335484,Unknown,kiosk,small,FLR004,flour,4,1.239
10936335484,Unknown,kiosk,small,SUG001,sugar,4,1.239
10936335484,Unknown,kiosk,small,SUG002,sugar,3,1.239
10936335484,Unknown,kiosk,small,SUG003,sugar,4,1.239
10936335484,Unknown,kiosk,small,SOP001,soap,2,1.239
10936335484,Unknown,kiosk,small,SOP002,soap,3,1.239
10936335484,Unknown,kiosk,small,SOP003,soap,2,1.239
10936335484,Unknown,kiosk,small,SOP004,soap,2,1.239
10936335484,Unknown,kiosk,small,BEV001,beverages,4,1.239
10936335484,Unknown,kiosk,small,BEV002,beverages,3,1.239
10936335484,Unknown,kiosk,small,BEV003,beverages,3,1.239
10936335484,Unknown,kiosk,small,BEV004,beverages,3,1.239
10936335484,Unknown,kiosk,small,PC001,personal_care,2,1.239
10936335484,Unknown,kiosk,small,PC002,personal_care,2,1.239
10936335484,Unknown,kiosk,small,PC003,personal_care,2,1.239
10936335484,Unknown,kiosk,small,SAN001,sanitary,2,1.239
10936335484,Unknown,kiosk,small,SAN002,sanitary,2,1.239
10936335485,Unknown,kiosk,small,OIL001,cooking_oil,4,1.239
10936335485,Unknown,kiosk,small,OIL002,cooking_oil,3,1.239
10936335485,Unknown,kiosk,small,OIL003,cooking_oil,4,1.239
10936335485,Unknown,kiosk,small,OIL004,cooking_oil,4,1.239
10936335485,Unknown,kiosk,small,FLR001,flour,4,1.239
10936335485,Unknown,kiosk,small,FLR002,flour,5,1.239
10936335485,Unknown,kiosk,small,FLR003,flour,6,1.239
10936335485,Unknown,kiosk,small,FLR004,flour,4,1.239
10936335485,Unknown,kiosk,small,SUG001,sugar,4,1.239
10936335485,Unknown,kiosk,small,SUG002,sugar,4,1.239
10936335485,Unknown,kiosk,small,SUG003,sugar,4,1.239
10936335485,Unknown,kiosk,small,SOP001,soap,2,1.239
10936335485,Unknown,kiosk,small,SOP002,soap,3,1.239
10936335485,Unknown,kiosk,small,SOP003,soap,2,1.239
10936335485,Unknown,kiosk,small,SOP004,soap,2,1.239
10936335485,Unknown,kiosk,small,BEV001,beverages,4,1.239
10936335485,Unknown,kiosk,small,BEV002,beverages,3,1.239
10936335485,Unknown,kiosk,small,BEV003,beverages,3,1.239
10936335485,Unknown,kiosk,small,BEV004,beverages,3,1.239
10936335485,Unknown,kiosk,small,PC001,personal_care,2,1.239
10936335485,Unknown,kiosk,small,PC002,personal_care,2,1.239
10936335485,Unknown,kiosk,small,PC003,personal_care,2,1.239
10936335485,Unknown,kiosk,small,SAN001,sanitary,2,1.239
10936335485,Unknown,kiosk,small,SAN002,sanitary,2,1.239
10936335486,Unknown,kiosk,small,OIL001,cooking_oil,4,1.239
10936335486,Unknown,kiosk,small,OIL002,cooking_oil,4,1.239
10936335486,Unknown,kiosk,small,OIL003,cooking_oil,3,1.239
10936335486,Unknown,kiosk,small,OIL004,cooking_oil,5,1.239
10936335486,Unknown,kiosk,small,FLR001,flour,4,1.239
10936335486,Unknown,kiosk,small,FLR002,flour,4,1.239
10936335486,Unknown,kiosk,small,FLR003,flour,6,1.239
10936335486,Unknown,kiosk,small,FLR004,flour,5,1.239
10936335486,Unknown,kiosk,small,SUG001,sugar,3,1.239
10936335486,Unknown,kiosk,small,SUG002,sugar,4,1.239
10936335486,Unknown,kiosk,small,SUG003,sugar,3,1.239
10936335486,Unknown,kiosk,small,SOP001,soap,3,1.239
10936335486,Unknown,kiosk,small,SOP002,soap,2,1.239
10936335486,Unknown,kiosk,small,SOP003,soap,3,1.239
10936335486,Unknown,kiosk,small,SOP004,soap,3,1.239
10936335486,Unknown,kiosk,small,BEV001,beverages,3,1.239
10936335486,Unknown,kiosk,small,BEV002,beverages,3,1.239
10936335486,Unknown,kiosk,small,BEV003,beverages,3,1.239
10936335486,Unknown,kiosk,small,BEV004,beverages,3,1.239
10936335486,Unknown,kiosk,small,PC001,personal_care,3,1.239
10936335486,Unknown,kiosk,small,PC002,personal_care,2,1.239
10936335486,Unknown,kiosk,small,PC003,personal_care,2,1.239
10936335486,Unknown,kiosk,small,SAN001,sanitary,2,1.239
10936335486,Unknown,kiosk,small,SAN002,sanitary,2,1.239
10936335487,Unknown,kiosk,small,OIL001,cooking_oil,5,1.239
10936335487,Unknown,kiosk,small,OIL002,cooking_oil,4,1.239
10936335487,Unknown,kiosk,small,OIL003,cooking_oil,3,1.239
10936335487,Unknown,kiosk,small,OIL004,cooking_oil,4,1.239
10936335487,Unknown,kiosk,small,FLR001,flour,5,1.239
10936335487,Unknown,kiosk,small,FLR002,flour,4,1.239
10936335487,Unknown,kiosk,small,FLR003,flour,6,1.239
10936335487,Unknown,kiosk,small,FLR004,flour,4,1.239
10936335487,Unknown,kiosk,small,SUG001,sugar,3,1.239
10936335487,Unknown,kiosk,small,SUG002,sugar,4,1.239
10936335487,Unknown,kiosk,small,SUG003,sugar,4,1.239
10936335487,Unknown,kiosk,small,SOP001,soap,2,1.239
10936335487,Unknown,kiosk,small,SOP002,soap,2,1.239
10936335487,Unknown,kiosk,small,SOP003,soap,2,1.239
10936335487,Unknown,kiosk,small,SOP004,soap,3,1.239
10936335487,Unknown,kiosk,small,BEV001,beverages,4,1.239
10936335487,Unknown,kiosk,small,BEV002,beverages,3,1.239
10936335487,Unknown,kiosk,small,BEV003,beverages,4,1.239
10936335487,Unknown,kiosk,small,BEV004,beverages,3,1.239
10936335487,Unknown,kiosk,small,PC001,personal_care,2,1.239
10936335487,Unknown,kiosk,small,PC002,personal_care,2,1.239
10936335487,Unknown,kiosk,small,PC003,personal_care,2,1.239
10936335487,Unknown,kiosk,small,SAN001,sanitary,2,1.239
10936335487,Unknown,kiosk,small,SAN002,sanitary,1,1.239
10936347161,Fourems holdings,kiosk,small,OIL001,cooking_oil,3,1.13
10936347161,Fourems holdings,kiosk,small,OIL002,cooking_oil,3,1.13
10936347161,Fourems holdings,kiosk,small,OIL003,cooking_oil,4,1.13
10936347161,Fourems holdings,kiosk,small,OIL004,cooking_oil,3,1.13
10936347161,Fourems holdings,kiosk,small,FLR001,flour,5,1.13
10936347161,Fourems holdings,kiosk,small,FLR002,flour,4,1.13
10936347161,Fourems holdings,kiosk,small,FLR003,flour,5,1.13
10936347161,Fourems holdings,kiosk,small,FLR004,flour,4,1.13
10936347161,Fourems holdings,kiosk,small,SUG001,sugar,4,1.13
10936347161,Fourems holdings,kiosk,small,SUG002,sugar,3,1.13
10936347161,Fourems holdings,kiosk,small,SUG003,sugar,3,1.13
10936347161,Fourems holdings,kiosk,small,SOP001,soap,2,1.13
10936347161,Fourems holdings,kiosk,small,SOP002,soap,2,1.13
10936347161,Fourems holdings,kiosk,small,SOP003,soap,3,1.13
10936347161,Fourems holdings,kiosk,small,SOP004,soap,2,1.13
10936347161,Fourems holdings,kiosk,small,BEV001,beverages,3,1.13
10936347161,Fourems holdings,kiosk,small,BEV002,beverages,2,1.13
10936347161,Fourems holdings,kiosk,small,BEV003,beverages,3,1.13
10936347161,Fourems holdings,kiosk,small,BEV004,beverages,3,1.13
10936347161,Fourems holdings,kiosk,small,PC001,personal_care,2,1.13
10936347161,Fourems holdings,kiosk,small,PC002,personal_care,2,1.13
10936347161,Fourems holdings,kiosk,small,PC003,personal_care,2,1.13
10936347161,Fourems holdings,kiosk,small,SAN001,sanitary,2,1.13
10936347161,Fourems holdings,kiosk,small,SAN002,sanitary,2,1.13
10936347165,Unknown,butcher,small,OIL001,cooking_oil,3,1.13
10936347165,Unknown,butcher,small,OIL002,cooking_oil,4,1.13
10936347165,Unknown,butcher,small,OIL003,cooking_oil,3,1.13
10936347165,Unknown,butcher,small,OIL004,cooking_oil,3,1.13
10936347165,Unknown,butcher,small,FLR001,flour,4,1.13
10936347165,Unknown,butcher,small,FLR002,flour,5,1.13
10936347165,Unknown,butcher,small,FLR003,flour,4,1.13
10936347165,Unknown,butcher,small,FLR004,flour,4,1.13
10936347165,Unknown,butcher,small,SUG001,sugar,3,1.13
10936347165,Unknown,butcher,small,SUG002,sugar,3,1.13
10936347165,Unknown,butcher,small,SUG003,sugar,3,1.13
10936347165,Unknown,butcher,small,SOP001,soap,2,1.13
10936347165,Unknown,butcher,small,SOP002,soap,3,1.13
10936347165,Unknown,butcher,small,SOP003,soap,2,1.13
10936347165,Unknown,butcher,small,SOP004,soap,2,1.13
10936347165,Unknown,butcher,small,BEV001,beverages,3,1.13
10936347165,Unknown,butcher,small,BEV002,beverages,3,1.13
10936347165,Unknown,butcher,small,BEV003,beverages,3,1.13
10936347165,Unknown,butcher,small,BEV004,beverages,3,1.13
10936347165,Unknown,butcher,small,PC001,personal_care,2,1.13
10936347165,Unknown,butcher,small,PC002,personal_care,2,1.13
10936347165,Unknown,butcher,small,PC003,personal_care,2,1.13
10936347165,Unknown,butcher,small,SAN001,sanitary,2,1.13
10936347165,Unknown,butcher,small,SAN002,sanitary,2,1.13
10936347166,sawa sawa wines & Spirits,alcohol,medium,OIL001,cooking_oil,10,1.5
10936347166,sawa sawa wines & Spirits,alcohol,medium,OIL002,cooking_oil,13,1.5
10936347166,sawa sawa wines & Spirits,alcohol,medium,OIL003,cooking_oil,14,1.5
10936347166,sawa sawa wines & Spirits,alcohol,medium,OIL004,cooking_oil,13,1.5
10936347166,sawa sawa wines & Spirits,alcohol,medium,FLR001,flour,14,1.5
10936347166,sawa sawa wines & Spirits,alcohol,medium,FLR002,flour,15,1.5
10936347166,sawa sawa wines & Spirits,alcohol,medium,FLR003,flour,15,1.5
10936347166,sawa sawa wines & Spirits,alcohol,medium,FLR004,flour,16,1.5
10936347166,sawa sawa wines & Spirits,alcohol,medium,SUG001,sugar,11,1.5
10936347166,sawa sawa wines & Spirits,alcohol,medium,SUG002,sugar,10,1.5
10936347166,sawa sawa wines & Spirits,alcohol,medium,SUG003,sugar,9,1.5
10936347166,sawa sawa wines & Spirits,alcohol,medium,SOP001,soap,10,1.5
10936347166,sawa sawa wines & Spirits,alcohol,medium,SOP002,soap,9,1.5
10936347166,sawa sawa wines & Spirits,alcohol,medium,SOP003,soap,8,1.5
10936347166,sawa sawa wines & Spirits,alcohol,medium,SOP004,soap,8,1.5
10936347166,sawa sawa wines & Spirits,alcohol,medium,BEV001,beverages,9,1.5
10936347166,sawa sawa wines & Spirits,alcohol,medium,BEV002,beverages,10,1.5
10936347166,sawa sawa wines & Spirits,alcohol,medium,BEV003,beverages,9,1.5
10936347166,sawa sawa wines & Spirits,alcohol,medium,BEV004,beverages,10,1.5
10936347166,sawa sawa wines & Spirits,alcohol,medium,PC001,personal_care,8,1.5
10936347166,sawa sawa wines & Spirits,alcohol,medium,PC002,personal_care,8,1.5
10936347166,sawa sawa wines & Spirits,alcohol,medium,PC003,personal_care,7,1.5
10936347166,sawa sawa wines & Spirits,alcohol,medium,SAN001,sanitary,5,1.5
10936347166,sawa sawa wines & Spirits,alcohol,medium,SAN002,sanitary,6,1.5
10936347167,Hills mount super butchery,butcher,small,OIL001,cooking_oil,4,1.5
10936347167,Hills mount super butchery,butcher,small,OIL002,cooking_oil,5,1.5
10936347167,Hills mount super butchery,butcher,small,OIL003,cooking_oil,5,1.5
10936347167,Hills mount super butchery,butcher,small,OIL004,cooking_oil,4,1.5
10936347167,Hills mount super butchery,butcher,small,FLR001,flour,6,1.5
10936347167,Hills mount super butchery,butcher,small,FLR002,flour,6,1.5
10936347167,Hills mount super butchery,butcher,small,FLR003,flour,6,1.5
10936347167,Hills mount super butchery,butcher,small,FLR004,flour,5,1.5
10936347167,Hills mount super butchery,butcher,small,SUG001,sugar,5,1.5
10936347167,Hills mount super butchery,butcher,small,SUG002,sugar,5,1.5
10936347167,Hills mount super butchery,butcher,small,SUG003,sugar,5,1.5
10936347167,Hills mount super butchery,butcher,small,SOP001,soap,4,1.5
10936347167,Hills mount super butchery,butcher,small,SOP002,soap,3,1.5
10936347167,Hills mount super butchery,butcher,small,SOP003,soap,3,1.5
10936347167,Hills mount super butchery,butcher,small,SOP004,soap,3,1.5
10936347167,Hills mount super butchery,butcher,small,BEV001,beverages,4,1.5
10936347167,Hills mount super butchery,butcher,small,BEV002,beverages,4,1.5
10936347167,Hills mount super butchery,butcher,small,BEV003,beverages,3,1.5
10936347167,Hills mount super butchery,butcher,small,BEV004,beverages,4,1.5
10936347167,Hills mount super butchery,butcher,small,PC001,personal_care,3,1.5
10936347167,Hills mount super butchery,butcher,small,PC002,personal_care,3,1.5
10936347167,Hills mount super butchery,butcher,small,PC003,personal_care,3,1.5
10936347167,Hills mount super butchery,butcher,small,SAN001,sanitary,2,1.5
10936347167,Hills mount super butchery,butcher,small,SAN002,sanitary,2,1.5
10936347171,oyoma butchery,butcher,small,OIL001,cooking_oil,4,1.5
10936347171,oyoma butchery,butcher,small,OIL002,cooking_oil,4,1.5
10936347171,oyoma butchery,butcher,small,OIL003,cooking_oil,6,1.5
10936347171,oyoma butchery,butcher,small,OIL004,cooking_oil,5,1.5
10936347171,oyoma butchery,butcher,small,FLR001,flour,6,1.5
10936347171,oyoma butchery,butcher,small,FLR002,flour,6,1.5
10936347171,oyoma butchery,butcher,small,FLR003,flour,6,1.5
10936347171,oyoma butchery,butcher,small,FLR004,flour,6,1.5
10936347171,oyoma butchery,butcher,small,SUG001,sugar,4,1.5
10936347171,oyoma butchery,butcher,small,SUG002,sugar,4,1.5
10936347171,oyoma butchery,butcher,small,SUG003,sugar,4,1.5
10936347171,oyoma butchery,butcher,small,SOP001,soap,3,1.5
10936347171,oyoma butchery,butcher,small,SOP002,soap,3,1.5
10936347171,oyoma butchery,butcher,small,SOP003,soap,4,1.5
10936347171,oyoma butchery,butcher,small,SOP004,soap,3,1.5
10936347171,oyoma butchery,butcher,small,BEV001,beverages,3,1.5
10936347171,oyoma butchery,butcher,small,BEV002,beverages,3,1.5
10936347171,oyoma butchery,butcher,small,BEV003,beverages,4,1.5
10936347171,oyoma butchery,butcher,small,BEV004,beverages,3,1.5
10936347171,oyoma butchery,butcher,small,PC001,personal_care,2,1.5
10936347171,oyoma butchery,butcher,small,PC002,personal_care,2,1.5
10936347171,oyoma butchery,butcher,small,PC003,personal_care,2,1.5
10936347171,oyoma butchery,butcher,small,SAN001,sanitary,2,1.5
10936347171,oyoma butchery,butcher,small,SAN002,sanitary,2,1.5
10936347173,Unknown,agrarian,medium,OIL001,cooking_oil,12,1.478
10936347173,Unknown,agrarian,medium,OIL002,cooking_oil,14,1.478
10936347173,Unknown,agrarian,medium,OIL003,cooking_oil,11,1.478
10936347173,Unknown,agrarian,medium,OIL004,cooking_oil,13,1.478
10936347173,Unknown,agrarian,medium,FLR001,flour,12,1.478
10936347173,Unknown,agrarian,medium,FLR002,flour,15,1.478
10936347173,Unknown,agrarian,medium,FLR003,flour,12,1.478
10936347173,Unknown,agrarian,medium,FLR004,flour,13,1.478
10936347173,Unknown,agrarian,medium,SUG001,sugar,10,1.478
10936347173,Unknown,agrarian,medium,SUG002,sugar,11,1.478
10936347173,Unknown,agrarian,medium,SUG003,sugar,11,1.478
10936347173,Unknown,agrarian,medium,SOP001,soap,7,1.478
10936347173,Unknown,agrarian,medium,SOP002,soap,9,1.478
10936347173,Unknown,agrarian,medium,SOP003,soap,8,1.478
10936347173,Unknown,agrarian,medium,SOP004,soap,7,1.478
10936347173,Unknown,agrarian,medium,BEV001,beverages,9,1.478
10936347173,Unknown,agrarian,medium,BEV002,beverages,8,1.478
10936347173,Unknown,agrarian,medium,BEV003,beverages,10,1.478
10936347173,Unknown,agrarian,medium,BEV004,beverages,9,1.478
10936347173,Unknown,agrarian,medium,PC001,personal_care,8,1.478
10936347173,Unknown,agrarian,medium,PC002,personal_care,6,1.478
10936347173,Unknown,agrarian,medium,PC003,personal_care,7,1.478
10936347173,Unknown,agrarian,medium,SAN001,sanitary,5,1.478
10936347173,Unknown,agrarian,medium,SAN002,sanitary,5,1.478
10936347180,Unknown,butcher,small,OIL001,cooking_oil,4,1.217
10936347180,Unknown,butcher,small,OIL002,cooking_oil,3,1.217
10936347180,Unknown,butcher,small,OIL003,cooking_oil,5,1.217
10936347180,Unknown,butcher,small,OIL004,cooking_oil,3,1.217
10936347180,Unknown,butcher,small,FLR001,flour,5,1.217
10936347180,Unknown,butcher,small,FLR002,flour,5,1.217
10936347180,Unknown,butcher,small,FLR003,flour,6,1.217
10936347180,Unknown,butcher,small,FLR004,flour,6,1.217
10936347180,Unknown,butcher,small,SUG001,sugar,3,1.217
10936347180,Unknown,butcher,small,SUG002,sugar,4,1.217
10936347180,Unknown,butcher,small,SUG003,sugar,4,1.217
10936347180,Unknown,butcher,small,SOP001,soap,2,1.217
10936347180,Unknown,butcher,small,SOP002,soap,3,1.217
10936347180,Unknown,butcher,small,SOP003,soap,3,1.217
10936347180,Unknown,butcher,small,SOP004,soap,3,1.217
10936347180,Unknown,butcher,small,BEV001,beverages,3,1.217
10936347180,Unknown,butcher,small,BEV002,beverages,3,1.217
10936347180,Unknown,butcher,small,BEV003,beverages,3,1.217
10936347180,Unknown,butcher,small,BEV004,beverages,3,1.217
10936347180,Unknown,butcher,small,PC001,personal_care,2,1.217
10936347180,Unknown,butcher,small,PC002,personal_care,2,1.217
10936347180,Unknown,butcher,small,PC003,personal_care,2,1.217
10936347180,Unknown,butcher,small,SAN001,sanitary,2,1.217
10936347180,Unknown,butcher,small,SAN002,sanitary,2,1.217
10936347185,Johns Liquor,alcohol,medium,OIL001,cooking_oil,12,1.217
10936347185,Johns Liquor,alcohol,medium,OIL002,cooking_oil,9,1.217
10936347185,Johns Liquor,alcohol,medium,OIL003,cooking_oil,12,1.217
10936347185,Johns Liquor,alcohol,medium,OIL004,cooking_oil,11,1.217
10936347185,Johns Liquor,alcohol,medium,FLR001,flour,10,1.217
10936347185,Johns Liquor,alcohol,medium,FLR002,flour,11,1.217
10936347185,Johns Liquor,alcohol,medium,FLR003,flour,14,1.217
10936347185,Johns Liquor,alcohol,medium,FLR004,flour,13,1.217
10936347185,Johns Liquor,alcohol,medium,SUG001,sugar,10,1.217
10936347185,Johns Liquor,alcohol,medium,SUG002,sugar,8,1.217
10936347185,Johns Liquor,alcohol,medium,SUG003,sugar,9,1.217
10936347185,Johns Liquor,alcohol,medium,SOP001,soap,7,1.217
10936347185,Johns Liquor,alcohol,medium,SOP002,soap,7,1.217
10936347185,Johns Liquor,alcohol,medium,SOP003,soap,7,1.217
10936347185,Johns Liquor,alcohol,medium,SOP004,soap,7,1.217
10936347185,Johns Liquor,alcohol,medium,BEV001,beverages,7,1.217
10936347185,Johns Liquor,alcohol,medium,BEV002,beverages,8,1.217
10936347185,Johns Liquor,alcohol,medium,BEV003,beverages,7,1.217
10936347185,Johns Liquor,alcohol,medium,BEV004,beverages,9,1.217
10936347185,Johns Liquor,alcohol,medium,PC001,personal_care,6,1.217
10936347185,Johns Liquor,alcohol,medium,PC002,personal_care,5,1.217
10936347185,Johns Liquor,alcohol,medium,PC003,personal_care,6,1.217
10936347185,Johns Liquor,alcohol,medium,SAN001,sanitary,4,1.217
10936347185,Johns Liquor,alcohol,medium,SAN002,sanitary,5,1.217
10936347186,chicken shop,farm,small,OIL001,cooking_oil,5,1.239
10936347186,chicken shop,farm,small,OIL002,cooking_oil,4,1.239
10936347186,chicken shop,farm,small,OIL003,cooking_oil,4,1.239
10936347186,chicken shop,farm,small,OIL004,cooking_oil,5,1.239
10936347186,chicken shop,farm,small,FLR001,flour,5,1.239
10936347186,chicken shop,farm,small,FLR002,flour,6,1.239
10936347186,chicken shop,farm,small,FLR003,flour,6,1.239
10936347186,chicken shop,farm,small,FLR004,flour,5,1.239
10936347186,chicken shop,farm,small,SUG001,sugar,4,1.239
10936347186,chicken shop,farm,small,SUG002,sugar,4,1.239
10936347186,chicken shop,farm,small,SUG003,sugar,4,1.239
10936347186,chicken shop,farm,small,SOP001,soap,2,1.239
10936347186,chicken shop,farm,small,SOP002,soap,3,1.239
10936347186,chicken shop,farm,small,SOP003,soap,3,1.239
10936347186,chicken shop,farm,small,SOP004,soap,3,1.239
10936347186,chicken shop,farm,small,BEV001,beverages,4,1.239
10936347186,chicken shop,farm,small,BEV002,beverages,4,1.239
10936347186,chicken shop,farm,small,BEV003,beverages,4,1.239
10936347186,chicken shop,farm,small,BEV004,beverages,4,1.239
10936347186,chicken shop,farm,small,PC001,personal_care,2,1.239
10936347186,chicken shop,farm,small,PC002,personal_care,2,1.239
10936347186,chicken shop,farm,small,PC003,personal_care,3,1.239
10936347186,chicken shop,farm,small,SAN001,sanitary,2,1.239
10936347186,chicken shop,farm,small,SAN002,sanitary,2,1.239
10936347187,Emmy John's Gas center,gas,medium,OIL001,cooking_oil,9,1.217
10936347187,Emmy John's Gas center,gas,medium,OIL002,cooking_oil,11,1.217
10936347187,Emmy John's Gas center,gas,medium,OIL003,cooking_oil,12,1.217
10936347187,Emmy John's Gas center,gas,medium,OIL004,cooking_oil,11,1.217
10936347187,Emmy John's Gas center,gas,medium,FLR001,flour,14,1.217
10936347187,Emmy John's Gas center,gas,medium,FLR002,flour,12,1.217
10936347187,Emmy John's Gas center,gas,medium,FLR003,flour,13,1.217
10936347187,Emmy John's Gas center,gas,medium,FLR004,flour,11,1.217
10936347187,Emmy John's Gas center,gas,medium,SUG001,sugar,9,1.217
10936347187,Emmy John's Gas center,gas,medium,SUG002,sugar,8,1.217
10936347187,Emmy John's Gas center,gas,medium,SUG003,sugar,8,1.217
10936347187,Emmy John's Gas center,gas,medium,SOP001,soap,8,1.217
10936347187,Emmy John's Gas center,gas,medium,SOP002,soap,7,1.217
10936347187,Emmy John's Gas center,gas,medium,SOP003,soap,7,1.217
10936347187,Emmy John's Gas center,gas,medium,SOP004,soap,6,1.217
10936347187,Emmy John's Gas center,gas,medium,BEV001,beverages,7,1.217
10936347187,Emmy John's Gas center,gas,medium,BEV002,beverages,7,1.217
10936347187,Emmy John's Gas center,gas,medium,BEV003,beverages,6,1.217
10936347187,Emmy John's Gas center,gas,medium,BEV004,beverages,7,1.217
10936347187,Emmy John's Gas center,gas,medium,PC001,personal_care,4,1.217
10936347187,Emmy John's Gas center,gas,medium,PC002,personal_care,5,1.217
10936347187,Emmy John's Gas center,gas,medium,PC003,personal_care,6,1.217
10936347187,Emmy John's Gas center,gas,medium,SAN001,sanitary,4,1.217
10936347187,Emmy John's Gas center,gas,medium,SAN002,sanitary,4,1.217
10936347188,Geno pork & Chicken,butcher,small,OIL001,cooking_oil,3,1.239
10936347188,Geno pork & Chicken,butcher,small,OIL002,cooking_oil,4,1.239
10936347188,Geno pork & Chicken,butcher,small,OIL003,cooking_oil,4,1.239
10936347188,Geno pork & Chicken,butcher,small,OIL004,cooking_oil,4,1.239
10936347188,Geno pork & Chicken,butcher,small,FLR001,flour,4,1.239
10936347188,Geno pork & Chicken,butcher,small,FLR002,flour,5,1.239
10936347188,Geno pork & Chicken,butcher,small,FLR003,flour,5,1.239
10936347188,Geno pork & Chicken,butcher,small,FLR004,flour,5,1.239
10936347188,Geno pork & Chicken,butcher,small,SUG001,sugar,3,1.239
10936347188,Geno pork & Chicken,butcher,small,SUG002,sugar,3,1.239
10936347188,Geno pork & Chicken,butcher,small,SUG003,sugar,3,1.239
10936347188,Geno pork & Chicken,butcher,small,SOP001,soap,3,1.239
10936347188,Geno pork & Chicken,butcher,small,SOP002,soap,2,1.239
10936347188,Geno pork & Chicken,butcher,small,SOP003,soap,3,1.239
10936347188,Geno pork & Chicken,butcher,small,SOP004,soap,2,1.239
10936347188,Geno pork & Chicken,butcher,small,BEV001,beverages,4,1.239
10936347188,Geno pork & Chicken,butcher,small,BEV002,beverages,3,1.239
10936347188,Geno pork & Chicken,butcher,small,BEV003,beverages,3,1.239
10936347188,Geno pork & Chicken,butcher,small,BEV004,beverages,3,1.239
10936347188,Geno pork & Chicken,butcher,small,PC001,personal_care,2,1.239
10936347188,Geno pork & Chicken,butcher,small,PC002,personal_care,3,1.239
10936347188,Geno pork & Chicken,butcher,small,PC003,personal_care,2,1.239
10936347188,Geno pork & Chicken,butcher,small,SAN001,sanitary,2,1.239
10936347188,Geno pork & Chicken,butcher,small,SAN002,sanitary,2,1.239
10936384848,Nancyto wines & Spirits,alcohol,medium,OIL001,cooking_oil,10,1.196
10936384848,Nancyto wines & Spirits,alcohol,medium,OIL002,cooking_oil,9,1.196
10936384848,Nancyto wines & Spirits,alcohol,medium,OIL003,cooking_oil,8,1.196
10936384848,Nancyto wines & Spirits,alcohol,medium,OIL004,cooking_oil,9,1.196
10936384848,Nancyto wines & Spirits,alcohol,medium,FLR001,flour,14,1.196
10936384848,Nancyto wines & Spirits,alcohol,medium,FLR002,flour,13,1.196
10936384848,Nancyto wines & Spirits,alcohol,medium,FLR003,flour,11,1.196
10936384848,Nancyto wines & Spirits,alcohol,medium,FLR004,flour,10,1.196
10936384848,Nancyto wines & Spirits,alcohol,medium,SUG001,sugar,9,1.196
10936384848,Nancyto wines & Spirits,alcohol,medium,SUG002,sugar,9,1.196
10936384848,Nancyto wines & Spirits,alcohol,medium,SUG003,sugar,7,1.196
10936384848,Nancyto wines & Spirits,alcohol,medium,SOP001,soap,5,1.196
10936384848,Nancyto wines & Spirits,alcohol,medium,SOP002,soap,6,1.196
10936384848,Nancyto wines & Spirits,alcohol,medium,SOP003,soap,7,1.196
10936384848,Nancyto wines & Spirits,alcohol,medium,SOP004,soap,6,1.196
10936384848,Nancyto wines & Spirits,alcohol,medium,BEV001,beverages,7,1.196
10936384848,Nancyto wines & Spirits,alcohol,medium,BEV002,beverages,8,1.196
10936384848,Nancyto wines & Spirits,alcohol,medium,BEV003,beverages,8,1.196
10936384848,Nancyto wines & Spirits,alcohol,medium,BEV004,beverages,8,1.196
10936384848,Nancyto wines & Spirits,alcohol,medium,PC001,personal_care,6,1.196
10936384848,Nancyto wines & Spirits,alcohol,medium,PC002,personal_care,5,1.196
10936384848,Nancyto wines & Spirits,alcohol,medium,PC003,personal_care,5,1.196
10936384848,Nancyto wines & Spirits,alcohol,medium,SAN001,sanitary,4,1.196
10936384848,Nancyto wines & Spirits,alcohol,medium,SAN002,sanitary,5,1.196
10936497880,ziwani butchery,butcher,small,OIL001,cooking_oil,4,1.13
10936497880,ziwani butchery,butcher,small,OIL002,cooking_oil,3,1.13
10936497880,ziwani butchery,butcher,small,OIL003,cooking_oil,4,1.13
10936497880,ziwani butchery,butcher,small,OIL004,cooking_oil,3,1.13
10936497880,ziwani butchery,butcher,small,FLR001,flour,5,1.13
10936497880,ziwani butchery,butcher,small,FLR002,flour,5,1.13
10936497880,ziwani butchery,butcher,small,FLR003,flour,4,1.13
10936497880,ziwani butchery,butcher,small,FLR004,flour,5,1.13
10936497880,ziwani butchery,butcher,small,SUG001,sugar,3,1.13
10936497880,ziwani butchery,butcher,small,SUG002,sugar,3,1.13
10936497880,ziwani butchery,butcher,small,SUG003,sugar,3,1.13
10936497880,ziwani butchery,butcher,small,SOP001,soap,2,1.13
10936497880,ziwani butchery,butcher,small,SOP002,soap,3,1.13
10936497880,ziwani butchery,butcher,small,SOP003,soap,2,1.13
10936497880,ziwani butchery,butcher,small,SOP004,soap,3,1.13
10936497880,ziwani butchery,butcher,small,BEV001,beverages,3,1.13
10936497880,ziwani butchery,butcher,small,BEV002,beverages,3,1.13
10936497880,ziwani butchery,butcher,small,BEV003,beverages,2,1.13
10936497880,ziwani butchery,butcher,small,BEV004,beverages,3,1.13
10936497880,ziwani butchery,butcher,small,PC001,personal_care,2,1.13
10936497880,ziwani butchery,butcher,small,PC002,personal_care,2,1.13
10936497880,ziwani butchery,butcher,small,PC003,personal_care,2,1.13
10936497880,ziwani butchery,butcher,small,SAN001,sanitary,2,1.13
10936497880,ziwani butchery,butcher,small,SAN002,sanitary,2,1.13
10936497881,Unknown,greengrocer,small,OIL001,cooking_oil,3,1.152
10936497881,Unknown,greengrocer,small,OIL002,cooking_oil,3,1.152
10936497881,Unknown,greengrocer,small,OIL003,cooking_oil,3,1.152
10936497881,Unknown,greengrocer,small,OIL004,cooking_oil,4,1.152
10936497881,Unknown,greengrocer,small,FLR001,flour,4,1.152
10936497881,Unknown,greengrocer,small,FLR002,flour,4,1.152
10936497881,Unknown,greengrocer,small,FLR003,flour,4,1.152
10936497881,Unknown,greengrocer,small,FLR004,flour,5,1.152
10936497881,Unknown,greengrocer,small,SUG001,sugar,3,1.152
10936497881,Unknown,greengrocer,small,SUG002,sugar,3,1.152
10936497881,Unknown,greengrocer,small,SUG003,sugar,3,1.152
10936497881,Unknown,greengrocer,small,SOP001,soap,2,1.152
10936497881,Unknown,greengrocer,small,SOP002,soap,3,1.152
10936497881,Unknown,greengrocer,small,SOP003,soap,2,1.152
10936497881,Unknown,greengrocer,small,SOP004,soap,3,1.152
10936497881,Unknown,greengrocer,small,BEV001,beverages,3,1.152
10936497881,Unknown,greengrocer,small,BEV002,beverages,2,1.152
10936497881,Unknown,greengrocer,small,BEV003,beverages,3,1.152
10936497881,Unknown,greengrocer,small,BEV004,beverages,3,1.152
10936497881,Unknown,greengrocer,small,PC001,personal_care,2,1.152
10936497881,Unknown,greengrocer,small,PC002,personal_care,2,1.152
10936497881,Unknown,greengrocer,small,PC003,personal_care,2,1.152
10936497881,Unknown,greengrocer,small,SAN001,sanitary,1,1.152
10936497881,Unknown,greengrocer,small,SAN002,sanitary,2,1.152
10936497882,Unknown,greengrocer,small,OIL001,cooking_oil,3,1.152
10936497882,Unknown,greengrocer,small,OIL002,cooking_oil,4,1.152
10936497882,Unknown,greengrocer,small,OIL003,cooking_oil,4,1.152
10936497882,Unknown,greengrocer,small,OIL004,cooking_oil,3,1.152
10936497882,Unknown,greengrocer,small,FLR001,flour,4,1.152
10936497882,Unknown,greengrocer,small,FLR002,flour,5,1.152
10936497882,Unknown,greengrocer,small,FLR003,flour,4,1.152
10936497882,Unknown,greengrocer,small,FLR004,flour,5,1.152
10936497882,Unknown,greengrocer,small,SUG001,sugar,4,1.152
10936497882,Unknown,greengrocer,small,SUG002,sugar,4,1.152
10936497882,Unknown,greengrocer,small,SUG003,sugar,4,1.152
10936497882,Unknown,greengrocer,small,SOP001,soap,3,1.152
10936497882,Unknown,greengrocer,small,SOP002,soap,2,1.152
10936497882,Unknown,greengrocer,small,SOP003,soap,3,1.152
10936497882,Unknown,greengrocer,small,SOP004,soap,2,1.152
10936497882,Unknown,greengrocer,small,BEV001,beverages,3,1.152
10936497882,Unknown,greengrocer,small,BEV002,beverages,3,1.152
10936497882,Unknown,greengrocer,small,BEV003,beverages,3,1.152
10936497882,Unknown,greengrocer,small,BEV004,beverages,3,1.152
10936497882,Unknown,greengrocer,small,PC001,personal_care,2,1.152
10936497882,Unknown,greengrocer,small,PC002,personal_care,2,1.152
10936497882,Unknown,greengrocer,small,PC003,personal_care,2,1.152
10936497882,Unknown,greengrocer,small,SAN001,sanitary,2,1.152
10936497882,Unknown,greengrocer,small,SAN002,sanitary,1,1.152
10936507299,Unknown,butcher,small,OIL001,cooking_oil,3,1.152
10936507299,Unknown,butcher,small,OIL002,cooking_oil,3,1.152
10936507299,Unknown,butcher,small,OIL003,cooking_oil,4,1.152
10936507299,Unknown,butcher,small,OIL004,cooking_oil,4,1.152
10936507299,Unknown,butcher,small,FLR001,flour,4,1.152
10936507299,Unknown,butcher,small,FLR002,flour,5,1.152
10936507299,Unknown,butcher,small,FLR003,flour,5,1.152
10936507299,Unknown,butcher,small,FLR004,flour,5,1.152
10936507299,Unknown,butcher,small,SUG001,sugar,4,1.152
10936507299,Unknown,butcher,small,SUG002,sugar,3,1.152
10936507299,Unknown,butcher,small,SUG003,sugar,3,1.152
10936507299,Unknown,butcher,small,SOP001,soap,3,1.152
10936507299,Unknown,butcher,small,SOP002,soap,2,1.152
10936507299,Unknown,butcher,small,SOP003,soap,2,1.152
10936507299,Unknown,butcher,small,SOP004,soap,2,1.152
10936507299,Unknown,butcher,small,BEV001,beverages,3,1.152
10936507299,Unknown,butcher,small,BEV002,beverages,3,1.152
10936507299,Unknown,butcher,small,BEV003,beverages,3,1.152
10936507299,Unknown,butcher,small,BEV004,beverages,3,1.152
10936507299,Unknown,butcher,small,PC001,personal_care,2,1.152
10936507299,Unknown,butcher,small,PC002,personal_care,2,1.152
10936507299,Unknown,butcher,small,PC003,personal_care,2,1.152
10936507299,Unknown,butcher,small,SAN001,sanitary,2,1.152
10936507299,Unknown,butcher,small,SAN002,sanitary,2,1.152
10936507300,Unknown,greengrocer,small,OIL001,cooking_oil,3,1.152
10936507300,Unknown,greengrocer,small,OIL002,cooking_oil,4,1.152
10936507300,Unknown,greengrocer,small,OIL003,cooking_oil,4,1.152
10936507300,Unknown,greengrocer,small,OIL004,cooking_oil,4,1.152
10936507300,Unknown,greengrocer,small,FLR001,flour,5,1.152
10936507300,Unknown,greengrocer,small,FLR002,flour,5,1.152
10936507300,Unknown,greengrocer,small,FLR003,flour,5,1.152
10936507300,Unknown,greengrocer,small,FLR004,flour,4,1.152
10936507300,Unknown,greengrocer,small,SUG001,sugar,4,1.152
10936507300,Unknown,greengrocer,small,SUG002,sugar,3,1.152
10936507300,Unknown,greengrocer,small,SUG003,sugar,4,1.152
10936507300,Unknown,greengrocer,small,SOP001,soap,2,1.152
10936507300,Unknown,greengrocer,small,SOP002,soap,3,1.152
10936507300,Unknown,greengrocer,small,SOP003,soap,3,1.152
10936507300,Unknown,greengrocer,small,SOP004,soap,3,1.152
10936507300,Unknown,greengrocer,small,BEV001,beverages,3,1.152
10936507300,Unknown,greengrocer,small,BEV002,beverages,2,1.152
10936507300,Unknown,greengrocer,small,BEV003,beverages,3,1.152
10936507300,Unknown,greengrocer,small,BEV004,beverages,3,1.152
10936507300,Unknown,greengrocer,small,PC001,personal_care,2,1.152
10936507300,Unknown,greengrocer,small,PC002,personal_care,2,1.152
10936507300,Unknown,greengrocer,small,PC003,personal_care,2,1.152
10936507300,Unknown,greengrocer,small,SAN001,sanitary,2,1.152
10936507300,Unknown,greengrocer,small,SAN002,sanitary,1,1.152
10936507934,Denji Liquors,alcohol,medium,OIL001,cooking_oil,11,1.152
10936507934,Denji Liquors,alcohol,medium,OIL002,cooking_oil,10,1.152
10936507934,Denji Liquors,alcohol,medium,OIL003,cooking_oil,8,1.152
10936507934,Denji Liquors,alcohol,medium,OIL004,cooking_oil,9,1.152
10936507934,Denji Liquors,alcohol,medium,FLR001,flour,11,1.152
10936507934,Denji Liquors,alcohol,medium,FLR002,flour,13,1.152
10936507934,Denji Liquors,alcohol,medium,FLR003,flour,10,1.152
10936507934,Denji Liquors,alcohol,medium,FLR004,flour,10,1.152
10936507934,Denji Liquors,alcohol,medium,SUG001,sugar,7,1.152
10936507934,Denji Liquors,alcohol,medium,SUG002,sugar,9,1.152
10936507934,Denji Liquors,alcohol,medium,SUG003,sugar,7,1.152
10936507934,Denji Liquors,alcohol,medium,SOP001,soap,6,1.152
10936507934,Denji Liquors,alcohol,medium,SOP002,soap,7,1.152
10936507934,Denji Liquors,alcohol,medium,SOP003,soap,6,1.152
10936507934,Denji Liquors,alcohol,medium,SOP004,soap,6,1.152
10936507934,Denji Liquors,alcohol,medium,BEV001,beverages,7,1.152
10936507934,Denji Liquors,alcohol,medium,BEV002,beverages,6,1.152
10936507934,Denji Liquors,alcohol,medium,BEV003,beverages,6,1.152
10936507934,Denji Liquors,alcohol,medium,BEV004,beverages,7,1.152
10936507934,Denji Liquors,alcohol,medium,PC001,personal_care,5,1.152
10936507934,Denji Liquors,alcohol,medium,PC002,personal_care,6,1.152
10936507934,Denji Liquors,alcohol,medium,PC003,personal_care,5,1.152
10936507934,Denji Liquors,alcohol,medium,SAN001,sanitary,4,1.152
10936507934,Denji Liquors,alcohol,medium,SAN002,sanitary,5,1.152
10936507937,Unknown,kiosk,small,OIL001,cooking_oil,4,1.152
10936507937,Unknown,kiosk,small,OIL002,cooking_oil,3,1.152
10936507937,Unknown,kiosk,small,OIL003,cooking_oil,4,1.152
10936507937,Unknown,kiosk,small,OIL004,cooking_oil,3,1.152
10936507937,Unknown,kiosk,small,FLR001,flour,5,1.152
10936507937,Unknown,kiosk,small,FLR002,flour,5,1.152
10936507937,Unknown,kiosk,small,FLR003,flour,5,1.152
10936507937,Unknown,kiosk,small,FLR004,flour,5,1.152
10936507937,Unknown,kiosk,small,SUG001,sugar,4,1.152
10936507937,Unknown,kiosk,small,SUG002,sugar,4,1.152
10936507937,Unknown,kiosk,small,SUG003,sugar,3,1.152
10936507937,Unknown,kiosk,small,SOP001,soap,2,1.152
10936507937,Unknown,kiosk,small,SOP002,soap,3,1.152
10936507937,Unknown,kiosk,small,SOP003,soap,2,1.152
10936507937,Unknown,kiosk,small,SOP004,soap,3,1.152
10936507937,Unknown,kiosk,small,BEV001,beverages,3,1.152
10936507937,Unknown,kiosk,small,BEV002,beverages,2,1.152
10936507937,Unknown,kiosk,small,BEV003,beverages,3,1.152
10936507937,Unknown,kiosk,small,BEV004,beverages,3,1.152
10936507937,Unknown,kiosk,small,PC001,personal_care,2,1.152
10936507937,Unknown,kiosk,small,PC002,personal_care,2,1.152
10936507937,Unknown,kiosk,small,PC003,personal_care,2,1.152
10936507937,Unknown,kiosk,small,SAN001,sanitary,1,1.152
10936507937,Unknown,kiosk,small,SAN002,sanitary,2,1.152
10936507938,Unknown,kiosk,small,OIL001,cooking_oil,4,1.152
10936507938,Unknown,kiosk,small,OIL002,cooking_oil,3,1.152
10936507938,Unknown,kiosk,small,OIL003,cooking_oil,3,1.152
10936507938,Unknown,kiosk,small,OIL004,cooking_oil,4,1.152
10936507938,Unknown,kiosk,small,FLR001,flour,5,1.152
10936507938,Unknown,kiosk,small,FLR002,flour,5,1.152
10936507938,Unknown,kiosk,small,FLR003,flour,5,1.152
10936507938,Unknown,kiosk,small,FLR004,flour,5,1.152
10936507938,Unknown,kiosk,small,SUG001,sugar,4,1.152
10936507938,Unknown,kiosk,small,SUG002,sugar,4,1.152
10936507938,Unknown,kiosk,small,SUG003,sugar,4,1.152
10936507938,Unknown,kiosk,small,SOP001,soap,3,1.152
10936507938,Unknown,kiosk,small,SOP002,soap,2,1.152
10936507938,Unknown,kiosk,small,SOP003,soap,2,1.152
10936507938,Unknown,kiosk,small,SOP004,soap,3,1.152
10936507938,Unknown,kiosk,small,BEV001,beverages,3,1.152
10936507938,Unknown,kiosk,small,BEV002,beverages,3,1.152
10936507938,Unknown,kiosk,small,BEV003,beverages,3,1.152
10936507938,Unknown,kiosk,small,BEV004,beverages,3,1.152
10936507938,Unknown,kiosk,small,PC001,personal_care,2,1.152
10936507938,Unknown,kiosk,small,PC002,personal_care,2,1.152
10936507938,Unknown,kiosk,small,PC003,personal_care,2,1.152
10936507938,Unknown,kiosk,small,SAN001,sanitary,2,1.152
10936507938,Unknown,kiosk,small,SAN002,sanitary,2,1.152
10936507939,Unknown,kiosk,small,OIL001,cooking_oil,3,1.152
10936507939,Unknown,kiosk,small,OIL002,cooking_oil,4,1.152
10936507939,Unknown,kiosk,small,OIL003,cooking_oil,4,1.152
10936507939,Unknown,kiosk,small,OIL004,cooking_oil,4,1.152
10936507939,Unknown,kiosk,small,FLR001,flour,5,1.152
10936507939,Unknown,kiosk,small,FLR002,flour,5,1.152
10936507939,Unknown,kiosk,small,FLR003,flour,4,1.152
10936507939,Unknown,kiosk,small,FLR004,flour,5,1.152
10936507939,Unknown,kiosk,small,SUG001,sugar,3,1.152
10936507939,Unknown,kiosk,small,SUG002,sugar,3,1.152
10936507939,Unknown,kiosk,small,SUG003,sugar,4,1.152
10936507939,Unknown,kiosk,small,SOP001,soap,3,1.152
10936507939,Unknown,kiosk,small,SOP002,soap,3,1.152
10936507939,Unknown,kiosk,small,SOP003,soap,2,1.152
10936507939,Unknown,kiosk,small,SOP004,soap,3,1.152
10936507939,Unknown,kiosk,small,BEV001,beverages,3,1.152
10936507939,Unknown,kiosk,small,BEV002,beverages,2,1.152
10936507939,Unknown,kiosk,small,BEV003,beverages,3,1.152
10936507939,Unknown,kiosk,small,BEV004,beverages,3,1.152
10936507939,Unknown,kiosk,small,PC001,personal_care,2,1.152
10936507939,Unknown,kiosk,small,PC002,personal_care,2,1.152
10936507939,Unknown,kiosk,small,PC003,personal_care,2,1.152
10936507939,Unknown,kiosk,small,SAN001,sanitary,2,1.152
10936507939,Unknown,kiosk,small,SAN002,sanitary,2,1.152
10936507940,Unknown,kiosk,small,OIL001,cooking_oil,4,1.152
10936507940,Unknown,kiosk,small,OIL002,cooking_oil,4,1.152
10936507940,Unknown,kiosk,small,OIL003,cooking_oil,4,1.152
10936507940,Unknown,kiosk,small,OIL004,cooking_oil,4,1.152
10936507940,Unknown,kiosk,small,FLR001,flour,4,1.152
10936507940,Unknown,kiosk,small,FLR002,flour,5,1.152
10936507940,Unknown,kiosk,small,FLR003,flour,5,1.152
10936507940,Unknown,kiosk,small,FLR004,flour,4,1.152
10936507940,Unknown,kiosk,small,SUG001,sugar,3,1.152
10936507940,Unknown,kiosk,small,SUG002,sugar,3,1.152
10936507940,Unknown,kiosk,small,SUG003,sugar,4,1.152
10936507940,Unknown,kiosk,small,SOP001,soap,3,1.152
10936507940,Unknown,kiosk,small,SOP002,soap,2,1.152
10936507940,Unknown,kiosk,small,SOP003,soap,2,1.152
10936507940,Unknown,kiosk,small,SOP004,soap,3,1.152
10936507940,Unknown,kiosk,small,BEV001,beverages,3,1.152
10936507940,Unknown,kiosk,small,BEV002,beverages,3,1.152
10936507940,Unknown,kiosk,small,BEV003,beverages,3,1.152
10936507940,Unknown,kiosk,small,BEV004,beverages,3,1.152
10936507940,Unknown,kiosk,small,PC001,personal_care,2,1.152
10936507940,Unknown,kiosk,small,PC002,personal_care,2,1.152
10936507940,Unknown,kiosk,small,PC003,personal_care,2,1.152
10936507940,Unknown,kiosk,small,SAN001,sanitary,2,1.152
10936507940,Unknown,kiosk,small,SAN002,sanitary,2,1.152
10936507941,Unknown,butcher,small,OIL001,cooking_oil,3,1.152
10936507941,Unknown,butcher,small,OIL002,cooking_oil,3,1.152
10936507941,Unknown,butcher,small,OIL003,cooking_oil,4,1.152
10936507941,Unknown,butcher,small,OIL004,cooking_oil,4,1.152
10936507941,Unknown,butcher,small,FLR001,flour,5,1.152
10936507941,Unknown,butcher,small,FLR002,flour,5,1.152
10936507941,Unknown,butcher,small,FLR003,flour,5,1.152
10936507941,Unknown,butcher,small,FLR004,flour,5,1.152
10936507941,Unknown,butcher,small,SUG001,sugar,3,1.152
10936507941,Unknown,butcher,small,SUG002,sugar,3,1.152
10936507941,Unknown,butcher,small,SUG003,sugar,3,1.152
10936507941,Unknown,butcher,small,SOP001,soap,2,1.152
10936507941,Unknown,butcher,small,SOP002,soap,3,1.152
10936507941,Unknown,butcher,small,SOP003,soap,3,1.152
10936507941,Unknown,butcher,small,SOP004,soap,3,1.152
10936507941,Unknown,butcher,small,BEV001,beverages,3,1.152
10936507941,Unknown,butcher,small,BEV002,beverages,3,1.152
10936507941,Unknown,butcher,small,BEV003,beverages,3,1.152
10936507941,Unknown,butcher,small,BEV004,beverages,3,1.152
10936507941,Unknown,butcher,small,PC001,personal_care,2,1.152
10936507941,Unknown,butcher,small,PC002,personal_care,2,1.152
10936507941,Unknown,butcher,small,PC003,personal_care,2,1.152
10936507941,Unknown,butcher,small,SAN001,sanitary,2,1.152
10936507941,Unknown,butcher,small,SAN002,sanitary,1,1.152
10937101485,Unknown,butcher,small,OIL001,cooking_oil,4,1.261
10937101485,Unknown,butcher,small,OIL002,cooking_oil,4,1.261
10937101485,Unknown,butcher,small,OIL003,cooking_oil,4,1.261
10937101485,Unknown,butcher,small,OIL004,cooking_oil,4,1.261
10937101485,Unknown,butcher,small,FLR001,flour,5,1.261
10937101485,Unknown,butcher,small,FLR002,flour,5,1.261
10937101485,Unknown,butcher,small,FLR003,flour,5,1.261
10937101485,Unknown,butcher,small,FLR004,flour,5,1.261
10937101485,Unknown,butcher,small,SUG001,sugar,4,1.261
10937101485,Unknown,butcher,small,SUG002,sugar,4,1.261
10937101485,Unknown,butcher,small,SUG003,sugar,3,1.261
10937101485,Unknown,butcher,small,SOP001,soap,2,1.261
10937101485,Unknown,butcher,small,SOP002,soap,3,1.261
10937101485,Unknown,butcher,small,SOP003,soap,3,1.261
10937101485,Unknown,butcher,small,SOP004,soap,3,1.261
10937101485,Unknown,butcher,small,BEV001,beverages,3,1.261
10937101485,Unknown,butcher,small,BEV002,beverages,4,1.261
10937101485,Unknown,butcher,small,BEV003,beverages,3,1.261
10937101485,Unknown,butcher,small,BEV004,beverages,3,1.261
10937101485,Unknown,butcher,small,PC001,personal_care,3,1.261
10937101485,Unknown,butcher,small,PC002,personal_care,2,1.261
10937101485,Unknown,butcher,small,PC003,personal_care,3,1.261
10937101485,Unknown,butcher,small,SAN001,sanitary,2,1.261
10937101485,Unknown,butcher,small,SAN002,sanitary,2,1.261
10937108652,central butchery,butcher,small,OIL001,cooking_oil,2,0.63
10937108652,central butchery,butcher,small,OIL002,cooking_oil,2,0.63
10937108652,central butchery,butcher,small,OIL003,cooking_oil,2,0.63
10937108652,central butchery,butcher,small,OIL004,cooking_oil,2,0.63
10937108652,central butchery,butcher,small,FLR001,flour,3,0.63
10937108652,central butchery,butcher,small,FLR002,flour,3,0.63
10937108652,central butchery,butcher,small,FLR003,flour,2,0.63
10937108652,central butchery,butcher,small,FLR004,flour,2,0.63
10937108652,central butchery,butcher,small,SUG001,sugar,2,0.63
10937108652,central butchery,butcher,small,SUG002,sugar,1,0.63
10937108652,central butchery,butcher,small,SUG003,sugar,1,0.63
10937108652,central butchery,butcher,small,SOP001,soap,2,0.63
10937108652,central butchery,butcher,small,SOP002,soap,1,0.63
10937108652,central butchery,butcher,small,SOP003,soap,1,0.63
10937108652,central butchery,butcher,small,SOP004,soap,1,0.63
10937108652,central butchery,butcher,small,BEV001,beverages,2,0.63
10937108652,central butchery,butcher,small,BEV002,beverages,2,0.63
10937108652,central butchery,butcher,small,BEV003,beverages,2,0.63
10937108652,central butchery,butcher,small,BEV004,beverages,1,0.63
10937108652,central butchery,butcher,small,PC001,personal_care,1,0.63
10937108652,central butchery,butcher,small,PC002,personal_care,1,0.63
10937108652,central butchery,butcher,small,PC003,personal_care,1,0.63
10937108652,central butchery,butcher,small,SAN001,sanitary,1,0.63
10937108652,central butchery,butcher,small,SAN002,sanitary,1,0.63
10940498841,Trishla wholesalers,wholesale,large,OIL001,cooking_oil,17,0.978
10940498841,Trishla wholesalers,wholesale,large,OIL002,cooking_oil,25,0.978
10940498841,Trishla wholesalers,wholesale,large,OIL003,cooking_oil,24,0.978
10940498841,Trishla wholesalers,wholesale,large,OIL004,cooking_oil,19,0.978
10940498841,Trishla wholesalers,wholesale,large,FLR001,flour,24,0.978
10940498841,Trishla wholesalers,wholesale,large,FLR002,flour,24,0.978
10940498841,Trishla wholesalers,wholesale,large,FLR003,flour,27,0.978
10940498841,Trishla wholesalers,wholesale,large,FLR004,flour,28,0.978
10940498841,Trishla wholesalers,wholesale,large,SUG001,sugar,20,0.978
10940498841,Trishla wholesalers,wholesale,large,SUG002,sugar,18,0.978
10940498841,Trishla wholesalers,wholesale,large,SUG003,sugar,17,0.978
10940498841,Trishla wholesalers,wholesale,large,SOP001,soap,12,0.978
10940498841,Trishla wholesalers,wholesale,large,SOP002,soap,12,0.978
10940498841,Trishla wholesalers,wholesale,large,SOP003,soap,14,0.978
10940498841,Trishla wholesalers,wholesale,large,SOP004,soap,12,0.978
10940498841,Trishla wholesalers,wholesale,large,BEV001,beverages,17,0.978
10940498841,Trishla wholesalers,wholesale,large,BEV002,beverages,13,0.978
10940498841,Trishla wholesalers,wholesale,large,BEV003,beverages,13,0.978
10940498841,Trishla wholesalers,wholesale,large,BEV004,beverages,18,0.978
10940498841,Trishla wholesalers,wholesale,large,PC001,personal_care,10,0.978
10940498841,Trishla wholesalers,wholesale,large,PC002,personal_care,10,0.978
10940498841,Trishla wholesalers,wholesale,large,PC003,personal_care,11,0.978
10940498841,Trishla wholesalers,wholesale,large,SAN001,sanitary,11,0.978
10940498841,Trishla wholesalers,wholesale,large,SAN002,sanitary,11,0.978
10940498843,Jain Trading Ltd.,wholesale,large,OIL001,cooking_oil,19,0.978
10940498843,Jain Trading Ltd.,wholesale,large,OIL002,cooking_oil,23,0.978
10940498843,Jain Trading Ltd.,wholesale,large,OIL003,cooking_oil,18,0.978
10940498843,Jain Trading Ltd.,wholesale,large,OIL004,cooking_oil,18,0.978
10940498843,Jain Trading Ltd.,wholesale,large,FLR001,flour,23,0.978
10940498843,Jain Trading Ltd.,wholesale,large,FLR002,flour,28,0.978
10940498843,Jain Trading Ltd.,wholesale,large,FLR003,flour,30,0.978
10940498843,Jain Trading Ltd.,wholesale,large,FLR004,flour,22,0.978
10940498843,Jain Trading Ltd.,wholesale,large,SUG001,sugar,18,0.978
10940498843,Jain Trading Ltd.,wholesale,large,SUG002,sugar,17,0.978
10940498843,Jain Trading Ltd.,wholesale,large,SUG003,sugar,18,0.978
10940498843,Jain Trading Ltd.,wholesale,large,SOP001,soap,12,0.978
10940498843,Jain Trading Ltd.,wholesale,large,SOP002,soap,13,0.978
10940498843,Jain Trading Ltd.,wholesale,large,SOP003,soap,11,0.978
10940498843,Jain Trading Ltd.,wholesale,large,SOP004,soap,14,0.978
10940498843,Jain Trading Ltd.,wholesale,large,BEV001,beverages,18,0.978
10940498843,Jain Trading Ltd.,wholesale,large,BEV002,beverages,15,0.978
10940498843,Jain Trading Ltd.,wholesale,large,BEV003,beverages,14,0.978
10940498843,Jain Trading Ltd.,wholesale,large,BEV004,beverages,19,0.978
10940498843,Jain Trading Ltd.,wholesale,large,PC001,personal_care,12,0.978
10940498843,Jain Trading Ltd.,wholesale,large,PC002,personal_care,14,0.978
10940498843,Jain Trading Ltd.,wholesale,large,PC003,personal_care,10,0.978
10940498843,Jain Trading Ltd.,wholesale,large,SAN001,sanitary,9,0.978
10940498843,Jain Trading Ltd.,wholesale,large,SAN002,sanitary,8,0.978
10940498844,Kendeep agencies,wholesale,large,OIL001,cooking_oil,18,0.957
10940498844,Kendeep agencies,wholesale,large,OIL002,cooking_oil,22,0.957
10940498844,Kendeep agencies,wholesale,large,OIL003,cooking_oil,18,0.957
10940498844,Kendeep agencies,wholesale,large,OIL004,cooking_oil,20,0.957
10940498844,Kendeep agencies,wholesale,large,FLR001,flour,29,0.957
10940498844,Kendeep agencies,wholesale,large,FLR002,flour,27,0.957
10940498844,Kendeep agencies,wholesale,large,FLR003,flour,27,0.957
10940498844,Kendeep agencies,wholesale,large,FLR004,flour,30,0.957
10940498844,Kendeep agencies,wholesale,large,SUG001,sugar,22,0.957
10940498844,Kendeep agencies,wholesale,large,SUG002,sugar,18,0.957
10940498844,Kendeep agencies,wholesale,large,SUG003,sugar,17,0.957
10940498844,Kendeep agencies,wholesale,large,SOP001,soap,11,0.957
10940498844,Kendeep agencies,wholesale,large,SOP002,soap,11,0.957
10940498844,Kendeep agencies,wholesale,large,SOP003,soap,11,0.957
10940498844,Kendeep agencies,wholesale,large,SOP004,soap,14,0.957
10940498844,Kendeep agencies,wholesale,large,BEV001,beverages,13,0.957
10940498844,Kendeep agencies,wholesale,large,BEV002,beverages,16,0.957
10940498844,Kendeep agencies,wholesale,large,BEV003,beverages,16,0.957
10940498844,Kendeep agencies,wholesale,large,BEV004,beverages,17,0.957
10940498844,Kendeep agencies,wholesale,large,PC001,personal_care,12,0.957
10940498844,Kendeep agencies,wholesale,large,PC002,personal_care,12,0.957
10940498844,Kendeep agencies,wholesale,large,PC003,personal_care,12,0.957
10940498844,Kendeep agencies,wholesale,large,SAN001,sanitary,10,0.957
10940498844,Kendeep agencies,wholesale,large,SAN002,sanitary,8,0.957
10940498846,Victoria Bakery,bakery,medium,OIL001,cooking_oil,6,0.957
10940498846,Victoria Bakery,bakery,medium,OIL002,cooking_oil,9,0.957
10940498846,Victoria Bakery,bakery,medium,OIL003,cooking_oil,7,0.957
10940498846,Victoria Bakery,bakery,medium,OIL004,cooking_oil,8,0.957
10940498846,Victoria Bakery,bakery,medium,FLR001,flour,9,0.957
10940498846,Victoria Bakery,bakery,medium,FLR002,flour,9,0.957
10940498846,Victoria Bakery,bakery,medium,FLR003,flour,9,0.957
10940498846,Victoria Bakery,bakery,medium,FLR004,flour,11,0.957
10940498846,Victoria Bakery,bakery,medium,SUG001,sugar,6,0.957
10940498846,Victoria Bakery,bakery,medium,SUG002,sugar,7,0.957
10940498846,Victoria Bakery,bakery,medium,SUG003,sugar,6,0.957
10940498846,Victoria Bakery,bakery,medium,SOP001,soap,6,0.957
10940498846,Victoria Bakery,bakery,medium,SOP002,soap,5,0.957
10940498846,Victoria Bakery,bakery,medium,SOP003,soap,5,0.957
10940498846,Victoria Bakery,bakery,medium,SOP004,soap,5,0.957
10940498846,Victoria Bakery,bakery,medium,BEV001,beverages,7,0.957
10940498846,Victoria Bakery,bakery,medium,BEV002,beverages,7,0.957
10940498846,Victoria Bakery,bakery,medium,BEV003,beverages,7,0.957
10940498846,Victoria Bakery,bakery,medium,BEV004,beverages,5,0.957
10940498846,Victoria Bakery,bakery,medium,PC001,personal_care,4,0.957
10940498846,Victoria Bakery,bakery,medium,PC002,personal_care,4,0.957
10940498846,Victoria Bakery,bakery,medium,PC003,personal_care,4,0.957
10940498846,Victoria Bakery,bakery,medium,SAN001,sanitary,4,0.957
10940498846,Victoria Bakery,bakery,medium,SAN002,sanitary,4,0.957
10941873516,Midrock farms ltd,agrarian,medium,OIL001,cooking_oil,7,1.022
10941873516,Midrock farms ltd,agrarian,medium,OIL002,cooking_oil,9,1.022
10941873516,Midrock farms ltd,agrarian,medium,OIL003,cooking_oil,7,1.022
10941873516,Midrock farms ltd,agrarian,medium,OIL004,cooking_oil,9,1.022
10941873516,Midrock farms ltd,agrarian,medium,FLR001,flour,12,1.022
10941873516,Midrock farms ltd,agrarian,medium,FLR002,flour,9,1.022
10941873516,Midrock farms ltd,agrarian,medium,FLR003,flour,10,1.022
10941873516,Midrock farms ltd,agrarian,medium,FLR004,flour,8,1.022
10941873516,Midrock farms ltd,agrarian,medium,SUG001,sugar,7,1.022
10941873516,Midrock farms ltd,agrarian,medium,SUG002,sugar,9,1.022
10941873516,Midrock farms ltd,agrarian,medium,SUG003,sugar,8,1.022
10941873516,Midrock farms ltd,agrarian,medium,SOP001,soap,6,1.022
10941873516,Midrock farms ltd,agrarian,medium,SOP002,soap,6,1.022
10941873516,Midrock farms ltd,agrarian,medium,SOP003,soap,6,1.022
10941873516,Midrock farms ltd,agrarian,medium,SOP004,soap,6,1.022
10941873516,Midrock farms ltd,agrarian,medium,BEV001,beverages,5,1.022
10941873516,Midrock farms ltd,agrarian,medium,BEV002,beverages,6,1.022
10941873516,Midrock farms ltd,agrarian,medium,BEV003,beverages,6,1.022
10941873516,Midrock farms ltd,agrarian,medium,BEV004,beverages,6,1.022
10941873516,Midrock farms ltd,agrarian,medium,PC001,personal_care,4,1.022
10941873516,Midrock farms ltd,agrarian,medium,PC002,personal_care,5,1.022
10941873516,Midrock farms ltd,agrarian,medium,PC003,personal_care,4,1.022
10941873516,Midrock farms ltd,agrarian,medium,SAN001,sanitary,4,1.022
10941873516,Midrock farms ltd,agrarian,medium,SAN002,sanitary,3,1.022
10943819781,Afro Drip,agrarian,medium,OIL001,cooking_oil,10,1.109
10943819781,Afro Drip,agrarian,medium,OIL002,cooking_oil,11,1.109
10943819781,Afro Drip,agrarian,medium,OIL003,cooking_oil,9,1.109
10943819781,Afro Drip,agrarian,medium,OIL004,cooking_oil,8,1.109
10943819781,Afro Drip,agrarian,medium,FLR001,flour,10,1.109
10943819781,Afro Drip,agrarian,medium,FLR002,flour,11,1.109
10943819781,Afro Drip,agrarian,medium,FLR003,flour,9,1.109
10943819781,Afro Drip,agrarian,medium,FLR004,flour,12,1.109
10943819781,Afro Drip,agrarian,medium,SUG001,sugar,7,1.109
10943819781,Afro Drip,agrarian,medium,SUG002,sugar,7,1.109
10943819781,Afro Drip,agrarian,medium,SUG003,sugar,8,1.109
10943819781,Afro Drip,agrarian,medium,SOP001,soap,6,1.109
10943819781,Afro Drip,agrarian,medium,SOP002,soap,5,1.109
10943819781,Afro Drip,agrarian,medium,SOP003,soap,7,1.109
10943819781,Afro Drip,agrarian,medium,SOP004,soap,7,1.109
10943819781,Afro Drip,agrarian,medium,BEV001,beverages,8,1.109
10943819781,Afro Drip,agrarian,medium,BEV002,beverages,7,1.109
10943819781,Afro Drip,agrarian,medium,BEV003,beverages,6,1.109
10943819781,Afro Drip,agrarian,medium,BEV004,beverages,7,1.109
10943819781,Afro Drip,agrarian,medium,PC001,personal_care,6,1.109
10943819781,Afro Drip,agrarian,medium,PC002,personal_care,6,1.109
10943819781,Afro Drip,agrarian,medium,PC003,personal_care,4,1.109
10943819781,Afro Drip,agrarian,medium,SAN001,sanitary,4,1.109
10943819781,Afro Drip,agrarian,medium,SAN002,sanitary,5,1.109
10943873313,Amalo company ltd.,wholesale,large,OIL001,cooking_oil,21,1.0
10943873313,Amalo company ltd.,wholesale,large,OIL002,cooking_oil,21,1.0
10943873313,Amalo company ltd.,wholesale,large,OIL003,cooking_oil,23,1.0
10943873313,Amalo company ltd.,wholesale,large,OIL004,cooking_oil,19,1.0
10943873313,Amalo company ltd.,wholesale,large,FLR001,flour,29,1.0
10943873313,Amalo company ltd.,wholesale,large,FLR002,flour,22,1.0
10943873313,Amalo company ltd.,wholesale,large,FLR003,flour,21,1.0
10943873313,Amalo company ltd.,wholesale,large,FLR004,flour,31,1.0
10943873313,Amalo company ltd.,wholesale,large,SUG001,sugar,18,1.0
10943873313,Amalo company ltd.,wholesale,large,SUG002,sugar,17,1.0
10943873313,Amalo company ltd.,wholesale,large,SUG003,sugar,23,1.0
10943873313,Amalo company ltd.,wholesale,large,SOP001,soap,13,1.0
10943873313,Amalo company ltd.,wholesale,large,SOP002,soap,13,1.0
10943873313,Amalo company ltd.,wholesale,large,SOP003,soap,16,1.0
10943873313,Amalo company ltd.,wholesale,large,SOP004,soap,14,1.0
10943873313,Amalo company ltd.,wholesale,large,BEV001,beverages,16,1.0
10943873313,Amalo company ltd.,wholesale,large,BEV002,beverages,17,1.0
10943873313,Amalo company ltd.,wholesale,large,BEV003,beverages,14,1.0
10943873313,Amalo company ltd.,wholesale,large,BEV004,beverages,17,1.0
10943873313,Amalo company ltd.,wholesale,large,PC001,personal_care,12,1.0
10943873313,Amalo company ltd.,wholesale,large,PC002,personal_care,11,1.0
10943873313,Amalo company ltd.,wholesale,large,PC003,personal_care,12,1.0
10943873313,Amalo company ltd.,wholesale,large,SAN001,sanitary,8,1.0
10943873313,Amalo company ltd.,wholesale,large,SAN002,sanitary,11,1.0
11016540441,Zoro's cool drinking water,water,medium,OIL001,cooking_oil,5,0.565
11016540441,Zoro's cool drinking water,water,medium,OIL002,cooking_oil,5,0.565
11016540441,Zoro's cool drinking water,water,medium,OIL003,cooking_oil,5,0.565
11016540441,Zoro's cool drinking water,water,medium,OIL004,cooking_oil,5,0.565
11016540441,Zoro's cool drinking water,water,medium,FLR001,flour,6,0.565
11016540441,Zoro's cool drinking water,water,medium,FLR002,flour,6,0.565
11016540441,Zoro's cool drinking water,water,medium,FLR003,flour,6,0.565
11016540441,Zoro's cool drinking water,water,medium,FLR004,flour,6,0.565
11016540441,Zoro's cool drinking water,water,medium,SUG001,sugar,5,0.565
11016540441,Zoro's cool drinking water,water,medium,SUG002,sugar,5,0.565
11016540441,Zoro's cool drinking water,water,medium,SUG003,sugar,4,0.565
11016540441,Zoro's cool drinking water,water,medium,SOP001,soap,3,0.565
11016540441,Zoro's cool drinking water,water,medium,SOP002,soap,3,0.565
11016540441,Zoro's cool drinking water,water,medium,SOP003,soap,3,0.565
11016540441,Zoro's cool drinking water,water,medium,SOP004,soap,3,0.565
11016540441,Zoro's cool drinking water,water,medium,BEV001,beverages,4,0.565
11016540441,Zoro's cool drinking water,water,medium,BEV002,beverages,3,0.565
11016540441,Zoro's cool drinking water,water,medium,BEV003,beverages,4,0.565
11016540441,Zoro's cool drinking water,water,medium,BEV004,beverages,4,0.565
11016540441,Zoro's cool drinking water,water,medium,PC001,personal_care,2,0.565
11016540441,Zoro's cool drinking water,water,medium,PC002,personal_care,3,0.565
11016540441,Zoro's cool drinking water,water,medium,PC003,personal_care,3,0.565
11016540441,Zoro's cool drinking water,water,medium,SAN001,sanitary,2,0.565
11016540441,Zoro's cool drinking water,water,medium,SAN002,sanitary,2,0.565
11016540446,Beyond Fruits,farm,small,OIL001,cooking_oil,2,0.565
11016540446,Beyond Fruits,farm,small,OIL002,cooking_oil,2,0.565
11016540446,Beyond Fruits,farm,small,OIL003,cooking_oil,2,0.565
11016540446,Beyond Fruits,farm,small,OIL004,cooking_oil,2,0.565
11016540446,Beyond Fruits,farm,small,FLR001,flour,2,0.565
11016540446,Beyond Fruits,farm,small,FLR002,flour,2,0.565
11016540446,Beyond Fruits,farm,small,FLR003,flour,2,0.565
11016540446,Beyond Fruits,farm,small,FLR004,flour,2,0.565
11016540446,Beyond Fruits,farm,small,SUG001,sugar,2,0.565
11016540446,Beyond Fruits,farm,small,SUG002,sugar,2,0.565
11016540446,Beyond Fruits,farm,small,SUG003,sugar,2,0.565
11016540446,Beyond Fruits,farm,small,SOP001,soap,1,0.565
11016540446,Beyond Fruits,farm,small,SOP002,soap,1,0.565
11016540446,Beyond Fruits,farm,small,SOP003,soap,1,0.565
11016540446,Beyond Fruits,farm,small,SOP004,soap,1,0.565
11016540446,Beyond Fruits,farm,small,BEV001,beverages,1,0.565
11016540446,Beyond Fruits,farm,small,BEV002,beverages,2,0.565
11016540446,Beyond Fruits,farm,small,BEV003,beverages,2,0.565
11016540446,Beyond Fruits,farm,small,BEV004,beverages,2,0.565
11016540446,Beyond Fruits,farm,small,PC001,personal_care,1,0.565
11016540446,Beyond Fruits,farm,small,PC002,personal_care,1,0.565
11016540446,Beyond Fruits,farm,small,PC003,personal_care,1,0.565
11016540446,Beyond Fruits,farm,small,SAN001,sanitary,1,0.565
11016540446,Beyond Fruits,farm,small,SAN002,sanitary,1,0.565
11030023226,Roadside General store,general,medium,OIL001,cooking_oil,6,0.739
11030023226,Roadside General store,general,medium,OIL002,cooking_oil,7,0.739
11030023226,Roadside General store,general,medium,OIL003,cooking_oil,7,0.739
11030023226,Roadside General store,general,medium,OIL004,cooking_oil,7,0.739
11030023226,Roadside General store,general,medium,FLR001,flour,6,0.739
11030023226,Roadside General store,general,medium,FLR002,flour,7,0.739
11030023226,Roadside General store,general,medium,FLR003,flour,7,0.739
11030023226,Roadside General store,general,medium,FLR004,flour,6,0.739
11030023226,Roadside General store,general,medium,SUG001,sugar,5,0.739
11030023226,Roadside General store,general,medium,SUG002,sugar,6,0.739
11030023226,Roadside General store,general,medium,SUG003,sugar,6,0.739
11030023226,Roadside General store,general,medium,SOP001,soap,4,0.739
11030023226,Roadside General store,general,medium,SOP002,soap,5,0.739
11030023226,Roadside General store,general,medium,SOP003,soap,4,0.739
11030023226,Roadside General store,general,medium,SOP004,soap,5,0.739
11030023226,Roadside General store,general,medium,BEV001,beverages,6,0.739
11030023226,Roadside General store,general,medium,BEV002,beverages,4,0.739
11030023226,Roadside General store,general,medium,BEV003,beverages,4,0.739
11030023226,Roadside General store,general,medium,BEV004,beverages,4,0.739
11030023226,Roadside General store,general,medium,PC001,personal_care,3,0.739
11030023226,Roadside General store,general,medium,PC002,personal_care,4,0.739
11030023226,Roadside General store,general,medium,PC003,personal_care,3,0.739
11030023226,Roadside General store,general,medium,SAN001,sanitary,3,0.739
11030023226,Roadside General store,general,medium,SAN002,sanitary,3,0.739
11030023227,Kim's Poultry,agrarian,medium,OIL001,cooking_oil,7,0.739
11030023227,Kim's Poultry,agrarian,medium,OIL002,cooking_oil,6,0.739
11030023227,Kim's Poultry,agrarian,medium,OIL003,cooking_oil,6,0.739
11030023227,Kim's Poultry,agrarian,medium,OIL004,cooking_oil,5,0.739
11030023227,Kim's Poultry,agrarian,medium,FLR001,flour,7,0.739
11030023227,Kim's Poultry,agrarian,medium,FLR002,flour,8,0.739
11030023227,Kim's Poultry,agrarian,medium,FLR003,flour,7,0.739
11030023227,Kim's Poultry,agrarian,medium,FLR004,flour,8,0.739
11030023227,Kim's Poultry,agrarian,medium,SUG001,sugar,5,0.739
11030023227,Kim's Poultry,agrarian,medium,SUG002,sugar,6,0.739
11030023227,Kim's Poultry,agrarian,medium,SUG003,sugar,6,0.739
11030023227,Kim's Poultry,agrarian,medium,SOP001,soap,4,0.739
11030023227,Kim's Poultry,agrarian,medium,SOP002,soap,4,0.739
11030023227,Kim's Poultry,agrarian,medium,SOP003,soap,4,0.739
11030023227,Kim's Poultry,agrarian,medium,SOP004,soap,4,0.739
11030023227,Kim's Poultry,agrarian,medium,BEV001,beverages,5,0.739
11030023227,Kim's Poultry,agrarian,medium,BEV002,beverages,5,0.739
11030023227,Kim's Poultry,agrarian,medium,BEV003,beverages,4,0.739
11030023227,Kim's Poultry,agrarian,medium,BEV004,beverages,4,0.739
11030023227,Kim's Poultry,agrarian,medium,PC001,personal_care,3,0.739
11030023227,Kim's Poultry,agrarian,medium,PC002,personal_care,3,0.739
11030023227,Kim's Poultry,agrarian,medium,PC003,personal_care,3,0.739
11030023227,Kim's Poultry,agrarian,medium,SAN001,sanitary,3,0.739
11030023227,Kim's Poultry,agrarian,medium,SAN002,sanitary,3,0.739
11030023276,Beyond Fruits,greengrocer,small,OIL001,cooking_oil,3,0.696
11030023276,Beyond Fruits,greengrocer,small,OIL002,cooking_oil,2,0.696
11030023276,Beyond Fruits,greengrocer,small,OIL003,cooking_oil,3,0.696
11030023276,Beyond Fruits,greengrocer,small,OIL004,cooking_oil,2,0.696
11030023276,Beyond Fruits,greengrocer,small,FLR001,flour,3,0.696
11030023276,Beyond Fruits,greengrocer,small,FLR002,flour,3,0.696
11030023276,Beyond Fruits,greengrocer,small,FLR003,flour,3,0.696
11030023276,Beyond Fruits,greengrocer,small,FLR004,flour,3,0.696
11030023276,Beyond Fruits,greengrocer,small,SUG001,sugar,2,0.696
11030023276,Beyond Fruits,greengrocer,small,SUG002,sugar,2,0.696
11030023276,Beyond Fruits,greengrocer,small,SUG003,sugar,2,0.696
11030023276,Beyond Fruits,greengrocer,small,SOP001,soap,2,0.696
11030023276,Beyond Fruits,greengrocer,small,SOP002,soap,2,0.696
11030023276,Beyond Fruits,greengrocer,small,SOP003,soap,1,0.696
11030023276,Beyond Fruits,greengrocer,small,SOP004,soap,1,0.696
11030023276,Beyond Fruits,greengrocer,small,BEV001,beverages,2,0.696
11030023276,Beyond Fruits,greengrocer,small,BEV002,beverages,2,0.696
11030023276,Beyond Fruits,greengrocer,small,BEV003,beverages,2,0.696
11030023276,Beyond Fruits,greengrocer,small,BEV004,beverages,2,0.696
11030023276,Beyond Fruits,greengrocer,small,PC001,personal_care,1,0.696
11030023276,Beyond Fruits,greengrocer,small,PC002,personal_care,1,0.696
11030023276,Beyond Fruits,greengrocer,small,PC003,personal_care,1,0.696
11030023276,Beyond Fruits,greengrocer,small,SAN001,sanitary,1,0.696
11030023276,Beyond Fruits,greengrocer,small,SAN002,sanitary,1,0.696
11034143944,marhaba,convenience,medium,OIL001,cooking_oil,7,1.13
11034143944,marhaba,convenience,medium,OIL002,cooking_oil,8,1.13
11034143944,marhaba,convenience,medium,OIL003,cooking_oil,8,1.13
11034143944,marhaba,convenience,medium,OIL004,cooking_oil,11,1.13
11034143944,marhaba,convenience,medium,FLR001,flour,12,1.13
11034143944,marhaba,convenience,medium,FLR002,flour,12,1.13
11034143944,marhaba,convenience,medium,FLR003,flour,13,1.13
11034143944,marhaba,convenience,medium,FLR004,flour,13,1.13
11034143944,marhaba,convenience,medium,SUG001,sugar,7,1.13
11034143944,marhaba,convenience,medium,SUG002,sugar,7,1.13
11034143944,marhaba,convenience,medium,SUG003,sugar,7,1.13
11034143944,marhaba,convenience,medium,SOP001,soap,6,1.13
11034143944,marhaba,convenience,medium,SOP002,soap,7,1.13
11034143944,marhaba,convenience,medium,SOP003,soap,6,1.13
11034143944,marhaba,convenience,medium,SOP004,soap,6,1.13
11034143944,marhaba,convenience,medium,BEV001,beverages,6,1.13
11034143944,marhaba,convenience,medium,BEV002,beverages,8,1.13
11034143944,marhaba,convenience,medium,BEV003,beverages,7,1.13
11034143944,marhaba,convenience,medium,BEV004,beverages,8,1.13
11034143944,marhaba,convenience,medium,PC001,personal_care,6,1.13
11034143944,marhaba,convenience,medium,PC002,personal_care,5,1.13
11034143944,marhaba,convenience,medium,PC003,personal_care,6,1.13
11034143944,marhaba,convenience,medium,SAN001,sanitary,4,1.13
11034143944,marhaba,convenience,medium,SAN002,sanitary,3,1.13
11035432654,Umuya shop,kiosk,small,OIL001,cooking_oil,5,1.348
11035432654,Umuya shop,kiosk,small,OIL002,cooking_oil,5,1.348
11035432654,Umuya shop,kiosk,small,OIL003,cooking_oil,5,1.348
11035432654,Umuya shop,kiosk,small,OIL004,cooking_oil,4,1.348
11035432654,Umuya shop,kiosk,small,FLR001,flour,5,1.348
11035432654,Umuya shop,kiosk,small,FLR002,flour,5,1.348
11035432654,Umuya shop,kiosk,small,FLR003,flour,5,1.348
11035432654,Umuya shop,kiosk,small,FLR004,flour,4,1.348
11035432654,Umuya shop,kiosk,small,SUG001,sugar,4,1.348
11035432654,Umuya shop,kiosk,small,SUG002,sugar,3,1.348
11035432654,Umuya shop,kiosk,small,SUG003,sugar,4,1.348
11035432654,Umuya shop,kiosk,small,SOP001,soap,3,1.348
11035432654,Umuya shop,kiosk,small,SOP002,soap,3,1.348
11035432654,Umuya shop,kiosk,small,SOP003,soap,3,1.348
11035432654,Umuya shop,kiosk,small,SOP004,soap,3,1.348
11035432654,Umuya shop,kiosk,small,BEV001,beverages,3,1.348
11035432654,Umuya shop,kiosk,small,BEV002,beverages,3,1.348
11035432654,Umuya shop,kiosk,small,BEV003,beverages,3,1.348
11035432654,Umuya shop,kiosk,small,BEV004,beverages,3,1.348
11035432654,Umuya shop,kiosk,small,PC001,personal_care,3,1.348
11035432654,Umuya shop,kiosk,small,PC002,personal_care,3,1.348
11035432654,Umuya shop,kiosk,small,PC003,personal_care,3,1.348
11035432654,Umuya shop,kiosk,small,SAN001,sanitary,2,1.348
11035432654,Umuya shop,kiosk,small,SAN002,sanitary,2,1.348
11035432656,Rinas Milk shop,dairy,small,OIL001,cooking_oil,5,1.326
11035432656,Rinas Milk shop,dairy,small,OIL002,cooking_oil,4,1.326
11035432656,Rinas Milk shop,dairy,small,OIL003,cooking_oil,5,1.326
11035432656,Rinas Milk shop,dairy,small,OIL004,cooking_oil,4,1.326
11035432656,Rinas Milk shop,dairy,small,FLR001,flour,6,1.326
11035432656,Rinas Milk shop,dairy,small,FLR002,flour,5,1.326
11035432656,Rinas Milk shop,dairy,small,FLR003,flour,6,1.326
11035432656,Rinas Milk shop,dairy,small,FLR004,flour,6,1.326
11035432656,Rinas Milk shop,dairy,small,SUG001,sugar,4,1.326
11035432656,Rinas Milk shop,dairy,small,SUG002,sugar,4,1.326
11035432656,Rinas Milk shop,dairy,small,SUG003,sugar,3,1.326
11035432656,Rinas Milk shop,dairy,small,SOP001,soap,2,1.326
11035432656,Rinas Milk shop,dairy,small,SOP002,soap,3,1.326
11035432656,Rinas Milk shop,dairy,small,SOP003,soap,3,1.326
11035432656,Rinas Milk shop,dairy,small,SOP004,soap,2,1.326
11035432656,Rinas Milk shop,dairy,small,BEV001,beverages,4,1.326
11035432656,Rinas Milk shop,dairy,small,BEV002,beverages,4,1.326
11035432656,Rinas Milk shop,dairy,small,BEV003,beverages,4,1.326
11035432656,Rinas Milk shop,dairy,small,BEV004,beverages,3,1.326
11035432656,Rinas Milk shop,dairy,small,PC001,personal_care,2,1.326
11035432656,Rinas Milk shop,dairy,small,PC002,personal_care,2,1.326
11035432656,Rinas Milk shop,dairy,small,PC003,personal_care,3,1.326
11035432656,Rinas Milk shop,dairy,small,SAN001,sanitary,2,1.326
11035432656,Rinas Milk shop,dairy,small,SAN002,sanitary,2,1.326
11035432658,sigma feeds,agrarian,medium,OIL001,cooking_oil,10,1.326
11035432658,sigma feeds,agrarian,medium,OIL002,cooking_oil,10,1.326
11035432658,sigma feeds,agrarian,medium,OIL003,cooking_oil,9,1.326
11035432658,sigma feeds,agrarian,medium,OIL004,cooking_oil,10,1.326
11035432658,sigma feeds,agrarian,medium,FLR001,flour,15,1.326
11035432658,sigma feeds,agrarian,medium,FLR002,flour,15,1.326
11035432658,sigma feeds,agrarian,medium,FLR003,flour,16,1.326
11035432658,sigma feeds,agrarian,medium,FLR004,flour,13,1.326
11035432658,sigma feeds,agrarian,medium,SUG001,sugar,8,1.326
11035432658,sigma feeds,agrarian,medium,SUG002,sugar,9,1.326
11035432658,sigma feeds,agrarian,medium,SUG003,sugar,11,1.326
11035432658,sigma feeds,agrarian,medium,SOP001,soap,6,1.326
11035432658,sigma feeds,agrarian,medium,SOP002,soap,7,1.326
11035432658,sigma feeds,agrarian,medium,SOP003,soap,6,1.326
11035432658,sigma feeds,agrarian,medium,SOP004,soap,7,1.326
11035432658,sigma feeds,agrarian,medium,BEV001,beverages,7,1.326
11035432658,sigma feeds,agrarian,medium,BEV002,beverages,7,1.326
11035432658,sigma feeds,agrarian,medium,BEV003,beverages,10,1.326
11035432658,sigma feeds,agrarian,medium,BEV004,beverages,10,1.326
11035432658,sigma feeds,agrarian,medium,PC001,personal_care,6,1.326
11035432658,sigma feeds,agrarian,medium,PC002,personal_care,5,1.326
11035432658,sigma feeds,agrarian,medium,PC003,personal_care,6,1.326
11035432658,sigma feeds,agrarian,medium,SAN001,sanitary,4,1.326
11035432658,sigma feeds,agrarian,medium,SAN002,sanitary,5,1.326
11035432662,Munyao poultry enterprises,agrarian,medium,OIL001,cooking_oil,9,1.326
11035432662,Munyao poultry enterprises,agrarian,medium,OIL002,cooking_oil,9,1.326
11035432662,Munyao poultry enterprises,agrarian,medium,OIL003,cooking_oil,13,1.326
11035432662,Munyao poultry enterprises,agrarian,medium,OIL004,cooking_oil,10,1.326
11035432662,Munyao poultry enterprises,agrarian,medium,FLR001,flour,15,1.326
11035432662,Munyao poultry enterprises,agrarian,medium,FLR002,flour,15,1.326
11035432662,Munyao poultry enterprises,agrarian,medium,FLR003,flour,14,1.326
11035432662,Munyao poultry enterprises,agrarian,medium,FLR004,flour,11,1.326
11035432662,Munyao poultry enterprises,agrarian,medium,SUG001,sugar,9,1.326
11035432662,Munyao poultry enterprises,agrarian,medium,SUG002,sugar,8,1.326
11035432662,Munyao poultry enterprises,agrarian,medium,SUG003,sugar,11,1.326
11035432662,Munyao poultry enterprises,agrarian,medium,SOP001,soap,7,1.326
11035432662,Munyao poultry enterprises,agrarian,medium,SOP002,soap,8,1.326
11035432662,Munyao poultry enterprises,agrarian,medium,SOP003,soap,9,1.326
11035432662,Munyao poultry enterprises,agrarian,medium,SOP004,soap,7,1.326
11035432662,Munyao poultry enterprises,agrarian,medium,BEV001,beverages,9,1.326
11035432662,Munyao poultry enterprises,agrarian,medium,BEV002,beverages,9,1.326
11035432662,Munyao poultry enterprises,agrarian,medium,BEV003,beverages,7,1.326
11035432662,Munyao poultry enterprises,agrarian,medium,BEV004,beverages,7,1.326
11035432662,Munyao poultry enterprises,agrarian,medium,PC001,personal_care,7,1.326
11035432662,Munyao poultry enterprises,agrarian,medium,PC002,personal_care,6,1.326
11035432662,Munyao poultry enterprises,agrarian,medium,PC003,personal_care,6,1.326
11035432662,Munyao poultry enterprises,agrarian,medium,SAN001,sanitary,5,1.326
11035432662,Munyao poultry enterprises,agrarian,medium,SAN002,sanitary,5,1.326
11035432663,KIM's poultry enterprises,agrarian,medium,OIL001,cooking_oil,12,1.326
11035432663,KIM's poultry enterprises,agrarian,medium,OIL002,cooking_oil,12,1.326
11035432663,KIM's poultry enterprises,agrarian,medium,OIL003,cooking_oil,9,1.326
11035432663,KIM's poultry enterprises,agrarian,medium,OIL004,cooking_oil,13,1.326
11035432663,KIM's poultry enterprises,agrarian,medium,FLR001,flour,12,1.326
11035432663,KIM's poultry enterprises,agrarian,medium,FLR002,flour,13,1.326
11035432663,KIM's poultry enterprises,agrarian,medium,FLR003,flour,11,1.326
11035432663,KIM's poultry enterprises,agrarian,medium,FLR004,flour,13,1.326
11035432663,KIM's poultry enterprises,agrarian,medium,SUG001,sugar,10,1.326
11035432663,KIM's poultry enterprises,agrarian,medium,SUG002,sugar,8,1.326
11035432663,KIM's poultry enterprises,agrarian,medium,SUG003,sugar,8,1.326
11035432663,KIM's poultry enterprises,agrarian,medium,SOP001,soap,8,1.326
11035432663,KIM's poultry enterprises,agrarian,medium,SOP002,soap,8,1.326
11035432663,KIM's poultry enterprises,agrarian,medium,SOP003,soap,8,1.326
11035432663,KIM's poultry enterprises,agrarian,medium,SOP004,soap,8,1.326
11035432663,KIM's poultry enterprises,agrarian,medium,BEV001,beverages,7,1.326
11035432663,KIM's poultry enterprises,agrarian,medium,BEV002,beverages,10,1.326
11035432663,KIM's poultry enterprises,agrarian,medium,BEV003,beverages,10,1.326
11035432663,KIM's poultry enterprises,agrarian,medium,BEV004,beverages,7,1.326
11035432663,KIM's poultry enterprises,agrarian,medium,PC001,personal_care,5,1.326
11035432663,KIM's poultry enterprises,agrarian,medium,PC002,personal_care,5,1.326
11035432663,KIM's poultry enterprises,agrarian,medium,PC003,personal_care,5,1.326
11035432663,KIM's poultry enterprises,agrarian,medium,SAN001,sanitary,5,1.326
11035432663,KIM's poultry enterprises,agrarian,medium,SAN002,sanitary,5,1.326
11035432669,Pramukh wholesale & retail,wholesale,large,OIL001,cooking_oil,27,1.391
11035432669,Pramukh wholesale & retail,wholesale,large,OIL002,cooking_oil,35,1.391
11035432669,Pramukh wholesale & retail,wholesale,large,OIL003,cooking_oil,35,1.391
11035432669,Pramukh wholesale & retail,wholesale,large,OIL004,cooking_oil,28,1.391
11035432669,Pramukh wholesale & retail,wholesale,large,FLR001,flour,42,1.391
11035432669,Pramukh wholesale & retail,wholesale,large,FLR002,flour,33,1.391
11035432669,Pramukh wholesale & retail,wholesale,large,FLR003,flour,38,1.391
11035432669,Pramukh wholesale & retail,wholesale,large,FLR004,flour,36,1.391
11035432669,Pramukh wholesale & retail,wholesale,large,SUG001,sugar,26,1.391
11035432669,Pramukh wholesale & retail,wholesale,large,SUG002,sugar,31,1.391
11035432669,Pramukh wholesale & retail,wholesale,large,SUG003,sugar,24,1.391
11035432669,Pramukh wholesale & retail,wholesale,large,SOP001,soap,20,1.391
11035432669,Pramukh wholesale & retail,wholesale,large,SOP002,soap,17,1.391
11035432669,Pramukh wholesale & retail,wholesale,large,SOP003,soap,19,1.391
11035432669,Pramukh wholesale & retail,wholesale,large,SOP004,soap,16,1.391
11035432669,Pramukh wholesale & retail,wholesale,large,BEV001,beverages,24,1.391
11035432669,Pramukh wholesale & retail,wholesale,large,BEV002,beverages,22,1.391
11035432669,Pramukh wholesale & retail,wholesale,large,BEV003,beverages,25,1.391
11035432669,Pramukh wholesale & retail,wholesale,large,BEV004,beverages,21,1.391
11035432669,Pramukh wholesale & retail,wholesale,large,PC001,personal_care,18,1.391
11035432669,Pramukh wholesale & retail,wholesale,large,PC002,personal_care,17,1.391
11035432669,Pramukh wholesale & retail,wholesale,large,PC003,personal_care,15,1.391
11035432669,Pramukh wholesale & retail,wholesale,large,SAN001,sanitary,14,1.391
11035432669,Pramukh wholesale & retail,wholesale,large,SAN002,sanitary,12,1.391
11041880762,Onion center,greengrocer,small,OIL001,cooking_oil,5,1.478
11041880762,Onion center,greengrocer,small,OIL002,cooking_oil,5,1.478
11041880762,Onion center,greengrocer,small,OIL003,cooking_oil,5,1.478
11041880762,Onion center,greengrocer,small,OIL004,cooking_oil,4,1.478
11041880762,Onion center,greengrocer,small,FLR001,flour,6,1.478
11041880762,Onion center,greengrocer,small,FLR002,flour,5,1.478
11041880762,Onion center,greengrocer,small,FLR003,flour,5,1.478
11041880762,Onion center,greengrocer,small,FLR004,flour,5,1.478
11041880762,Onion center,greengrocer,small,SUG001,sugar,5,1.478
11041880762,Onion center,greengrocer,small,SUG002,sugar,5,1.478
11041880762,Onion center,greengrocer,small,SUG003,sugar,4,1.478
11041880762,Onion center,greengrocer,small,SOP001,soap,3,1.478
11041880762,Onion center,greengrocer,small,SOP002,soap,3,1.478
11041880762,Onion center,greengrocer,small,SOP003,soap,3,1.478
11041880762,Onion center,greengrocer,small,SOP004,soap,3,1.478
11041880762,Onion center,greengrocer,small,BEV001,beverages,4,1.478
11041880762,Onion center,greengrocer,small,BEV002,beverages,4,1.478
11041880762,Onion center,greengrocer,small,BEV003,beverages,4,1.478
11041880762,Onion center,greengrocer,small,BEV004,beverages,4,1.478
11041880762,Onion center,greengrocer,small,PC001,personal_care,2,1.478
11041880762,Onion center,greengrocer,small,PC002,personal_care,3,1.478
11041880762,Onion center,greengrocer,small,PC003,personal_care,2,1.478
11041880762,Onion center,greengrocer,small,SAN001,sanitary,2,1.478
11041880762,Onion center,greengrocer,small,SAN002,sanitary,2,1.478
11041880763,Manchi water,water,medium,OIL001,cooking_oil,12,1.478
11041880763,Manchi water,water,medium,OIL002,cooking_oil,11,1.478
11041880763,Manchi water,water,medium,OIL003,cooking_oil,13,1.478
11041880763,Manchi water,water,medium,OIL004,cooking_oil,11,1.478
11041880763,Manchi water,water,medium,FLR001,flour,16,1.478
11041880763,Manchi water,water,medium,FLR002,flour,16,1.478
11041880763,Manchi water,water,medium,FLR003,flour,12,1.478
11041880763,Manchi water,water,medium,FLR004,flour,15,1.478
11041880763,Manchi water,water,medium,SUG001,sugar,12,1.478
11041880763,Manchi water,water,medium,SUG002,sugar,9,1.478
11041880763,Manchi water,water,medium,SUG003,sugar,11,1.478
11041880763,Manchi water,water,medium,SOP001,soap,7,1.478
11041880763,Manchi water,water,medium,SOP002,soap,9,1.478
11041880763,Manchi water,water,medium,SOP003,soap,9,1.478
11041880763,Manchi water,water,medium,SOP004,soap,7,1.478
11041880763,Manchi water,water,medium,BEV001,beverages,10,1.478
11041880763,Manchi water,water,medium,BEV002,beverages,10,1.478
11041880763,Manchi water,water,medium,BEV003,beverages,10,1.478
11041880763,Manchi water,water,medium,BEV004,beverages,8,1.478
11041880763,Manchi water,water,medium,PC001,personal_care,6,1.478
11041880763,Manchi water,water,medium,PC002,personal_care,7,1.478
11041880763,Manchi water,water,medium,PC003,personal_care,6,1.478
11041880763,Manchi water,water,medium,SAN001,sanitary,4,1.478
11041880763,Manchi water,water,medium,SAN002,sanitary,6,1.478
11044596296,Divineland milk & honey,dairy,small,OIL001,cooking_oil,3,1.087
11044596296,Divineland milk & honey,dairy,small,OIL002,cooking_oil,3,1.087
11044596296,Divineland milk & honey,dairy,small,OIL003,cooking_oil,4,1.087
11044596296,Divineland milk & honey,dairy,small,OIL004,cooking_oil,4,1.087
11044596296,Divineland milk & honey,dairy,small,FLR001,flour,4,1.087
11044596296,Divineland milk & honey,dairy,small,FLR002,flour,5,1.087
11044596296,Divineland milk & honey,dairy,small,FLR003,flour,4,1.087
11044596296,Divineland milk & honey,dairy,small,FLR004,flour,5,1.087
11044596296,Divineland milk & honey,dairy,small,SUG001,sugar,4,1.087
11044596296,Divineland milk & honey,dairy,small,SUG002,sugar,3,1.087
11044596296,Divineland milk & honey,dairy,small,SUG003,sugar,3,1.087
11044596296,Divineland milk & honey,dairy,small,SOP001,soap,3,1.087
11044596296,Divineland milk & honey,dairy,small,SOP002,soap,2,1.087
11044596296,Divineland milk & honey,dairy,small,SOP003,soap,2,1.087
11044596296,Divineland milk & honey,dairy,small,SOP004,soap,2,1.087
11044596296,Divineland milk & honey,dairy,small,BEV001,beverages,3,1.087
11044596296,Divineland milk & honey,dairy,small,BEV002,beverages,2,1.087
11044596296,Divineland milk & honey,dairy,small,BEV003,beverages,2,1.087
11044596296,Divineland milk & honey,dairy,small,BEV004,beverages,2,1.087
11044596296,Divineland milk & honey,dairy,small,PC001,personal_care,2,1.087
11044596296,Divineland milk & honey,dairy,small,PC002,personal_care,2,1.087
11044596296,Divineland milk & honey,dairy,small,PC003,personal_care,2,1.087
11044596296,Divineland milk & honey,dairy,small,SAN001,sanitary,2,1.087
11044596296,Divineland milk & honey,dairy,small,SAN002,sanitary,2,1.087
11044596300,Ondisore farmers choice depot,kiosk,small,OIL001,cooking_oil,3,1.087
11044596300,Ondisore farmers choice depot,kiosk,small,OIL002,cooking_oil,4,1.087
11044596300,Ondisore farmers choice depot,kiosk,small,OIL003,cooking_oil,4,1.087
11044596300,Ondisore farmers choice depot,kiosk,small,OIL004,cooking_oil,4,1.087
11044596300,Ondisore farmers choice depot,kiosk,small,FLR001,flour,5,1.087
11044596300,Ondisore farmers choice depot,kiosk,small,FLR002,flour,4,1.087
11044596300,Ondisore farmers choice depot,kiosk,small,FLR003,flour,5,1.087
11044596300,Ondisore farmers choice depot,kiosk,small,FLR004,flour,5,1.087
11044596300,Ondisore farmers choice depot,kiosk,small,SUG001,sugar,3,1.087
11044596300,Ondisore farmers choice depot,kiosk,small,SUG002,sugar,3,1.087
11044596300,Ondisore farmers choice depot,kiosk,small,SUG003,sugar,3,1.087
11044596300,Ondisore farmers choice depot,kiosk,small,SOP001,soap,2,1.087
11044596300,Ondisore farmers choice depot,kiosk,small,SOP002,soap,2,1.087
11044596300,Ondisore farmers choice depot,kiosk,small,SOP003,soap,2,1.087
11044596300,Ondisore farmers choice depot,kiosk,small,SOP004,soap,2,1.087
11044596300,Ondisore farmers choice depot,kiosk,small,BEV001,beverages,3,1.087
11044596300,Ondisore farmers choice depot,kiosk,small,BEV002,beverages,3,1.087
11044596300,Ondisore farmers choice depot,kiosk,small,BEV003,beverages,2,1.087
11044596300,Ondisore farmers choice depot,kiosk,small,BEV004,beverages,2,1.087
11044596300,Ondisore farmers choice depot,kiosk,small,PC001,personal_care,2,1.087
11044596300,Ondisore farmers choice depot,kiosk,small,PC002,personal_care,2,1.087
11044596300,Ondisore farmers choice depot,kiosk,small,PC003,personal_care,2,1.087
11044596300,Ondisore farmers choice depot,kiosk,small,SAN001,sanitary,1,1.087
11044596300,Ondisore farmers choice depot,kiosk,small,SAN002,sanitary,2,1.087
11044596301,zamani cake suppliers,bakery,medium,OIL001,cooking_oil,8,1.196
11044596301,zamani cake suppliers,bakery,medium,OIL002,cooking_oil,8,1.196
11044596301,zamani cake suppliers,bakery,medium,OIL003,cooking_oil,9,1.196
11044596301,zamani cake suppliers,bakery,medium,OIL004,cooking_oil,9,1.196
11044596301,zamani cake suppliers,bakery,medium,FLR001,flour,14,1.196
11044596301,zamani cake suppliers,bakery,medium,FLR002,flour,12,1.196
11044596301,zamani cake suppliers,bakery,medium,FLR003,flour,11,1.196
11044596301,zamani cake suppliers,bakery,medium,FLR004,flour,11,1.196
11044596301,zamani cake suppliers,bakery,medium,SUG001,sugar,8,1.196
11044596301,zamani cake suppliers,bakery,medium,SUG002,sugar,10,1.196
11044596301,zamani cake suppliers,bakery,medium,SUG003,sugar,8,1.196
11044596301,zamani cake suppliers,bakery,medium,SOP001,soap,6,1.196
11044596301,zamani cake suppliers,bakery,medium,SOP002,soap,5,1.196
11044596301,zamani cake suppliers,bakery,medium,SOP003,soap,6,1.196
11044596301,zamani cake suppliers,bakery,medium,SOP004,soap,6,1.196
11044596301,zamani cake suppliers,bakery,medium,BEV001,beverages,7,1.196
11044596301,zamani cake suppliers,bakery,medium,BEV002,beverages,8,1.196
11044596301,zamani cake suppliers,bakery,medium,BEV003,beverages,7,1.196
11044596301,zamani cake suppliers,bakery,medium,BEV004,beverages,9,1.196
11044596301,zamani cake suppliers,bakery,medium,PC001,personal_care,5,1.196
11044596301,zamani cake suppliers,bakery,medium,PC002,personal_care,5,1.196
11044596301,zamani cake suppliers,bakery,medium,PC003,personal_care,6,1.196
11044596301,zamani cake suppliers,bakery,medium,SAN001,sanitary,4,1.196
11044596301,zamani cake suppliers,bakery,medium,SAN002,sanitary,4,1.196
11044610206,Lakeside Halal butchery,butcher,small,OIL001,cooking_oil,4,1.217
11044610206,Lakeside Halal butchery,butcher,small,OIL002,cooking_oil,3,1.217
11044610206,Lakeside Halal butchery,butcher,small,OIL003,cooking_oil,4,1.217
11044610206,Lakeside Halal butchery,butcher,small,OIL004,cooking_oil,3,1.217
11044610206,Lakeside Halal butchery,butcher,small,FLR001,flour,6,1.217
11044610206,Lakeside Halal butchery,butcher,small,FLR002,flour,5,1.217
11044610206,Lakeside Halal butchery,butcher,small,FLR003,flour,4,1.217
11044610206,Lakeside Halal butchery,butcher,small,FLR004,flour,6,1.217
11044610206,Lakeside Halal butchery,butcher,small,SUG001,sugar,4,1.217
11044610206,Lakeside Halal butchery,butcher,small,SUG002,sugar,3,1.217
11044610206,Lakeside Halal butchery,butcher,small,SUG003,sugar,4,1.217
11044610206,Lakeside Halal butchery,butcher,small,SOP001,soap,2,1.217
11044610206,Lakeside Halal butchery,butcher,small,SOP002,soap,3,1.217
11044610206,Lakeside Halal butchery,butcher,small,SOP003,soap,3,1.217
11044610206,Lakeside Halal butchery,butcher,small,SOP004,soap,3,1.217
11044610206,Lakeside Halal butchery,butcher,small,BEV001,beverages,3,1.217
11044610206,Lakeside Halal butchery,butcher,small,BEV002,beverages,3,1.217
11044610206,Lakeside Halal butchery,butcher,small,BEV003,beverages,3,1.217
11044610206,Lakeside Halal butchery,butcher,small,BEV004,beverages,3,1.217
11044610206,Lakeside Halal butchery,butcher,small,PC001,personal_care,2,1.217
11044610206,Lakeside Halal butchery,butcher,small,PC002,personal_care,2,1.217
11044610206,Lakeside Halal butchery,butcher,small,PC003,personal_care,2,1.217
11044610206,Lakeside Halal butchery,butcher,small,SAN001,sanitary,1,1.217
11044610206,Lakeside Halal butchery,butcher,small,SAN002,sanitary,1,1.217
11088822295,kibuye wholesalers,wholesale,large,OIL001,cooking_oil,17,0.978
11088822295,kibuye wholesalers,wholesale,large,OIL002,cooking_oil,17,0.978
11088822295,kibuye wholesalers,wholesale,large,OIL003,cooking_oil,21,0.978
11088822295,kibuye wholesalers,wholesale,large,OIL004,cooking_oil,18,0.978
11088822295,kibuye wholesalers,wholesale,large,FLR001,flour,30,0.978
11088822295,kibuye wholesalers,wholesale,large,FLR002,flour,26,0.978
11088822295,kibuye wholesalers,wholesale,large,FLR003,flour,28,0.978
11088822295,kibuye wholesalers,wholesale,large,FLR004,flour,23,0.978
11088822295,kibuye wholesalers,wholesale,large,SUG001,sugar,20,0.978
11088822295,kibuye wholesalers,wholesale,large,SUG002,sugar,22,0.978
11088822295,kibuye wholesalers,wholesale,large,SUG003,sugar,15,0.978
11088822295,kibuye wholesalers,wholesale,large,SOP001,soap,13,0.978
11088822295,kibuye wholesalers,wholesale,large,SOP002,soap,14,0.978
11088822295,kibuye wholesalers,wholesale,large,SOP003,soap,14,0.978
11088822295,kibuye wholesalers,wholesale,large,SOP004,soap,16,0.978
11088822295,kibuye wholesalers,wholesale,large,BEV001,beverages,16,0.978
11088822295,kibuye wholesalers,wholesale,large,BEV002,beverages,15,0.978
11088822295,kibuye wholesalers,wholesale,large,BEV003,beverages,17,0.978
11088822295,kibuye wholesalers,wholesale,large,BEV004,beverages,19,0.978
11088822295,kibuye wholesalers,wholesale,large,PC001,personal_care,12,0.978
11088822295,kibuye wholesalers,wholesale,large,PC002,personal_care,13,0.978
11088822295,kibuye wholesalers,wholesale,large,PC003,personal_care,9,0.978
11088822295,kibuye wholesalers,wholesale,large,SAN001,sanitary,8,0.978
11088822295,kibuye wholesalers,wholesale,large,SAN002,sanitary,9,0.978
11088822297,Galaiya stores Ltd,wholesale,large,OIL001,cooking_oil,20,0.957
11088822297,Galaiya stores Ltd,wholesale,large,OIL002,cooking_oil,24,0.957
11088822297,Galaiya stores Ltd,wholesale,large,OIL003,cooking_oil,23,0.957
11088822297,Galaiya stores Ltd,wholesale,large,OIL004,cooking_oil,18,0.957
11088822297,Galaiya stores Ltd,wholesale,large,FLR001,flour,29,0.957
11088822297,Galaiya stores Ltd,wholesale,large,FLR002,flour,30,0.957
11088822297,Galaiya stores Ltd,wholesale,large,FLR003,flour,29,0.957
11088822297,Galaiya stores Ltd,wholesale,large,FLR004,flour,25,0.957
11088822297,Galaiya stores Ltd,wholesale,large,SUG001,sugar,16,0.957
11088822297,Galaiya stores Ltd,wholesale,large,SUG002,sugar,20,0.957
11088822297,Galaiya stores Ltd,wholesale,large,SUG003,sugar,15,0.957
11088822297,Galaiya stores Ltd,wholesale,large,SOP001,soap,12,0.957
11088822297,Galaiya stores Ltd,wholesale,large,SOP002,soap,15,0.957
11088822297,Galaiya stores Ltd,wholesale,large,SOP003,soap,14,0.957
11088822297,Galaiya stores Ltd,wholesale,large,SOP004,soap,14,0.957
11088822297,Galaiya stores Ltd,wholesale,large,BEV001,beverages,15,0.957
11088822297,Galaiya stores Ltd,wholesale,large,BEV002,beverages,15,0.957
11088822297,Galaiya stores Ltd,wholesale,large,BEV003,beverages,15,0.957
11088822297,Galaiya stores Ltd,wholesale,large,BEV004,beverages,15,0.957
11088822297,Galaiya stores Ltd,wholesale,large,PC001,personal_care,13,0.957
11088822297,Galaiya stores Ltd,wholesale,large,PC002,personal_care,12,0.957
11088822297,Galaiya stores Ltd,wholesale,large,PC003,personal_care,12,0.957
11088822297,Galaiya stores Ltd,wholesale,large,SAN001,sanitary,9,0.957
11088822297,Galaiya stores Ltd,wholesale,large,SAN002,sanitary,7,0.957
11094245646,Kijani purified,water,medium,OIL001,cooking_oil,13,1.413
11094245646,Kijani purified,water,medium,OIL002,cooking_oil,14,1.413
11094245646,Kijani purified,water,medium,OIL003,cooking_oil,11,1.413
11094245646,Kijani purified,water,medium,OIL004,cooking_oil,12,1.413
11094245646,Kijani purified,water,medium,FLR001,flour,13,1.413
11094245646,Kijani purified,water,medium,FLR002,flour,15,1.413
11094245646,Kijani purified,water,medium,FLR003,flour,16,1.413
11094245646,Kijani purified,water,medium,FLR004,flour,13,1.413
11094245646,Kijani purified,water,medium,SUG001,sugar,11,1.413
11094245646,Kijani purified,water,medium,SUG002,sugar,11,1.413
11094245646,Kijani purified,water,medium,SUG003,sugar,9,1.413
11094245646,Kijani purified,water,medium,SOP001,soap,8,1.413
11094245646,Kijani purified,water,medium,SOP002,soap,9,1.413
11094245646,Kijani purified,water,medium,SOP003,soap,7,1.413
11094245646,Kijani purified,water,medium,SOP004,soap,8,1.413
11094245646,Kijani purified,water,medium,BEV001,beverages,9,1.413
11094245646,Kijani purified,water,medium,BEV002,beverages,9,1.413
11094245646,Kijani purified,water,medium,BEV003,beverages,10,1.413
11094245646,Kijani purified,water,medium,BEV004,beverages,9,1.413
11094245646,Kijani purified,water,medium,PC001,personal_care,7,1.413
11094245646,Kijani purified,water,medium,PC002,personal_care,7,1.413
11094245646,Kijani purified,water,medium,PC003,personal_care,6,1.413
11094245646,Kijani purified,water,medium,SAN001,sanitary,5,1.413
11094245646,Kijani purified,water,medium,SAN002,sanitary,4,1.413
11094246713,maziwa dairy,dairy,small,OIL001,cooking_oil,4,1.457
11094246713,maziwa dairy,dairy,small,OIL002,cooking_oil,4,1.457
11094246713,maziwa dairy,dairy,small,OIL003,cooking_oil,5,1.457
11094246713,maziwa dairy,dairy,small,OIL004,cooking_oil,6,1.457
11094246713,maziwa dairy,dairy,small,FLR001,flour,7,1.457
11094246713,maziwa dairy,dairy,small,FLR002,flour,5,1.457
11094246713,maziwa dairy,dairy,small,FLR003,flour,5,1.457
11094246713,maziwa dairy,dairy,small,FLR004,flour,6,1.457
11094246713,maziwa dairy,dairy,small,SUG001,sugar,4,1.457
11094246713,maziwa dairy,dairy,small,SUG002,sugar,4,1.457
11094246713,maziwa dairy,dairy,small,SUG003,sugar,4,1.457
11094246713,maziwa dairy,dairy,small,SOP001,soap,3,1.457
11094246713,maziwa dairy,dairy,small,SOP002,soap,3,1.457
11094246713,maziwa dairy,dairy,small,SOP003,soap,3,1.457
11094246713,maziwa dairy,dairy,small,SOP004,soap,3,1.457
11094246713,maziwa dairy,dairy,small,BEV001,beverages,3,1.457
11094246713,maziwa dairy,dairy,small,BEV002,beverages,3,1.457
11094246713,maziwa dairy,dairy,small,BEV003,beverages,4,1.457
11094246713,maziwa dairy,dairy,small,BEV004,beverages,3,1.457
11094246713,maziwa dairy,dairy,small,PC001,personal_care,2,1.457
11094246713,maziwa dairy,dairy,small,PC002,personal_care,2,1.457
11094246713,maziwa dairy,dairy,small,PC003,personal_care,2,1.457
11094246713,maziwa dairy,dairy,small,SAN001,sanitary,2,1.457
11094246713,maziwa dairy,dairy,small,SAN002,sanitary,2,1.457
11094246714,Farm fresh,dairy,small,OIL001,cooking_oil,4,1.457
11094246714,Farm fresh,dairy,small,OIL002,cooking_oil,4,1.457
11094246714,Farm fresh,dairy,small,OIL003,cooking_oil,4,1.457
11094246714,Farm fresh,dairy,small,OIL004,cooking_oil,4,1.457
11094246714,Farm fresh,dairy,small,FLR001,flour,5,1.457
11094246714,Farm fresh,dairy,small,FLR002,flour,6,1.457
11094246714,Farm fresh,dairy,small,FLR003,flour,7,1.457
11094246714,Farm fresh,dairy,small,FLR004,flour,7,1.457
11094246714,Farm fresh,dairy,small,SUG001,sugar,4,1.457
11094246714,Farm fresh,dairy,small,SUG002,sugar,4,1.457
11094246714,Farm fresh,dairy,small,SUG003,sugar,4,1.457
11094246714,Farm fresh,dairy,small,SOP001,soap,3,1.457
11094246714,Farm fresh,dairy,small,SOP002,soap,3,1.457
11094246714,Farm fresh,dairy,small,SOP003,soap,3,1.457
11094246714,Farm fresh,dairy,small,SOP004,soap,4,1.457
11094246714,Farm fresh,dairy,small,BEV001,beverages,4,1.457
11094246714,Farm fresh,dairy,small,BEV002,beverages,3,1.457
11094246714,Farm fresh,dairy,small,BEV003,beverages,4,1.457
11094246714,Farm fresh,dairy,small,BEV004,beverages,4,1.457
11094246714,Farm fresh,dairy,small,PC001,personal_care,2,1.457
11094246714,Farm fresh,dairy,small,PC002,personal_care,3,1.457
11094246714,Farm fresh,dairy,small,PC003,personal_care,3,1.457
11094246714,Farm fresh,dairy,small,SAN001,sanitary,2,1.457
11094246714,Farm fresh,dairy,small,SAN002,sanitary,2,1.457
11094246716,Unknown,butcher,small,OIL001,cooking_oil,5,1.457
11094246716,Unknown,butcher,small,OIL002,cooking_oil,4,1.457
11094246716,Unknown,butcher,small,OIL003,cooking_oil,6,1.457
11094246716,Unknown,butcher,small,OIL004,cooking_oil,6,1.457
11094246716,Unknown,butcher,small,FLR001,flour,5,1.457
11094246716,Unknown,butcher,small,FLR002,flour,5,1.457
11094246716,Unknown,butcher,small,FLR003,flour,6,1.457
11094246716,Unknown,butcher,small,FLR004,flour,5,1.457
11094246716,Unknown,butcher,small,SUG001,sugar,4,1.457
11094246716,Unknown,butcher,small,SUG002,sugar,3,1.457
11094246716,Unknown,butcher,small,SUG003,sugar,5,1.457
11094246716,Unknown,butcher,small,SOP001,soap,4,1.457
11094246716,Unknown,butcher,small,SOP002,soap,3,1.457
11094246716,Unknown,butcher,small,SOP003,soap,3,1.457
11094246716,Unknown,butcher,small,SOP004,soap,4,1.457
11094246716,Unknown,butcher,small,BEV001,beverages,3,1.457
11094246716,Unknown,butcher,small,BEV002,beverages,4,1.457
11094246716,Unknown,butcher,small,BEV003,beverages,4,1.457
11094246716,Unknown,butcher,small,BEV004,beverages,4,1.457
11094246716,Unknown,butcher,small,PC001,personal_care,3,1.457
11094246716,Unknown,butcher,small,PC002,personal_care,3,1.457
11094246716,Unknown,butcher,small,PC003,personal_care,3,1.457
11094246716,Unknown,butcher,small,SAN001,sanitary,2,1.457
11094246716,Unknown,butcher,small,SAN002,sanitary,2,1.457
11094246725,Unknown,gas,medium,OIL001,cooking_oil,10,1.022
11094246725,Unknown,gas,medium,OIL002,cooking_oil,10,1.022
11094246725,Unknown,gas,medium,OIL003,cooking_oil,10,1.022
11094246725,Unknown,gas,medium,OIL004,cooking_oil,9,1.022
11094246725,Unknown,gas,medium,FLR001,flour,11,1.022
11094246725,Unknown,gas,medium,FLR002,flour,11,1.022
11094246725,Unknown,gas,medium,FLR003,flour,9,1.022
11094246725,Unknown,gas,medium,FLR004,flour,12,1.022
11094246725,Unknown,gas,medium,SUG001,sugar,8,1.022
11094246725,Unknown,gas,medium,SUG002,sugar,7,1.022
11094246725,Unknown,gas,medium,SUG003,sugar,8,1.022
11094246725,Unknown,gas,medium,SOP001,soap,5,1.022
11094246725,Unknown,gas,medium,SOP002,soap,5,1.022
11094246725,Unknown,gas,medium,SOP003,soap,6,1.022
11094246725,Unknown,gas,medium,SOP004,soap,5,1.022
11094246725,Unknown,gas,medium,BEV001,beverages,7,1.022
11094246725,Unknown,gas,medium,BEV002,beverages,7,1.022
11094246725,Unknown,gas,medium,BEV003,beverages,6,1.022
11094246725,Unknown,gas,medium,BEV004,beverages,6,1.022
11094246725,Unknown,gas,medium,PC001,personal_care,4,1.022
11094246725,Unknown,gas,medium,PC002,personal_care,4,1.022
11094246725,Unknown,gas,medium,PC003,personal_care,4,1.022
11094246725,Unknown,gas,medium,SAN001,sanitary,4,1.022
11094246725,Unknown,gas,medium,SAN002,sanitary,3,1.022
11094250478,westland veve shop,kiosk,small,OIL001,cooking_oil,6,1.478
11094250478,westland veve shop,kiosk,small,OIL002,cooking_oil,6,1.478
11094250478,westland veve shop,kiosk,small,OIL003,cooking_oil,4,1.478
11094250478,westland veve shop,kiosk,small,OIL004,cooking_oil,4,1.478
11094250478,westland veve shop,kiosk,small,FLR001,flour,7,1.478
11094250478,westland veve shop,kiosk,small,FLR002,flour,6,1.478
11094250478,westland veve shop,kiosk,small,FLR003,flour,6,1.478
11094250478,westland veve shop,kiosk,small,FLR004,flour,6,1.478
11094250478,westland veve shop,kiosk,small,SUG001,sugar,5,1.478
11094250478,westland veve shop,kiosk,small,SUG002,sugar,4,1.478
11094250478,westland veve shop,kiosk,small,SUG003,sugar,4,1.478
11094250478,westland veve shop,kiosk,small,SOP001,soap,4,1.478
11094250478,westland veve shop,kiosk,small,SOP002,soap,3,1.478
11094250478,westland veve shop,kiosk,small,SOP003,soap,3,1.478
11094250478,westland veve shop,kiosk,small,SOP004,soap,3,1.478
11094250478,westland veve shop,kiosk,small,BEV001,beverages,3,1.478
11094250478,westland veve shop,kiosk,small,BEV002,beverages,4,1.478
11094250478,westland veve shop,kiosk,small,BEV003,beverages,4,1.478
11094250478,westland veve shop,kiosk,small,BEV004,beverages,4,1.478
11094250478,westland veve shop,kiosk,small,PC001,personal_care,3,1.478
11094250478,westland veve shop,kiosk,small,PC002,personal_care,3,1.478
11094250478,westland veve shop,kiosk,small,PC003,personal_care,3,1.478
11094250478,westland veve shop,kiosk,small,SAN001,sanitary,2,1.478
11094250478,westland veve shop,kiosk,small,SAN002,sanitary,2,1.478
13714210033,pepsi,wholesale,large,OIL001,cooking_oil,11,0.5
13714210033,pepsi,wholesale,large,OIL002,cooking_oil,12,0.5
13714210033,pepsi,wholesale,large,OIL003,cooking_oil,12,0.5
13714210033,pepsi,wholesale,large,OIL004,cooking_oil,12,0.5
13714210033,pepsi,wholesale,large,FLR001,flour,16,0.5
13714210033,pepsi,wholesale,large,FLR002,flour,11,0.5
13714210033,pepsi,wholesale,large,FLR003,flour,14,0.5
13714210033,pepsi,wholesale,large,FLR004,flour,11,0.5
13714210033,pepsi,wholesale,large,SUG001,sugar,8,0.5
13714210033,pepsi,wholesale,large,SUG002,sugar,9,0.5
13714210033,pepsi,wholesale,large,SUG003,sugar,8,0.5
13714210033,pepsi,wholesale,large,SOP001,soap,6,0.5
13714210033,pepsi,wholesale,large,SOP002,soap,8,0.5
13714210033,pepsi,wholesale,large,SOP003,soap,7,0.5
13714210033,pepsi,wholesale,large,SOP004,soap,8,0.5
13714210033,pepsi,wholesale,large,BEV001,beverages,9,0.5
13714210033,pepsi,wholesale,large,BEV002,beverages,8,0.5
13714210033,pepsi,wholesale,large,BEV003,beverages,9,0.5
13714210033,pepsi,wholesale,large,BEV004,beverages,10,0.5
13714210033,pepsi,wholesale,large,PC001,personal_care,7,0.5
13714210033,pepsi,wholesale,large,PC002,personal_care,7,0.5
13714210033,pepsi,wholesale,large,PC003,personal_care,6,0.5
13714210033,pepsi,wholesale,large,SAN001,sanitary,4,0.5
13714210033,pepsi,wholesale,large,SAN002,sanitary,6,0.5
13714210045,Rabuor gen mart,wholesale,large,OIL001,cooking_oil,12,0.5
13714210045,Rabuor gen mart,wholesale,large,OIL002,cooking_oil,9,0.5
13714210045,Rabuor gen mart,wholesale,large,OIL003,cooking_oil,13,0.5
13714210045,Rabuor gen mart,wholesale,large,OIL004,cooking_oil,9,0.5
13714210045,Rabuor gen mart,wholesale,large,FLR001,flour,13,0.5
13714210045,Rabuor gen mart,wholesale,large,FLR002,flour,11,0.5
13714210045,Rabuor gen mart,wholesale,large,FLR003,flour,11,0.5
13714210045,Rabuor gen mart,wholesale,large,FLR004,flour,14,0.5
13714210045,Rabuor gen mart,wholesale,large,SUG001,sugar,8,0.5
13714210045,Rabuor gen mart,wholesale,large,SUG002,sugar,11,0.5
13714210045,Rabuor gen mart,wholesale,large,SUG003,sugar,8,0.5
13714210045,Rabuor gen mart,wholesale,large,SOP001,soap,7,0.5
13714210045,Rabuor gen mart,wholesale,large,SOP002,soap,8,0.5
13714210045,Rabuor gen mart,wholesale,large,SOP003,soap,7,0.5
13714210045,Rabuor gen mart,wholesale,large,SOP004,soap,9,0.5
13714210045,Rabuor gen mart,wholesale,large,BEV001,beverages,8,0.5
13714210045,Rabuor gen mart,wholesale,large,BEV002,beverages,9,0.5
13714210045,Rabuor gen mart,wholesale,large,BEV003,beverages,10,0.5
13714210045,Rabuor gen mart,wholesale,large,BEV004,beverages,10,0.5
13714210045,Rabuor gen mart,wholesale,large,PC001,personal_care,7,0.5
13714210045,Rabuor gen mart,wholesale,large,PC002,personal_care,7,0.5
13714210045,Rabuor gen mart,wholesale,large,PC003,personal_care,6,0.5
13714210045,Rabuor gen mart,wholesale,large,SAN001,sanitary,5,0.5
13714210045,Rabuor gen mart,wholesale,large,SAN002,sanitary,4,0.5
13749616722,tuffoam limited factory outlet,wholesale,large,OIL001,cooking_oil,18,0.739
13749616722,tuffoam limited factory outlet,wholesale,large,OIL002,cooking_oil,13,0.739
13749616722,tuffoam limited factory outlet,wholesale,large,OIL003,cooking_oil,16,0.739
13749616722,tuffoam limited factory outlet,wholesale,large,OIL004,cooking_oil,14,0.739
13749616722,tuffoam limited factory outlet,wholesale,large,FLR001,flour,16,0.739
13749616722,tuffoam limited factory outlet,wholesale,large,FLR002,flour,23,0.739
13749616722,tuffoam limited factory outlet,wholesale,large,FLR003,flour,17,0.739
13749616722,tuffoam limited factory outlet,wholesale,large,FLR004,flour,17,0.739
13749616722,tuffoam limited factory outlet,wholesale,large,SUG001,sugar,12,0.739
13749616722,tuffoam limited factory outlet,wholesale,large,SUG002,sugar,14,0.739
13749616722,tuffoam limited factory outlet,wholesale,large,SUG003,sugar,15,0.739
13749616722,tuffoam limited factory outlet,wholesale,large,SOP001,soap,11,0.739
13749616722,tuffoam limited factory outlet,wholesale,large,SOP002,soap,9,0.739
13749616722,tuffoam limited factory outlet,wholesale,large,SOP003,soap,10,0.739
13749616722,tuffoam limited factory outlet,wholesale,large,SOP004,soap,10,0.739
13749616722,tuffoam limited factory outlet,wholesale,large,BEV001,beverages,12,0.739
13749616722,tuffoam limited factory outlet,wholesale,large,BEV002,beverages,14,0.739
13749616722,tuffoam limited factory outlet,wholesale,large,BEV003,beverages,13,0.739
13749616722,tuffoam limited factory outlet,wholesale,large,BEV004,beverages,12,0.739
13749616722,tuffoam limited factory outlet,wholesale,large,PC001,personal_care,9,0.739
13749616722,tuffoam limited factory outlet,wholesale,large,PC002,personal_care,8,0.739
13749616722,tuffoam limited factory outlet,wholesale,large,PC003,personal_care,9,0.739
13749616722,tuffoam limited factory outlet,wholesale,large,SAN001,sanitary,8,0.739
13749616722,tuffoam limited factory outlet,wholesale,large,SAN002,sanitary,6,0.739
13749654037,taji,water,medium,OIL001,cooking_oil,5,0.587
13749654037,taji,water,medium,OIL002,cooking_oil,5,0.587
13749654037,taji,water,medium,OIL003,cooking_oil,5,0.587
13749654037,taji,water,medium,OIL004,cooking_oil,5,0.587
13749654037,taji,water,medium,FLR001,flour,6,0.587
13749654037,taji,water,medium,FLR002,flour,5,0.587
13749654037,taji,water,medium,FLR003,flour,5,0.587
13749654037,taji,water,medium,FLR004,flour,6,0.587
13749654037,taji,water,medium,SUG001,sugar,4,0.587
13749654037,taji,water,medium,SUG002,sugar,4,0.587
13749654037,taji,water,medium,SUG003,sugar,4,0.587
13749654037,taji,water,medium,SOP001,soap,3,0.587
13749654037,taji,water,medium,SOP002,soap,3,0.587
13749654037,taji,water,medium,SOP003,soap,4,0.587
13749654037,taji,water,medium,SOP004,soap,3,0.587
13749654037,taji,water,medium,BEV001,beverages,4,0.587
13749654037,taji,water,medium,BEV002,beverages,4,0.587
13749654037,taji,water,medium,BEV003,beverages,4,0.587
13749654037,taji,water,medium,BEV004,beverages,4,0.587
13749654037,taji,water,medium,PC001,personal_care,3,0.587
13749654037,taji,water,medium,PC002,personal_care,3,0.587
13749654037,taji,water,medium,PC003,personal_care,3,0.587
13749654037,taji,water,medium,SAN001,sanitary,2,0.587
13749654037,taji,water,medium,SAN002,sanitary,2,0.587
13749654038,jaaria mini mart,supermarket,large,OIL001,cooking_oil,22,0.957
13749654038,jaaria mini mart,supermarket,large,OIL002,cooking_oil,19,0.957
13749654038,jaaria mini mart,supermarket,large,OIL003,cooking_oil,19,0.957
13749654038,jaaria mini mart,supermarket,large,OIL004,cooking_oil,25,0.957
13749654038,jaaria mini mart,supermarket,large,FLR001,flour,25,0.957
13749654038,jaaria mini mart,supermarket,large,FLR002,flour,24,0.957
13749654038,jaaria mini mart,supermarket,large,FLR003,flour,23,0.957
13749654038,jaaria mini mart,supermarket,large,FLR004,flour,21,0.957
13749654038,jaaria mini mart,supermarket,large,SUG001,sugar,21,0.957
13749654038,jaaria mini mart,supermarket,large,SUG002,sugar,21,0.957
13749654038,jaaria mini mart,supermarket,large,SUG003,sugar,16,0.957
13749654038,jaaria mini mart,supermarket,large,SOP001,soap,12,0.957
13749654038,jaaria mini mart,supermarket,large,SOP002,soap,13,0.957
13749654038,jaaria mini mart,supermarket,large,SOP003,soap,16,0.957
13749654038,jaaria mini mart,supermarket,large,SOP004,soap,14,0.957
13749654038,jaaria mini mart,supermarket,large,BEV001,beverages,15,0.957
13749654038,jaaria mini mart,supermarket,large,BEV002,beverages,13,0.957
13749654038,jaaria mini mart,supermarket,large,BEV003,beverages,16,0.957
13749654038,jaaria mini mart,supermarket,large,BEV004,beverages,17,0.957
13749654038,jaaria mini mart,supermarket,large,PC001,personal_care,12,0.957
13749654038,jaaria mini mart,supermarket,large,PC002,personal_care,10,0.957
13749654038,jaaria mini mart,supermarket,large,PC003,personal_care,11,0.957
13749654038,jaaria mini mart,supermarket,large,SAN001,sanitary,11,0.957
13749654038,jaaria mini mart,supermarket,large,SAN002,sanitary,10,0.957
13749654039,keki Na taji,bakery,medium,OIL001,cooking_oil,6,0.587
13749654039,keki Na taji,bakery,medium,OIL002,cooking_oil,4,0.587
13749654039,keki Na taji,bakery,medium,OIL003,cooking_oil,5,0.587
13749654039,keki Na taji,bakery,medium,OIL004,cooking_oil,4,0.587
13749654039,keki Na taji,bakery,medium,FLR001,flour,5,0.587
13749654039,keki Na taji,bakery,medium,FLR002,flour,5,0.587
13749654039,keki Na taji,bakery,medium,FLR003,flour,5,0.587
13749654039,keki Na taji,bakery,medium,FLR004,flour,6,0.587
13749654039,keki Na taji,bakery,medium,SUG001,sugar,4,0.587
13749654039,keki Na taji,bakery,medium,SUG002,sugar,4,0.587
13749654039,keki Na taji,bakery,medium,SUG003,sugar,4,0.587
13749654039,keki Na taji,bakery,medium,SOP001,soap,4,0.587
13749654039,keki Na taji,bakery,medium,SOP002,soap,3,0.587
13749654039,keki Na taji,bakery,medium,SOP003,soap,3,0.587
13749654039,keki Na taji,bakery,medium,SOP004,soap,4,0.587
13749654039,keki Na taji,bakery,medium,BEV001,beverages,3,0.587
13749654039,keki Na taji,bakery,medium,BEV002,beverages,4,0.587
13749654039,keki Na taji,bakery,medium,BEV003,beverages,4,0.587
13749654039,keki Na taji,bakery,medium,BEV004,beverages,4,0.587
13749654039,keki Na taji,bakery,medium,PC001,personal_care,3,0.587
13749654039,keki Na taji,bakery,medium,PC002,personal_care,2,0.587
13749654039,keki Na taji,bakery,medium,PC003,personal_care,2,0.587
13749654039,keki Na taji,bakery,medium,SAN001,sanitary,2,0.587
13749654039,keki Na taji,bakery,medium,SAN002,sanitary,2,0.587
