outlet_osm_id,outlet_name,outlet_type,suburb,outlet_lat,outlet_lon,sku,category,product_name,last_delivery_date,days_since_delivery,implied_stock,daily_depletion,stockout_probability
3291255926,Kiosk,convenience,Nyalenda B,-0.1253104,34.7535577,BEV001,beverages,Afia Juice,2024-12-16,7,5.5,0.64,0.5
3291255926,Kiosk,convenience,Nyalenda B,-0.1253104,34.7535577,BEV002,beverages,Pick n Peel Juice,2024-12-16,7,10.3,0.67,0.1
3291255926,Kiosk,convenience,Nyalenda B,-0.1253104,34.7535577,BEV003,beverages,Tusker Lager,2024-12-23,0,20.0,0.75,0.1
3291255926,Kiosk,convenience,Nyalenda B,-0.1253104,34.7535577,BEV004,beverages,Coca-Cola Soda,2024-12-16,7,4.4,0.51,0.5
3291255926,Kiosk,convenience,Nyalenda B,-0.1253104,34.7535577,FLR001,flour,Jogoo Maize Flour,2024-12-02,21,8.3,1.13,0.5
3291255926,Kiosk,convenience,Nyalenda B,-0.1253104,34.7535577,FLR002,flour,Jogoo Maize Flour,2024-12-23,0,21.0,0.99,0.1
3291255926,Kiosk,convenience,Nyalenda B,-0.1253104,34.7535577,FLR003,flour,Pembe Maize Flour,2024-12-16,7,23.7,1.18,0.1
3291255926,Kiosk,convenience,Nyalenda B,-0.1253104,34.7535577,FLR004,flour,Kabras Maize Flour,2024-12-09,14,6.8,1.02,0.5
3291255926,Kiosk,convenience,Nyalenda B,-0.1253104,34.7535577,OIL001,cooking_oil,Golden Fry Cooking Oil,2024-12-16,7,14.2,0.97,0.1
3291255926,Kiosk,convenience,Nyalenda B,-0.1253104,34.7535577,OIL002,cooking_oil,Golden Fry Cooking Oil,2024-12-02,21,6.9,1.01,0.5
3291255926,Kiosk,convenience,Nyalenda B,-0.1253104,34.7535577,OIL003,cooking_oil,Soya King Cooking Oil,2024-12-23,0,14.0,0.91,0.1
3291255926,Kiosk,convenience,Nyalenda B,-0.1253104,34.7535577,OIL004,cooking_oil,Soya King Cooking Oil,2024-12-16,7,7.4,0.94,0.5
3291255926,Kiosk,convenience,Nyalenda B,-0.1253104,34.7535577,PC001,personal_care,Vaseline Body Lotion,2024-12-23,0,12.0,0.57,0.1
3291255926,Kiosk,convenience,Nyalenda B,-0.1253104,34.7535577,PC002,personal_care,Dove Bar Soap,2024-12-23,0,16.0,0.59,0.1
3291255926,Kiosk,convenience,Nyalenda B,-0.1253104,34.7535577,PC003,personal_care,Colgate Toothpaste,2024-12-16,7,6.0,0.43,0.1
3291255926,Kiosk,convenience,Nyalenda B,-0.1253104,34.7535577,SAN001,sanitary,Always Pads,2024-12-16,7,3.1,0.41,0.5
3291255926,Kiosk,convenience,Nyalenda B,-0.1253104,34.7535577,SAN002,sanitary,Huggies Diapers,2024-12-02,21,3.8,0.39,0.5
3291255926,Kiosk,convenience,Nyalenda B,-0.1253104,34.7535577,SOP001,soap,Omo Detergent,2024-12-09,14,9.8,0.73,0.1
3291255926,Kiosk,convenience,Nyalenda B,-0.1253104,34.7535577,SOP002,soap,Sunlight Bar Soap,2024-12-23,0,12.0,0.56,0.1
3291255926,Kiosk,convenience,Nyalenda B,-0.1253104,34.7535577,SOP003,soap,Bidco Bar Soap,2024-12-23,0,16.0,0.57,0.1
3291255926,Kiosk,convenience,Nyalenda B,-0.1253104,34.7535577,SOP004,soap,Dettol Bar Soap,2024-12-02,21,2.5,0.45,0.5
3291255926,Kiosk,convenience,Nyalenda B,-0.1253104,34.7535577,SUG001,sugar,Mumias Sugar,2024-12-09,14,10.0,0.71,0.1
3291255926,Kiosk,convenience,Nyalenda B,-0.1253104,34.7535577,SUG002,sugar,Mumias Sugar,2024-12-02,21,5.2,0.7,0.5
3291255926,Kiosk,convenience,Nyalenda B,-0.1253104,34.7535577,SUG003,sugar,Nzoia Sugar,2024-12-02,21,4.8,0.91,0.5
3291258371,Kiosk,convenience,Wadhare,-0.125057,34.7536201,BEV001,beverages,Afia Juice,2024-12-09,14,9.6,0.74,0.1
3291258371,Kiosk,convenience,Wadhare,-0.125057,34.7536201,BEV002,beverages,Pick n Peel Juice,2024-12-16,7,8.1,0.56,0.1
3291258371,Kiosk,convenience,Wadhare,-0.125057,34.7536201,BEV003,beverages,Tusker Lager,2024-12-16,7,10.0,0.71,0.1
3291258371,Kiosk,convenience,Wadhare,-0.125057,34.7536201,BEV004,beverages,Coca-Cola Soda,2024-12-16,7,11.8,0.6,0.1
3291258371,Kiosk,convenience,Wadhare,-0.125057,34.7536201,FLR001,flour,Jogoo Maize Flour,2024-12-16,7,7.5,0.94,0.5
3291258371,Kiosk,convenience,Wadhare,-0.125057,34.7536201,FLR002,flour,Jogoo Maize Flour,2024-12-09,14,5.8,0.87,0.5
3291258371,Kiosk,convenience,Wadhare,-0.125057,34.7536201,FLR003,flour,Pembe Maize Flour,2024-12-09,14,7.0,1.0,0.5
3291258371,Kiosk,convenience,Wadhare,-0.125057,34.7536201,FLR004,flour,Kabras Maize Flour,2024-12-16,7,8.4,1.09,0.5
3291258371,Kiosk,convenience,Wadhare,-0.125057,34.7536201,OIL001,cooking_oil,Golden Fry Cooking Oil,2024-12-16,7,6.3,0.82,0.5
3291258371,Kiosk,convenience,Wadhare,-0.125057,34.7536201,OIL002,cooking_oil,Golden Fry Cooking Oil,2024-12-23,0,12.0,0.82,0.1
3291258371,Kiosk,convenience,Wadhare,-0.125057,34.7536201,OIL003,cooking_oil,Soya King Cooking Oil,2024-12-09,14,11.5,0.89,0.1
3291258371,Kiosk,convenience,Wadhare,-0.125057,34.7536201,OIL004,cooking_oil,Soya King Cooking Oil,2024-12-09,14,6.0,0.86,0.5
3291258371,Kiosk,convenience,Wadhare,-0.125057,34.7536201,PC001,personal_care,Vaseline Body Lotion,2024-12-09,14,3.0,0.43,0.5
3291258371,Kiosk,convenience,Wadhare,-0.125057,34.7536201,PC002,personal_care,Dove Bar Soap,2024-12-23,0,12.0,0.44,0.1
3291258371,Kiosk,convenience,Wadhare,-0.125057,34.7536201,PC003,personal_care,Colgate Toothpaste,2024-12-23,0,6.0,0.41,0.1
3291258371,Kiosk,convenience,Wadhare,-0.125057,34.7536201,SAN001,sanitary,Always Pads,2024-12-16,7,5.9,0.3,0.1
3291258371,Kiosk,convenience,Wadhare,-0.125057,34.7536201,SAN002,sanitary,Huggies Diapers,2024-12-02,21,2.5,0.45,0.5
3291258371,Kiosk,convenience,Wadhare,-0.125057,34.7536201,SOP001,soap,Omo Detergent,2024-12-09,14,4.0,0.57,0.5
3291258371,Kiosk,convenience,Wadhare,-0.125057,34.7536201,SOP002,soap,Sunlight Bar Soap,2024-12-16,7,3.1,0.41,0.5
3291258371,Kiosk,convenience,Wadhare,-0.125057,34.7536201,SOP003,soap,Bidco Bar Soap,2024-12-23,0,8.0,0.55,0.1
3291258371,Kiosk,convenience,Wadhare,-0.125057,34.7536201,SOP004,soap,Dettol Bar Soap,2024-12-16,7,5.2,0.68,0.5
3291258371,Kiosk,convenience,Wadhare,-0.125057,34.7536201,SUG001,sugar,Mumias Sugar,2024-12-16,7,17.7,0.9,0.1
3291258371,Kiosk,convenience,Wadhare,-0.125057,34.7536201,SUG002,sugar,Mumias Sugar,2024-12-16,7,5.2,0.69,0.5
3291258371,Kiosk,convenience,Wadhare,-0.125057,34.7536201,SUG003,sugar,Nzoia Sugar,2024-12-23,0,20.0,0.73,0.1
3291258372,Kiosk,convenience,Wadhare,-0.1239009,34.7533096,BEV001,beverages,Afia Juice,2024-12-09,14,5.0,0.71,0.5
3291258372,Kiosk,convenience,Wadhare,-0.1239009,34.7533096,BEV002,beverages,Pick n Peel Juice,2024-12-23,0,20.0,0.72,0.1
3291258372,Kiosk,convenience,Wadhare,-0.1239009,34.7533096,BEV003,beverages,Tusker Lager,2024-12-23,0,20.0,0.73,0.1
3291258372,Kiosk,convenience,Wadhare,-0.1239009,34.7533096,BEV004,beverages,Coca-Cola Soda,2024-12-23,0,10.0,0.64,0.1
3291258372,Kiosk,convenience,Wadhare,-0.1239009,34.7533096,FLR001,flour,Jogoo Maize Flour,2024-12-02,21,5.1,0.9,0.5
3291258372,Kiosk,convenience,Wadhare,-0.1239009,34.7533096,FLR002,flour,Jogoo Maize Flour,2024-12-02,21,8.2,1.32,0.5
3291258372,Kiosk,convenience,Wadhare,-0.1239009,34.7533096,FLR003,flour,Pembe Maize Flour,2024-12-23,0,24.0,1.09,0.1
3291258372,Kiosk,convenience,Wadhare,-0.1239009,34.7533096,FLR004,flour,Kabras Maize Flour,2024-12-23,0,28.0,0.99,0.1
3291258372,Kiosk,convenience,Wadhare,-0.1239009,34.7533096,OIL001,cooking_oil,Golden Fry Cooking Oil,2024-12-23,0,10.0,0.65,0.1
3291258372,Kiosk,convenience,Wadhare,-0.1239009,34.7533096,OIL002,cooking_oil,Golden Fry Cooking Oil,2024-12-23,0,24.0,0.91,0.1
3291258372,Kiosk,convenience,Wadhare,-0.1239009,34.7533096,OIL003,cooking_oil,Soya King Cooking Oil,2024-12-09,14,5.0,0.71,0.5
3291258372,Kiosk,convenience,Wadhare,-0.1239009,34.7533096,OIL004,cooking_oil,Soya King Cooking Oil,2024-12-02,21,5.9,1.05,0.5
3291258372,Kiosk,convenience,Wadhare,-0.1239009,34.7533096,PC001,personal_care,Vaseline Body Lotion,2024-12-23,0,9.0,0.43,0.1
3291258372,Kiosk,convenience,Wadhare,-0.1239009,34.7533096,PC002,personal_care,Dove Bar Soap,2024-12-23,0,12.0,0.42,0.1
3291258372,Kiosk,convenience,Wadhare,-0.1239009,34.7533096,PC003,personal_care,Colgate Toothpaste,2024-12-23,0,6.0,0.41,0.1
3291258372,Kiosk,convenience,Wadhare,-0.1239009,34.7533096,SAN001,sanitary,Always Pads,2024-12-23,0,12.0,0.42,0.1
3291258372,Kiosk,convenience,Wadhare,-0.1239009,34.7533096,SAN002,sanitary,Huggies Diapers,2024-12-23,0,4.0,0.26,0.1
3291258372,Kiosk,convenience,Wadhare,-0.1239009,34.7533096,SOP001,soap,Omo Detergent,2024-12-23,0,6.0,0.4,0.1
3291258372,Kiosk,convenience,Wadhare,-0.1239009,34.7533096,SOP002,soap,Sunlight Bar Soap,2024-12-23,0,15.0,0.71,0.1
3291258372,Kiosk,convenience,Wadhare,-0.1239009,34.7533096,SOP003,soap,Bidco Bar Soap,2024-12-23,0,15.0,0.72,0.1
3291258372,Kiosk,convenience,Wadhare,-0.1239009,34.7533096,SOP004,soap,Dettol Bar Soap,2024-12-23,0,12.0,0.57,0.1
3291258372,Kiosk,convenience,Wadhare,-0.1239009,34.7533096,SUG001,sugar,Mumias Sugar,2024-12-23,0,10.0,0.69,0.1
3291258372,Kiosk,convenience,Wadhare,-0.1239009,34.7533096,SUG002,sugar,Mumias Sugar,2024-12-23,0,24.0,0.91,0.1
3291258372,Kiosk,convenience,Wadhare,-0.1239009,34.7533096,SUG003,sugar,Nzoia Sugar,2024-12-09,14,9.6,0.74,0.1
3291258373,Kiosk,convenience,Wadhare,-0.1227416,34.7529361,BEV001,beverages,Afia Juice,2024-12-16,7,11.9,0.87,0.1
3291258373,Kiosk,convenience,Wadhare,-0.1227416,34.7529361,BEV002,beverages,Pick n Peel Juice,2024-12-09,14,4.0,0.57,0.5
3291258373,Kiosk,convenience,Wadhare,-0.1227416,34.7529361,BEV003,beverages,Tusker Lager,2024-12-09,14,9.8,0.73,0.1
3291258373,Kiosk,convenience,Wadhare,-0.1227416,34.7529361,BEV004,beverages,Coca-Cola Soda,2024-12-09,14,6.2,0.84,0.5
3291258373,Kiosk,convenience,Wadhare,-0.1227416,34.7529361,FLR001,flour,Jogoo Maize Flour,2024-12-02,21,7.3,1.18,0.5
3291258373,Kiosk,convenience,Wadhare,-0.1227416,34.7529361,FLR002,flour,Jogoo Maize Flour,2024-12-02,21,5.9,1.05,0.5
3291258373,Kiosk,convenience,Wadhare,-0.1227416,34.7529361,FLR003,flour,Pembe Maize Flour,2024-12-16,7,26.5,1.35,0.1
3291258373,Kiosk,convenience,Wadhare,-0.1227416,34.7529361,FLR004,flour,Kabras Maize Flour,2024-12-16,7,7.2,0.97,0.5
3291258373,Kiosk,convenience,Wadhare,-0.1227416,34.7529361,OIL001,cooking_oil,Golden Fry Cooking Oil,2024-12-09,14,5.0,0.71,0.5
3291258373,Kiosk,convenience,Wadhare,-0.1227416,34.7529361,OIL002,cooking_oil,Golden Fry Cooking Oil,2024-12-16,7,10.0,0.71,0.1
3291258373,Kiosk,convenience,Wadhare,-0.1227416,34.7529361,OIL003,cooking_oil,Soya King Cooking Oil,2024-12-09,14,7.0,1.0,0.5
3291258373,Kiosk,convenience,Wadhare,-0.1227416,34.7529361,OIL004,cooking_oil,Soya King Cooking Oil,2024-12-16,7,12.0,0.85,0.1
3291258373,Kiosk,convenience,Wadhare,-0.1227416,34.7529361,PC001,personal_care,Vaseline Body Lotion,2024-12-16,7,6.0,0.43,0.1
3291258373,Kiosk,convenience,Wadhare,-0.1227416,34.7529361,PC002,personal_care,Dove Bar Soap,2024-12-16,7,11.8,0.6,0.1
3291258373,Kiosk,convenience,Wadhare,-0.1227416,34.7529361,PC003,personal_care,Colgate Toothpaste,2024-12-16,7,3.1,0.41,0.5
3291258373,Kiosk,convenience,Wadhare,-0.1227416,34.7529361,SAN001,sanitary,Always Pads,2024-12-16,7,3.1,0.41,0.5
3291258373,Kiosk,convenience,Wadhare,-0.1227416,34.7529361,SAN002,sanitary,Huggies Diapers,2024-12-16,7,3.1,0.42,0.5
3291258373,Kiosk,convenience,Wadhare,-0.1227416,34.7529361,SOP001,soap,Omo Detergent,2024-12-23,0,16.0,0.59,0.1
3291258373,Kiosk,convenience,Wadhare,-0.1227416,34.7529361,SOP002,soap,Sunlight Bar Soap,2024-12-23,0,20.0,0.75,0.1
3291258373,Kiosk,convenience,Wadhare,-0.1227416,34.7529361,SOP003,soap,Bidco Bar Soap,2024-12-23,0,10.0,0.68,0.1
3291258373,Kiosk,convenience,Wadhare,-0.1227416,34.7529361,SOP004,soap,Dettol Bar Soap,2024-12-16,7,14.8,0.74,0.1
3291258373,Kiosk,convenience,Wadhare,-0.1227416,34.7529361,SUG001,sugar,Mumias Sugar,2024-12-23,0,12.0,0.83,0.1
3291258373,Kiosk,convenience,Wadhare,-0.1227416,34.7529361,SUG002,sugar,Mumias Sugar,2024-12-09,14,5.2,0.7,0.5
3291258373,Kiosk,convenience,Wadhare,-0.1227416,34.7529361,SUG003,sugar,Nzoia Sugar,2024-12-23,0,18.0,0.86,0.1
3292350021,Unknown,butcher,Southern sublocation,-0.1033614,34.7557818,BEV001,beverages,Afia Juice,2024-12-16,7,2.1,0.28,0.5
3292350021,Unknown,butcher,Southern sublocation,-0.1033614,34.7557818,BEV002,beverages,Pick n Peel Juice,2024-12-02,21,1.7,0.3,0.5
3292350021,Unknown,butcher,Southern sublocation,-0.1033614,34.7557818,BEV003,beverages,Tusker Lager,2024-12-16,7,5.9,0.3,0.1
3292350021,Unknown,butcher,Southern sublocation,-0.1033614,34.7557818,BEV004,beverages,Coca-Cola Soda,2024-12-23,0,8.0,0.29,0.1
3292350021,Unknown,butcher,Southern sublocation,-0.1033614,34.7557818,FLR001,flour,Jogoo Maize Flour,2024-12-09,14,7.7,0.6,0.1
3292350021,Unknown,butcher,Southern sublocation,-0.1033614,34.7557818,FLR002,flour,Jogoo Maize Flour,2024-12-23,0,12.0,0.45,0.1
3292350021,Unknown,butcher,Southern sublocation,-0.1033614,34.7557818,FLR003,flour,Pembe Maize Flour,2024-12-23,0,16.0,0.59,0.1
3292350021,Unknown,butcher,Southern sublocation,-0.1033614,34.7557818,FLR004,flour,Kabras Maize Flour,2024-12-02,21,3.4,0.6,0.5
3292350021,Unknown,butcher,Southern sublocation,-0.1033614,34.7557818,OIL001,cooking_oil,Golden Fry Cooking Oil,2024-12-09,14,5.9,0.44,0.1
3292350021,Unknown,butcher,Southern sublocation,-0.1033614,34.7557818,OIL002,cooking_oil,Golden Fry Cooking Oil,2024-12-09,14,2.0,0.29,0.5
3292350021,Unknown,butcher,Southern sublocation,-0.1033614,34.7557818,OIL003,cooking_oil,Soya King Cooking Oil,2024-12-16,7,6.0,0.43,0.1
3292350021,Unknown,butcher,Southern sublocation,-0.1033614,34.7557818,OIL004,cooking_oil,Soya King Cooking Oil,2024-12-23,0,9.0,0.42,0.1
3292350021,Unknown,butcher,Southern sublocation,-0.1033614,34.7557818,PC001,personal_care,Vaseline Body Lotion,2024-12-02,21,1.6,0.3,0.5
3292350021,Unknown,butcher,Southern sublocation,-0.1033614,34.7557818,PC002,personal_care,Dove Bar Soap,2024-12-16,7,1.0,0.14,0.5
3292350021,Unknown,butcher,Southern sublocation,-0.1033614,34.7557818,PC003,personal_care,Colgate Toothpaste,2024-12-16,7,5.9,0.3,0.1
3292350021,Unknown,butcher,Southern sublocation,-0.1033614,34.7557818,SAN001,sanitary,Always Pads,2024-12-09,14,1.9,0.15,0.1
3292350021,Unknown,butcher,Southern sublocation,-0.1033614,34.7557818,SAN002,sanitary,Huggies Diapers,2024-12-02,21,0.8,0.15,0.5
3292350021,Unknown,butcher,Southern sublocation,-0.1033614,34.7557818,SOP001,soap,Omo Detergent,2024-12-16,7,5.9,0.3,0.1
3292350021,Unknown,butcher,Southern sublocation,-0.1033614,34.7557818,SOP002,soap,Sunlight Bar Soap,2024-12-16,7,5.9,0.3,0.1
3292350021,Unknown,butcher,Southern sublocation,-0.1033614,34.7557818,SOP003,soap,Bidco Bar Soap,2024-12-23,0,8.0,0.3,0.1
3292350021,Unknown,butcher,Southern sublocation,-0.1033614,34.7557818,SOP004,soap,Dettol Bar Soap,2024-12-23,0,6.0,0.28,0.1
3292350021,Unknown,butcher,Southern sublocation,-0.1033614,34.7557818,SUG001,sugar,Mumias Sugar,2024-12-23,0,8.0,0.29,0.1
3292350021,Unknown,butcher,Southern sublocation,-0.1033614,34.7557818,SUG002,sugar,Mumias Sugar,2024-12-23,0,8.0,0.29,0.1
3292350021,Unknown,butcher,Southern sublocation,-0.1033614,34.7557818,SUG003,sugar,Nzoia Sugar,2024-12-02,21,2.5,0.45,0.5
3834757804,Shivling,supermarket,Southern sublocation,-0.1048388,34.7529084,BEV001,beverages,Afia Juice,2024-12-23,0,24.0,1.53,0.1
3834757804,Shivling,supermarket,Southern sublocation,-0.1048388,34.7529084,BEV002,beverages,Pick n Peel Juice,2024-12-16,7,42.9,1.87,0.1
3834757804,Shivling,supermarket,Southern sublocation,-0.1048388,34.7529084,BEV003,beverages,Tusker Lager,2024-12-16,7,44.5,2.22,0.1
3834757804,Shivling,supermarket,Southern sublocation,-0.1048388,34.7529084,BEV004,beverages,Coca-Cola Soda,2024-12-16,7,12.5,1.64,0.5
3834757804,Shivling,supermarket,Southern sublocation,-0.1048388,34.7529084,FLR001,flour,Jogoo Maize Flour,2024-12-02,21,21.1,2.61,0.5
3834757804,Shivling,supermarket,Southern sublocation,-0.1048388,34.7529084,FLR002,flour,Jogoo Maize Flour,2024-12-23,0,76.0,2.79,0.1
3834757804,Shivling,supermarket,Southern sublocation,-0.1048388,34.7529084,FLR003,flour,Pembe Maize Flour,2024-12-16,7,50.4,2.51,0.1
3834757804,Shivling,supermarket,Southern sublocation,-0.1048388,34.7529084,FLR004,flour,Kabras Maize Flour,2024-12-23,0,66.0,3.11,0.1
3834757804,Shivling,supermarket,Southern sublocation,-0.1048388,34.7529084,OIL001,cooking_oil,Golden Fry Cooking Oil,2024-12-23,0,42.0,2.01,0.1
3834757804,Shivling,supermarket,Southern sublocation,-0.1048388,34.7529084,OIL002,cooking_oil,Golden Fry Cooking Oil,2024-12-16,7,18.8,2.45,0.5
3834757804,Shivling,supermarket,Southern sublocation,-0.1048388,34.7529084,OIL003,cooking_oil,Soya King Cooking Oil,2024-12-16,7,15.3,2.1,0.5
3834757804,Shivling,supermarket,Southern sublocation,-0.1048388,34.7529084,OIL004,cooking_oil,Soya King Cooking Oil,2024-12-09,14,30.1,2.42,0.1
3834757804,Shivling,supermarket,Southern sublocation,-0.1048388,34.7529084,PC001,personal_care,Vaseline Body Lotion,2024-12-16,7,26.7,1.33,0.1
3834757804,Shivling,supermarket,Southern sublocation,-0.1048388,34.7529084,PC002,personal_care,Dove Bar Soap,2024-12-16,7,11.4,1.22,0.5
3834757804,Shivling,supermarket,Southern sublocation,-0.1048388,34.7529084,PC003,personal_care,Colgate Toothpaste,2024-12-16,7,10.7,1.33,0.5
3834757804,Shivling,supermarket,Southern sublocation,-0.1048388,34.7529084,SAN001,sanitary,Always Pads,2024-12-23,0,28.0,0.99,0.1
3834757804,Shivling,supermarket,Southern sublocation,-0.1048388,34.7529084,SAN002,sanitary,Huggies Diapers,2024-12-09,14,9.8,1.23,0.5
3834757804,Shivling,supermarket,Southern sublocation,-0.1048388,34.7529084,SOP001,soap,Omo Detergent,2024-12-16,7,29.9,1.44,0.1
3834757804,Shivling,supermarket,Southern sublocation,-0.1048388,34.7529084,SOP002,soap,Sunlight Bar Soap,2024-12-16,7,26.1,1.85,0.1
3834757804,Shivling,supermarket,Southern sublocation,-0.1048388,34.7529084,SOP003,soap,Bidco Bar Soap,2024-12-09,14,12.8,1.44,0.5
3834757804,Shivling,supermarket,Southern sublocation,-0.1048388,34.7529084,SOP004,soap,Dettol Bar Soap,2024-12-16,7,11.4,1.22,0.5
3834757804,Shivling,supermarket,Southern sublocation,-0.1048388,34.7529084,SUG001,sugar,Mumias Sugar,2024-12-02,21,14.7,2.16,0.5
3834757804,Shivling,supermarket,Southern sublocation,-0.1048388,34.7529084,SUG002,sugar,Mumias Sugar,2024-12-23,0,24.0,1.59,0.1
3834757804,Shivling,supermarket,Southern sublocation,-0.1048388,34.7529084,SUG003,sugar,Nzoia Sugar,2024-12-09,14,18.4,2.33,0.5
4620811493,street shop,convenience,Milimani,-0.1183397,34.7464164,BEV001,beverages,Afia Juice,2024-12-23,0,9.0,0.43,0.1
4620811493,street shop,convenience,Milimani,-0.1183397,34.7464164,BEV002,beverages,Pick n Peel Juice,2024-12-16,7,8.8,0.45,0.1
4620811493,street shop,convenience,Milimani,-0.1183397,34.7464164,BEV003,beverages,Tusker Lager,2024-12-16,7,8.9,0.44,0.1
4620811493,street shop,convenience,Milimani,-0.1183397,34.7464164,BEV004,beverages,Coca-Cola Soda,2024-12-16,7,11.9,0.59,0.1
4620811493,street shop,convenience,Milimani,-0.1183397,34.7464164,FLR001,flour,Jogoo Maize Flour,2024-12-23,0,20.0,0.75,0.1
4620811493,street shop,convenience,Milimani,-0.1183397,34.7464164,FLR002,flour,Jogoo Maize Flour,2024-12-23,0,8.0,0.55,0.1
4620811493,street shop,convenience,Milimani,-0.1183397,34.7464164,FLR003,flour,Pembe Maize Flour,2024-12-23,0,15.0,0.71,0.1
4620811493,street shop,convenience,Milimani,-0.1183397,34.7464164,FLR004,flour,Kabras Maize Flour,2024-12-02,21,3.7,0.59,0.5
4620811493,street shop,convenience,Milimani,-0.1183397,34.7464164,OIL001,cooking_oil,Golden Fry Cooking Oil,2024-12-23,0,16.0,0.6,0.1
4620811493,street shop,convenience,Milimani,-0.1183397,34.7464164,OIL002,cooking_oil,Golden Fry Cooking Oil,2024-12-16,7,8.0,0.58,0.1
4620811493,street shop,convenience,Milimani,-0.1183397,34.7464164,OIL003,cooking_oil,Soya King Cooking Oil,2024-12-09,14,9.6,0.74,0.1
4620811493,street shop,convenience,Milimani,-0.1183397,34.7464164,OIL004,cooking_oil,Soya King Cooking Oil,2024-12-16,7,4.2,0.55,0.5
4620811493,street shop,convenience,Milimani,-0.1183397,34.7464164,PC001,personal_care,Vaseline Body Lotion,2024-12-23,0,9.0,0.43,0.1
4620811493,street shop,convenience,Milimani,-0.1183397,34.7464164,PC002,personal_care,Dove Bar Soap,2024-12-09,14,5.8,0.45,0.1
4620811493,street shop,convenience,Milimani,-0.1183397,34.7464164,PC003,personal_care,Colgate Toothpaste,2024-12-02,21,1.7,0.3,0.5
4620811493,street shop,convenience,Milimani,-0.1183397,34.7464164,SAN001,sanitary,Always Pads,2024-12-09,14,2.0,0.29,0.5
4620811493,street shop,convenience,Milimani,-0.1183397,34.7464164,SAN002,sanitary,Huggies Diapers,2024-12-16,7,4.0,0.29,0.1
4620811493,street shop,convenience,Milimani,-0.1183397,34.7464164,SOP001,soap,Omo Detergent,2024-12-09,14,2.0,0.29,0.5
4620811493,street shop,convenience,Milimani,-0.1183397,34.7464164,SOP002,soap,Sunlight Bar Soap,2024-12-16,7,3.1,0.41,0.5
4620811493,street shop,convenience,Milimani,-0.1183397,34.7464164,SOP003,soap,Bidco Bar Soap,2024-12-09,14,3.8,0.3,0.1
4620811493,street shop,convenience,Milimani,-0.1183397,34.7464164,SOP004,soap,Dettol Bar Soap,2024-12-16,7,2.1,0.28,0.5
4620811493,street shop,convenience,Milimani,-0.1183397,34.7464164,SUG001,sugar,Mumias Sugar,2024-12-09,14,3.1,0.42,0.5
4620811493,street shop,convenience,Milimani,-0.1183397,34.7464164,SUG002,sugar,Mumias Sugar,2024-12-09,14,5.8,0.45,0.1
4620811493,street shop,convenience,Milimani,-0.1183397,34.7464164,SUG003,sugar,Nzoia Sugar,2024-12-23,0,12.0,0.45,0.1
6851440464,QuickMart,supermarket,Southern sublocation,-0.1024953,34.7523456,BEV001,beverages,Afia Juice,2024-12-23,0,40.0,2.61,0.1
6851440464,QuickMart,supermarket,Southern sublocation,-0.1024953,34.7523456,BEV002,beverages,Pick n Peel Juice,2024-12-23,0,38.0,2.23,0.1
6851440464,QuickMart,supermarket,Southern sublocation,-0.1024953,34.7523456,BEV003,beverages,Tusker Lager,2024-12-16,7,56.0,2.85,0.1
6851440464,QuickMart,supermarket,Southern sublocation,-0.1024953,34.7523456,BEV004,beverages,Coca-Cola Soda,2024-12-16,7,18.3,2.52,0.5
6851440464,QuickMart,supermarket,Southern sublocation,-0.1024953,34.7523456,FLR001,flour,Jogoo Maize Flour,2024-12-23,0,54.0,3.58,0.1
6851440464,QuickMart,supermarket,Southern sublocation,-0.1024953,34.7523456,FLR002,flour,Jogoo Maize Flour,2024-12-23,0,44.0,2.87,0.1
6851440464,QuickMart,supermarket,Southern sublocation,-0.1024953,34.7523456,FLR003,flour,Pembe Maize Flour,2024-12-02,21,31.6,2.88,0.5
6851440464,QuickMart,supermarket,Southern sublocation,-0.1024953,34.7523456,FLR004,flour,Kabras Maize Flour,2024-12-02,21,26.9,3.1,0.5
6851440464,QuickMart,supermarket,Southern sublocation,-0.1024953,34.7523456,OIL001,cooking_oil,Golden Fry Cooking Oil,2024-12-23,0,100.0,3.26,0.1
6851440464,QuickMart,supermarket,Southern sublocation,-0.1024953,34.7523456,OIL002,cooking_oil,Golden Fry Cooking Oil,2024-12-23,0,92.0,3.3,0.1
6851440464,QuickMart,supermarket,Southern sublocation,-0.1024953,34.7523456,OIL003,cooking_oil,Soya King Cooking Oil,2024-12-09,14,26.0,3.29,0.5
6851440464,QuickMart,supermarket,Southern sublocation,-0.1024953,34.7523456,OIL004,cooking_oil,Soya King Cooking Oil,2024-12-09,14,29.2,3.49,0.5
6851440464,QuickMart,supermarket,Southern sublocation,-0.1024953,34.7523456,PC001,personal_care,Vaseline Body Lotion,2024-12-16,7,23.9,1.73,0.1
6851440464,QuickMart,supermarket,Southern sublocation,-0.1024953,34.7523456,PC002,personal_care,Dove Bar Soap,2024-12-23,0,22.0,1.46,0.1
6851440464,QuickMart,supermarket,Southern sublocation,-0.1024953,34.7523456,PC003,personal_care,Colgate Toothpaste,2024-12-23,0,28.0,1.75,0.1
6851440464,QuickMart,supermarket,Southern sublocation,-0.1024953,34.7523456,SAN001,sanitary,Always Pads,2024-12-16,7,18.3,1.25,0.1
6851440464,QuickMart,supermarket,Southern sublocation,-0.1024953,34.7523456,SAN002,sanitary,Huggies Diapers,2024-12-23,0,20.0,1.22,0.1
6851440464,QuickMart,supermarket,Southern sublocation,-0.1024953,34.7523456,SOP001,soap,Omo Detergent,2024-12-16,7,19.4,2.08,0.5
6851440464,QuickMart,supermarket,Southern sublocation,-0.1024953,34.7523456,SOP002,soap,Sunlight Bar Soap,2024-12-23,0,24.0,1.5,0.1
6851440464,QuickMart,supermarket,Southern sublocation,-0.1024953,34.7523456,SOP003,soap,Bidco Bar Soap,2024-12-23,0,34.0,2.06,0.1
6851440464,QuickMart,supermarket,Southern sublocation,-0.1024953,34.7523456,SOP004,soap,Dettol Bar Soap,2024-12-16,7,16.0,1.71,0.5
6851440464,QuickMart,supermarket,Southern sublocation,-0.1024953,34.7523456,SUG001,sugar,Mumias Sugar,2024-12-09,14,20.3,3.05,0.5
6851440464,QuickMart,supermarket,Southern sublocation,-0.1024953,34.7523456,SUG002,sugar,Mumias Sugar,2024-12-23,0,63.0,2.74,0.1
6851440464,QuickMart,supermarket,Southern sublocation,-0.1024953,34.7523456,SUG003,sugar,Nzoia Sugar,2024-12-09,14,22.0,3.14,0.5
6966453737,Obunga Market,unclassified,Industrial Area,-0.0816245,34.76504,BEV001,beverages,Afia Juice,2024-12-09,14,2.0,0.29,0.5
6966453737,Obunga Market,unclassified,Industrial Area,-0.0816245,34.76504,BEV002,beverages,Pick n Peel Juice,2024-12-23,0,4.0,0.25,0.1
6966453737,Obunga Market,unclassified,Industrial Area,-0.0816245,34.76504,BEV003,beverages,Tusker Lager,2024-12-23,0,9.0,0.41,0.1
6966453737,Obunga Market,unclassified,Industrial Area,-0.0816245,34.76504,BEV004,beverages,Coca-Cola Soda,2024-12-02,21,1.7,0.3,0.5
6966453737,Obunga Market,unclassified,Industrial Area,-0.0816245,34.76504,FLR001,flour,Jogoo Maize Flour,2024-12-02,21,2.5,0.45,0.5
6966453737,Obunga Market,unclassified,Industrial Area,-0.0816245,34.76504,FLR002,flour,Jogoo Maize Flour,2024-12-16,7,8.2,0.55,0.1
6966453737,Obunga Market,unclassified,Industrial Area,-0.0816245,34.76504,FLR003,flour,Pembe Maize Flour,2024-12-23,0,12.0,0.58,0.1
6966453737,Obunga Market,unclassified,Industrial Area,-0.0816245,34.76504,FLR004,flour,Kabras Maize Flour,2024-12-02,21,3.9,0.57,0.5
6966453737,Obunga Market,unclassified,Industrial Area,-0.0816245,34.76504,OIL001,cooking_oil,Golden Fry Cooking Oil,2024-12-23,0,9.0,0.41,0.1
6966453737,Obunga Market,unclassified,Industrial Area,-0.0816245,34.76504,OIL002,cooking_oil,Golden Fry Cooking Oil,2024-12-23,0,8.0,0.28,0.1
6966453737,Obunga Market,unclassified,Industrial Area,-0.0816245,34.76504,OIL003,cooking_oil,Soya King Cooking Oil,2024-12-23,0,12.0,0.45,0.1
6966453737,Obunga Market,unclassified,Industrial Area,-0.0816245,34.76504,OIL004,cooking_oil,Soya King Cooking Oil,2024-12-23,0,4.0,0.28,0.1
6966453737,Obunga Market,unclassified,Industrial Area,-0.0816245,34.76504,PC001,personal_care,Vaseline Body Lotion,2024-12-23,0,4.0,0.26,0.1
6966453737,Obunga Market,unclassified,Industrial Area,-0.0816245,34.76504,PC002,personal_care,Dove Bar Soap,2024-12-09,14,3.8,0.3,0.1
6966453737,Obunga Market,unclassified,Industrial Area,-0.0816245,34.76504,PC003,personal_care,Colgate Toothpaste,2024-12-16,7,6.0,0.28,0.1
6966453737,Obunga Market,unclassified,Industrial Area,-0.0816245,34.76504,SAN001,sanitary,Always Pads,2024-12-09,14,2.0,0.14,0.1
6966453737,Obunga Market,unclassified,Industrial Area,-0.0816245,34.76504,SAN002,sanitary,Huggies Diapers,2024-12-16,7,1.1,0.13,0.5
6966453737,Obunga Market,unclassified,Industrial Area,-0.0816245,34.76504,SOP001,soap,Omo Detergent,2024-12-09,14,3.8,0.3,0.1
6966453737,Obunga Market,unclassified,Industrial Area,-0.0816245,34.76504,SOP002,soap,Sunlight Bar Soap,2024-12-16,7,6.0,0.29,0.1
6966453737,Obunga Market,unclassified,Industrial Area,-0.0816245,34.76504,SOP003,soap,Bidco Bar Soap,2024-12-09,14,3.8,0.3,0.1
6966453737,Obunga Market,unclassified,Industrial Area,-0.0816245,34.76504,SOP004,soap,Dettol Bar Soap,2024-12-16,7,2.2,0.26,0.5
6966453737,Obunga Market,unclassified,Industrial Area,-0.0816245,34.76504,SUG001,sugar,Mumias Sugar,2024-12-09,14,2.0,0.29,0.5
6966453737,Obunga Market,unclassified,Industrial Area,-0.0816245,34.76504,SUG002,sugar,Mumias Sugar,2024-12-16,7,9.1,0.42,0.1
6966453737,Obunga Market,unclassified,Industrial Area,-0.0816245,34.76504,SUG003,sugar,Nzoia Sugar,2024-12-16,7,6.0,0.43,0.1
6969176795,Nyamasaria,unclassified,Kasule sublocation,-0.1167143,34.7871522,BEV001,beverages,Afia Juice,2024-12-02,21,0.8,0.15,0.5
6969176795,Nyamasaria,unclassified,Kasule sublocation,-0.1167143,34.7871522,BEV002,beverages,Pick n Peel Juice,2024-12-02,21,1.8,0.29,0.5
6969176795,Nyamasaria,unclassified,Kasule sublocation,-0.1167143,34.7871522,BEV003,beverages,Tusker Lager,2024-12-09,14,2.0,0.29,0.5
6969176795,Nyamasaria,unclassified,Kasule sublocation,-0.1167143,34.7871522,BEV004,beverages,Coca-Cola Soda,2024-12-16,7,2.0,0.14,0.1
6969176795,Nyamasaria,unclassified,Kasule sublocation,-0.1167143,34.7871522,FLR001,flour,Jogoo Maize Flour,2024-12-23,0,4.0,0.28,0.1
6969176795,Nyamasaria,unclassified,Kasule sublocation,-0.1167143,34.7871522,FLR002,flour,Jogoo Maize Flour,2024-12-09,14,1.9,0.29,0.5
6969176795,Nyamasaria,unclassified,Kasule sublocation,-0.1167143,34.7871522,FLR003,flour,Pembe Maize Flour,2024-12-16,7,2.1,0.27,0.5
6969176795,Nyamasaria,unclassified,Kasule sublocation,-0.1167143,34.7871522,FLR004,flour,Kabras Maize Flour,2024-12-16,7,2.0,0.28,0.5
6969176795,Nyamasaria,unclassified,Kasule sublocation,-0.1167143,34.7871522,OIL001,cooking_oil,Golden Fry Cooking Oil,2024-12-23,0,4.0,0.28,0.1
6969176795,Nyamasaria,unclassified,Kasule sublocation,-0.1167143,34.7871522,OIL002,cooking_oil,Golden Fry Cooking Oil,2024-12-09,14,1.0,0.14,0.5
6969176795,Nyamasaria,unclassified,Kasule sublocation,-0.1167143,34.7871522,OIL003,cooking_oil,Soya King Cooking Oil,2024-12-16,7,2.9,0.15,0.1
6969176795,Nyamasaria,unclassified,Kasule sublocation,-0.1167143,34.7871522,OIL004,cooking_oil,Soya King Cooking Oil,2024-12-23,0,6.0,0.29,0.1
6969176795,Nyamasaria,unclassified,Kasule sublocation,-0.1167143,34.7871522,PC001,personal_care,Vaseline Body Lotion,2024-12-16,7,3.0,0.15,0.1
6969176795,Nyamasaria,unclassified,Kasule sublocation,-0.1167143,34.7871522,PC002,personal_care,Dove Bar Soap,2024-12-16,7,2.9,0.15,0.1
6969176795,Nyamasaria,unclassified,Kasule sublocation,-0.1167143,34.7871522,PC003,personal_care,Colgate Toothpaste,2024-12-16,7,2.0,0.14,0.1
6969176795,Nyamasaria,unclassified,Kasule sublocation,-0.1167143,34.7871522,SAN001,sanitary,Always Pads,2024-12-16,7,3.0,0.15,0.1
6969176795,Nyamasaria,unclassified,Kasule sublocation,-0.1167143,34.7871522,SAN002,sanitary,Huggies Diapers,2024-12-16,7,1.1,0.13,0.5
6969176795,Nyamasaria,unclassified,Kasule sublocation,-0.1167143,34.7871522,SOP001,soap,Omo Detergent,2024-12-23,0,4.0,0.15,0.1
6969176795,Nyamasaria,unclassified,Kasule sublocation,-0.1167143,34.7871522,SOP002,soap,Sunlight Bar Soap,2024-12-16,7,3.0,0.15,0.1
6969176795,Nyamasaria,unclassified,Kasule sublocation,-0.1167143,34.7871522,SOP003,soap,Bidco Bar Soap,2024-12-23,0,4.0,0.15,0.1
6969176795,Nyamasaria,unclassified,Kasule sublocation,-0.1167143,34.7871522,SOP004,soap,Dettol Bar Soap,2024-12-23,0,4.0,0.15,0.1
6969176795,Nyamasaria,unclassified,Kasule sublocation,-0.1167143,34.7871522,SUG001,sugar,Mumias Sugar,2024-12-16,7,4.0,0.28,0.1
6969176795,Nyamasaria,unclassified,Kasule sublocation,-0.1167143,34.7871522,SUG002,sugar,Mumias Sugar,2024-12-16,7,4.0,0.29,0.1
6969176795,Nyamasaria,unclassified,Kasule sublocation,-0.1167143,34.7871522,SUG003,sugar,Nzoia Sugar,2024-12-09,14,2.0,0.29,0.5
7181814601,Naivas Food Market,supermarket,Northern sublocation,-0.1067626,34.7704819,BEV001,beverages,Afia Juice,2024-12-23,0,18.0,1.22,0.1
7181814601,Naivas Food Market,supermarket,Northern sublocation,-0.1067626,34.7704819,BEV002,beverages,Pick n Peel Juice,2024-12-16,7,32.6,1.62,0.1
7181814601,Naivas Food Market,supermarket,Northern sublocation,-0.1067626,34.7704819,BEV003,beverages,Tusker Lager,2024-12-23,0,30.0,1.36,0.1
7181814601,Naivas Food Market,supermarket,Northern sublocation,-0.1067626,34.7704819,BEV004,beverages,Coca-Cola Soda,2024-12-02,21,7.3,1.18,0.5
7181814601,Naivas Food Market,supermarket,Northern sublocation,-0.1067626,34.7704819,FLR001,flour,Jogoo Maize Flour,2024-12-09,14,32.6,2.53,0.1
7181814601,Naivas Food Market,supermarket,Northern sublocation,-0.1067626,34.7704819,FLR002,flour,Jogoo Maize Flour,2024-12-16,7,45.4,2.09,0.1
7181814601,Naivas Food Market,supermarket,Northern sublocation,-0.1067626,34.7704819,FLR003,flour,Pembe Maize Flour,2024-12-02,21,12.8,2.06,0.5
7181814601,Naivas Food Market,supermarket,Northern sublocation,-0.1067626,34.7704819,FLR004,flour,Kabras Maize Flour,2024-12-09,14,15.5,2.32,0.5
7181814601,Naivas Food Market,supermarket,Northern sublocation,-0.1067626,34.7704819,OIL001,cooking_oil,Golden Fry Cooking Oil,2024-12-09,14,28.0,2.0,0.1
7181814601,Naivas Food Market,supermarket,Northern sublocation,-0.1067626,34.7704819,OIL002,cooking_oil,Golden Fry Cooking Oil,2024-12-16,7,12.5,1.64,0.5
7181814601,Naivas Food Market,supermarket,Northern sublocation,-0.1067626,34.7704819,OIL003,cooking_oil,Soya King Cooking Oil,2024-12-23,0,22.0,1.46,0.1
7181814601,Naivas Food Market,supermarket,Northern sublocation,-0.1067626,34.7704819,OIL004,cooking_oil,Soya King Cooking Oil,2024-12-09,14,22.4,1.54,0.1
7181814601,Naivas Food Market,supermarket,Northern sublocation,-0.1067626,34.7704819,PC001,personal_care,Vaseline Body Lotion,2024-12-23,0,21.0,0.97,0.1
7181814601,Naivas Food Market,supermarket,Northern sublocation,-0.1067626,34.7704819,PC002,personal_care,Dove Bar Soap,2024-12-09,14,8.0,1.14,0.5
7181814601,Naivas Food Market,supermarket,Northern sublocation,-0.1067626,34.7704819,PC003,personal_care,Colgate Toothpaste,2024-12-09,14,15.3,1.19,0.1
7181814601,Naivas Food Market,supermarket,Northern sublocation,-0.1067626,34.7704819,SAN001,sanitary,Always Pads,2024-12-16,7,5.5,0.64,0.5
7181814601,Naivas Food Market,supermarket,Northern sublocation,-0.1067626,34.7704819,SAN002,sanitary,Huggies Diapers,2024-12-16,7,17.8,0.89,0.1
7181814601,Naivas Food Market,supermarket,Northern sublocation,-0.1067626,34.7704819,SOP001,soap,Omo Detergent,2024-12-23,0,21.0,0.99,0.1
7181814601,Naivas Food Market,supermarket,Northern sublocation,-0.1067626,34.7704819,SOP002,soap,Sunlight Bar Soap,2024-12-23,0,20.0,1.36,0.1
7181814601,Naivas Food Market,supermarket,Northern sublocation,-0.1067626,34.7704819,SOP003,soap,Bidco Bar Soap,2024-12-16,7,29.7,1.48,0.1
7181814601,Naivas Food Market,supermarket,Northern sublocation,-0.1067626,34.7704819,SOP004,soap,Dettol Bar Soap,2024-12-09,14,15.7,1.17,0.1
7181814601,Naivas Food Market,supermarket,Northern sublocation,-0.1067626,34.7704819,SUG001,sugar,Mumias Sugar,2024-12-09,14,17.2,1.34,0.1
7181814601,Naivas Food Market,supermarket,Northern sublocation,-0.1067626,34.7704819,SUG002,sugar,Mumias Sugar,2024-12-23,0,24.0,1.63,0.1
7181814601,Naivas Food Market,supermarket,Northern sublocation,-0.1067626,34.7704819,SUG003,sugar,Nzoia Sugar,2024-12-16,7,12.4,1.66,0.5
7227559253,QuickMart,supermarket,Southern sublocation,-0.1172055,34.7591898,BEV001,beverages,Afia Juice,2024-12-09,14,14.0,2.0,0.5
7227559253,QuickMart,supermarket,Southern sublocation,-0.1172055,34.7591898,BEV002,beverages,Pick n Peel Juice,2024-12-23,0,42.0,1.98,0.1
7227559253,QuickMart,supermarket,Southern sublocation,-0.1172055,34.7591898,BEV003,beverages,Tusker Lager,2024-12-02,21,9.4,1.65,0.5
7227559253,QuickMart,supermarket,Southern sublocation,-0.1172055,34.7591898,BEV004,beverages,Coca-Cola Soda,2024-12-16,7,24.1,1.7,0.1
7227559253,QuickMart,supermarket,Southern sublocation,-0.1172055,34.7591898,FLR001,flour,Jogoo Maize Flour,2024-12-16,7,33.8,2.45,0.1
7227559253,QuickMart,supermarket,Southern sublocation,-0.1172055,34.7591898,FLR002,flour,Jogoo Maize Flour,2024-12-02,21,20.1,3.23,0.5
7227559253,QuickMart,supermarket,Southern sublocation,-0.1172055,34.7591898,FLR003,flour,Pembe Maize Flour,2024-12-02,21,20.1,3.23,0.5
7227559253,QuickMart,supermarket,Southern sublocation,-0.1172055,34.7591898,FLR004,flour,Kabras Maize Flour,2024-12-16,7,20.2,2.54,0.5
7227559253,QuickMart,supermarket,Southern sublocation,-0.1172055,34.7591898,OIL001,cooking_oil,Golden Fry Cooking Oil,2024-12-02,21,16.5,2.64,0.5
7227559253,QuickMart,supermarket,Southern sublocation,-0.1172055,34.7591898,OIL002,cooking_oil,Golden Fry Cooking Oil,2024-12-16,7,47.5,2.36,0.1
7227559253,QuickMart,supermarket,Southern sublocation,-0.1172055,34.7591898,OIL003,cooking_oil,Soya King Cooking Oil,2024-12-23,0,28.0,1.9,0.1
7227559253,QuickMart,supermarket,Southern sublocation,-0.1172055,34.7591898,OIL004,cooking_oil,Soya King Cooking Oil,2024-12-16,7,27.9,2.02,0.1
7227559253,QuickMart,supermarket,Southern sublocation,-0.1172055,34.7591898,PC001,personal_care,Vaseline Body Lotion,2024-12-16,7,9.3,1.25,0.5
7227559253,QuickMart,supermarket,Southern sublocation,-0.1172055,34.7591898,PC002,personal_care,Dove Bar Soap,2024-12-09,14,8.7,1.31,0.5
7227559253,QuickMart,supermarket,Southern sublocation,-0.1172055,34.7591898,PC003,personal_care,Colgate Toothpaste,2024-12-09,14,8.3,1.12,0.5
7227559253,QuickMart,supermarket,Southern sublocation,-0.1172055,34.7591898,SAN001,sanitary,Always Pads,2024-12-16,7,6.2,0.83,0.5
7227559253,QuickMart,supermarket,Southern sublocation,-0.1172055,34.7591898,SAN002,sanitary,Huggies Diapers,2024-12-09,14,8.0,1.14,0.5
7227559253,QuickMart,supermarket,Southern sublocation,-0.1172055,34.7591898,SOP001,soap,Omo Detergent,2024-12-23,0,20.0,1.36,0.1
7227559253,QuickMart,supermarket,Southern sublocation,-0.1172055,34.7591898,SOP002,soap,Sunlight Bar Soap,2024-12-09,14,17.6,1.31,0.1
7227559253,QuickMart,supermarket,Southern sublocation,-0.1172055,34.7591898,SOP003,soap,Bidco Bar Soap,2024-12-16,7,29.7,1.48,0.1
7227559253,QuickMart,supermarket,Southern sublocation,-0.1172055,34.7591898,SOP004,soap,Dettol Bar Soap,2024-12-16,7,11.3,1.52,0.5
7227559253,QuickMart,supermarket,Southern sublocation,-0.1172055,34.7591898,SUG001,sugar,Mumias Sugar,2024-12-16,7,13.4,1.8,0.5
7227559253,QuickMart,supermarket,Southern sublocation,-0.1172055,34.7591898,SUG002,sugar,Mumias Sugar,2024-12-23,0,28.0,1.9,0.1
7227559253,QuickMart,supermarket,Southern sublocation,-0.1172055,34.7591898,SUG003,sugar,Nzoia Sugar,2024-12-09,14,14.0,2.0,0.5
7229869113,Choppies,supermarket,Kasule sublocation,-0.116943,34.7875621,BEV001,beverages,Afia Juice,2024-12-16,7,29.4,1.52,0.1
7229869113,Choppies,supermarket,Kasule sublocation,-0.116943,34.7875621,BEV002,beverages,Pick n Peel Juice,2024-12-23,0,24.0,1.1,0.1
7229869113,Choppies,supermarket,Kasule sublocation,-0.116943,34.7875621,BEV003,beverages,Tusker Lager,2024-12-23,0,36.0,1.34,0.1
7229869113,Choppies,supermarket,Kasule sublocation,-0.116943,34.7875621,BEV004,beverages,Coca-Cola Soda,2024-12-16,7,18.6,1.2,0.1
7229869113,Choppies,supermarket,Kasule sublocation,-0.116943,34.7875621,FLR001,flour,Jogoo Maize Flour,2024-12-23,0,36.0,1.57,0.1
7229869113,Choppies,supermarket,Kasule sublocation,-0.116943,34.7875621,FLR002,flour,Jogoo Maize Flour,2024-12-23,0,45.0,2.07,0.1
7229869113,Choppies,supermarket,Kasule sublocation,-0.116943,34.7875621,FLR003,flour,Pembe Maize Flour,2024-12-23,0,48.0,2.26,0.1
7229869113,Choppies,supermarket,Kasule sublocation,-0.116943,34.7875621,FLR004,flour,Kabras Maize Flour,2024-12-02,21,15.5,2.5,0.5
7229869113,Choppies,supermarket,Kasule sublocation,-0.116943,34.7875621,OIL001,cooking_oil,Golden Fry Cooking Oil,2024-12-09,14,11.2,1.34,0.5
7229869113,Choppies,supermarket,Kasule sublocation,-0.116943,34.7875621,OIL002,cooking_oil,Golden Fry Cooking Oil,2024-12-23,0,48.0,1.66,0.1
7229869113,Choppies,supermarket,Kasule sublocation,-0.116943,34.7875621,OIL003,cooking_oil,Soya King Cooking Oil,2024-12-16,7,30.3,1.39,0.1
7229869113,Choppies,supermarket,Kasule sublocation,-0.116943,34.7875621,OIL004,cooking_oil,Soya King Cooking Oil,2024-12-16,7,14.1,1.7,0.5
7229869113,Choppies,supermarket,Kasule sublocation,-0.116943,34.7875621,PC001,personal_care,Vaseline Body Lotion,2024-12-02,21,7.3,0.99,0.5
7229869113,Choppies,supermarket,Kasule sublocation,-0.116943,34.7875621,PC002,personal_care,Dove Bar Soap,2024-12-02,21,5.1,0.9,0.5
7229869113,Choppies,supermarket,Kasule sublocation,-0.116943,34.7875621,PC003,personal_care,Colgate Toothpaste,2024-12-09,14,12.7,0.8,0.1
7229869113,Choppies,supermarket,Kasule sublocation,-0.116943,34.7875621,SAN001,sanitary,Always Pads,2024-12-23,0,18.0,0.82,0.1
7229869113,Choppies,supermarket,Kasule sublocation,-0.116943,34.7875621,SAN002,sanitary,Huggies Diapers,2024-12-23,0,20.0,0.65,0.1
7229869113,Choppies,supermarket,Kasule sublocation,-0.116943,34.7875621,SOP001,soap,Omo Detergent,2024-12-23,0,36.0,1.27,0.1
7229869113,Choppies,supermarket,Kasule sublocation,-0.116943,34.7875621,SOP002,soap,Sunlight Bar Soap,2024-12-23,0,24.0,1.15,0.1
7229869113,Choppies,supermarket,Kasule sublocation,-0.116943,34.7875621,SOP003,soap,Bidco Bar Soap,2024-12-09,14,12.2,0.84,0.1
7229869113,Choppies,supermarket,Kasule sublocation,-0.116943,34.7875621,SOP004,soap,Dettol Bar Soap,2024-12-23,0,24.0,1.09,0.1
7229869113,Choppies,supermarket,Kasule sublocation,-0.116943,34.7875621,SUG001,sugar,Mumias Sugar,2024-12-16,7,27.3,1.25,0.1
7229869113,Choppies,supermarket,Kasule sublocation,-0.116943,34.7875621,SUG002,sugar,Mumias Sugar,2024-12-16,7,27.1,1.28,0.1
7229869113,Choppies,supermarket,Kasule sublocation,-0.116943,34.7875621,SUG003,sugar,Nzoia Sugar,2024-12-16,7,18.1,1.28,0.1
7229869128,Quickmart- Kondele,supermarket,Manyatta A,-0.0835541,34.7754727,BEV001,beverages,Afia Juice,2024-12-23,0,60.0,2.72,0.1
7229869128,Quickmart- Kondele,supermarket,Manyatta A,-0.0835541,34.7754727,BEV002,beverages,Pick n Peel Juice,2024-12-02,21,25.8,2.96,0.5
7229869128,Quickmart- Kondele,supermarket,Manyatta A,-0.0835541,34.7754727,BEV003,beverages,Tusker Lager,2024-12-16,7,53.2,3.55,0.1
7229869128,Quickmart- Kondele,supermarket,Manyatta A,-0.0835541,34.7754727,BEV004,beverages,Coca-Cola Soda,2024-12-16,7,20.9,2.73,0.5
7229869128,Quickmart- Kondele,supermarket,Manyatta A,-0.0835541,34.7754727,FLR001,flour,Jogoo Maize Flour,2024-12-23,0,152.0,5.66,0.1
7229869128,Quickmart- Kondele,supermarket,Manyatta A,-0.0835541,34.7754727,FLR002,flour,Jogoo Maize Flour,2024-12-23,0,78.0,5.38,0.1
7229869128,Quickmart- Kondele,supermarket,Manyatta A,-0.0835541,34.7754727,FLR003,flour,Pembe Maize Flour,2024-12-23,0,93.0,4.28,0.1
7229869128,Quickmart- Kondele,supermarket,Manyatta A,-0.0835541,34.7754727,FLR004,flour,Kabras Maize Flour,2024-12-23,0,108.0,4.7,0.1
7229869128,Quickmart- Kondele,supermarket,Manyatta A,-0.0835541,34.7754727,OIL001,cooking_oil,Golden Fry Cooking Oil,2024-12-02,21,31.3,4.22,0.5
7229869128,Quickmart- Kondele,supermarket,Manyatta A,-0.0835541,34.7754727,OIL002,cooking_oil,Golden Fry Cooking Oil,2024-12-16,7,36.9,4.44,0.5
7229869128,Quickmart- Kondele,supermarket,Manyatta A,-0.0835541,34.7754727,OIL003,cooking_oil,Soya King Cooking Oil,2024-12-09,14,53.1,3.64,0.1
7229869128,Quickmart- Kondele,supermarket,Manyatta A,-0.0835541,34.7754727,OIL004,cooking_oil,Soya King Cooking Oil,2024-12-16,7,34.5,4.5,0.5
7229869128,Quickmart- Kondele,supermarket,Manyatta A,-0.0835541,34.7754727,PC001,personal_care,Vaseline Body Lotion,2024-12-16,7,56.0,2.85,0.1
7229869128,Quickmart- Kondele,supermarket,Manyatta A,-0.0835541,34.7754727,PC002,personal_care,Dove Bar Soap,2024-12-02,21,17.7,2.39,0.5
7229869128,Quickmart- Kondele,supermarket,Manyatta A,-0.0835541,34.7754727,PC003,personal_care,Colgate Toothpaste,2024-12-02,21,12.8,2.25,0.5
7229869128,Quickmart- Kondele,supermarket,Manyatta A,-0.0835541,34.7754727,SAN001,sanitary,Always Pads,2024-12-16,7,38.6,1.92,0.1
7229869128,Quickmart- Kondele,supermarket,Manyatta A,-0.0835541,34.7754727,SAN002,sanitary,Huggies Diapers,2024-12-16,7,26.1,1.85,0.1
7229869128,Quickmart- Kondele,supermarket,Manyatta A,-0.0835541,34.7754727,SOP001,soap,Omo Detergent,2024-12-23,0,72.0,2.4,0.1
7229869128,Quickmart- Kondele,supermarket,Manyatta A,-0.0835541,34.7754727,SOP002,soap,Sunlight Bar Soap,2024-12-16,7,37.2,2.4,0.1
7229869128,Quickmart- Kondele,supermarket,Manyatta A,-0.0835541,34.7754727,SOP003,soap,Bidco Bar Soap,2024-12-16,7,56.8,2.74,0.1
7229869128,Quickmart- Kondele,supermarket,Manyatta A,-0.0835541,34.7754727,SOP004,soap,Dettol Bar Soap,2024-12-23,0,54.0,2.48,0.1
7229869128,Quickmart- Kondele,supermarket,Manyatta A,-0.0835541,34.7754727,SUG001,sugar,Mumias Sugar,2024-12-16,7,26.1,3.41,0.5
7229869128,Quickmart- Kondele,supermarket,Manyatta A,-0.0835541,34.7754727,SUG002,sugar,Mumias Sugar,2024-12-16,7,86.6,4.2,0.1
7229869128,Quickmart- Kondele,supermarket,Manyatta A,-0.0835541,34.7754727,SUG003,sugar,Nzoia Sugar,2024-12-23,0,75.0,3.59,0.1
7229869129,Shivling,supermarket,Migosi,-0.0819533,34.7751694,BEV001,beverages,Afia Juice,2024-12-16,7,48.1,3.41,0.1
7229869129,Shivling,supermarket,Migosi,-0.0819533,34.7751694,BEV002,beverages,Pick n Peel Juice,2024-12-23,0,38.0,2.62,0.1
7229869129,Shivling,supermarket,Migosi,-0.0819533,34.7751694,BEV003,beverages,Tusker Lager,2024-12-02,21,16.0,3.05,0.5
7229869129,Shivling,supermarket,Migosi,-0.0819533,34.7751694,BEV004,beverages,Coca-Cola Soda,2024-12-09,14,27.0,3.86,0.5
7229869129,Shivling,supermarket,Migosi,-0.0819533,34.7751694,FLR001,flour,Jogoo Maize Flour,2024-12-23,0,60.0,4.14,0.1
7229869129,Shivling,supermarket,Migosi,-0.0819533,34.7751694,FLR002,flour,Jogoo Maize Flour,2024-12-16,7,118.0,6.0,0.1
7229869129,Shivling,supermarket,Migosi,-0.0819533,34.7751694,FLR003,flour,Pembe Maize Flour,2024-12-09,14,72.8,5.65,0.1
7229869129,Shivling,supermarket,Migosi,-0.0819533,34.7751694,FLR004,flour,Kabras Maize Flour,2024-12-16,7,118.0,6.0,0.1
7229869129,Shivling,supermarket,Migosi,-0.0819533,34.7751694,OIL001,cooking_oil,Golden Fry Cooking Oil,2024-12-16,7,30.3,3.95,0.5
7229869129,Shivling,supermarket,Migosi,-0.0819533,34.7751694,OIL002,cooking_oil,Golden Fry Cooking Oil,2024-12-16,7,57.7,4.18,0.1
7229869129,Shivling,supermarket,Migosi,-0.0819533,34.7751694,OIL003,cooking_oil,Soya King Cooking Oil,2024-12-23,0,58.0,4.0,0.1
7229869129,Shivling,supermarket,Migosi,-0.0819533,34.7751694,OIL004,cooking_oil,Soya King Cooking Oil,2024-12-02,21,23.8,3.82,0.5
7229869129,Shivling,supermarket,Migosi,-0.0819533,34.7751694,PC001,personal_care,Vaseline Body Lotion,2024-12-16,7,50.4,2.51,0.1
7229869129,Shivling,supermarket,Migosi,-0.0819533,34.7751694,PC002,personal_care,Dove Bar Soap,2024-12-16,7,30.1,2.13,0.1
7229869129,Shivling,supermarket,Migosi,-0.0819533,34.7751694,PC003,personal_care,Colgate Toothpaste,2024-12-16,7,38.1,2.7,0.1
7229869129,Shivling,supermarket,Migosi,-0.0819533,34.7751694,SAN001,sanitary,Always Pads,2024-12-23,0,56.0,2.11,0.1
7229869129,Shivling,supermarket,Migosi,-0.0819533,34.7751694,SAN002,sanitary,Huggies Diapers,2024-12-02,21,13.7,2.2,0.5
7229869129,Shivling,supermarket,Migosi,-0.0819533,34.7751694,SOP001,soap,Omo Detergent,2024-12-23,0,92.0,3.38,0.1
7229869129,Shivling,supermarket,Migosi,-0.0819533,34.7751694,SOP002,soap,Sunlight Bar Soap,2024-12-23,0,48.0,3.31,0.1
7229869129,Shivling,supermarket,Migosi,-0.0819533,34.7751694,SOP003,soap,Bidco Bar Soap,2024-12-09,14,18.0,2.57,0.5
7229869129,Shivling,supermarket,Migosi,-0.0819533,34.7751694,SOP004,soap,Dettol Bar Soap,2024-12-16,7,56.8,2.75,0.1
7229869129,Shivling,supermarket,Migosi,-0.0819533,34.7751694,SUG001,sugar,Mumias Sugar,2024-12-09,14,58.4,4.69,0.1
7229869129,Shivling,supermarket,Migosi,-0.0819533,34.7751694,SUG002,sugar,Mumias Sugar,2024-12-16,7,53.7,3.9,0.1
7229869129,Shivling,supermarket,Migosi,-0.0819533,34.7751694,SUG003,sugar,Nzoia Sugar,2024-12-23,0,60.0,3.99,0.1
7230512297,Gambogi,unclassified,,-0.0016911,34.7397444,BEV001,beverages,Afia Juice,2024-12-09,14,1.1,0.14,0.5
7230512297,Gambogi,unclassified,,-0.0016911,34.7397444,BEV002,beverages,Pick n Peel Juice,2024-12-16,7,3.0,0.14,0.1
7230512297,Gambogi,unclassified,,-0.0016911,34.7397444,BEV003,beverages,Tusker Lager,2024-12-23,0,2.0,0.14,0.1
7230512297,Gambogi,unclassified,,-0.0016911,34.7397444,BEV004,beverages,Coca-Cola Soda,2024-12-02,21,0.9,0.15,0.5
7230512297,Gambogi,unclassified,,-0.0016911,34.7397444,FLR001,flour,Jogoo Maize Flour,2024-12-16,7,2.2,0.26,0.5
7230512297,Gambogi,unclassified,,-0.0016911,34.7397444,FLR002,flour,Jogoo Maize Flour,2024-12-23,0,8.0,0.29,0.1
7230512297,Gambogi,unclassified,,-0.0016911,34.7397444,FLR003,flour,Pembe Maize Flour,2024-12-23,0,6.0,0.28,0.1
7230512297,Gambogi,unclassified,,-0.0016911,34.7397444,FLR004,flour,Kabras Maize Flour,2024-12-09,14,2.2,0.27,0.5
7230512297,Gambogi,unclassified,,-0.0016911,34.7397444,OIL001,cooking_oil,Golden Fry Cooking Oil,2024-12-09,14,2.0,0.15,0.1
7230512297,Gambogi,unclassified,,-0.0016911,34.7397444,OIL002,cooking_oil,Golden Fry Cooking Oil,2024-12-02,21,1.7,0.3,0.5
7230512297,Gambogi,unclassified,,-0.0016911,34.7397444,OIL003,cooking_oil,Soya King Cooking Oil,2024-12-16,7,1.1,0.13,0.5
7230512297,Gambogi,unclassified,,-0.0016911,34.7397444,OIL004,cooking_oil,Soya King Cooking Oil,2024-12-16,7,2.1,0.27,0.5
7230512297,Gambogi,unclassified,,-0.0016911,34.7397444,PC001,personal_care,Vaseline Body Lotion,2024-12-23,0,4.0,0.15,0.1
7230512297,Gambogi,unclassified,,-0.0016911,34.7397444,PC002,personal_care,Dove Bar Soap,2024-12-09,14,1.1,0.14,0.5
7230512297,Gambogi,unclassified,,-0.0016911,34.7397444,PC003,personal_care,Colgate Toothpaste,2024-12-23,0,2.0,0.13,0.1
7230512297,Gambogi,unclassified,,-0.0016911,34.7397444,SAN001,sanitary,Always Pads,2024-12-09,14,2.0,0.15,0.1
7230512297,Gambogi,unclassified,,-0.0016911,34.7397444,SAN002,sanitary,Huggies Diapers,2024-12-23,0,4.0,0.15,0.1
7230512297,Gambogi,unclassified,,-0.0016911,34.7397444,SOP001,soap,Omo Detergent,2024-12-23,0,2.0,0.13,0.1
7230512297,Gambogi,unclassified,,-0.0016911,34.7397444,SOP002,soap,Sunlight Bar Soap,2024-12-23,0,4.0,0.15,0.1
7230512297,Gambogi,unclassified,,-0.0016911,34.7397444,SOP003,soap,Bidco Bar Soap,2024-12-16,7,3.0,0.15,0.1
7230512297,Gambogi,unclassified,,-0.0016911,34.7397444,SOP004,soap,Dettol Bar Soap,2024-12-23,0,4.0,0.15,0.1
7230512297,Gambogi,unclassified,,-0.0016911,34.7397444,SUG001,sugar,Mumias Sugar,2024-12-23,0,3.0,0.14,0.1
7230512297,Gambogi,unclassified,,-0.0016911,34.7397444,SUG002,sugar,Mumias Sugar,2024-12-23,0,2.0,0.14,0.1
7230512297,Gambogi,unclassified,,-0.0016911,34.7397444,SUG003,sugar,Nzoia Sugar,2024-12-16,7,2.9,0.15,0.1
8814265702,Mama Papa's Shop,general,Nyalenda A,-0.1191967,34.76467,BEV001,beverages,Afia Juice,2024-12-02,21,3.4,0.6,0.5
8814265702,Mama Papa's Shop,general,Nyalenda A,-0.1191967,34.76467,BEV002,beverages,Pick n Peel Juice,2024-12-23,0,8.0,0.53,0.1
8814265702,Mama Papa's Shop,general,Nyalenda A,-0.1191967,34.76467,BEV003,beverages,Tusker Lager,2024-12-02,21,3.4,0.6,0.5
8814265702,Mama Papa's Shop,general,Nyalenda A,-0.1191967,34.76467,BEV004,beverages,Coca-Cola Soda,2024-12-09,14,7.7,0.6,0.1
8814265702,Mama Papa's Shop,general,Nyalenda A,-0.1191967,34.76467,FLR001,flour,Jogoo Maize Flour,2024-12-23,0,12.0,0.8,0.1
8814265702,Mama Papa's Shop,general,Nyalenda A,-0.1191967,34.76467,FLR002,flour,Jogoo Maize Flour,2024-12-09,14,14.0,1.0,0.1
8814265702,Mama Papa's Shop,general,Nyalenda A,-0.1191967,34.76467,FLR003,flour,Pembe Maize Flour,2024-12-09,14,7.0,1.0,0.5
8814265702,Mama Papa's Shop,general,Nyalenda A,-0.1191967,34.76467,FLR004,flour,Kabras Maize Flour,2024-12-23,0,12.0,0.8,0.1
8814265702,Mama Papa's Shop,general,Nyalenda A,-0.1191967,34.76467,OIL001,cooking_oil,Golden Fry Cooking Oil,2024-12-16,7,17.9,0.87,0.1
8814265702,Mama Papa's Shop,general,Nyalenda A,-0.1191967,34.76467,OIL002,cooking_oil,Golden Fry Cooking Oil,2024-12-23,0,16.0,0.6,0.1
8814265702,Mama Papa's Shop,general,Nyalenda A,-0.1191967,34.76467,OIL003,cooking_oil,Soya King Cooking Oil,2024-12-16,7,12.0,0.85,0.1
8814265702,Mama Papa's Shop,general,Nyalenda A,-0.1191967,34.76467,OIL004,cooking_oil,Soya King Cooking Oil,2024-12-23,0,20.0,0.75,0.1
8814265702,Mama Papa's Shop,general,Nyalenda A,-0.1191967,34.76467,PC001,personal_care,Vaseline Body Lotion,2024-12-16,7,6.1,0.41,0.1
8814265702,Mama Papa's Shop,general,Nyalenda A,-0.1191967,34.76467,PC002,personal_care,Dove Bar Soap,2024-12-16,7,3.2,0.4,0.5
8814265702,Mama Papa's Shop,general,Nyalenda A,-0.1191967,34.76467,PC003,personal_care,Colgate Toothpaste,2024-12-16,7,3.1,0.41,0.5
8814265702,Mama Papa's Shop,general,Nyalenda A,-0.1191967,34.76467,SAN001,sanitary,Always Pads,2024-12-09,14,2.0,0.29,0.5
8814265702,Mama Papa's Shop,general,Nyalenda A,-0.1191967,34.76467,SAN002,sanitary,Huggies Diapers,2024-12-09,14,3.1,0.42,0.5
8814265702,Mama Papa's Shop,general,Nyalenda A,-0.1191967,34.76467,SOP001,soap,Omo Detergent,2024-12-09,14,3.0,0.43,0.5
8814265702,Mama Papa's Shop,general,Nyalenda A,-0.1191967,34.76467,SOP002,soap,Sunlight Bar Soap,2024-12-16,7,7.9,0.58,0.1
8814265702,Mama Papa's Shop,general,Nyalenda A,-0.1191967,34.76467,SOP003,soap,Bidco Bar Soap,2024-12-16,7,8.9,0.44,0.1
8814265702,Mama Papa's Shop,general,Nyalenda A,-0.1191967,34.76467,SOP004,soap,Dettol Bar Soap,2024-12-16,7,11.8,0.6,0.1
8814265702,Mama Papa's Shop,general,Nyalenda A,-0.1191967,34.76467,SUG001,sugar,Mumias Sugar,2024-12-23,0,8.0,0.54,0.1
8814265702,Mama Papa's Shop,general,Nyalenda A,-0.1191967,34.76467,SUG002,sugar,Mumias Sugar,2024-12-23,0,12.0,0.55,0.1
8814265702,Mama Papa's Shop,general,Nyalenda A,-0.1191967,34.76467,SUG003,sugar,Nzoia Sugar,2024-12-23,0,15.0,0.71,0.1
8814390051,Honda Nafuu General Store,general,Manyatta A,-0.0975267,34.7786233,BEV001,beverages,Afia Juice,2024-12-09,14,4.3,0.55,0.5
8814390051,Honda Nafuu General Store,general,Manyatta A,-0.0975267,34.7786233,BEV002,beverages,Pick n Peel Juice,2024-12-16,7,8.8,0.45,0.1
8814390051,Honda Nafuu General Store,general,Manyatta A,-0.0975267,34.7786233,BEV003,beverages,Tusker Lager,2024-12-23,0,20.0,0.74,0.1
8814390051,Honda Nafuu General Store,general,Manyatta A,-0.0975267,34.7786233,BEV004,beverages,Coca-Cola Soda,2024-12-16,7,12.2,0.55,0.1
8814390051,Honda Nafuu General Store,general,Manyatta A,-0.0975267,34.7786233,FLR001,flour,Jogoo Maize Flour,2024-12-23,0,18.0,0.85,0.1
8814390051,Honda Nafuu General Store,general,Manyatta A,-0.0975267,34.7786233,FLR002,flour,Jogoo Maize Flour,2024-12-23,0,24.0,0.82,0.1
8814390051,Honda Nafuu General Store,general,Manyatta A,-0.0975267,34.7786233,FLR003,flour,Pembe Maize Flour,2024-12-09,14,5.9,0.86,0.5
8814390051,Honda Nafuu General Store,general,Manyatta A,-0.0975267,34.7786233,FLR004,flour,Kabras Maize Flour,2024-12-09,14,7.5,0.96,0.5
8814390051,Honda Nafuu General Store,general,Manyatta A,-0.0975267,34.7786233,OIL001,cooking_oil,Golden Fry Cooking Oil,2024-12-16,7,15.0,0.71,0.1
8814390051,Honda Nafuu General Store,general,Manyatta A,-0.0975267,34.7786233,OIL002,cooking_oil,Golden Fry Cooking Oil,2024-12-23,0,20.0,0.74,0.1
8814390051,Honda Nafuu General Store,general,Manyatta A,-0.0975267,34.7786233,OIL003,cooking_oil,Soya King Cooking Oil,2024-12-09,14,9.5,0.75,0.1
8814390051,Honda Nafuu General Store,general,Manyatta A,-0.0975267,34.7786233,OIL004,cooking_oil,Soya King Cooking Oil,2024-12-16,7,15.1,0.7,0.1
8814390051,Honda Nafuu General Store,general,Manyatta A,-0.0975267,34.7786233,PC001,personal_care,Vaseline Body Lotion,2024-12-16,7,3.3,0.38,0.5
8814390051,Honda Nafuu General Store,general,Manyatta A,-0.0975267,34.7786233,PC002,personal_care,Dove Bar Soap,2024-12-16,7,3.2,0.4,0.5
8814390051,Honda Nafuu General Store,general,Manyatta A,-0.0975267,34.7786233,PC003,personal_care,Colgate Toothpaste,2024-12-02,21,3.1,0.43,0.5
8814390051,Honda Nafuu General Store,general,Manyatta A,-0.0975267,34.7786233,SAN001,sanitary,Always Pads,2024-12-16,7,6.0,0.29,0.1
8814390051,Honda Nafuu General Store,general,Manyatta A,-0.0975267,34.7786233,SAN002,sanitary,Huggies Diapers,2024-12-02,21,2.3,0.27,0.5
8814390051,Honda Nafuu General Store,general,Manyatta A,-0.0975267,34.7786233,SOP001,soap,Omo Detergent,2024-12-09,14,7.6,0.6,0.1
8814390051,Honda Nafuu General Store,general,Manyatta A,-0.0975267,34.7786233,SOP002,soap,Sunlight Bar Soap,2024-12-09,14,6.0,0.43,0.1
8814390051,Honda Nafuu General Store,general,Manyatta A,-0.0975267,34.7786233,SOP003,soap,Bidco Bar Soap,2024-12-09,14,3.6,0.39,0.5
8814390051,Honda Nafuu General Store,general,Manyatta A,-0.0975267,34.7786233,SOP004,soap,Dettol Bar Soap,2024-12-23,0,6.0,0.39,0.1
8814390051,Honda Nafuu General Store,general,Manyatta A,-0.0975267,34.7786233,SUG001,sugar,Mumias Sugar,2024-12-23,0,20.0,0.74,0.1
8814390051,Honda Nafuu General Store,general,Manyatta A,-0.0975267,34.7786233,SUG002,sugar,Mumias Sugar,2024-12-23,0,20.0,0.74,0.1
8814390051,Honda Nafuu General Store,general,Manyatta A,-0.0975267,34.7786233,SUG003,sugar,Nzoia Sugar,2024-12-16,7,12.4,0.8,0.1
8814394881,Mama Sally Shop,kiosk,Manyatta A,-0.0977217,34.7781317,BEV001,beverages,Afia Juice,2024-12-23,0,8.0,0.28,0.1
8814394881,Mama Sally Shop,kiosk,Manyatta A,-0.0977217,34.7781317,BEV002,beverages,Pick n Peel Juice,2024-12-16,7,2.0,0.14,0.1
8814394881,Mama Sally Shop,kiosk,Manyatta A,-0.0977217,34.7781317,BEV003,beverages,Tusker Lager,2024-12-23,0,8.0,0.28,0.1
8814394881,Mama Sally Shop,kiosk,Manyatta A,-0.0977217,34.7781317,BEV004,beverages,Coca-Cola Soda,2024-12-16,7,5.9,0.3,0.1
8814394881,Mama Sally Shop,kiosk,Manyatta A,-0.0977217,34.7781317,FLR001,flour,Jogoo Maize Flour,2024-12-23,0,6.0,0.29,0.1
8814394881,Mama Sally Shop,kiosk,Manyatta A,-0.0977217,34.7781317,FLR002,flour,Jogoo Maize Flour,2024-12-16,7,3.1,0.42,0.5
8814394881,Mama Sally Shop,kiosk,Manyatta A,-0.0977217,34.7781317,FLR003,flour,Pembe Maize Flour,2024-12-09,14,2.3,0.26,0.5
8814394881,Mama Sally Shop,kiosk,Manyatta A,-0.0977217,34.7781317,FLR004,flour,Kabras Maize Flour,2024-12-16,7,3.4,0.37,0.5
8814394881,Mama Sally Shop,kiosk,Manyatta A,-0.0977217,34.7781317,OIL001,cooking_oil,Golden Fry Cooking Oil,2024-12-16,7,5.9,0.3,0.1
8814394881,Mama Sally Shop,kiosk,Manyatta A,-0.0977217,34.7781317,OIL002,cooking_oil,Golden Fry Cooking Oil,2024-12-09,14,3.8,0.3,0.1
8814394881,Mama Sally Shop,kiosk,Manyatta A,-0.0977217,34.7781317,OIL003,cooking_oil,Soya King Cooking Oil,2024-12-09,14,4.1,0.28,0.1
8814394881,Mama Sally Shop,kiosk,Manyatta A,-0.0977217,34.7781317,OIL004,cooking_oil,Soya King Cooking Oil,2024-12-23,0,6.0,0.26,0.1
8814394881,Mama Sally Shop,kiosk,Manyatta A,-0.0977217,34.7781317,PC001,personal_care,Vaseline Body Lotion,2024-12-23,0,3.0,0.14,0.1
8814394881,Mama Sally Shop,kiosk,Manyatta A,-0.0977217,34.7781317,PC002,personal_care,Dove Bar Soap,2024-12-23,0,2.0,0.14,0.1
8814394881,Mama Sally Shop,kiosk,Manyatta A,-0.0977217,34.7781317,PC003,personal_care,Colgate Toothpaste,2024-12-09,14,2.0,0.14,0.1
8814394881,Mama Sally Shop,kiosk,Manyatta A,-0.0977217,34.7781317,SAN001,sanitary,Always Pads,2024-12-09,14,1.1,0.13,0.5
8814394881,Mama Sally Shop,kiosk,Manyatta A,-0.0977217,34.7781317,SAN002,sanitary,Huggies Diapers,2024-12-09,14,1.1,0.14,0.5
8814394881,Mama Sally Shop,kiosk,Manyatta A,-0.0977217,34.7781317,SOP001,soap,Omo Detergent,2024-12-09,14,1.9,0.15,0.1
8814394881,Mama Sally Shop,kiosk,Manyatta A,-0.0977217,34.7781317,SOP002,soap,Sunlight Bar Soap,2024-12-09,14,1.9,0.15,0.1
8814394881,Mama Sally Shop,kiosk,Manyatta A,-0.0977217,34.7781317,SOP003,soap,Bidco Bar Soap,2024-12-09,14,2.0,0.14,0.1
8814394881,Mama Sally Shop,kiosk,Manyatta A,-0.0977217,34.7781317,SOP004,soap,Dettol Bar Soap,2024-12-16,7,2.0,0.14,0.1
8814394881,Mama Sally Shop,kiosk,Manyatta A,-0.0977217,34.7781317,SUG001,sugar,Mumias Sugar,2024-12-23,0,6.0,0.28,0.1
8814394881,Mama Sally Shop,kiosk,Manyatta A,-0.0977217,34.7781317,SUG002,sugar,Mumias Sugar,2024-12-16,7,4.0,0.28,0.1
8814394881,Mama Sally Shop,kiosk,Manyatta A,-0.0977217,34.7781317,SUG003,sugar,Nzoia Sugar,2024-12-09,14,2.0,0.29,0.5
8816862517,Dunga Market,unclassified,,-0.1442633,34.73629,BEV001,beverages,Afia Juice,2024-12-16,7,2.0,0.14,0.1
8816862517,Dunga Market,unclassified,,-0.1442633,34.73629,BEV002,beverages,Pick n Peel Juice,2024-12-16,7,1.0,0.14,0.5
8816862517,Dunga Market,unclassified,,-0.1442633,34.73629,BEV003,beverages,Tusker Lager,2024-12-09,14,2.0,0.14,0.1
8816862517,Dunga Market,unclassified,,-0.1442633,34.73629,BEV004,beverages,Coca-Cola Soda,2024-12-02,21,0.8,0.15,0.5
8816862517,Dunga Market,unclassified,,-0.1442633,34.73629,FLR001,flour,Jogoo Maize Flour,2024-12-23,0,6.0,0.28,0.1
8816862517,Dunga Market,unclassified,,-0.1442633,34.73629,FLR002,flour,Jogoo Maize Flour,2024-12-09,14,2.2,0.27,0.5
8816862517,Dunga Market,unclassified,,-0.1442633,34.73629,FLR003,flour,Pembe Maize Flour,2024-12-23,0,8.0,0.29,0.1
8816862517,Dunga Market,unclassified,,-0.1442633,34.73629,FLR004,flour,Kabras Maize Flour,2024-12-02,21,1.8,0.29,0.5
8816862517,Dunga Market,unclassified,,-0.1442633,34.73629,OIL001,cooking_oil,Golden Fry Cooking Oil,2024-12-09,14,2.0,0.14,0.1
8816862517,Dunga Market,unclassified,,-0.1442633,34.73629,OIL002,cooking_oil,Golden Fry Cooking Oil,2024-12-09,14,1.9,0.15,0.1
8816862517,Dunga Market,unclassified,,-0.1442633,34.73629,OIL003,cooking_oil,Soya King Cooking Oil,2024-12-02,21,1.0,0.14,0.5
8816862517,Dunga Market,unclassified,,-0.1442633,34.73629,OIL004,cooking_oil,Soya King Cooking Oil,2024-12-16,7,1.0,0.14,0.5
8816862517,Dunga Market,unclassified,,-0.1442633,34.73629,PC001,personal_care,Vaseline Body Lotion,2024-12-09,14,1.9,0.15,0.1
8816862517,Dunga Market,unclassified,,-0.1442633,34.73629,PC002,personal_care,Dove Bar Soap,2024-12-16,7,2.0,0.14,0.1
8816862517,Dunga Market,unclassified,,-0.1442633,34.73629,PC003,personal_care,Colgate Toothpaste,2024-12-23,0,4.0,0.14,0.1
8816862517,Dunga Market,unclassified,,-0.1442633,34.73629,SAN001,sanitary,Always Pads,2024-12-23,0,3.0,0.14,0.1
8816862517,Dunga Market,unclassified,,-0.1442633,34.73629,SAN002,sanitary,Huggies Diapers,2024-12-16,7,1.1,0.13,0.5
8816862517,Dunga Market,unclassified,,-0.1442633,34.73629,SOP001,soap,Omo Detergent,2024-12-09,14,1.1,0.14,0.5
8816862517,Dunga Market,unclassified,,-0.1442633,34.73629,SOP002,soap,Sunlight Bar Soap,2024-12-23,0,3.0,0.14,0.1
8816862517,Dunga Market,unclassified,,-0.1442633,34.73629,SOP003,soap,Bidco Bar Soap,2024-12-09,14,1.9,0.15,0.1
8816862517,Dunga Market,unclassified,,-0.1442633,34.73629,SOP004,soap,Dettol Bar Soap,2024-12-09,14,2.0,0.14,0.1
8816862517,Dunga Market,unclassified,,-0.1442633,34.73629,SUG001,sugar,Mumias Sugar,2024-12-16,7,1.0,0.14,0.5
8816862517,Dunga Market,unclassified,,-0.1442633,34.73629,SUG002,sugar,Mumias Sugar,2024-12-09,14,1.0,0.14,0.5
8816862517,Dunga Market,unclassified,,-0.1442633,34.73629,SUG003,sugar,Nzoia Sugar,2024-12-23,0,6.0,0.28,0.1
8816875717,Kilo,unclassified,Wadhare,-0.120895,34.7550017,BEV001,beverages,Afia Juice,2024-12-23,0,6.0,0.27,0.1
8816875717,Kilo,unclassified,Wadhare,-0.120895,34.7550017,BEV002,beverages,Pick n Peel Juice,2024-12-23,0,6.0,0.28,0.1
8816875717,Kilo,unclassified,Wadhare,-0.120895,34.7550017,BEV003,beverages,Tusker Lager,2024-12-23,0,6.0,0.28,0.1
8816875717,Kilo,unclassified,Wadhare,-0.120895,34.7550017,BEV004,beverages,Coca-Cola Soda,2024-12-23,0,6.0,0.28,0.1
8816875717,Kilo,unclassified,Wadhare,-0.120895,34.7550017,FLR001,flour,Jogoo Maize Flour,2024-12-16,7,4.3,0.52,0.5
8816875717,Kilo,unclassified,Wadhare,-0.120895,34.7550017,FLR002,flour,Jogoo Maize Flour,2024-12-16,7,8.0,0.58,0.1
8816875717,Kilo,unclassified,Wadhare,-0.120895,34.7550017,FLR003,flour,Pembe Maize Flour,2024-12-23,0,6.0,0.41,0.1
8816875717,Kilo,unclassified,Wadhare,-0.120895,34.7550017,FLR004,flour,Kabras Maize Flour,2024-12-23,0,16.0,0.57,0.1
8816875717,Kilo,unclassified,Wadhare,-0.120895,34.7550017,OIL001,cooking_oil,Golden Fry Cooking Oil,2024-12-16,7,6.0,0.29,0.1
8816875717,Kilo,unclassified,Wadhare,-0.120895,34.7550017,OIL002,cooking_oil,Golden Fry Cooking Oil,2024-12-16,7,8.8,0.45,0.1
8816875717,Kilo,unclassified,Wadhare,-0.120895,34.7550017,OIL003,cooking_oil,Soya King Cooking Oil,2024-12-23,0,12.0,0.43,0.1
8816875717,Kilo,unclassified,Wadhare,-0.120895,34.7550017,OIL004,cooking_oil,Soya King Cooking Oil,2024-12-16,7,9.0,0.43,0.1
8816875717,Kilo,unclassified,Wadhare,-0.120895,34.7550017,PC001,personal_care,Vaseline Body Lotion,2024-12-23,0,8.0,0.3,0.1
8816875717,Kilo,unclassified,Wadhare,-0.120895,34.7550017,PC002,personal_care,Dove Bar Soap,2024-12-09,14,1.0,0.14,0.5
8816875717,Kilo,unclassified,Wadhare,-0.120895,34.7550017,PC003,personal_care,Colgate Toothpaste,2024-12-16,7,6.1,0.28,0.1
8816875717,Kilo,unclassified,Wadhare,-0.120895,34.7550017,SAN001,sanitary,Always Pads,2024-12-16,7,3.0,0.14,0.1
8816875717,Kilo,unclassified,Wadhare,-0.120895,34.7550017,SAN002,sanitary,Huggies Diapers,2024-12-23,0,4.0,0.14,0.1
8816875717,Kilo,unclassified,Wadhare,-0.120895,34.7550017,SOP001,soap,Omo Detergent,2024-12-09,14,4.2,0.27,0.1
8816875717,Kilo,unclassified,Wadhare,-0.120895,34.7550017,SOP002,soap,Sunlight Bar Soap,2024-12-16,7,4.1,0.28,0.1
8816875717,Kilo,unclassified,Wadhare,-0.120895,34.7550017,SOP003,soap,Bidco Bar Soap,2024-12-16,7,4.1,0.27,0.1
8816875717,Kilo,unclassified,Wadhare,-0.120895,34.7550017,SOP004,soap,Dettol Bar Soap,2024-12-16,7,4.1,0.28,0.1
8816875717,Kilo,unclassified,Wadhare,-0.120895,34.7550017,SUG001,sugar,Mumias Sugar,2024-12-09,14,2.2,0.27,0.5
8816875717,Kilo,unclassified,Wadhare,-0.120895,34.7550017,SUG002,sugar,Mumias Sugar,2024-12-09,14,2.2,0.27,0.5
8816875717,Kilo,unclassified,Wadhare,-0.120895,34.7550017,SUG003,sugar,Nzoia Sugar,2024-12-23,0,12.0,0.44,0.1
8816877717,Simba Market,unclassified,Milimani,-0.1191189,34.7528467,BEV001,beverages,Afia Juice,2024-12-16,7,2.2,0.26,0.5
8816877717,Simba Market,unclassified,Milimani,-0.1191189,34.7528467,BEV002,beverages,Pick n Peel Juice,2024-12-02,21,2.3,0.27,0.5
8816877717,Simba Market,unclassified,Milimani,-0.1191189,34.7528467,BEV003,beverages,Tusker Lager,2024-12-16,7,6.1,0.27,0.1
8816877717,Simba Market,unclassified,Milimani,-0.1191189,34.7528467,BEV004,beverages,Coca-Cola Soda,2024-12-23,0,8.0,0.29,0.1
8816877717,Simba Market,unclassified,Milimani,-0.1191189,34.7528467,FLR001,flour,Jogoo Maize Flour,2024-12-23,0,9.0,0.42,0.1
8816877717,Simba Market,unclassified,Milimani,-0.1191189,34.7528467,FLR002,flour,Jogoo Maize Flour,2024-12-02,21,1.7,0.3,0.5
8816877717,Simba Market,unclassified,Milimani,-0.1191189,34.7528467,FLR003,flour,Pembe Maize Flour,2024-12-23,0,6.0,0.41,0.1
8816877717,Simba Market,unclassified,Milimani,-0.1191189,34.7528467,FLR004,flour,Kabras Maize Flour,2024-12-16,7,8.9,0.44,0.1
8816877717,Simba Market,unclassified,Milimani,-0.1191189,34.7528467,OIL001,cooking_oil,Golden Fry Cooking Oil,2024-12-16,7,2.2,0.26,0.5
8816877717,Simba Market,unclassified,Milimani,-0.1191189,34.7528467,OIL002,cooking_oil,Golden Fry Cooking Oil,2024-12-09,14,4.0,0.29,0.1
8816877717,Simba Market,unclassified,Milimani,-0.1191189,34.7528467,OIL003,cooking_oil,Soya King Cooking Oil,2024-12-23,0,6.0,0.28,0.1
8816877717,Simba Market,unclassified,Milimani,-0.1191189,34.7528467,OIL004,cooking_oil,Soya King Cooking Oil,2024-12-09,14,4.2,0.27,0.1
8816877717,Simba Market,unclassified,Milimani,-0.1191189,34.7528467,PC001,personal_care,Vaseline Body Lotion,2024-12-16,7,3.0,0.14,0.1
8816877717,Simba Market,unclassified,Milimani,-0.1191189,34.7528467,PC002,personal_care,Dove Bar Soap,2024-12-16,7,3.0,0.14,0.1
8816877717,Simba Market,unclassified,Milimani,-0.1191189,34.7528467,PC003,personal_care,Colgate Toothpaste,2024-12-09,14,1.1,0.14,0.5
8816877717,Simba Market,unclassified,Milimani,-0.1191189,34.7528467,SAN001,sanitary,Always Pads,2024-12-09,14,1.2,0.13,0.5
8816877717,Simba Market,unclassified,Milimani,-0.1191189,34.7528467,SAN002,sanitary,Huggies Diapers,2024-12-09,14,2.0,0.15,0.1
8816877717,Simba Market,unclassified,Milimani,-0.1191189,34.7528467,SOP001,soap,Omo Detergent,2024-12-02,21,0.8,0.15,0.5
8816877717,Simba Market,unclassified,Milimani,-0.1191189,34.7528467,SOP002,soap,Sunlight Bar Soap,2024-12-16,7,2.0,0.14,0.1
8816877717,Simba Market,unclassified,Milimani,-0.1191189,34.7528467,SOP003,soap,Bidco Bar Soap,2024-12-02,21,1.1,0.14,0.5
8816877717,Simba Market,unclassified,Milimani,-0.1191189,34.7528467,SOP004,soap,Dettol Bar Soap,2024-12-16,7,2.1,0.27,0.5
8816877717,Simba Market,unclassified,Milimani,-0.1191189,34.7528467,SUG001,sugar,Mumias Sugar,2024-12-23,0,4.0,0.25,0.1
8816877717,Simba Market,unclassified,Milimani,-0.1191189,34.7528467,SUG002,sugar,Mumias Sugar,2024-12-23,0,8.0,0.27,0.1
8816877717,Simba Market,unclassified,Milimani,-0.1191189,34.7528467,SUG003,sugar,Nzoia Sugar,2024-12-16,7,2.2,0.25,0.5
8816877719,Kasawino,convenience,Manyatta B,-0.108175,34.7837583,BEV001,beverages,Afia Juice,2024-12-02,21,2.4,0.46,0.5
8816877719,Kasawino,convenience,Manyatta B,-0.108175,34.7837583,BEV002,beverages,Pick n Peel Juice,2024-12-16,7,3.2,0.4,0.5
8816877719,Kasawino,convenience,Manyatta B,-0.108175,34.7837583,BEV003,beverages,Tusker Lager,2024-12-23,0,9.0,0.43,0.1
8816877719,Kasawino,convenience,Manyatta B,-0.108175,34.7837583,BEV004,beverages,Coca-Cola Soda,2024-12-16,7,3.1,0.42,0.5
8816877719,Kasawino,convenience,Manyatta B,-0.108175,34.7837583,FLR001,flour,Jogoo Maize Flour,2024-12-23,0,20.0,0.75,0.1
8816877719,Kasawino,convenience,Manyatta B,-0.108175,34.7837583,FLR002,flour,Jogoo Maize Flour,2024-12-16,7,14.7,0.75,0.1
8816877719,Kasawino,convenience,Manyatta B,-0.108175,34.7837583,FLR003,flour,Pembe Maize Flour,2024-12-09,14,7.5,0.6,0.1
8816877719,Kasawino,convenience,Manyatta B,-0.108175,34.7837583,FLR004,flour,Kabras Maize Flour,2024-12-16,7,10.0,0.71,0.1
8816877719,Kasawino,convenience,Manyatta B,-0.108175,34.7837583,OIL001,cooking_oil,Golden Fry Cooking Oil,2024-12-16,7,8.9,0.44,0.1
8816877719,Kasawino,convenience,Manyatta B,-0.108175,34.7837583,OIL002,cooking_oil,Golden Fry Cooking Oil,2024-12-16,7,10.1,0.7,0.1
8816877719,Kasawino,convenience,Manyatta B,-0.108175,34.7837583,OIL003,cooking_oil,Soya King Cooking Oil,2024-12-23,0,15.0,0.71,0.1
8816877719,Kasawino,convenience,Manyatta B,-0.108175,34.7837583,OIL004,cooking_oil,Soya King Cooking Oil,2024-12-09,14,2.9,0.44,0.5
8816877719,Kasawino,convenience,Manyatta B,-0.108175,34.7837583,PC001,personal_care,Vaseline Body Lotion,2024-12-23,0,8.0,0.3,0.1
8816877719,Kasawino,convenience,Manyatta B,-0.108175,34.7837583,PC002,personal_care,Dove Bar Soap,2024-12-23,0,8.0,0.3,0.1
8816877719,Kasawino,convenience,Manyatta B,-0.108175,34.7837583,PC003,personal_care,Colgate Toothpaste,2024-12-23,0,6.0,0.41,0.1
8816877719,Kasawino,convenience,Manyatta B,-0.108175,34.7837583,SAN001,sanitary,Always Pads,2024-12-02,21,1.8,0.29,0.5
8816877719,Kasawino,convenience,Manyatta B,-0.108175,34.7837583,SAN002,sanitary,Huggies Diapers,2024-12-16,7,6.0,0.29,0.1
8816877719,Kasawino,convenience,Manyatta B,-0.108175,34.7837583,SOP001,soap,Omo Detergent,2024-12-09,14,5.8,0.45,0.1
8816877719,Kasawino,convenience,Manyatta B,-0.108175,34.7837583,SOP002,soap,Sunlight Bar Soap,2024-12-23,0,9.0,0.44,0.1
8816877719,Kasawino,convenience,Manyatta B,-0.108175,34.7837583,SOP003,soap,Bidco Bar Soap,2024-12-23,0,6.0,0.29,0.1
8816877719,Kasawino,convenience,Manyatta B,-0.108175,34.7837583,SOP004,soap,Dettol Bar Soap,2024-12-16,7,9.0,0.43,0.1
8816877719,Kasawino,convenience,Manyatta B,-0.108175,34.7837583,SUG001,sugar,Mumias Sugar,2024-12-09,14,3.1,0.42,0.5
8816877719,Kasawino,convenience,Manyatta B,-0.108175,34.7837583,SUG002,sugar,Mumias Sugar,2024-12-23,0,16.0,0.6,0.1
8816877719,Kasawino,convenience,Manyatta B,-0.108175,34.7837583,SUG003,sugar,Nzoia Sugar,2024-12-23,0,8.0,0.54,0.1
8816890718,Corona market - kowino,unclassified,Nyalenda A,-0.114675,34.76901,BEV001,beverages,Afia Juice,2024-12-09,14,1.9,0.15,0.1
8816890718,Corona market - kowino,unclassified,Nyalenda A,-0.114675,34.76901,BEV002,beverages,Pick n Peel Juice,2024-12-09,14,3.9,0.29,0.1
8816890718,Corona market - kowino,unclassified,Nyalenda A,-0.114675,34.76901,BEV003,beverages,Tusker Lager,2024-12-16,7,4.0,0.28,0.1
8816890718,Corona market - kowino,unclassified,Nyalenda A,-0.114675,34.76901,BEV004,beverages,Coca-Cola Soda,2024-12-09,14,1.0,0.14,0.5
8816890718,Corona market - kowino,unclassified,Nyalenda A,-0.114675,34.76901,FLR001,flour,Jogoo Maize Flour,2024-12-23,0,9.0,0.41,0.1
8816890718,Corona market - kowino,unclassified,Nyalenda A,-0.114675,34.76901,FLR002,flour,Jogoo Maize Flour,2024-12-09,14,3.9,0.29,0.1
8816890718,Corona market - kowino,unclassified,Nyalenda A,-0.114675,34.76901,FLR003,flour,Pembe Maize Flour,2024-12-09,14,3.9,0.29,0.1
8816890718,Corona market - kowino,unclassified,Nyalenda A,-0.114675,34.76901,FLR004,flour,Kabras Maize Flour,2024-12-23,0,4.0,0.28,0.1
8816890718,Corona market - kowino,unclassified,Nyalenda A,-0.114675,34.76901,OIL001,cooking_oil,Golden Fry Cooking Oil,2024-12-09,14,2.0,0.29,0.5
8816890718,Corona market - kowino,unclassified,Nyalenda A,-0.114675,34.76901,OIL002,cooking_oil,Golden Fry Cooking Oil,2024-12-16,7,4.1,0.27,0.1
8816890718,Corona market - kowino,unclassified,Nyalenda A,-0.114675,34.76901,OIL003,cooking_oil,Soya King Cooking Oil,2024-12-23,0,6.0,0.29,0.1
8816890718,Corona market - kowino,unclassified,Nyalenda A,-0.114675,34.76901,OIL004,cooking_oil,Soya King Cooking Oil,2024-12-09,14,2.0,0.29,0.5
8816890718,Corona market - kowino,unclassified,Nyalenda A,-0.114675,34.76901,PC001,personal_care,Vaseline Body Lotion,2024-12-09,14,1.0,0.14,0.5
8816890718,Corona market - kowino,unclassified,Nyalenda A,-0.114675,34.76901,PC002,personal_care,Dove Bar Soap,2024-12-16,7,3.0,0.15,0.1
8816890718,Corona market - kowino,unclassified,Nyalenda A,-0.114675,34.76901,PC003,personal_care,Colgate Toothpaste,2024-12-16,7,2.0,0.14,0.1
8816890718,Corona market - kowino,unclassified,Nyalenda A,-0.114675,34.76901,SAN001,sanitary,Always Pads,2024-12-09,14,1.9,0.15,0.1
8816890718,Corona market - kowino,unclassified,Nyalenda A,-0.114675,34.76901,SAN002,sanitary,Huggies Diapers,2024-12-23,0,2.0,0.14,0.1
8816890718,Corona market - kowino,unclassified,Nyalenda A,-0.114675,34.76901,SOP001,soap,Omo Detergent,2024-12-09,14,2.0,0.14,0.1
8816890718,Corona market - kowino,unclassified,Nyalenda A,-0.114675,34.76901,SOP002,soap,Sunlight Bar Soap,2024-12-16,7,2.0,0.14,0.1
8816890718,Corona market - kowino,unclassified,Nyalenda A,-0.114675,34.76901,SOP003,soap,Bidco Bar Soap,2024-12-16,7,4.1,0.28,0.1
8816890718,Corona market - kowino,unclassified,Nyalenda A,-0.114675,34.76901,SOP004,soap,Dettol Bar Soap,2024-12-23,0,2.0,0.14,0.1
8816890718,Corona market - kowino,unclassified,Nyalenda A,-0.114675,34.76901,SUG001,sugar,Mumias Sugar,2024-12-02,21,1.7,0.3,0.5
8816890718,Corona market - kowino,unclassified,Nyalenda A,-0.114675,34.76901,SUG002,sugar,Mumias Sugar,2024-12-23,0,8.0,0.28,0.1
8816890718,Corona market - kowino,unclassified,Nyalenda A,-0.114675,34.76901,SUG003,sugar,Nzoia Sugar,2024-12-16,7,2.1,0.27,0.5
8816908517,Kasawino Market,unclassified,Manyatta B,-0.1084567,34.7830067,BEV001,beverages,Afia Juice,2024-12-09,14,2.0,0.15,0.1
8816908517,Kasawino Market,unclassified,Manyatta B,-0.1084567,34.7830067,BEV002,beverages,Pick n Peel Juice,2024-12-16,7,2.1,0.27,0.5
8816908517,Kasawino Market,unclassified,Manyatta B,-0.1084567,34.7830067,BEV003,beverages,Tusker Lager,2024-12-16,7,2.0,0.14,0.1
8816908517,Kasawino Market,unclassified,Manyatta B,-0.1084567,34.7830067,BEV004,beverages,Coca-Cola Soda,2024-12-16,7,3.0,0.15,0.1
8816908517,Kasawino Market,unclassified,Manyatta B,-0.1084567,34.7830067,FLR001,flour,Jogoo Maize Flour,2024-12-09,14,3.9,0.29,0.1
8816908517,Kasawino Market,unclassified,Manyatta B,-0.1084567,34.7830067,FLR002,flour,Jogoo Maize Flour,2024-12-09,14,2.1,0.28,0.5
8816908517,Kasawino Market,unclassified,Manyatta B,-0.1084567,34.7830067,FLR003,flour,Pembe Maize Flour,2024-12-16,7,4.0,0.28,0.1
8816908517,Kasawino Market,unclassified,Manyatta B,-0.1084567,34.7830067,FLR004,flour,Kabras Maize Flour,2024-12-23,0,6.0,0.28,0.1
8816908517,Kasawino Market,unclassified,Manyatta B,-0.1084567,34.7830067,OIL001,cooking_oil,Golden Fry Cooking Oil,2024-12-16,7,2.1,0.27,0.5
8816908517,Kasawino Market,unclassified,Manyatta B,-0.1084567,34.7830067,OIL002,cooking_oil,Golden Fry Cooking Oil,2024-12-23,0,3.0,0.14,0.1
8816908517,Kasawino Market,unclassified,Manyatta B,-0.1084567,34.7830067,OIL003,cooking_oil,Soya King Cooking Oil,2024-12-02,21,0.8,0.15,0.5
8816908517,Kasawino Market,unclassified,Manyatta B,-0.1084567,34.7830067,OIL004,cooking_oil,Soya King Cooking Oil,2024-12-09,14,3.8,0.3,0.1
8816908517,Kasawino Market,unclassified,Manyatta B,-0.1084567,34.7830067,PC001,personal_care,Vaseline Body Lotion,2024-12-23,0,2.0,0.14,0.1
8816908517,Kasawino Market,unclassified,Manyatta B,-0.1084567,34.7830067,PC002,personal_care,Dove Bar Soap,2024-12-09,14,1.0,0.15,0.5
8816908517,Kasawino Market,unclassified,Manyatta B,-0.1084567,34.7830067,PC003,personal_care,Colgate Toothpaste,2024-12-09,14,1.0,0.14,0.5
8816908517,Kasawino Market,unclassified,Manyatta B,-0.1084567,34.7830067,SAN001,sanitary,Always Pads,2024-12-23,0,4.0,0.15,0.1
8816908517,Kasawino Market,unclassified,Manyatta B,-0.1084567,34.7830067,SAN002,sanitary,Huggies Diapers,2024-12-09,14,1.0,0.14,0.5
8816908517,Kasawino Market,unclassified,Manyatta B,-0.1084567,34.7830067,SOP001,soap,Omo Detergent,2024-12-23,0,2.0,0.14,0.1
8816908517,Kasawino Market,unclassified,Manyatta B,-0.1084567,34.7830067,SOP002,soap,Sunlight Bar Soap,2024-12-23,0,2.0,0.14,0.1
8816908517,Kasawino Market,unclassified,Manyatta B,-0.1084567,34.7830067,SOP003,soap,Bidco Bar Soap,2024-12-02,21,0.8,0.15,0.5
8816908517,Kasawino Market,unclassified,Manyatta B,-0.1084567,34.7830067,SOP004,soap,Dettol Bar Soap,2024-12-09,14,1.9,0.15,0.1
8816908517,Kasawino Market,unclassified,Manyatta B,-0.1084567,34.7830067,SUG001,sugar,Mumias Sugar,2024-12-09,14,1.9,0.29,0.5
8816908517,Kasawino Market,unclassified,Manyatta B,-0.1084567,34.7830067,SUG002,sugar,Mumias Sugar,2024-12-02,21,1.8,0.29,0.5
8816908517,Kasawino Market,unclassified,Manyatta B,-0.1084567,34.7830067,SUG003,sugar,Nzoia Sugar,2024-12-02,21,0.8,0.15,0.5
8816914817,Gesoko,unclassified,Manyatta B,-0.1028217,34.7770083,BEV001,beverages,Afia Juice,2024-12-16,7,2.9,0.15,0.1
8816914817,Gesoko,unclassified,Manyatta B,-0.1028217,34.7770083,BEV002,beverages,Pick n Peel Juice,2024-12-16,7,2.0,0.14,0.1
8816914817,Gesoko,unclassified,Manyatta B,-0.1028217,34.7770083,BEV003,beverages,Tusker Lager,2024-12-02,21,0.9,0.15,0.5
8816914817,Gesoko,unclassified,Manyatta B,-0.1028217,34.7770083,BEV004,beverages,Coca-Cola Soda,2024-12-02,21,0.9,0.15,0.5
8816914817,Gesoko,unclassified,Manyatta B,-0.1028217,34.7770083,FLR001,flour,Jogoo Maize Flour,2024-12-09,14,3.8,0.3,0.1
8816914817,Gesoko,unclassified,Manyatta B,-0.1028217,34.7770083,FLR002,flour,Jogoo Maize Flour,2024-12-02,21,1.7,0.3,0.5
8816914817,Gesoko,unclassified,Manyatta B,-0.1028217,34.7770083,FLR003,flour,Pembe Maize Flour,2024-12-09,14,1.9,0.29,0.5
8816914817,Gesoko,unclassified,Manyatta B,-0.1028217,34.7770083,FLR004,flour,Kabras Maize Flour,2024-12-23,0,6.0,0.29,0.1
8816914817,Gesoko,unclassified,Manyatta B,-0.1028217,34.7770083,OIL001,cooking_oil,Golden Fry Cooking Oil,2024-12-16,7,1.0,0.14,0.5
8816914817,Gesoko,unclassified,Manyatta B,-0.1028217,34.7770083,OIL002,cooking_oil,Golden Fry Cooking Oil,2024-12-23,0,6.0,0.29,0.1
8816914817,Gesoko,unclassified,Manyatta B,-0.1028217,34.7770083,OIL003,cooking_oil,Soya King Cooking Oil,2024-12-09,14,3.9,0.29,0.1
8816914817,Gesoko,unclassified,Manyatta B,-0.1028217,34.7770083,OIL004,cooking_oil,Soya King Cooking Oil,2024-12-23,0,8.0,0.3,0.1
8816914817,Gesoko,unclassified,Manyatta B,-0.1028217,34.7770083,PC001,personal_care,Vaseline Body Lotion,2024-12-23,0,3.0,0.14,0.1
8816914817,Gesoko,unclassified,Manyatta B,-0.1028217,34.7770083,PC002,personal_care,Dove Bar Soap,2024-12-23,0,2.0,0.14,0.1
8816914817,Gesoko,unclassified,Manyatta B,-0.1028217,34.7770083,PC003,personal_care,Colgate Toothpaste,2024-12-23,0,2.0,0.14,0.1
8816914817,Gesoko,unclassified,Manyatta B,-0.1028217,34.7770083,SAN001,sanitary,Always Pads,2024-12-09,14,1.9,0.15,0.1
8816914817,Gesoko,unclassified,Manyatta B,-0.1028217,34.7770083,SAN002,sanitary,Huggies Diapers,2024-12-23,0,2.0,0.14,0.1
8816914817,Gesoko,unclassified,Manyatta B,-0.1028217,34.7770083,SOP001,soap,Omo Detergent,2024-12-23,0,4.0,0.15,0.1
8816914817,Gesoko,unclassified,Manyatta B,-0.1028217,34.7770083,SOP002,soap,Sunlight Bar Soap,2024-12-23,0,2.0,0.14,0.1
8816914817,Gesoko,unclassified,Manyatta B,-0.1028217,34.7770083,SOP003,soap,Bidco Bar Soap,2024-12-23,0,4.0,0.15,0.1
8816914817,Gesoko,unclassified,Manyatta B,-0.1028217,34.7770083,SOP004,soap,Dettol Bar Soap,2024-12-09,14,1.0,0.14,0.5
8816914817,Gesoko,unclassified,Manyatta B,-0.1028217,34.7770083,SUG001,sugar,Mumias Sugar,2024-12-09,14,2.0,0.29,0.5
8816914817,Gesoko,unclassified,Manyatta B,-0.1028217,34.7770083,SUG002,sugar,Mumias Sugar,2024-12-16,7,1.0,0.14,0.5
8816914817,Gesoko,unclassified,Manyatta B,-0.1028217,34.7770083,SUG003,sugar,Nzoia Sugar,2024-12-23,0,3.0,0.14,0.1
8816921346,Usodho J.G Shop,kiosk,Manyatta A,-0.08866,34.7770067,BEV001,beverages,Afia Juice,2024-12-09,14,0.1,0.28,0.75
8816921346,Usodho J.G Shop,kiosk,Manyatta A,-0.08866,34.7770067,BEV002,beverages,Pick n Peel Juice,2024-12-09,14,2.3,0.26,0.5
8816921346,Usodho J.G Shop,kiosk,Manyatta A,-0.08866,34.7770067,BEV003,beverages,Tusker Lager,2024-12-16,7,2.2,0.26,0.5
8816921346,Usodho J.G Shop,kiosk,Manyatta A,-0.08866,34.7770067,BEV004,beverages,Coca-Cola Soda,2024-12-16,7,2.1,0.27,0.5
8816921346,Usodho J.G Shop,kiosk,Manyatta A,-0.08866,34.7770067,FLR001,flour,Jogoo Maize Flour,2024-12-09,14,0.2,0.42,0.75
8816921346,Usodho J.G Shop,kiosk,Manyatta A,-0.08866,34.7770067,FLR002,flour,Jogoo Maize Flour,2024-12-09,14,5.8,0.45,0.1
8816921346,Usodho J.G Shop,kiosk,Manyatta A,-0.08866,34.7770067,FLR003,flour,Pembe Maize Flour,2024-12-09,14,6.0,0.43,0.1
8816921346,Usodho J.G Shop,kiosk,Manyatta A,-0.08866,34.7770067,FLR004,flour,Kabras Maize Flour,2024-12-09,14,0.2,0.41,0.75
8816921346,Usodho J.G Shop,kiosk,Manyatta A,-0.08866,34.7770067,OIL001,cooking_oil,Golden Fry Cooking Oil,2024-12-16,7,6.1,0.41,0.1
8816921346,Usodho J.G Shop,kiosk,Manyatta A,-0.08866,34.7770067,OIL002,cooking_oil,Golden Fry Cooking Oil,2024-12-09,14,0.8,0.38,0.75
8816921346,Usodho J.G Shop,kiosk,Manyatta A,-0.08866,34.7770067,OIL003,cooking_oil,Soya King Cooking Oil,2024-12-16,7,6.0,0.29,0.1
8816921346,Usodho J.G Shop,kiosk,Manyatta A,-0.08866,34.7770067,OIL004,cooking_oil,Soya King Cooking Oil,2024-12-09,14,2.2,0.27,0.5
8816921346,Usodho J.G Shop,kiosk,Manyatta A,-0.08866,34.7770067,PC001,personal_care,Vaseline Body Lotion,2024-12-09,14,2.1,0.14,0.1
8816921346,Usodho J.G Shop,kiosk,Manyatta A,-0.08866,34.7770067,PC002,personal_care,Dove Bar Soap,2024-12-16,7,2.1,0.27,0.5
8816921346,Usodho J.G Shop,kiosk,Manyatta A,-0.08866,34.7770067,PC003,personal_care,Colgate Toothpaste,2024-12-16,7,1.0,0.14,0.5
8816921346,Usodho J.G Shop,kiosk,Manyatta A,-0.08866,34.7770067,SAN001,sanitary,Always Pads,2024-12-09,14,1.0,0.14,0.5
8816921346,Usodho J.G Shop,kiosk,Manyatta A,-0.08866,34.7770067,SAN002,sanitary,Huggies Diapers,2024-12-09,14,1.1,0.13,0.5
8816921346,Usodho J.G Shop,kiosk,Manyatta A,-0.08866,34.7770067,SOP001,soap,Omo Detergent,2024-12-09,14,0.2,0.13,0.75
8816921346,Usodho J.G Shop,kiosk,Manyatta A,-0.08866,34.7770067,SOP002,soap,Sunlight Bar Soap,2024-12-09,14,2.2,0.27,0.5
8816921346,Usodho J.G Shop,kiosk,Manyatta A,-0.08866,34.7770067,SOP003,soap,Bidco Bar Soap,2024-12-16,7,6.0,0.29,0.1
8816921346,Usodho J.G Shop,kiosk,Manyatta A,-0.08866,34.7770067,SOP004,soap,Dettol Bar Soap,2024-12-16,7,4.0,0.28,0.1
8816921346,Usodho J.G Shop,kiosk,Manyatta A,-0.08866,34.7770067,SUG001,sugar,Mumias Sugar,2024-12-09,14,3.2,0.41,0.5
8816921346,Usodho J.G Shop,kiosk,Manyatta A,-0.08866,34.7770067,SUG002,sugar,Mumias Sugar,2024-12-09,14,4.2,0.27,0.1
8816921346,Usodho J.G Shop,kiosk,Manyatta A,-0.08866,34.7770067,SUG003,sugar,Nzoia Sugar,2024-12-09,14,0.1,0.28,0.75
8816941117,Corona Market 2,unclassified,Manyatta A,-0.09202,34.77597,BEV001,beverages,Afia Juice,2024-12-16,7,4.0,0.29,0.1
8816941117,Corona Market 2,unclassified,Manyatta A,-0.09202,34.77597,BEV002,beverages,Pick n Peel Juice,2024-12-16,7,2.1,0.27,0.5
8816941117,Corona Market 2,unclassified,Manyatta A,-0.09202,34.77597,BEV003,beverages,Tusker Lager,2024-12-09,14,3.9,0.29,0.1
8816941117,Corona Market 2,unclassified,Manyatta A,-0.09202,34.77597,BEV004,beverages,Coca-Cola Soda,2024-12-02,21,1.7,0.3,0.5
8816941117,Corona Market 2,unclassified,Manyatta A,-0.09202,34.77597,FLR001,flour,Jogoo Maize Flour,2024-12-23,0,6.0,0.41,0.1
8816941117,Corona Market 2,unclassified,Manyatta A,-0.09202,34.77597,FLR002,flour,Jogoo Maize Flour,2024-12-23,0,6.0,0.29,0.1
8816941117,Corona Market 2,unclassified,Manyatta A,-0.09202,34.77597,FLR003,flour,Pembe Maize Flour,2024-12-16,7,3.1,0.41,0.5
8816941117,Corona Market 2,unclassified,Manyatta A,-0.09202,34.77597,FLR004,flour,Kabras Maize Flour,2024-12-09,14,2.1,0.28,0.5
8816941117,Corona Market 2,unclassified,Manyatta A,-0.09202,34.77597,OIL001,cooking_oil,Golden Fry Cooking Oil,2024-12-23,0,6.0,0.28,0.1
8816941117,Corona Market 2,unclassified,Manyatta A,-0.09202,34.77597,OIL002,cooking_oil,Golden Fry Cooking Oil,2024-12-23,0,8.0,0.29,0.1
8816941117,Corona Market 2,unclassified,Manyatta A,-0.09202,34.77597,OIL003,cooking_oil,Soya King Cooking Oil,2024-12-23,0,8.0,0.3,0.1
8816941117,Corona Market 2,unclassified,Manyatta A,-0.09202,34.77597,OIL004,cooking_oil,Soya King Cooking Oil,2024-12-02,21,1.8,0.29,0.5
8816941117,Corona Market 2,unclassified,Manyatta A,-0.09202,34.77597,PC001,personal_care,Vaseline Body Lotion,2024-12-16,7,1.0,0.14,0.5
8816941117,Corona Market 2,unclassified,Manyatta A,-0.09202,34.77597,PC002,personal_care,Dove Bar Soap,2024-12-02,21,0.8,0.15,0.5
8816941117,Corona Market 2,unclassified,Manyatta A,-0.09202,34.77597,PC003,personal_care,Colgate Toothpaste,2024-12-23,0,2.0,0.14,0.1
8816941117,Corona Market 2,unclassified,Manyatta A,-0.09202,34.77597,SAN001,sanitary,Always Pads,2024-12-09,14,1.0,0.14,0.5
8816941117,Corona Market 2,unclassified,Manyatta A,-0.09202,34.77597,SAN002,sanitary,Huggies Diapers,2024-12-02,21,0.9,0.15,0.5
8816941117,Corona Market 2,unclassified,Manyatta A,-0.09202,34.77597,SOP001,soap,Omo Detergent,2024-12-23,0,4.0,0.15,0.1
8816941117,Corona Market 2,unclassified,Manyatta A,-0.09202,34.77597,SOP002,soap,Sunlight Bar Soap,2024-12-23,0,2.0,0.14,0.1
8816941117,Corona Market 2,unclassified,Manyatta A,-0.09202,34.77597,SOP003,soap,Bidco Bar Soap,2024-12-16,7,2.0,0.14,0.1
8816941117,Corona Market 2,unclassified,Manyatta A,-0.09202,34.77597,SOP004,soap,Dettol Bar Soap,2024-12-09,14,1.0,0.14,0.5
8816941117,Corona Market 2,unclassified,Manyatta A,-0.09202,34.77597,SUG001,sugar,Mumias Sugar,2024-12-16,7,5.9,0.3,0.1
8816941117,Corona Market 2,unclassified,Manyatta A,-0.09202,34.77597,SUG002,sugar,Mumias Sugar,2024-12-09,14,3.8,0.3,0.1
8816941117,Corona Market 2,unclassified,Manyatta A,-0.09202,34.77597,SUG003,sugar,Nzoia Sugar,2024-12-23,0,2.0,0.14,0.1
8816945517,Corona Market,unclassified,Manyatta A,-0.0881583,34.777845,BEV001,beverages,Afia Juice,2024-12-16,7,6.0,0.28,0.1
8816945517,Corona Market,unclassified,Manyatta A,-0.0881583,34.777845,BEV002,beverages,Pick n Peel Juice,2024-12-23,0,6.0,0.29,0.1
8816945517,Corona Market,unclassified,Manyatta A,-0.0881583,34.777845,BEV003,beverages,Tusker Lager,2024-12-02,21,2.5,0.45,0.5
8816945517,Corona Market,unclassified,Manyatta A,-0.0881583,34.777845,BEV004,beverages,Coca-Cola Soda,2024-12-23,0,12.0,0.45,0.1
8816945517,Corona Market,unclassified,Manyatta A,-0.0881583,34.777845,FLR001,flour,Jogoo Maize Flour,2024-12-16,7,6.1,0.41,0.1
8816945517,Corona Market,unclassified,Manyatta A,-0.0881583,34.777845,FLR002,flour,Jogoo Maize Flour,2024-12-23,0,8.0,0.52,0.1
8816945517,Corona Market,unclassified,Manyatta A,-0.0881583,34.777845,FLR003,flour,Pembe Maize Flour,2024-12-09,14,3.0,0.43,0.5
8816945517,Corona Market,unclassified,Manyatta A,-0.0881583,34.777845,FLR004,flour,Kabras Maize Flour,2024-12-23,0,16.0,0.59,0.1
8816945517,Corona Market,unclassified,Manyatta A,-0.0881583,34.777845,OIL001,cooking_oil,Golden Fry Cooking Oil,2024-12-16,7,4.3,0.53,0.5
8816945517,Corona Market,unclassified,Manyatta A,-0.0881583,34.777845,OIL002,cooking_oil,Golden Fry Cooking Oil,2024-12-16,7,8.8,0.45,0.1
8816945517,Corona Market,unclassified,Manyatta A,-0.0881583,34.777845,OIL003,cooking_oil,Soya King Cooking Oil,2024-12-23,0,6.0,0.41,0.1
8816945517,Corona Market,unclassified,Manyatta A,-0.0881583,34.777845,OIL004,cooking_oil,Soya King Cooking Oil,2024-12-16,7,3.3,0.39,0.5
8816945517,Corona Market,unclassified,Manyatta A,-0.0881583,34.777845,PC001,personal_care,Vaseline Body Lotion,2024-12-16,7,4.0,0.29,0.1
8816945517,Corona Market,unclassified,Manyatta A,-0.0881583,34.777845,PC002,personal_care,Dove Bar Soap,2024-12-02,21,1.8,0.29,0.5
8816945517,Corona Market,unclassified,Manyatta A,-0.0881583,34.777845,PC003,personal_care,Colgate Toothpaste,2024-12-23,0,6.0,0.28,0.1
8816945517,Corona Market,unclassified,Manyatta A,-0.0881583,34.777845,SAN001,sanitary,Always Pads,2024-12-23,0,4.0,0.27,0.1
8816945517,Corona Market,unclassified,Manyatta A,-0.0881583,34.777845,SAN002,sanitary,Huggies Diapers,2024-12-16,7,1.1,0.13,0.5
8816945517,Corona Market,unclassified,Manyatta A,-0.0881583,34.777845,SOP001,soap,Omo Detergent,2024-12-23,0,8.0,0.3,0.1
8816945517,Corona Market,unclassified,Manyatta A,-0.0881583,34.777845,SOP002,soap,Sunlight Bar Soap,2024-12-09,14,2.2,0.27,0.5
8816945517,Corona Market,unclassified,Manyatta A,-0.0881583,34.777845,SOP003,soap,Bidco Bar Soap,2024-12-16,7,5.9,0.3,0.1
8816945517,Corona Market,unclassified,Manyatta A,-0.0881583,34.777845,SOP004,soap,Dettol Bar Soap,2024-12-23,0,8.0,0.3,0.1
8816945517,Corona Market,unclassified,Manyatta A,-0.0881583,34.777845,SUG001,sugar,Mumias Sugar,2024-12-02,21,2.9,0.43,0.5
8816945517,Corona Market,unclassified,Manyatta A,-0.0881583,34.777845,SUG002,sugar,Mumias Sugar,2024-12-23,0,4.0,0.27,0.1
8816945517,Corona Market,unclassified,Manyatta A,-0.0881583,34.777845,SUG003,sugar,Nzoia Sugar,2024-12-23,0,6.0,0.41,0.1
8816948717,Kona Mbuta Market,unclassified,Manyatta A,-0.0881117,34.7806583,BEV001,beverages,Afia Juice,2024-12-16,7,2.9,0.15,0.1
8816948717,Kona Mbuta Market,unclassified,Manyatta A,-0.0881117,34.7806583,BEV002,beverages,Pick n Peel Juice,2024-12-23,0,2.0,0.14,0.1
8816948717,Kona Mbuta Market,unclassified,Manyatta A,-0.0881117,34.7806583,BEV003,beverages,Tusker Lager,2024-12-09,14,2.0,0.15,0.1
8816948717,Kona Mbuta Market,unclassified,Manyatta A,-0.0881117,34.7806583,BEV004,beverages,Coca-Cola Soda,2024-12-23,0,3.0,0.14,0.1
8816948717,Kona Mbuta Market,unclassified,Manyatta A,-0.0881117,34.7806583,FLR001,flour,Jogoo Maize Flour,2024-12-02,21,1.8,0.29,0.5
8816948717,Kona Mbuta Market,unclassified,Manyatta A,-0.0881117,34.7806583,FLR002,flour,Jogoo Maize Flour,2024-12-09,14,2.0,0.29,0.5
8816948717,Kona Mbuta Market,unclassified,Manyatta A,-0.0881117,34.7806583,FLR003,flour,Pembe Maize Flour,2024-12-23,0,6.0,0.41,0.1
8816948717,Kona Mbuta Market,unclassified,Manyatta A,-0.0881117,34.7806583,FLR004,flour,Kabras Maize Flour,2024-12-23,0,9.0,0.43,0.1
8816948717,Kona Mbuta Market,unclassified,Manyatta A,-0.0881117,34.7806583,OIL001,cooking_oil,Golden Fry Cooking Oil,2024-12-16,7,4.0,0.28,0.1
8816948717,Kona Mbuta Market,unclassified,Manyatta A,-0.0881117,34.7806583,OIL002,cooking_oil,Golden Fry Cooking Oil,2024-12-16,7,4.0,0.29,0.1
8816948717,Kona Mbuta Market,unclassified,Manyatta A,-0.0881117,34.7806583,OIL003,cooking_oil,Soya King Cooking Oil,2024-12-23,0,8.0,0.3,0.1
8816948717,Kona Mbuta Market,unclassified,Manyatta A,-0.0881117,34.7806583,OIL004,cooking_oil,Soya King Cooking Oil,2024-12-23,0,4.0,0.28,0.1
8816948717,Kona Mbuta Market,unclassified,Manyatta A,-0.0881117,34.7806583,PC001,personal_care,Vaseline Body Lotion,2024-12-16,7,3.0,0.14,0.1
8816948717,Kona Mbuta Market,unclassified,Manyatta A,-0.0881117,34.7806583,PC002,personal_care,Dove Bar Soap,2024-12-23,0,4.0,0.15,0.1
8816948717,Kona Mbuta Market,unclassified,Manyatta A,-0.0881117,34.7806583,PC003,personal_care,Colgate Toothpaste,2024-12-16,7,1.0,0.14,0.5
8816948717,Kona Mbuta Market,unclassified,Manyatta A,-0.0881117,34.7806583,SAN001,sanitary,Always Pads,2024-12-09,14,1.9,0.15,0.1
8816948717,Kona Mbuta Market,unclassified,Manyatta A,-0.0881117,34.7806583,SAN002,sanitary,Huggies Diapers,2024-12-16,7,1.0,0.14,0.5
8816948717,Kona Mbuta Market,unclassified,Manyatta A,-0.0881117,34.7806583,SOP001,soap,Omo Detergent,2024-12-16,7,2.1,0.28,0.5
8816948717,Kona Mbuta Market,unclassified,Manyatta A,-0.0881117,34.7806583,SOP002,soap,Sunlight Bar Soap,2024-12-23,0,4.0,0.15,0.1
8816948717,Kona Mbuta Market,unclassified,Manyatta A,-0.0881117,34.7806583,SOP003,soap,Bidco Bar Soap,2024-12-02,21,0.9,0.15,0.5
8816948717,Kona Mbuta Market,unclassified,Manyatta A,-0.0881117,34.7806583,SOP004,soap,Dettol Bar Soap,2024-12-09,14,1.0,0.14,0.5
8816948717,Kona Mbuta Market,unclassified,Manyatta A,-0.0881117,34.7806583,SUG001,sugar,Mumias Sugar,2024-12-09,14,3.8,0.3,0.1
8816948717,Kona Mbuta Market,unclassified,Manyatta A,-0.0881117,34.7806583,SUG002,sugar,Mumias Sugar,2024-12-09,14,2.1,0.28,0.5
8816948717,Kona Mbuta Market,unclassified,Manyatta A,-0.0881117,34.7806583,SUG003,sugar,Nzoia Sugar,2024-12-16,7,4.0,0.28,0.1
8816952917,Kaego,unclassified,Manyatta A,-0.0875748,34.7829903,BEV001,beverages,Afia Juice,2024-12-02,21,2.1,0.28,0.5
8816952917,Kaego,unclassified,Manyatta A,-0.0875748,34.7829903,BEV002,beverages,Pick n Peel Juice,2024-12-09,14,1.9,0.15,0.1
8816952917,Kaego,unclassified,Manyatta A,-0.0875748,34.7829903,BEV003,beverages,Tusker Lager,2024-12-16,7,4.1,0.28,0.1
8816952917,Kaego,unclassified,Manyatta A,-0.0875748,34.7829903,BEV004,beverages,Coca-Cola Soda,2024-12-23,0,2.0,0.13,0.1
8816952917,Kaego,unclassified,Manyatta A,-0.0875748,34.7829903,FLR001,flour,Jogoo Maize Flour,2024-12-16,7,8.8,0.45,0.1
8816952917,Kaego,unclassified,Manyatta A,-0.0875748,34.7829903,FLR002,flour,Jogoo Maize Flour,2024-12-23,0,6.0,0.29,0.1
8816952917,Kaego,unclassified,Manyatta A,-0.0875748,34.7829903,FLR003,flour,Pembe Maize Flour,2024-12-16,7,9.0,0.43,0.1
8816952917,Kaego,unclassified,Manyatta A,-0.0875748,34.7829903,FLR004,flour,Kabras Maize Flour,2024-12-23,0,4.0,0.28,0.1
8816952917,Kaego,unclassified,Manyatta A,-0.0875748,34.7829903,OIL001,cooking_oil,Golden Fry Cooking Oil,2024-12-23,0,4.0,0.28,0.1
8816952917,Kaego,unclassified,Manyatta A,-0.0875748,34.7829903,OIL002,cooking_oil,Golden Fry Cooking Oil,2024-12-16,7,4.0,0.29,0.1
8816952917,Kaego,unclassified,Manyatta A,-0.0875748,34.7829903,OIL003,cooking_oil,Soya King Cooking Oil,2024-12-02,21,1.8,0.29,0.5
8816952917,Kaego,unclassified,Manyatta A,-0.0875748,34.7829903,OIL004,cooking_oil,Soya King Cooking Oil,2024-12-16,7,2.1,0.28,0.5
8816952917,Kaego,unclassified,Manyatta A,-0.0875748,34.7829903,PC001,personal_care,Vaseline Body Lotion,2024-12-09,14,1.0,0.14,0.5
8816952917,Kaego,unclassified,Manyatta A,-0.0875748,34.7829903,PC002,personal_care,Dove Bar Soap,2024-12-16,7,2.0,0.14,0.1
8816952917,Kaego,unclassified,Manyatta A,-0.0875748,34.7829903,PC003,personal_care,Colgate Toothpaste,2024-12-02,21,0.9,0.15,0.5
8816952917,Kaego,unclassified,Manyatta A,-0.0875748,34.7829903,SAN001,sanitary,Always Pads,2024-12-09,14,1.0,0.14,0.5
8816952917,Kaego,unclassified,Manyatta A,-0.0875748,34.7829903,SAN002,sanitary,Huggies Diapers,2024-12-23,0,2.0,0.13,0.1
8816952917,Kaego,unclassified,Manyatta A,-0.0875748,34.7829903,SOP001,soap,Omo Detergent,2024-12-23,0,3.0,0.14,0.1
8816952917,Kaego,unclassified,Manyatta A,-0.0875748,34.7829903,SOP002,soap,Sunlight Bar Soap,2024-12-23,0,3.0,0.14,0.1
8816952917,Kaego,unclassified,Manyatta A,-0.0875748,34.7829903,SOP003,soap,Bidco Bar Soap,2024-12-09,14,1.9,0.29,0.5
8816952917,Kaego,unclassified,Manyatta A,-0.0875748,34.7829903,SOP004,soap,Dettol Bar Soap,2024-12-02,21,0.8,0.15,0.5
8816952917,Kaego,unclassified,Manyatta A,-0.0875748,34.7829903,SUG001,sugar,Mumias Sugar,2024-12-16,7,2.1,0.27,0.5
8816952917,Kaego,unclassified,Manyatta A,-0.0875748,34.7829903,SUG002,sugar,Mumias Sugar,2024-12-16,7,2.9,0.15,0.1
8816952917,Kaego,unclassified,Manyatta A,-0.0875748,34.7829903,SUG003,sugar,Nzoia Sugar,2024-12-09,14,2.0,0.29,0.5
8816962317,Kondele Market,unclassified,Manyatta A,-0.084175,34.7745917,BEV001,beverages,Afia Juice,2024-12-16,7,11.8,0.6,0.1
8816962317,Kondele Market,unclassified,Manyatta A,-0.084175,34.7745917,BEV002,beverages,Pick n Peel Juice,2024-12-23,0,9.0,0.44,0.1
8816962317,Kondele Market,unclassified,Manyatta A,-0.084175,34.7745917,BEV003,beverages,Tusker Lager,2024-12-09,14,6.0,0.43,0.1
8816962317,Kondele Market,unclassified,Manyatta A,-0.084175,34.7745917,BEV004,beverages,Coca-Cola Soda,2024-12-23,0,12.0,0.44,0.1
8816962317,Kondele Market,unclassified,Manyatta A,-0.084175,34.7745917,FLR001,flour,Jogoo Maize Flour,2024-12-23,0,10.0,0.68,0.1
8816962317,Kondele Market,unclassified,Manyatta A,-0.084175,34.7745917,FLR002,flour,Jogoo Maize Flour,2024-12-16,7,9.9,0.72,0.1
8816962317,Kondele Market,unclassified,Manyatta A,-0.084175,34.7745917,FLR003,flour,Pembe Maize Flour,2024-12-16,7,17.8,0.89,0.1
8816962317,Kondele Market,unclassified,Manyatta A,-0.084175,34.7745917,FLR004,flour,Kabras Maize Flour,2024-12-09,14,12.0,0.86,0.1
8816962317,Kondele Market,unclassified,Manyatta A,-0.084175,34.7745917,OIL001,cooking_oil,Golden Fry Cooking Oil,2024-12-02,21,4.0,0.76,0.5
8816962317,Kondele Market,unclassified,Manyatta A,-0.084175,34.7745917,OIL002,cooking_oil,Golden Fry Cooking Oil,2024-12-23,0,12.0,0.57,0.1
8816962317,Kondele Market,unclassified,Manyatta A,-0.084175,34.7745917,OIL003,cooking_oil,Soya King Cooking Oil,2024-12-23,0,16.0,0.6,0.1
8816962317,Kondele Market,unclassified,Manyatta A,-0.084175,34.7745917,OIL004,cooking_oil,Soya King Cooking Oil,2024-12-23,0,20.0,0.73,0.1
8816962317,Kondele Market,unclassified,Manyatta A,-0.084175,34.7745917,PC001,personal_care,Vaseline Body Lotion,2024-12-09,14,3.0,0.43,0.5
8816962317,Kondele Market,unclassified,Manyatta A,-0.084175,34.7745917,PC002,personal_care,Dove Bar Soap,2024-12-23,0,4.0,0.27,0.1
8816962317,Kondele Market,unclassified,Manyatta A,-0.084175,34.7745917,PC003,personal_care,Colgate Toothpaste,2024-12-09,14,5.8,0.45,0.1
8816962317,Kondele Market,unclassified,Manyatta A,-0.084175,34.7745917,SAN001,sanitary,Always Pads,2024-12-23,0,4.0,0.26,0.1
8816962317,Kondele Market,unclassified,Manyatta A,-0.084175,34.7745917,SAN002,sanitary,Huggies Diapers,2024-12-23,0,6.0,0.29,0.1
8816962317,Kondele Market,unclassified,Manyatta A,-0.084175,34.7745917,SOP001,soap,Omo Detergent,2024-12-16,7,2.1,0.27,0.5
8816962317,Kondele Market,unclassified,Manyatta A,-0.084175,34.7745917,SOP002,soap,Sunlight Bar Soap,2024-12-23,0,9.0,0.42,0.1
8816962317,Kondele Market,unclassified,Manyatta A,-0.084175,34.7745917,SOP003,soap,Bidco Bar Soap,2024-12-09,14,2.9,0.44,0.5
8816962317,Kondele Market,unclassified,Manyatta A,-0.084175,34.7745917,SOP004,soap,Dettol Bar Soap,2024-12-09,14,8.2,0.56,0.1
8816962317,Kondele Market,unclassified,Manyatta A,-0.084175,34.7745917,SUG001,sugar,Mumias Sugar,2024-12-16,7,4.1,0.55,0.5
8816962317,Kondele Market,unclassified,Manyatta A,-0.084175,34.7745917,SUG002,sugar,Mumias Sugar,2024-12-23,0,8.0,0.54,0.1
8816962317,Kondele Market,unclassified,Manyatta A,-0.084175,34.7745917,SUG003,sugar,Nzoia Sugar,2024-12-09,14,5.3,0.7,0.5
8816972117,Kaego Market,unclassified,Manyatta A,-0.0816297,34.7845018,BEV001,beverages,Afia Juice,2024-12-23,0,9.0,0.42,0.1
8816972117,Kaego Market,unclassified,Manyatta A,-0.0816297,34.7845018,BEV002,beverages,Pick n Peel Juice,2024-12-16,7,4.0,0.29,0.1
8816972117,Kaego Market,unclassified,Manyatta A,-0.0816297,34.7845018,BEV003,beverages,Tusker Lager,2024-12-16,7,8.8,0.45,0.1
8816972117,Kaego Market,unclassified,Manyatta A,-0.0816297,34.7845018,BEV004,beverages,Coca-Cola Soda,2024-12-23,0,12.0,0.45,0.1
8816972117,Kaego Market,unclassified,Manyatta A,-0.0816297,34.7845018,FLR001,flour,Jogoo Maize Flour,2024-12-23,0,15.0,0.72,0.1
8816972117,Kaego Market,unclassified,Manyatta A,-0.0816297,34.7845018,FLR002,flour,Jogoo Maize Flour,2024-12-16,7,11.9,0.59,0.1
8816972117,Kaego Market,unclassified,Manyatta A,-0.0816297,34.7845018,FLR003,flour,Pembe Maize Flour,2024-12-23,0,12.0,0.57,0.1
8816972117,Kaego Market,unclassified,Manyatta A,-0.0816297,34.7845018,FLR004,flour,Kabras Maize Flour,2024-12-16,7,10.0,0.71,0.1
8816972117,Kaego Market,unclassified,Manyatta A,-0.0816297,34.7845018,OIL001,cooking_oil,Golden Fry Cooking Oil,2024-12-16,7,6.0,0.43,0.1
8816972117,Kaego Market,unclassified,Manyatta A,-0.0816297,34.7845018,OIL002,cooking_oil,Golden Fry Cooking Oil,2024-12-23,0,8.0,0.55,0.1
8816972117,Kaego Market,unclassified,Manyatta A,-0.0816297,34.7845018,OIL003,cooking_oil,Soya King Cooking Oil,2024-12-23,0,6.0,0.42,0.1
8816972117,Kaego Market,unclassified,Manyatta A,-0.0816297,34.7845018,OIL004,cooking_oil,Soya King Cooking Oil,2024-12-23,0,16.0,0.6,0.1
8816972117,Kaego Market,unclassified,Manyatta A,-0.0816297,34.7845018,PC001,personal_care,Vaseline Body Lotion,2024-12-23,0,4.0,0.27,0.1
8816972117,Kaego Market,unclassified,Manyatta A,-0.0816297,34.7845018,PC002,personal_care,Dove Bar Soap,2024-12-09,14,2.1,0.28,0.5
8816972117,Kaego Market,unclassified,Manyatta A,-0.0816297,34.7845018,PC003,personal_care,Colgate Toothpaste,2024-12-16,7,2.1,0.27,0.5
8816972117,Kaego Market,unclassified,Manyatta A,-0.0816297,34.7845018,SAN001,sanitary,Always Pads,2024-12-16,7,2.9,0.15,0.1
8816972117,Kaego Market,unclassified,Manyatta A,-0.0816297,34.7845018,SAN002,sanitary,Huggies Diapers,2024-12-09,14,1.0,0.14,0.5
8816972117,Kaego Market,unclassified,Manyatta A,-0.0816297,34.7845018,SOP001,soap,Omo Detergent,2024-12-16,7,5.9,0.3,0.1
8816972117,Kaego Market,unclassified,Manyatta A,-0.0816297,34.7845018,SOP002,soap,Sunlight Bar Soap,2024-12-09,14,3.0,0.43,0.5
8816972117,Kaego Market,unclassified,Manyatta A,-0.0816297,34.7845018,SOP003,soap,Bidco Bar Soap,2024-12-23,0,6.0,0.29,0.1
8816972117,Kaego Market,unclassified,Manyatta A,-0.0816297,34.7845018,SOP004,soap,Dettol Bar Soap,2024-12-02,21,1.6,0.3,0.5
8816972117,Kaego Market,unclassified,Manyatta A,-0.0816297,34.7845018,SUG001,sugar,Mumias Sugar,2024-12-16,7,6.0,0.43,0.1
8816972117,Kaego Market,unclassified,Manyatta A,-0.0816297,34.7845018,SUG002,sugar,Mumias Sugar,2024-12-09,14,5.7,0.45,0.1
8816972117,Kaego Market,unclassified,Manyatta A,-0.0816297,34.7845018,SUG003,sugar,Nzoia Sugar,2024-12-09,14,3.1,0.42,0.5
8816972118,Lolwe Junction Market,unclassified,Lolwe,-0.0743766,34.781689,BEV001,beverages,Afia Juice,2024-12-02,21,2.5,0.45,0.5
8816972118,Lolwe Junction Market,unclassified,Lolwe,-0.0743766,34.781689,BEV002,beverages,Pick n Peel Juice,2024-12-23,0,9.0,0.42,0.1
8816972118,Lolwe Junction Market,unclassified,Lolwe,-0.0743766,34.781689,BEV003,beverages,Tusker Lager,2024-12-09,14,5.7,0.45,0.1
8816972118,Lolwe Junction Market,unclassified,Lolwe,-0.0743766,34.781689,BEV004,beverages,Coca-Cola Soda,2024-12-23,0,12.0,0.44,0.1
8816972118,Lolwe Junction Market,unclassified,Lolwe,-0.0743766,34.781689,FLR001,flour,Jogoo Maize Flour,2024-12-23,0,8.0,0.55,0.1
8816972118,Lolwe Junction Market,unclassified,Lolwe,-0.0743766,34.781689,FLR002,flour,Jogoo Maize Flour,2024-12-23,0,16.0,0.57,0.1
8816972118,Lolwe Junction Market,unclassified,Lolwe,-0.0743766,34.781689,FLR003,flour,Pembe Maize Flour,2024-12-23,0,15.0,0.69,0.1
8816972118,Lolwe Junction Market,unclassified,Lolwe,-0.0743766,34.781689,FLR004,flour,Kabras Maize Flour,2024-12-23,0,8.0,0.55,0.1
8816972118,Lolwe Junction Market,unclassified,Lolwe,-0.0743766,34.781689,OIL001,cooking_oil,Golden Fry Cooking Oil,2024-12-09,14,3.0,0.43,0.5
8816972118,Lolwe Junction Market,unclassified,Lolwe,-0.0743766,34.781689,OIL002,cooking_oil,Golden Fry Cooking Oil,2024-12-09,14,7.7,0.6,0.1
8816972118,Lolwe Junction Market,unclassified,Lolwe,-0.0743766,34.781689,OIL003,cooking_oil,Soya King Cooking Oil,2024-12-23,0,12.0,0.54,0.1
8816972118,Lolwe Junction Market,unclassified,Lolwe,-0.0743766,34.781689,OIL004,cooking_oil,Soya King Cooking Oil,2024-12-09,14,3.9,0.58,0.5
8816972118,Lolwe Junction Market,unclassified,Lolwe,-0.0743766,34.781689,PC001,personal_care,Vaseline Body Lotion,2024-12-23,0,8.0,0.29,0.1
8816972118,Lolwe Junction Market,unclassified,Lolwe,-0.0743766,34.781689,PC002,personal_care,Dove Bar Soap,2024-12-23,0,8.0,0.3,0.1
8816972118,Lolwe Junction Market,unclassified,Lolwe,-0.0743766,34.781689,PC003,personal_care,Colgate Toothpaste,2024-12-23,0,6.0,0.29,0.1
8816972118,Lolwe Junction Market,unclassified,Lolwe,-0.0743766,34.781689,SAN001,sanitary,Always Pads,2024-12-23,0,8.0,0.29,0.1
8816972118,Lolwe Junction Market,unclassified,Lolwe,-0.0743766,34.781689,SAN002,sanitary,Huggies Diapers,2024-12-09,14,1.9,0.29,0.5
8816972118,Lolwe Junction Market,unclassified,Lolwe,-0.0743766,34.781689,SOP001,soap,Omo Detergent,2024-12-23,0,12.0,0.43,0.1
8816972118,Lolwe Junction Market,unclassified,Lolwe,-0.0743766,34.781689,SOP002,soap,Sunlight Bar Soap,2024-12-23,0,6.0,0.29,0.1
8816972118,Lolwe Junction Market,unclassified,Lolwe,-0.0743766,34.781689,SOP003,soap,Bidco Bar Soap,2024-12-23,0,6.0,0.4,0.1
8816972118,Lolwe Junction Market,unclassified,Lolwe,-0.0743766,34.781689,SOP004,soap,Dettol Bar Soap,2024-12-23,0,8.0,0.29,0.1
8816972118,Lolwe Junction Market,unclassified,Lolwe,-0.0743766,34.781689,SUG001,sugar,Mumias Sugar,2024-12-09,14,3.0,0.43,0.5
8816972118,Lolwe Junction Market,unclassified,Lolwe,-0.0743766,34.781689,SUG002,sugar,Mumias Sugar,2024-12-23,0,12.0,0.45,0.1
8816972118,Lolwe Junction Market,unclassified,Lolwe,-0.0743766,34.781689,SUG003,sugar,Nzoia Sugar,2024-12-23,0,9.0,0.42,0.1
8816975418,Nyawita market,unclassified,Nyawita sublocation,-0.0805903,34.7716722,BEV001,beverages,Afia Juice,2024-12-16,7,12.0,0.57,0.1
8816975418,Nyawita market,unclassified,Nyawita sublocation,-0.0805903,34.7716722,BEV002,beverages,Pick n Peel Juice,2024-12-23,0,12.0,0.42,0.1
8816975418,Nyawita market,unclassified,Nyawita sublocation,-0.0805903,34.7716722,BEV003,beverages,Tusker Lager,2024-12-16,7,6.0,0.43,0.1
8816975418,Nyawita market,unclassified,Nyawita sublocation,-0.0805903,34.7716722,BEV004,beverages,Coca-Cola Soda,2024-12-23,0,12.0,0.44,0.1
8816975418,Nyawita market,unclassified,Nyawita sublocation,-0.0805903,34.7716722,FLR001,flour,Jogoo Maize Flour,2024-12-23,0,20.0,0.73,0.1
8816975418,Nyawita market,unclassified,Nyawita sublocation,-0.0805903,34.7716722,FLR002,flour,Jogoo Maize Flour,2024-12-23,0,12.0,0.8,0.1
8816975418,Nyawita market,unclassified,Nyawita sublocation,-0.0805903,34.7716722,FLR003,flour,Pembe Maize Flour,2024-12-16,7,14.9,0.72,0.1
8816975418,Nyawita market,unclassified,Nyawita sublocation,-0.0805903,34.7716722,FLR004,flour,Kabras Maize Flour,2024-12-16,7,6.3,0.82,0.5
8816975418,Nyawita market,unclassified,Nyawita sublocation,-0.0805903,34.7716722,OIL001,cooking_oil,Golden Fry Cooking Oil,2024-12-16,7,8.3,0.52,0.1
8816975418,Nyawita market,unclassified,Nyawita sublocation,-0.0805903,34.7716722,OIL002,cooking_oil,Golden Fry Cooking Oil,2024-12-23,0,20.0,0.72,0.1
8816975418,Nyawita market,unclassified,Nyawita sublocation,-0.0805903,34.7716722,OIL003,cooking_oil,Soya King Cooking Oil,2024-12-23,0,12.0,0.57,0.1
8816975418,Nyawita market,unclassified,Nyawita sublocation,-0.0805903,34.7716722,OIL004,cooking_oil,Soya King Cooking Oil,2024-12-23,0,8.0,0.55,0.1
8816975418,Nyawita market,unclassified,Nyawita sublocation,-0.0805903,34.7716722,PC001,personal_care,Vaseline Body Lotion,2024-12-23,0,4.0,0.26,0.1
8816975418,Nyawita market,unclassified,Nyawita sublocation,-0.0805903,34.7716722,PC002,personal_care,Dove Bar Soap,2024-12-16,7,5.9,0.3,0.1
8816975418,Nyawita market,unclassified,Nyawita sublocation,-0.0805903,34.7716722,PC003,personal_care,Colgate Toothpaste,2024-12-09,14,4.1,0.28,0.1
8816975418,Nyawita market,unclassified,Nyawita sublocation,-0.0805903,34.7716722,SAN001,sanitary,Always Pads,2024-12-16,7,6.0,0.28,0.1
8816975418,Nyawita market,unclassified,Nyawita sublocation,-0.0805903,34.7716722,SAN002,sanitary,Huggies Diapers,2024-12-23,0,4.0,0.26,0.1
8816975418,Nyawita market,unclassified,Nyawita sublocation,-0.0805903,34.7716722,SOP001,soap,Omo Detergent,2024-12-23,0,4.0,0.25,0.1
8816975418,Nyawita market,unclassified,Nyawita sublocation,-0.0805903,34.7716722,SOP002,soap,Sunlight Bar Soap,2024-12-09,14,5.8,0.45,0.1
8816975418,Nyawita market,unclassified,Nyawita sublocation,-0.0805903,34.7716722,SOP003,soap,Bidco Bar Soap,2024-12-09,14,5.7,0.45,0.1
8816975418,Nyawita market,unclassified,Nyawita sublocation,-0.0805903,34.7716722,SOP004,soap,Dettol Bar Soap,2024-12-23,0,8.0,0.28,0.1
8816975418,Nyawita market,unclassified,Nyawita sublocation,-0.0805903,34.7716722,SUG001,sugar,Mumias Sugar,2024-12-09,14,4.3,0.55,0.5
8816975418,Nyawita market,unclassified,Nyawita sublocation,-0.0805903,34.7716722,SUG002,sugar,Mumias Sugar,2024-12-23,0,12.0,0.57,0.1
8816975418,Nyawita market,unclassified,Nyawita sublocation,-0.0805903,34.7716722,SUG003,sugar,Nzoia Sugar,2024-12-09,14,7.5,0.6,0.1
8816984317,Ayanga Market Nyawita,unclassified,Nyawita sublocation,-0.0815979,34.7714588,BEV001,beverages,Afia Juice,2024-12-16,7,4.2,0.55,0.5
8816984317,Ayanga Market Nyawita,unclassified,Nyawita sublocation,-0.0815979,34.7714588,BEV002,beverages,Pick n Peel Juice,2024-12-23,0,12.0,0.45,0.1
8816984317,Ayanga Market Nyawita,unclassified,Nyawita sublocation,-0.0815979,34.7714588,BEV003,beverages,Tusker Lager,2024-12-02,21,4.2,0.56,0.5
8816984317,Ayanga Market Nyawita,unclassified,Nyawita sublocation,-0.0815979,34.7714588,BEV004,beverages,Coca-Cola Soda,2024-12-09,14,3.2,0.41,0.5
8816984317,Ayanga Market Nyawita,unclassified,Nyawita sublocation,-0.0815979,34.7714588,FLR001,flour,Jogoo Maize Flour,2024-12-09,14,10.0,0.71,0.1
8816984317,Ayanga Market Nyawita,unclassified,Nyawita sublocation,-0.0815979,34.7714588,FLR002,flour,Jogoo Maize Flour,2024-12-23,0,20.0,0.71,0.1
8816984317,Ayanga Market Nyawita,unclassified,Nyawita sublocation,-0.0815979,34.7714588,FLR003,flour,Pembe Maize Flour,2024-12-02,21,4.6,0.73,0.5
8816984317,Ayanga Market Nyawita,unclassified,Nyawita sublocation,-0.0815979,34.7714588,FLR004,flour,Kabras Maize Flour,2024-12-16,7,4.3,0.52,0.5
8816984317,Ayanga Market Nyawita,unclassified,Nyawita sublocation,-0.0815979,34.7714588,OIL001,cooking_oil,Golden Fry Cooking Oil,2024-12-09,14,4.8,0.73,0.5
8816984317,Ayanga Market Nyawita,unclassified,Nyawita sublocation,-0.0815979,34.7714588,OIL002,cooking_oil,Golden Fry Cooking Oil,2024-12-09,14,4.2,0.56,0.5
8816984317,Ayanga Market Nyawita,unclassified,Nyawita sublocation,-0.0815979,34.7714588,OIL003,cooking_oil,Soya King Cooking Oil,2024-12-23,0,12.0,0.55,0.1
8816984317,Ayanga Market Nyawita,unclassified,Nyawita sublocation,-0.0815979,34.7714588,OIL004,cooking_oil,Soya King Cooking Oil,2024-12-16,7,15.0,0.71,0.1
8816984317,Ayanga Market Nyawita,unclassified,Nyawita sublocation,-0.0815979,34.7714588,PC001,personal_care,Vaseline Body Lotion,2024-12-16,7,2.2,0.26,0.5
8816984317,Ayanga Market Nyawita,unclassified,Nyawita sublocation,-0.0815979,34.7714588,PC002,personal_care,Dove Bar Soap,2024-12-02,21,2.3,0.27,0.5
8816984317,Ayanga Market Nyawita,unclassified,Nyawita sublocation,-0.0815979,34.7714588,PC003,personal_care,Colgate Toothpaste,2024-12-16,7,5.9,0.44,0.1
8816984317,Ayanga Market Nyawita,unclassified,Nyawita sublocation,-0.0815979,34.7714588,SAN001,sanitary,Always Pads,2024-12-09,14,4.1,0.28,0.1
8816984317,Ayanga Market Nyawita,unclassified,Nyawita sublocation,-0.0815979,34.7714588,SAN002,sanitary,Huggies Diapers,2024-12-16,7,2.1,0.27,0.5
8816984317,Ayanga Market Nyawita,unclassified,Nyawita sublocation,-0.0815979,34.7714588,SOP001,soap,Omo Detergent,2024-12-16,7,3.1,0.41,0.5
8816984317,Ayanga Market Nyawita,unclassified,Nyawita sublocation,-0.0815979,34.7714588,SOP002,soap,Sunlight Bar Soap,2024-12-16,7,3.3,0.38,0.5
8816984317,Ayanga Market Nyawita,unclassified,Nyawita sublocation,-0.0815979,34.7714588,SOP003,soap,Bidco Bar Soap,2024-12-02,21,3.1,0.42,0.5
8816984317,Ayanga Market Nyawita,unclassified,Nyawita sublocation,-0.0815979,34.7714588,SOP004,soap,Dettol Bar Soap,2024-12-16,7,3.2,0.4,0.5
8816984317,Ayanga Market Nyawita,unclassified,Nyawita sublocation,-0.0815979,34.7714588,SUG001,sugar,Mumias Sugar,2024-12-09,14,4.3,0.55,0.5
8816984317,Ayanga Market Nyawita,unclassified,Nyawita sublocation,-0.0815979,34.7714588,SUG002,sugar,Mumias Sugar,2024-12-16,7,4.3,0.52,0.5
8816984317,Ayanga Market Nyawita,unclassified,Nyawita sublocation,-0.0815979,34.7714588,SUG003,sugar,Nzoia Sugar,2024-12-23,0,9.0,0.43,0.1
8816988617,Obunga Fish Market,unclassified,Industrial Area,-0.0810567,34.7604283,BEV001,beverages,Afia Juice,2024-12-23,0,6.0,0.29,0.1
8816988617,Obunga Fish Market,unclassified,Industrial Area,-0.0810567,34.7604283,BEV002,beverages,Pick n Peel Juice,2024-12-16,7,6.0,0.29,0.1
8816988617,Obunga Fish Market,unclassified,Industrial Area,-0.0810567,34.7604283,BEV003,beverages,Tusker Lager,2024-12-16,7,5.9,0.3,0.1
8816988617,Obunga Fish Market,unclassified,Industrial Area,-0.0810567,34.7604283,BEV004,beverages,Coca-Cola Soda,2024-12-02,21,1.7,0.3,0.5
8816988617,Obunga Fish Market,unclassified,Industrial Area,-0.0810567,34.7604283,FLR001,flour,Jogoo Maize Flour,2024-12-23,0,6.0,0.41,0.1
8816988617,Obunga Fish Market,unclassified,Industrial Area,-0.0810567,34.7604283,FLR002,flour,Jogoo Maize Flour,2024-12-09,14,2.9,0.44,0.5
8816988617,Obunga Fish Market,unclassified,Industrial Area,-0.0810567,34.7604283,FLR003,flour,Pembe Maize Flour,2024-12-02,21,2.5,0.45,0.5
8816988617,Obunga Fish Market,unclassified,Industrial Area,-0.0810567,34.7604283,FLR004,flour,Kabras Maize Flour,2024-12-23,0,6.0,0.28,0.1
8816988617,Obunga Fish Market,unclassified,Industrial Area,-0.0810567,34.7604283,OIL001,cooking_oil,Golden Fry Cooking Oil,2024-12-23,0,6.0,0.29,0.1
8816988617,Obunga Fish Market,unclassified,Industrial Area,-0.0810567,34.7604283,OIL002,cooking_oil,Golden Fry Cooking Oil,2024-12-16,7,2.1,0.28,0.5
8816988617,Obunga Fish Market,unclassified,Industrial Area,-0.0810567,34.7604283,OIL003,cooking_oil,Soya King Cooking Oil,2024-12-16,7,3.1,0.41,0.5
8816988617,Obunga Fish Market,unclassified,Industrial Area,-0.0810567,34.7604283,OIL004,cooking_oil,Soya King Cooking Oil,2024-12-16,7,4.0,0.28,0.1
8816988617,Obunga Fish Market,unclassified,Industrial Area,-0.0810567,34.7604283,PC001,personal_care,Vaseline Body Lotion,2024-12-09,14,2.0,0.15,0.1
8816988617,Obunga Fish Market,unclassified,Industrial Area,-0.0810567,34.7604283,PC002,personal_care,Dove Bar Soap,2024-12-16,7,2.9,0.15,0.1
8816988617,Obunga Fish Market,unclassified,Industrial Area,-0.0810567,34.7604283,PC003,personal_care,Colgate Toothpaste,2024-12-16,7,2.0,0.14,0.1
8816988617,Obunga Fish Market,unclassified,Industrial Area,-0.0810567,34.7604283,SAN001,sanitary,Always Pads,2024-12-23,0,4.0,0.15,0.1
8816988617,Obunga Fish Market,unclassified,Industrial Area,-0.0810567,34.7604283,SAN002,sanitary,Huggies Diapers,2024-12-16,7,3.0,0.15,0.1
8816988617,Obunga Fish Market,unclassified,Industrial Area,-0.0810567,34.7604283,SOP001,soap,Omo Detergent,2024-12-16,7,5.9,0.3,0.1
8816988617,Obunga Fish Market,unclassified,Industrial Area,-0.0810567,34.7604283,SOP002,soap,Sunlight Bar Soap,2024-12-02,21,0.8,0.15,0.5
8816988617,Obunga Fish Market,unclassified,Industrial Area,-0.0810567,34.7604283,SOP003,soap,Bidco Bar Soap,2024-12-16,7,2.1,0.28,0.5
8816988617,Obunga Fish Market,unclassified,Industrial Area,-0.0810567,34.7604283,SOP004,soap,Dettol Bar Soap,2024-12-16,7,1.1,0.13,0.5
8816988617,Obunga Fish Market,unclassified,Industrial Area,-0.0810567,34.7604283,SUG001,sugar,Mumias Sugar,2024-12-16,7,2.0,0.28,0.5
8816988617,Obunga Fish Market,unclassified,Industrial Area,-0.0810567,34.7604283,SUG002,sugar,Mumias Sugar,2024-12-23,0,8.0,0.3,0.1
8816988617,Obunga Fish Market,unclassified,Industrial Area,-0.0810567,34.7604283,SUG003,sugar,Nzoia Sugar,2024-12-02,21,1.8,0.29,0.5
8816995517,Kombedu Market,unclassified,Bandari,-0.0803143,34.7465815,BEV001,beverages,Afia Juice,2024-12-09,14,1.0,0.15,0.5
8816995517,Kombedu Market,unclassified,Bandari,-0.0803143,34.7465815,BEV002,beverages,Pick n Peel Juice,2024-12-16,7,2.0,0.14,0.1
8816995517,Kombedu Market,unclassified,Bandari,-0.0803143,34.7465815,BEV003,beverages,Tusker Lager,2024-12-23,0,4.0,0.14,0.1
8816995517,Kombedu Market,unclassified,Bandari,-0.0803143,34.7465815,BEV004,beverages,Coca-Cola Soda,2024-12-09,14,1.2,0.13,0.5
8816995517,Kombedu Market,unclassified,Bandari,-0.0803143,34.7465815,FLR001,flour,Jogoo Maize Flour,2024-12-16,7,6.0,0.28,0.1
8816995517,Kombedu Market,unclassified,Bandari,-0.0803143,34.7465815,FLR002,flour,Jogoo Maize Flour,2024-12-16,7,4.1,0.28,0.1
8816995517,Kombedu Market,unclassified,Bandari,-0.0803143,34.7465815,FLR003,flour,Pembe Maize Flour,2024-12-23,0,6.0,0.28,0.1
8816995517,Kombedu Market,unclassified,Bandari,-0.0803143,34.7465815,FLR004,flour,Kabras Maize Flour,2024-12-23,0,6.0,0.28,0.1
8816995517,Kombedu Market,unclassified,Bandari,-0.0803143,34.7465815,OIL001,cooking_oil,Golden Fry Cooking Oil,2024-12-16,7,6.0,0.28,0.1
8816995517,Kombedu Market,unclassified,Bandari,-0.0803143,34.7465815,OIL002,cooking_oil,Golden Fry Cooking Oil,2024-12-23,0,8.0,0.27,0.1
8816995517,Kombedu Market,unclassified,Bandari,-0.0803143,34.7465815,OIL003,cooking_oil,Soya King Cooking Oil,2024-12-16,7,2.1,0.27,0.5
8816995517,Kombedu Market,unclassified,Bandari,-0.0803143,34.7465815,OIL004,cooking_oil,Soya King Cooking Oil,2024-12-16,7,2.2,0.26,0.5
8816995517,Kombedu Market,unclassified,Bandari,-0.0803143,34.7465815,PC001,personal_care,Vaseline Body Lotion,2024-12-23,0,2.0,0.14,0.1
8816995517,Kombedu Market,unclassified,Bandari,-0.0803143,34.7465815,PC002,personal_care,Dove Bar Soap,2024-12-23,0,4.0,0.14,0.1
8816995517,Kombedu Market,unclassified,Bandari,-0.0803143,34.7465815,PC003,personal_care,Colgate Toothpaste,2024-12-09,14,1.1,0.14,0.5
8816995517,Kombedu Market,unclassified,Bandari,-0.0803143,34.7465815,SAN001,sanitary,Always Pads,2024-12-23,0,2.0,0.12,0.1
8816995517,Kombedu Market,unclassified,Bandari,-0.0803143,34.7465815,SAN002,sanitary,Huggies Diapers,2024-12-23,0,3.0,0.15,0.1
8816995517,Kombedu Market,unclassified,Bandari,-0.0803143,34.7465815,SOP001,soap,Omo Detergent,2024-12-09,14,2.0,0.14,0.1
8816995517,Kombedu Market,unclassified,Bandari,-0.0803143,34.7465815,SOP002,soap,Sunlight Bar Soap,2024-12-16,7,3.0,0.15,0.1
8816995517,Kombedu Market,unclassified,Bandari,-0.0803143,34.7465815,SOP003,soap,Bidco Bar Soap,2024-12-09,14,2.0,0.14,0.1
8816995517,Kombedu Market,unclassified,Bandari,-0.0803143,34.7465815,SOP004,soap,Dettol Bar Soap,2024-12-23,0,3.0,0.14,0.1
8816995517,Kombedu Market,unclassified,Bandari,-0.0803143,34.7465815,SUG001,sugar,Mumias Sugar,2024-12-09,14,4.2,0.27,0.1
8816995517,Kombedu Market,unclassified,Bandari,-0.0803143,34.7465815,SUG002,sugar,Mumias Sugar,2024-12-09,14,2.0,0.14,0.1
8816995517,Kombedu Market,unclassified,Bandari,-0.0803143,34.7465815,SUG003,sugar,Nzoia Sugar,2024-12-09,14,2.2,0.27,0.5
8816996417,Kombedu,unclassified,Bandari,-0.0797453,34.7464408,BEV001,beverages,Afia Juice,2024-12-23,0,2.0,0.14,0.1
8816996417,Kombedu,unclassified,Bandari,-0.0797453,34.7464408,BEV002,beverages,Pick n Peel Juice,2024-12-23,0,2.0,0.14,0.1
8816996417,Kombedu,unclassified,Bandari,-0.0797453,34.7464408,BEV003,beverages,Tusker Lager,2024-12-16,7,2.0,0.14,0.1
8816996417,Kombedu,unclassified,Bandari,-0.0797453,34.7464408,BEV004,beverages,Coca-Cola Soda,2024-12-23,0,2.0,0.13,0.1
8816996417,Kombedu,unclassified,Bandari,-0.0797453,34.7464408,FLR001,flour,Jogoo Maize Flour,2024-12-23,0,4.0,0.27,0.1
8816996417,Kombedu,unclassified,Bandari,-0.0797453,34.7464408,FLR002,flour,Jogoo Maize Flour,2024-12-23,0,6.0,0.28,0.1
8816996417,Kombedu,unclassified,Bandari,-0.0797453,34.7464408,FLR003,flour,Pembe Maize Flour,2024-12-23,0,6.0,0.28,0.1
8816996417,Kombedu,unclassified,Bandari,-0.0797453,34.7464408,FLR004,flour,Kabras Maize Flour,2024-12-23,0,4.0,0.27,0.1
8816996417,Kombedu,unclassified,Bandari,-0.0797453,34.7464408,OIL001,cooking_oil,Golden Fry Cooking Oil,2024-12-23,0,3.0,0.14,0.1
8816996417,Kombedu,unclassified,Bandari,-0.0797453,34.7464408,OIL002,cooking_oil,Golden Fry Cooking Oil,2024-12-16,7,4.1,0.27,0.1
8816996417,Kombedu,unclassified,Bandari,-0.0797453,34.7464408,OIL003,cooking_oil,Soya King Cooking Oil,2024-12-02,21,1.7,0.3,0.5
8816996417,Kombedu,unclassified,Bandari,-0.0797453,34.7464408,OIL004,cooking_oil,Soya King Cooking Oil,2024-12-16,7,4.0,0.28,0.1
8816996417,Kombedu,unclassified,Bandari,-0.0797453,34.7464408,PC001,personal_care,Vaseline Body Lotion,2024-12-16,7,1.0,0.14,0.5
8816996417,Kombedu,unclassified,Bandari,-0.0797453,34.7464408,PC002,personal_care,Dove Bar Soap,2024-12-23,0,4.0,0.15,0.1
8816996417,Kombedu,unclassified,Bandari,-0.0797453,34.7464408,PC003,personal_care,Colgate Toothpaste,2024-12-16,7,1.1,0.13,0.5
8816996417,Kombedu,unclassified,Bandari,-0.0797453,34.7464408,SAN001,sanitary,Always Pads,2024-12-16,7,1.0,0.14,0.5
8816996417,Kombedu,unclassified,Bandari,-0.0797453,34.7464408,SAN002,sanitary,Huggies Diapers,2024-12-16,7,3.0,0.14,0.1
8816996417,Kombedu,unclassified,Bandari,-0.0797453,34.7464408,SOP001,soap,Omo Detergent,2024-12-23,0,4.0,0.15,0.1
8816996417,Kombedu,unclassified,Bandari,-0.0797453,34.7464408,SOP002,soap,Sunlight Bar Soap,2024-12-16,7,2.0,0.14,0.1
8816996417,Kombedu,unclassified,Bandari,-0.0797453,34.7464408,SOP003,soap,Bidco Bar Soap,2024-12-23,0,2.0,0.14,0.1
8816996417,Kombedu,unclassified,Bandari,-0.0797453,34.7464408,SOP004,soap,Dettol Bar Soap,2024-12-16,7,1.0,0.14,0.5
8816996417,Kombedu,unclassified,Bandari,-0.0797453,34.7464408,SUG001,sugar,Mumias Sugar,2024-12-23,0,3.0,0.14,0.1
8816996417,Kombedu,unclassified,Bandari,-0.0797453,34.7464408,SUG002,sugar,Mumias Sugar,2024-12-16,7,1.0,0.14,0.5
8816996417,Kombedu,unclassified,Bandari,-0.0797453,34.7464408,SUG003,sugar,Nzoia Sugar,2024-12-09,14,2.0,0.29,0.5
8817013517,Bandani Market,unclassified,Bandari sublocation,-0.0793272,34.7413743,BEV001,beverages,Afia Juice,2024-12-02,21,1.0,0.14,0.5
8817013517,Bandani Market,unclassified,Bandari sublocation,-0.0793272,34.7413743,BEV002,beverages,Pick n Peel Juice,2024-12-02,21,0.8,0.15,0.5
8817013517,Bandani Market,unclassified,Bandari sublocation,-0.0793272,34.7413743,BEV003,beverages,Tusker Lager,2024-12-09,14,1.1,0.13,0.5
8817013517,Bandani Market,unclassified,Bandari sublocation,-0.0793272,34.7413743,BEV004,beverages,Coca-Cola Soda,2024-12-16,7,1.1,0.13,0.5
8817013517,Bandani Market,unclassified,Bandari sublocation,-0.0793272,34.7413743,FLR001,flour,Jogoo Maize Flour,2024-12-09,14,2.1,0.28,0.5
8817013517,Bandani Market,unclassified,Bandari sublocation,-0.0793272,34.7413743,FLR002,flour,Jogoo Maize Flour,2024-12-23,0,8.0,0.29,0.1
8817013517,Bandani Market,unclassified,Bandari sublocation,-0.0793272,34.7413743,FLR003,flour,Pembe Maize Flour,2024-12-23,0,8.0,0.28,0.1
8817013517,Bandani Market,unclassified,Bandari sublocation,-0.0793272,34.7413743,FLR004,flour,Kabras Maize Flour,2024-12-02,21,1.7,0.3,0.5
8817013517,Bandani Market,unclassified,Bandari sublocation,-0.0793272,34.7413743,OIL001,cooking_oil,Golden Fry Cooking Oil,2024-12-16,7,6.0,0.29,0.1
8817013517,Bandani Market,unclassified,Bandari sublocation,-0.0793272,34.7413743,OIL002,cooking_oil,Golden Fry Cooking Oil,2024-12-16,7,5.9,0.3,0.1
8817013517,Bandani Market,unclassified,Bandari sublocation,-0.0793272,34.7413743,OIL003,cooking_oil,Soya King Cooking Oil,2024-12-16,7,5.9,0.3,0.1
8817013517,Bandani Market,unclassified,Bandari sublocation,-0.0793272,34.7413743,OIL004,cooking_oil,Soya King Cooking Oil,2024-12-23,0,2.0,0.14,0.1
8817013517,Bandani Market,unclassified,Bandari sublocation,-0.0793272,34.7413743,PC001,personal_care,Vaseline Body Lotion,2024-12-02,21,0.8,0.15,0.5
8817013517,Bandani Market,unclassified,Bandari sublocation,-0.0793272,34.7413743,PC002,personal_care,Dove Bar Soap,2024-12-16,7,1.1,0.13,0.5
8817013517,Bandani Market,unclassified,Bandari sublocation,-0.0793272,34.7413743,PC003,personal_care,Colgate Toothpaste,2024-12-23,0,3.0,0.15,0.1
8817013517,Bandani Market,unclassified,Bandari sublocation,-0.0793272,34.7413743,SAN001,sanitary,Always Pads,2024-12-23,0,4.0,0.14,0.1
8817013517,Bandani Market,unclassified,Bandari sublocation,-0.0793272,34.7413743,SAN002,sanitary,Huggies Diapers,2024-12-16,7,1.1,0.13,0.5
8817013517,Bandani Market,unclassified,Bandari sublocation,-0.0793272,34.7413743,SOP001,soap,Omo Detergent,2024-12-09,14,2.0,0.14,0.1
8817013517,Bandani Market,unclassified,Bandari sublocation,-0.0793272,34.7413743,SOP002,soap,Sunlight Bar Soap,2024-12-16,7,3.0,0.14,0.1
8817013517,Bandani Market,unclassified,Bandari sublocation,-0.0793272,34.7413743,SOP003,soap,Bidco Bar Soap,2024-12-16,7,1.0,0.14,0.5
8817013517,Bandani Market,unclassified,Bandari sublocation,-0.0793272,34.7413743,SOP004,soap,Dettol Bar Soap,2024-12-09,14,2.0,0.14,0.1
8817013517,Bandani Market,unclassified,Bandari sublocation,-0.0793272,34.7413743,SUG001,sugar,Mumias Sugar,2024-12-23,0,3.0,0.14,0.1
8817013517,Bandani Market,unclassified,Bandari sublocation,-0.0793272,34.7413743,SUG002,sugar,Mumias Sugar,2024-12-23,0,4.0,0.15,0.1
8817013517,Bandani Market,unclassified,Bandari sublocation,-0.0793272,34.7413743,SUG003,sugar,Nzoia Sugar,2024-12-23,0,4.0,0.27,0.1
8817126017,Riat Market,unclassified,Kogony',-0.0762867,34.7298283,BEV001,beverages,Afia Juice,2024-12-23,0,8.0,0.3,0.1
8817126017,Riat Market,unclassified,Kogony',-0.0762867,34.7298283,BEV002,beverages,Pick n Peel Juice,2024-12-16,7,1.2,0.12,0.5
8817126017,Riat Market,unclassified,Kogony',-0.0762867,34.7298283,BEV003,beverages,Tusker Lager,2024-12-23,0,4.0,0.14,0.1
8817126017,Riat Market,unclassified,Kogony',-0.0762867,34.7298283,BEV004,beverages,Coca-Cola Soda,2024-12-16,7,2.2,0.12,0.1
8817126017,Riat Market,unclassified,Kogony',-0.0762867,34.7298283,FLR001,flour,Jogoo Maize Flour,2024-12-02,21,2.3,0.27,0.5
8817126017,Riat Market,unclassified,Kogony',-0.0762867,34.7298283,FLR002,flour,Jogoo Maize Flour,2024-12-23,0,8.0,0.28,0.1
8817126017,Riat Market,unclassified,Kogony',-0.0762867,34.7298283,FLR003,flour,Pembe Maize Flour,2024-12-16,7,2.4,0.22,0.5
8817126017,Riat Market,unclassified,Kogony',-0.0762867,34.7298283,FLR004,flour,Kabras Maize Flour,2024-12-09,14,4.3,0.26,0.1
8817126017,Riat Market,unclassified,Kogony',-0.0762867,34.7298283,OIL001,cooking_oil,Golden Fry Cooking Oil,2024-12-23,0,6.0,0.29,0.1
8817126017,Riat Market,unclassified,Kogony',-0.0762867,34.7298283,OIL002,cooking_oil,Golden Fry Cooking Oil,2024-12-23,0,8.0,0.27,0.1
8817126017,Riat Market,unclassified,Kogony',-0.0762867,34.7298283,OIL003,cooking_oil,Soya King Cooking Oil,2024-12-23,0,6.0,0.26,0.1
8817126017,Riat Market,unclassified,Kogony',-0.0762867,34.7298283,OIL004,cooking_oil,Soya King Cooking Oil,2024-12-16,7,2.1,0.27,0.5
8817126017,Riat Market,unclassified,Kogony',-0.0762867,34.7298283,PC001,personal_care,Vaseline Body Lotion,2024-12-23,0,2.0,0.14,0.1
8817126017,Riat Market,unclassified,Kogony',-0.0762867,34.7298283,PC002,personal_care,Dove Bar Soap,2024-12-09,14,1.1,0.13,0.5
8817126017,Riat Market,unclassified,Kogony',-0.0762867,34.7298283,PC003,personal_care,Colgate Toothpaste,2024-12-23,0,3.0,0.14,0.1
8817126017,Riat Market,unclassified,Kogony',-0.0762867,34.7298283,SAN001,sanitary,Always Pads,2024-12-16,7,3.0,0.14,0.1
8817126017,Riat Market,unclassified,Kogony',-0.0762867,34.7298283,SAN002,sanitary,Huggies Diapers,2024-12-16,7,3.1,0.13,0.1
8817126017,Riat Market,unclassified,Kogony',-0.0762867,34.7298283,SOP001,soap,Omo Detergent,2024-12-16,7,3.2,0.12,0.1
8817126017,Riat Market,unclassified,Kogony',-0.0762867,34.7298283,SOP002,soap,Sunlight Bar Soap,2024-12-16,7,2.1,0.13,0.1
8817126017,Riat Market,unclassified,Kogony',-0.0762867,34.7298283,SOP003,soap,Bidco Bar Soap,2024-12-23,0,4.0,0.15,0.1
8817126017,Riat Market,unclassified,Kogony',-0.0762867,34.7298283,SOP004,soap,Dettol Bar Soap,2024-12-09,14,1.0,0.14,0.5
8817126017,Riat Market,unclassified,Kogony',-0.0762867,34.7298283,SUG001,sugar,Mumias Sugar,2024-12-23,0,4.0,0.25,0.1
8817126017,Riat Market,unclassified,Kogony',-0.0762867,34.7298283,SUG002,sugar,Mumias Sugar,2024-12-16,7,4.2,0.26,0.1
8817126017,Riat Market,unclassified,Kogony',-0.0762867,34.7298283,SUG003,sugar,Nzoia Sugar,2024-12-16,7,1.2,0.12,0.5
8817126018,Riat road side market,farm,Kogony sublocation,-0.0765933,34.728975,BEV001,beverages,Afia Juice,2024-12-16,7,1.2,0.11,0.5
8817126018,Riat road side market,farm,Kogony sublocation,-0.0765933,34.728975,BEV002,beverages,Pick n Peel Juice,2024-12-16,7,3.1,0.13,0.1
8817126018,Riat road side market,farm,Kogony sublocation,-0.0765933,34.728975,BEV003,beverages,Tusker Lager,2024-12-16,7,1.1,0.13,0.5
8817126018,Riat road side market,farm,Kogony sublocation,-0.0765933,34.728975,BEV004,beverages,Coca-Cola Soda,2024-12-02,21,2.0,0.29,0.5
8817126018,Riat road side market,farm,Kogony sublocation,-0.0765933,34.728975,FLR001,flour,Jogoo Maize Flour,2024-12-23,0,8.0,0.25,0.1
8817126018,Riat road side market,farm,Kogony sublocation,-0.0765933,34.728975,FLR002,flour,Jogoo Maize Flour,2024-12-23,0,6.0,0.27,0.1
8817126018,Riat road side market,farm,Kogony sublocation,-0.0765933,34.728975,FLR003,flour,Pembe Maize Flour,2024-12-16,7,6.3,0.24,0.1
8817126018,Riat road side market,farm,Kogony sublocation,-0.0765933,34.728975,FLR004,flour,Kabras Maize Flour,2024-12-23,0,6.0,0.26,0.1
8817126018,Riat road side market,farm,Kogony sublocation,-0.0765933,34.728975,OIL001,cooking_oil,Golden Fry Cooking Oil,2024-12-23,0,2.0,0.12,0.1
8817126018,Riat road side market,farm,Kogony sublocation,-0.0765933,34.728975,OIL002,cooking_oil,Golden Fry Cooking Oil,2024-12-23,0,8.0,0.29,0.1
8817126018,Riat road side market,farm,Kogony sublocation,-0.0765933,34.728975,OIL003,cooking_oil,Soya King Cooking Oil,2024-12-02,21,2.1,0.28,0.5
8817126018,Riat road side market,farm,Kogony sublocation,-0.0765933,34.728975,OIL004,cooking_oil,Soya King Cooking Oil,2024-12-09,14,2.7,0.24,0.5
8817126018,Riat road side market,farm,Kogony sublocation,-0.0765933,34.728975,PC001,personal_care,Vaseline Body Lotion,2024-12-16,7,2.9,0.15,0.1
8817126018,Riat road side market,farm,Kogony sublocation,-0.0765933,34.728975,PC002,personal_care,Dove Bar Soap,2024-12-16,7,3.0,0.14,0.1
8817126018,Riat road side market,farm,Kogony sublocation,-0.0765933,34.728975,PC003,personal_care,Colgate Toothpaste,2024-12-23,0,2.0,0.11,0.1
8817126018,Riat road side market,farm,Kogony sublocation,-0.0765933,34.728975,SAN001,sanitary,Always Pads,2024-12-23,0,3.0,0.14,0.1
8817126018,Riat road side market,farm,Kogony sublocation,-0.0765933,34.728975,SAN002,sanitary,Huggies Diapers,2024-12-02,21,1.1,0.14,0.5
8817126018,Riat road side market,farm,Kogony sublocation,-0.0765933,34.728975,SOP001,soap,Omo Detergent,2024-12-09,14,2.2,0.13,0.1
8817126018,Riat road side market,farm,Kogony sublocation,-0.0765933,34.728975,SOP002,soap,Sunlight Bar Soap,2024-12-09,14,1.1,0.13,0.5
8817126018,Riat road side market,farm,Kogony sublocation,-0.0765933,34.728975,SOP003,soap,Bidco Bar Soap,2024-12-16,7,1.2,0.12,0.5
8817126018,Riat road side market,farm,Kogony sublocation,-0.0765933,34.728975,SOP004,soap,Dettol Bar Soap,2024-12-09,14,2.2,0.13,0.1
8817126018,Riat road side market,farm,Kogony sublocation,-0.0765933,34.728975,SUG001,sugar,Mumias Sugar,2024-12-09,14,4.1,0.28,0.1
8817126018,Riat road side market,farm,Kogony sublocation,-0.0765933,34.728975,SUG002,sugar,Mumias Sugar,2024-12-23,0,6.0,0.28,0.1
8817126018,Riat road side market,farm,Kogony sublocation,-0.0765933,34.728975,SUG003,sugar,Nzoia Sugar,2024-12-09,14,2.4,0.26,0.5
8817177117,Riat railway market,unclassified,Bandari sublocation,-0.0769175,34.729264,BEV001,beverages,Afia Juice,2024-12-23,0,2.0,0.14,0.1
8817177117,Riat railway market,unclassified,Bandari sublocation,-0.0769175,34.729264,BEV002,beverages,Pick n Peel Juice,2024-12-09,14,2.2,0.27,0.5
8817177117,Riat railway market,unclassified,Bandari sublocation,-0.0769175,34.729264,BEV003,beverages,Tusker Lager,2024-12-23,0,3.0,0.14,0.1
8817177117,Riat railway market,unclassified,Bandari sublocation,-0.0769175,34.729264,BEV004,beverages,Coca-Cola Soda,2024-12-16,7,1.1,0.13,0.5
8817177117,Riat railway market,unclassified,Bandari sublocation,-0.0769175,34.729264,FLR001,flour,Jogoo Maize Flour,2024-12-02,21,2.3,0.27,0.5
8817177117,Riat railway market,unclassified,Bandari sublocation,-0.0769175,34.729264,FLR002,flour,Jogoo Maize Flour,2024-12-16,7,6.0,0.28,0.1
8817177117,Riat railway market,unclassified,Bandari sublocation,-0.0769175,34.729264,FLR003,flour,Pembe Maize Flour,2024-12-16,7,2.1,0.27,0.5
8817177117,Riat railway market,unclassified,Bandari sublocation,-0.0769175,34.729264,FLR004,flour,Kabras Maize Flour,2024-12-02,21,2.1,0.28,0.5
8817177117,Riat railway market,unclassified,Bandari sublocation,-0.0769175,34.729264,OIL001,cooking_oil,Golden Fry Cooking Oil,2024-12-16,7,4.0,0.28,0.1
8817177117,Riat railway market,unclassified,Bandari sublocation,-0.0769175,34.729264,OIL002,cooking_oil,Golden Fry Cooking Oil,2024-12-23,0,6.0,0.29,0.1
8817177117,Riat railway market,unclassified,Bandari sublocation,-0.0769175,34.729264,OIL003,cooking_oil,Soya King Cooking Oil,2024-12-23,0,4.0,0.28,0.1
8817177117,Riat railway market,unclassified,Bandari sublocation,-0.0769175,34.729264,OIL004,cooking_oil,Soya King Cooking Oil,2024-12-16,7,4.1,0.27,0.1
8817177117,Riat railway market,unclassified,Bandari sublocation,-0.0769175,34.729264,PC001,personal_care,Vaseline Body Lotion,2024-12-23,0,3.0,0.14,0.1
8817177117,Riat railway market,unclassified,Bandari sublocation,-0.0769175,34.729264,PC002,personal_care,Dove Bar Soap,2024-12-09,14,1.1,0.14,0.5
8817177117,Riat railway market,unclassified,Bandari sublocation,-0.0769175,34.729264,PC003,personal_care,Colgate Toothpaste,2024-12-16,7,2.0,0.14,0.1
8817177117,Riat railway market,unclassified,Bandari sublocation,-0.0769175,34.729264,SAN001,sanitary,Always Pads,2024-12-09,14,2.1,0.14,0.1
8817177117,Riat railway market,unclassified,Bandari sublocation,-0.0769175,34.729264,SAN002,sanitary,Huggies Diapers,2024-12-02,21,1.0,0.14,0.5
8817177117,Riat railway market,unclassified,Bandari sublocation,-0.0769175,34.729264,SOP001,soap,Omo Detergent,2024-12-16,7,2.1,0.13,0.1
8817177117,Riat railway market,unclassified,Bandari sublocation,-0.0769175,34.729264,SOP002,soap,Sunlight Bar Soap,2024-12-23,0,4.0,0.14,0.1
8817177117,Riat railway market,unclassified,Bandari sublocation,-0.0769175,34.729264,SOP003,soap,Bidco Bar Soap,2024-12-16,7,2.1,0.13,0.1
8817177117,Riat railway market,unclassified,Bandari sublocation,-0.0769175,34.729264,SOP004,soap,Dettol Bar Soap,2024-12-23,0,3.0,0.13,0.1
8817177117,Riat railway market,unclassified,Bandari sublocation,-0.0769175,34.729264,SUG001,sugar,Mumias Sugar,2024-12-16,7,1.0,0.14,0.5
8817177117,Riat railway market,unclassified,Bandari sublocation,-0.0769175,34.729264,SUG002,sugar,Mumias Sugar,2024-12-09,14,3.8,0.3,0.1
8817177117,Riat railway market,unclassified,Bandari sublocation,-0.0769175,34.729264,SUG003,sugar,Nzoia Sugar,2024-12-23,0,4.0,0.14,0.1
8817263717,Bandani market,unclassified,Kogony' B,-0.0755503,34.7089485,BEV001,beverages,Afia Juice,2024-12-16,7,2.1,0.13,0.1
8817263717,Bandani market,unclassified,Kogony' B,-0.0755503,34.7089485,BEV002,beverages,Pick n Peel Juice,2024-12-02,21,2.1,0.28,0.5
8817263717,Bandani market,unclassified,Kogony' B,-0.0755503,34.7089485,BEV003,beverages,Tusker Lager,2024-12-09,14,2.2,0.27,0.5
8817263717,Bandani market,unclassified,Kogony' B,-0.0755503,34.7089485,BEV004,beverages,Coca-Cola Soda,2024-12-23,0,4.0,0.28,0.1
8817263717,Bandani market,unclassified,Kogony' B,-0.0755503,34.7089485,FLR001,flour,Jogoo Maize Flour,2024-12-23,0,4.0,0.26,0.1
8817263717,Bandani market,unclassified,Kogony' B,-0.0755503,34.7089485,FLR002,flour,Jogoo Maize Flour,2024-12-23,0,6.0,0.29,0.1
8817263717,Bandani market,unclassified,Kogony' B,-0.0755503,34.7089485,FLR003,flour,Pembe Maize Flour,2024-12-23,0,8.0,0.27,0.1
8817263717,Bandani market,unclassified,Kogony' B,-0.0755503,34.7089485,FLR004,flour,Kabras Maize Flour,2024-12-23,0,4.0,0.27,0.1
8817263717,Bandani market,unclassified,Kogony' B,-0.0755503,34.7089485,OIL001,cooking_oil,Golden Fry Cooking Oil,2024-12-09,14,2.1,0.28,0.5
8817263717,Bandani market,unclassified,Kogony' B,-0.0755503,34.7089485,OIL002,cooking_oil,Golden Fry Cooking Oil,2024-12-09,14,2.2,0.27,0.5
8817263717,Bandani market,unclassified,Kogony' B,-0.0755503,34.7089485,OIL003,cooking_oil,Soya King Cooking Oil,2024-12-16,7,3.0,0.14,0.1
8817263717,Bandani market,unclassified,Kogony' B,-0.0755503,34.7089485,OIL004,cooking_oil,Soya King Cooking Oil,2024-12-16,7,4.0,0.29,0.1
8817263717,Bandani market,unclassified,Kogony' B,-0.0755503,34.7089485,PC001,personal_care,Vaseline Body Lotion,2024-12-23,0,4.0,0.14,0.1
8817263717,Bandani market,unclassified,Kogony' B,-0.0755503,34.7089485,PC002,personal_care,Dove Bar Soap,2024-12-02,21,0.8,0.15,0.5
8817263717,Bandani market,unclassified,Kogony' B,-0.0755503,34.7089485,PC003,personal_care,Colgate Toothpaste,2024-12-16,7,3.1,0.13,0.1
8817263717,Bandani market,unclassified,Kogony' B,-0.0755503,34.7089485,SAN001,sanitary,Always Pads,2024-12-09,14,1.1,0.14,0.5
8817263717,Bandani market,unclassified,Kogony' B,-0.0755503,34.7089485,SAN002,sanitary,Huggies Diapers,2024-12-23,0,3.0,0.14,0.1
8817263717,Bandani market,unclassified,Kogony' B,-0.0755503,34.7089485,SOP001,soap,Omo Detergent,2024-12-16,7,3.0,0.15,0.1
8817263717,Bandani market,unclassified,Kogony' B,-0.0755503,34.7089485,SOP002,soap,Sunlight Bar Soap,2024-12-02,21,0.9,0.15,0.5
8817263717,Bandani market,unclassified,Kogony' B,-0.0755503,34.7089485,SOP003,soap,Bidco Bar Soap,2024-12-09,14,1.1,0.13,0.5
8817263717,Bandani market,unclassified,Kogony' B,-0.0755503,34.7089485,SOP004,soap,Dettol Bar Soap,2024-12-16,7,3.0,0.14,0.1
8817263717,Bandani market,unclassified,Kogony' B,-0.0755503,34.7089485,SUG001,sugar,Mumias Sugar,2024-12-09,14,1.1,0.14,0.5
8817263717,Bandani market,unclassified,Kogony' B,-0.0755503,34.7089485,SUG002,sugar,Mumias Sugar,2024-12-02,21,1.2,0.13,0.5
8817263717,Bandani market,unclassified,Kogony' B,-0.0755503,34.7089485,SUG003,sugar,Nzoia Sugar,2024-12-09,14,2.1,0.13,0.1
8817300117,Kotetni market,unclassified,Kogony' B,-0.08073,34.7078633,BEV001,beverages,Afia Juice,2024-12-09,14,0.9,0.15,0.5
8817300117,Kotetni market,unclassified,Kogony' B,-0.08073,34.7078633,BEV002,beverages,Pick n Peel Juice,2024-12-23,0,2.0,0.14,0.1
8817300117,Kotetni market,unclassified,Kogony' B,-0.08073,34.7078633,BEV003,beverages,Tusker Lager,2024-12-23,0,2.0,0.14,0.1
8817300117,Kotetni market,unclassified,Kogony' B,-0.08073,34.7078633,BEV004,beverages,Coca-Cola Soda,2024-12-09,14,0.9,0.15,0.5
8817300117,Kotetni market,unclassified,Kogony' B,-0.08073,34.7078633,FLR001,flour,Jogoo Maize Flour,2024-12-09,14,3.8,0.3,0.1
8817300117,Kotetni market,unclassified,Kogony' B,-0.08073,34.7078633,FLR002,flour,Jogoo Maize Flour,2024-12-16,7,4.0,0.28,0.1
8817300117,Kotetni market,unclassified,Kogony' B,-0.08073,34.7078633,FLR003,flour,Pembe Maize Flour,2024-12-23,0,8.0,0.3,0.1
8817300117,Kotetni market,unclassified,Kogony' B,-0.08073,34.7078633,FLR004,flour,Kabras Maize Flour,2024-12-23,0,8.0,0.3,0.1
8817300117,Kotetni market,unclassified,Kogony' B,-0.08073,34.7078633,OIL001,cooking_oil,Golden Fry Cooking Oil,2024-12-16,7,2.9,0.15,0.1
8817300117,Kotetni market,unclassified,Kogony' B,-0.08073,34.7078633,OIL002,cooking_oil,Golden Fry Cooking Oil,2024-12-23,0,4.0,0.28,0.1
8817300117,Kotetni market,unclassified,Kogony' B,-0.08073,34.7078633,OIL003,cooking_oil,Soya King Cooking Oil,2024-12-16,7,2.1,0.27,0.5
8817300117,Kotetni market,unclassified,Kogony' B,-0.08073,34.7078633,OIL004,cooking_oil,Soya King Cooking Oil,2024-12-23,0,4.0,0.27,0.1
8817300117,Kotetni market,unclassified,Kogony' B,-0.08073,34.7078633,PC001,personal_care,Vaseline Body Lotion,2024-12-23,0,4.0,0.15,0.1
8817300117,Kotetni market,unclassified,Kogony' B,-0.08073,34.7078633,PC002,personal_care,Dove Bar Soap,2024-12-23,0,3.0,0.14,0.1
8817300117,Kotetni market,unclassified,Kogony' B,-0.08073,34.7078633,PC003,personal_care,Colgate Toothpaste,2024-12-02,21,0.8,0.15,0.5
8817300117,Kotetni market,unclassified,Kogony' B,-0.08073,34.7078633,SAN001,sanitary,Always Pads,2024-12-16,7,2.0,0.14,0.1
8817300117,Kotetni market,unclassified,Kogony' B,-0.08073,34.7078633,SAN002,sanitary,Huggies Diapers,2024-12-23,0,3.0,0.14,0.1
8817300117,Kotetni market,unclassified,Kogony' B,-0.08073,34.7078633,SOP001,soap,Omo Detergent,2024-12-16,7,1.0,0.14,0.5
8817300117,Kotetni market,unclassified,Kogony' B,-0.08073,34.7078633,SOP002,soap,Sunlight Bar Soap,2024-12-23,0,2.0,0.14,0.1
8817300117,Kotetni market,unclassified,Kogony' B,-0.08073,34.7078633,SOP003,soap,Bidco Bar Soap,2024-12-16,7,1.0,0.14,0.5
8817300117,Kotetni market,unclassified,Kogony' B,-0.08073,34.7078633,SOP004,soap,Dettol Bar Soap,2024-12-23,0,2.0,0.14,0.1
8817300117,Kotetni market,unclassified,Kogony' B,-0.08073,34.7078633,SUG001,sugar,Mumias Sugar,2024-12-23,0,6.0,0.29,0.1
8817300117,Kotetni market,unclassified,Kogony' B,-0.08073,34.7078633,SUG002,sugar,Mumias Sugar,2024-12-16,7,2.0,0.28,0.5
8817300117,Kotetni market,unclassified,Kogony' B,-0.08073,34.7078633,SUG003,sugar,Nzoia Sugar,2024-12-23,0,2.0,0.14,0.1
8817517530,Handshake Wines and Spirits,alcohol,Manyatta A,-0.0833061,34.7753706,BEV001,beverages,Afia Juice,2024-12-16,7,26.7,1.33,0.1
8817517530,Handshake Wines and Spirits,alcohol,Manyatta A,-0.0833061,34.7753706,BEV002,beverages,Pick n Peel Juice,2024-12-09,14,10.0,1.43,0.5
8817517530,Handshake Wines and Spirits,alcohol,Manyatta A,-0.0833061,34.7753706,BEV003,beverages,Tusker Lager,2024-12-16,7,16.0,1.14,0.1
8817517530,Handshake Wines and Spirits,alcohol,Manyatta A,-0.0833061,34.7753706,BEV004,beverages,Coca-Cola Soda,2024-12-16,7,15.9,1.15,0.1
8817517530,Handshake Wines and Spirits,alcohol,Manyatta A,-0.0833061,34.7753706,FLR001,flour,Jogoo Maize Flour,2024-12-16,7,29.8,2.16,0.1
8817517530,Handshake Wines and Spirits,alcohol,Manyatta A,-0.0833061,34.7753706,FLR002,flour,Jogoo Maize Flour,2024-12-09,14,12.6,1.89,0.5
8817517530,Handshake Wines and Spirits,alcohol,Manyatta A,-0.0833061,34.7753706,FLR003,flour,Pembe Maize Flour,2024-12-02,21,9.4,1.65,0.5
8817517530,Handshake Wines and Spirits,alcohol,Manyatta A,-0.0833061,34.7753706,FLR004,flour,Kabras Maize Flour,2024-12-16,7,38.6,1.92,0.1
8817517530,Handshake Wines and Spirits,alcohol,Manyatta A,-0.0833061,34.7753706,OIL001,cooking_oil,Golden Fry Cooking Oil,2024-12-23,0,44.0,1.66,0.1
8817517530,Handshake Wines and Spirits,alcohol,Manyatta A,-0.0833061,34.7753706,OIL002,cooking_oil,Golden Fry Cooking Oil,2024-12-23,0,48.0,1.76,0.1
8817517530,Handshake Wines and Spirits,alcohol,Manyatta A,-0.0833061,34.7753706,OIL003,cooking_oil,Soya King Cooking Oil,2024-12-16,7,10.5,1.36,0.5
8817517530,Handshake Wines and Spirits,alcohol,Manyatta A,-0.0833061,34.7753706,OIL004,cooking_oil,Soya King Cooking Oil,2024-12-16,7,26.1,1.85,0.1
8817517530,Handshake Wines and Spirits,alcohol,Manyatta A,-0.0833061,34.7753706,PC001,personal_care,Vaseline Body Lotion,2024-12-09,14,6.0,0.86,0.5
8817517530,Handshake Wines and Spirits,alcohol,Manyatta A,-0.0833061,34.7753706,PC002,personal_care,Dove Bar Soap,2024-12-09,14,9.8,0.73,0.1
8817517530,Handshake Wines and Spirits,alcohol,Manyatta A,-0.0833061,34.7753706,PC003,personal_care,Colgate Toothpaste,2024-12-16,7,6.1,0.84,0.5
8817517530,Handshake Wines and Spirits,alcohol,Manyatta A,-0.0833061,34.7753706,SAN001,sanitary,Always Pads,2024-12-02,21,4.6,0.73,0.5
8817517530,Handshake Wines and Spirits,alcohol,Manyatta A,-0.0833061,34.7753706,SAN002,sanitary,Huggies Diapers,2024-12-09,14,11.8,0.87,0.1
8817517530,Handshake Wines and Spirits,alcohol,Manyatta A,-0.0833061,34.7753706,SOP001,soap,Omo Detergent,2024-12-16,7,9.4,1.23,0.5
8817517530,Handshake Wines and Spirits,alcohol,Manyatta A,-0.0833061,34.7753706,SOP002,soap,Sunlight Bar Soap,2024-12-02,21,4.8,0.91,0.5
8817517530,Handshake Wines and Spirits,alcohol,Manyatta A,-0.0833061,34.7753706,SOP003,soap,Bidco Bar Soap,2024-12-16,7,7.3,0.95,0.5
8817517530,Handshake Wines and Spirits,alcohol,Manyatta A,-0.0833061,34.7753706,SOP004,soap,Dettol Bar Soap,2024-12-23,0,24.0,0.89,0.1
8817517530,Handshake Wines and Spirits,alcohol,Manyatta A,-0.0833061,34.7753706,SUG001,sugar,Mumias Sugar,2024-12-23,0,44.0,1.66,0.1
8817517530,Handshake Wines and Spirits,alcohol,Manyatta A,-0.0833061,34.7753706,SUG002,sugar,Mumias Sugar,2024-12-23,0,16.0,1.1,0.1
8817517530,Handshake Wines and Spirits,alcohol,Manyatta A,-0.0833061,34.7753706,SUG003,sugar,Nzoia Sugar,2024-12-23,0,36.0,1.34,0.1
8817685608,Unknown,kiosk,Manyatta A,-0.0835894,34.7751816,BEV001,beverages,Afia Juice,2024-12-23,0,16.0,0.57,0.1
8817685608,Unknown,kiosk,Manyatta A,-0.0835894,34.7751816,BEV002,beverages,Pick n Peel Juice,2024-12-23,0,16.0,0.57,0.1
8817685608,Unknown,kiosk,Manyatta A,-0.0835894,34.7751816,BEV003,beverages,Tusker Lager,2024-12-09,14,4.3,0.55,0.5
8817685608,Unknown,kiosk,Manyatta A,-0.0835894,34.7751816,BEV004,beverages,Coca-Cola Soda,2024-12-02,21,3.4,0.6,0.5
8817685608,Unknown,kiosk,Manyatta A,-0.0835894,34.7751816,FLR001,flour,Jogoo Maize Flour,2024-12-02,21,4.6,0.73,0.5
8817685608,Unknown,kiosk,Manyatta A,-0.0835894,34.7751816,FLR002,flour,Jogoo Maize Flour,2024-12-09,14,8.0,0.57,0.1
8817685608,Unknown,kiosk,Manyatta A,-0.0835894,34.7751816,FLR003,flour,Pembe Maize Flour,2024-12-23,0,10.0,0.65,0.1
8817685608,Unknown,kiosk,Manyatta A,-0.0835894,34.7751816,FLR004,flour,Kabras Maize Flour,2024-12-16,7,4.3,0.52,0.5
8817685608,Unknown,kiosk,Manyatta A,-0.0835894,34.7751816,OIL001,cooking_oil,Golden Fry Cooking Oil,2024-12-09,14,5.4,0.68,0.5
8817685608,Unknown,kiosk,Manyatta A,-0.0835894,34.7751816,OIL002,cooking_oil,Golden Fry Cooking Oil,2024-12-09,14,8.2,0.56,0.1
8817685608,Unknown,kiosk,Manyatta A,-0.0835894,34.7751816,OIL003,cooking_oil,Soya King Cooking Oil,2024-12-23,0,10.0,0.69,0.1
8817685608,Unknown,kiosk,Manyatta A,-0.0835894,34.7751816,OIL004,cooking_oil,Soya King Cooking Oil,2024-12-02,21,3.9,0.57,0.5
8817685608,Unknown,kiosk,Manyatta A,-0.0835894,34.7751816,PC001,personal_care,Vaseline Body Lotion,2024-12-23,0,6.0,0.27,0.1
8817685608,Unknown,kiosk,Manyatta A,-0.0835894,34.7751816,PC002,personal_care,Dove Bar Soap,2024-12-09,14,2.2,0.27,0.5
8817685608,Unknown,kiosk,Manyatta A,-0.0835894,34.7751816,PC003,personal_care,Colgate Toothpaste,2024-12-23,0,6.0,0.39,0.1
8817685608,Unknown,kiosk,Manyatta A,-0.0835894,34.7751816,SAN001,sanitary,Always Pads,2024-12-09,14,4.0,0.29,0.1
8817685608,Unknown,kiosk,Manyatta A,-0.0835894,34.7751816,SAN002,sanitary,Huggies Diapers,2024-12-23,0,6.0,0.27,0.1
8817685608,Unknown,kiosk,Manyatta A,-0.0835894,34.7751816,SOP001,soap,Omo Detergent,2024-12-09,14,3.4,0.4,0.5
8817685608,Unknown,kiosk,Manyatta A,-0.0835894,34.7751816,SOP002,soap,Sunlight Bar Soap,2024-12-16,7,6.0,0.28,0.1
8817685608,Unknown,kiosk,Manyatta A,-0.0835894,34.7751816,SOP003,soap,Bidco Bar Soap,2024-12-02,21,3.1,0.42,0.5
8817685608,Unknown,kiosk,Manyatta A,-0.0835894,34.7751816,SOP004,soap,Dettol Bar Soap,2024-12-02,21,3.1,0.42,0.5
8817685608,Unknown,kiosk,Manyatta A,-0.0835894,34.7751816,SUG001,sugar,Mumias Sugar,2024-12-16,7,12.1,0.56,0.1
8817685608,Unknown,kiosk,Manyatta A,-0.0835894,34.7751816,SUG002,sugar,Mumias Sugar,2024-12-23,0,6.0,0.38,0.1
8817685608,Unknown,kiosk,Manyatta A,-0.0835894,34.7751816,SUG003,sugar,Nzoia Sugar,2024-12-23,0,20.0,0.73,0.1
8817734979,Aswanson Super Duka,wholesale,Manyatta A,-0.0841454,34.7746317,BEV001,beverages,Afia Juice,2024-12-23,0,46.0,3.07,0.1
8817734979,Aswanson Super Duka,wholesale,Manyatta A,-0.0841454,34.7746317,BEV002,beverages,Pick n Peel Juice,2024-12-09,14,24.7,3.59,0.5
8817734979,Aswanson Super Duka,wholesale,Manyatta A,-0.0841454,34.7746317,BEV003,beverages,Tusker Lager,2024-12-23,0,40.0,2.73,0.1
8817734979,Aswanson Super Duka,wholesale,Manyatta A,-0.0841454,34.7746317,BEV004,beverages,Coca-Cola Soda,2024-12-16,7,37.5,2.79,0.1
8817734979,Aswanson Super Duka,wholesale,Manyatta A,-0.0841454,34.7746317,FLR001,flour,Jogoo Maize Flour,2024-12-09,14,32.6,4.74,0.5
8817734979,Aswanson Super Duka,wholesale,Manyatta A,-0.0841454,34.7746317,FLR002,flour,Jogoo Maize Flour,2024-12-23,0,82.0,5.68,0.1
8817734979,Aswanson Super Duka,wholesale,Manyatta A,-0.0841454,34.7746317,FLR003,flour,Pembe Maize Flour,2024-12-09,14,40.1,5.49,0.5
8817734979,Aswanson Super Duka,wholesale,Manyatta A,-0.0841454,34.7746317,FLR004,flour,Kabras Maize Flour,2024-12-09,14,75.8,5.73,0.1
8817734979,Aswanson Super Duka,wholesale,Manyatta A,-0.0841454,34.7746317,OIL001,cooking_oil,Golden Fry Cooking Oil,2024-12-23,0,56.0,3.88,0.1
8817734979,Aswanson Super Duka,wholesale,Manyatta A,-0.0841454,34.7746317,OIL002,cooking_oil,Golden Fry Cooking Oil,2024-12-09,14,48.5,3.96,0.1
8817734979,Aswanson Super Duka,wholesale,Manyatta A,-0.0841454,34.7746317,OIL003,cooking_oil,Soya King Cooking Oil,2024-12-16,7,85.3,4.38,0.1
8817734979,Aswanson Super Duka,wholesale,Manyatta A,-0.0841454,34.7746317,OIL004,cooking_oil,Soya King Cooking Oil,2024-12-23,0,100.0,3.75,0.1
8817734979,Aswanson Super Duka,wholesale,Manyatta A,-0.0841454,34.7746317,PC001,personal_care,Vaseline Body Lotion,2024-12-23,0,48.0,2.27,0.1
8817734979,Aswanson Super Duka,wholesale,Manyatta A,-0.0841454,34.7746317,PC002,personal_care,Dove Bar Soap,2024-12-09,14,13.8,2.01,0.5
8817734979,Aswanson Super Duka,wholesale,Manyatta A,-0.0841454,34.7746317,PC003,personal_care,Colgate Toothpaste,2024-12-16,7,30.9,2.01,0.1
8817734979,Aswanson Super Duka,wholesale,Manyatta A,-0.0841454,34.7746317,SAN001,sanitary,Always Pads,2024-12-16,7,26.0,1.86,0.1
8817734979,Aswanson Super Duka,wholesale,Manyatta A,-0.0841454,34.7746317,SAN002,sanitary,Huggies Diapers,2024-12-23,0,60.0,2.09,0.1
8817734979,Aswanson Super Duka,wholesale,Manyatta A,-0.0841454,34.7746317,SOP001,soap,Omo Detergent,2024-12-23,0,69.0,3.07,0.1
8817734979,Aswanson Super Duka,wholesale,Manyatta A,-0.0841454,34.7746317,SOP002,soap,Sunlight Bar Soap,2024-12-02,21,14.8,2.72,0.5
8817734979,Aswanson Super Duka,wholesale,Manyatta A,-0.0841454,34.7746317,SOP003,soap,Bidco Bar Soap,2024-12-16,7,22.9,3.01,0.5
8817734979,Aswanson Super Duka,wholesale,Manyatta A,-0.0841454,34.7746317,SOP004,soap,Dettol Bar Soap,2024-12-09,14,45.6,3.6,0.1
8817734979,Aswanson Super Duka,wholesale,Manyatta A,-0.0841454,34.7746317,SUG001,sugar,Mumias Sugar,2024-12-23,0,124.0,4.47,0.1
8817734979,Aswanson Super Duka,wholesale,Manyatta A,-0.0841454,34.7746317,SUG002,sugar,Mumias Sugar,2024-12-09,14,60.6,4.53,0.1
8817734979,Aswanson Super Duka,wholesale,Manyatta A,-0.0841454,34.7746317,SUG003,sugar,Nzoia Sugar,2024-12-23,0,90.0,4.09,0.1
8820769660,Josato Butchery,butcher,Manyatta A,-0.0850551,34.7748571,BEV001,beverages,Afia Juice,2024-12-16,7,8.0,0.57,0.1
8820769660,Josato Butchery,butcher,Manyatta A,-0.0850551,34.7748571,BEV002,beverages,Pick n Peel Juice,2024-12-02,21,2.7,0.44,0.5
8820769660,Josato Butchery,butcher,Manyatta A,-0.0850551,34.7748571,BEV003,beverages,Tusker Lager,2024-12-16,7,7.9,0.58,0.1
8820769660,Josato Butchery,butcher,Manyatta A,-0.0850551,34.7748571,BEV004,beverages,Coca-Cola Soda,2024-12-16,7,11.8,0.6,0.1
8820769660,Josato Butchery,butcher,Manyatta A,-0.0850551,34.7748571,FLR001,flour,Jogoo Maize Flour,2024-12-02,21,4.4,0.74,0.5
8820769660,Josato Butchery,butcher,Manyatta A,-0.0850551,34.7748571,FLR002,flour,Jogoo Maize Flour,2024-12-23,0,12.0,0.83,0.1
8820769660,Josato Butchery,butcher,Manyatta A,-0.0850551,34.7748571,FLR003,flour,Pembe Maize Flour,2024-12-23,0,15.0,0.71,0.1
8820769660,Josato Butchery,butcher,Manyatta A,-0.0850551,34.7748571,FLR004,flour,Kabras Maize Flour,2024-12-09,14,5.1,0.7,0.5
8820769660,Josato Butchery,butcher,Manyatta A,-0.0850551,34.7748571,OIL001,cooking_oil,Golden Fry Cooking Oil,2024-12-23,0,16.0,0.6,0.1
8820769660,Josato Butchery,butcher,Manyatta A,-0.0850551,34.7748571,OIL002,cooking_oil,Golden Fry Cooking Oil,2024-12-09,14,9.5,0.75,0.1
8820769660,Josato Butchery,butcher,Manyatta A,-0.0850551,34.7748571,OIL003,cooking_oil,Soya King Cooking Oil,2024-12-02,21,3.3,0.61,0.5
8820769660,Josato Butchery,butcher,Manyatta A,-0.0850551,34.7748571,OIL004,cooking_oil,Soya King Cooking Oil,2024-12-23,0,20.0,0.74,0.1
8820769660,Josato Butchery,butcher,Manyatta A,-0.0850551,34.7748571,PC001,personal_care,Vaseline Body Lotion,2024-12-02,21,1.8,0.3,0.5
8820769660,Josato Butchery,butcher,Manyatta A,-0.0850551,34.7748571,PC002,personal_care,Dove Bar Soap,2024-12-16,7,2.1,0.28,0.5
8820769660,Josato Butchery,butcher,Manyatta A,-0.0850551,34.7748571,PC003,personal_care,Colgate Toothpaste,2024-12-02,21,2.9,0.43,0.5
8820769660,Josato Butchery,butcher,Manyatta A,-0.0850551,34.7748571,SAN001,sanitary,Always Pads,2024-12-23,0,8.0,0.3,0.1
8820769660,Josato Butchery,butcher,Manyatta A,-0.0850551,34.7748571,SAN002,sanitary,Huggies Diapers,2024-12-02,21,1.8,0.3,0.5
8820769660,Josato Butchery,butcher,Manyatta A,-0.0850551,34.7748571,SOP001,soap,Omo Detergent,2024-12-16,7,8.0,0.57,0.1
8820769660,Josato Butchery,butcher,Manyatta A,-0.0850551,34.7748571,SOP002,soap,Sunlight Bar Soap,2024-12-02,21,2.7,0.44,0.5
8820769660,Josato Butchery,butcher,Manyatta A,-0.0850551,34.7748571,SOP003,soap,Bidco Bar Soap,2024-12-23,0,9.0,0.43,0.1
8820769660,Josato Butchery,butcher,Manyatta A,-0.0850551,34.7748571,SOP004,soap,Dettol Bar Soap,2024-12-23,0,9.0,0.43,0.1
8820769660,Josato Butchery,butcher,Manyatta A,-0.0850551,34.7748571,SUG001,sugar,Mumias Sugar,2024-12-16,7,7.9,0.58,0.1
8820769660,Josato Butchery,butcher,Manyatta A,-0.0850551,34.7748571,SUG002,sugar,Mumias Sugar,2024-12-16,7,6.0,0.43,0.1
8820769660,Josato Butchery,butcher,Manyatta A,-0.0850551,34.7748571,SUG003,sugar,Nzoia Sugar,2024-12-09,14,9.7,0.73,0.1
8820816082,Nyawita Dairy Shop,dairy,Nyawita sublocation,-0.0815694,34.7712899,BEV001,beverages,Afia Juice,2024-12-16,7,11.9,0.59,0.1
8820816082,Nyawita Dairy Shop,dairy,Nyawita sublocation,-0.0815694,34.7712899,BEV002,beverages,Pick n Peel Juice,2024-12-23,0,9.0,0.41,0.1
8820816082,Nyawita Dairy Shop,dairy,Nyawita sublocation,-0.0815694,34.7712899,BEV003,beverages,Tusker Lager,2024-12-16,7,3.3,0.38,0.5
8820816082,Nyawita Dairy Shop,dairy,Nyawita sublocation,-0.0815694,34.7712899,BEV004,beverages,Coca-Cola Soda,2024-12-16,7,4.2,0.55,0.5
8820816082,Nyawita Dairy Shop,dairy,Nyawita sublocation,-0.0815694,34.7712899,FLR001,flour,Jogoo Maize Flour,2024-12-09,14,9.6,0.74,0.1
8820816082,Nyawita Dairy Shop,dairy,Nyawita sublocation,-0.0815694,34.7712899,FLR002,flour,Jogoo Maize Flour,2024-12-16,7,6.2,0.83,0.5
8820816082,Nyawita Dairy Shop,dairy,Nyawita sublocation,-0.0815694,34.7712899,FLR003,flour,Pembe Maize Flour,2024-12-16,7,5.4,0.66,0.5
8820816082,Nyawita Dairy Shop,dairy,Nyawita sublocation,-0.0815694,34.7712899,FLR004,flour,Kabras Maize Flour,2024-12-02,21,4.2,0.75,0.5
8820816082,Nyawita Dairy Shop,dairy,Nyawita sublocation,-0.0815694,34.7712899,OIL001,cooking_oil,Golden Fry Cooking Oil,2024-12-16,7,6.1,0.42,0.1
8820816082,Nyawita Dairy Shop,dairy,Nyawita sublocation,-0.0815694,34.7712899,OIL002,cooking_oil,Golden Fry Cooking Oil,2024-12-09,14,9.4,0.76,0.1
8820816082,Nyawita Dairy Shop,dairy,Nyawita sublocation,-0.0815694,34.7712899,OIL003,cooking_oil,Soya King Cooking Oil,2024-12-23,0,8.0,0.54,0.1
8820816082,Nyawita Dairy Shop,dairy,Nyawita sublocation,-0.0815694,34.7712899,OIL004,cooking_oil,Soya King Cooking Oil,2024-12-16,7,10.2,0.68,0.1
8820816082,Nyawita Dairy Shop,dairy,Nyawita sublocation,-0.0815694,34.7712899,PC001,personal_care,Vaseline Body Lotion,2024-12-16,7,2.1,0.28,0.5
8820816082,Nyawita Dairy Shop,dairy,Nyawita sublocation,-0.0815694,34.7712899,PC002,personal_care,Dove Bar Soap,2024-12-16,7,5.9,0.3,0.1
8820816082,Nyawita Dairy Shop,dairy,Nyawita sublocation,-0.0815694,34.7712899,PC003,personal_care,Colgate Toothpaste,2024-12-09,14,3.8,0.3,0.1
8820816082,Nyawita Dairy Shop,dairy,Nyawita sublocation,-0.0815694,34.7712899,SAN001,sanitary,Always Pads,2024-12-23,0,6.0,0.28,0.1
8820816082,Nyawita Dairy Shop,dairy,Nyawita sublocation,-0.0815694,34.7712899,SAN002,sanitary,Huggies Diapers,2024-12-23,0,4.0,0.27,0.1
8820816082,Nyawita Dairy Shop,dairy,Nyawita sublocation,-0.0815694,34.7712899,SOP001,soap,Omo Detergent,2024-12-09,14,5.8,0.45,0.1
8820816082,Nyawita Dairy Shop,dairy,Nyawita sublocation,-0.0815694,34.7712899,SOP002,soap,Sunlight Bar Soap,2024-12-09,14,5.8,0.45,0.1
8820816082,Nyawita Dairy Shop,dairy,Nyawita sublocation,-0.0815694,34.7712899,SOP003,soap,Bidco Bar Soap,2024-12-16,7,2.1,0.28,0.5
8820816082,Nyawita Dairy Shop,dairy,Nyawita sublocation,-0.0815694,34.7712899,SOP004,soap,Dettol Bar Soap,2024-12-09,14,6.0,0.43,0.1
8820816082,Nyawita Dairy Shop,dairy,Nyawita sublocation,-0.0815694,34.7712899,SUG001,sugar,Mumias Sugar,2024-12-16,7,3.1,0.42,0.5
8820816082,Nyawita Dairy Shop,dairy,Nyawita sublocation,-0.0815694,34.7712899,SUG002,sugar,Mumias Sugar,2024-12-23,0,8.0,0.53,0.1
8820816082,Nyawita Dairy Shop,dairy,Nyawita sublocation,-0.0815694,34.7712899,SUG003,sugar,Nzoia Sugar,2024-12-23,0,16.0,0.6,0.1
8820816309,Denis Shop,kiosk,Nyawita sublocation,-0.0814791,34.7712572,BEV001,beverages,Afia Juice,2024-12-16,7,9.0,0.43,0.1
8820816309,Denis Shop,kiosk,Nyawita sublocation,-0.0814791,34.7712572,BEV002,beverages,Pick n Peel Juice,2024-12-16,7,7.9,0.58,0.1
8820816309,Denis Shop,kiosk,Nyawita sublocation,-0.0814791,34.7712572,BEV003,beverages,Tusker Lager,2024-12-23,0,12.0,0.44,0.1
8820816309,Denis Shop,kiosk,Nyawita sublocation,-0.0814791,34.7712572,BEV004,beverages,Coca-Cola Soda,2024-12-23,0,9.0,0.43,0.1
8820816309,Denis Shop,kiosk,Nyawita sublocation,-0.0814791,34.7712572,FLR001,flour,Jogoo Maize Flour,2024-12-02,21,4.6,0.73,0.5
8820816309,Denis Shop,kiosk,Nyawita sublocation,-0.0814791,34.7712572,FLR002,flour,Jogoo Maize Flour,2024-12-16,7,5.2,0.68,0.5
8820816309,Denis Shop,kiosk,Nyawita sublocation,-0.0814791,34.7712572,FLR003,flour,Pembe Maize Flour,2024-12-09,14,8.2,0.56,0.1
8820816309,Denis Shop,kiosk,Nyawita sublocation,-0.0814791,34.7712572,FLR004,flour,Kabras Maize Flour,2024-12-16,7,14.7,0.75,0.1
8820816309,Denis Shop,kiosk,Nyawita sublocation,-0.0814791,34.7712572,OIL001,cooking_oil,Golden Fry Cooking Oil,2024-12-23,0,8.0,0.51,0.1
8820816309,Denis Shop,kiosk,Nyawita sublocation,-0.0814791,34.7712572,OIL002,cooking_oil,Golden Fry Cooking Oil,2024-12-16,7,12.0,0.57,0.1
8820816309,Denis Shop,kiosk,Nyawita sublocation,-0.0814791,34.7712572,OIL003,cooking_oil,Soya King Cooking Oil,2024-12-16,7,5.4,0.66,0.5
8820816309,Denis Shop,kiosk,Nyawita sublocation,-0.0814791,34.7712572,OIL004,cooking_oil,Soya King Cooking Oil,2024-12-02,21,3.4,0.6,0.5
8820816309,Denis Shop,kiosk,Nyawita sublocation,-0.0814791,34.7712572,PC001,personal_care,Vaseline Body Lotion,2024-12-23,0,6.0,0.29,0.1
8820816309,Denis Shop,kiosk,Nyawita sublocation,-0.0814791,34.7712572,PC002,personal_care,Dove Bar Soap,2024-12-23,0,6.0,0.29,0.1
8820816309,Denis Shop,kiosk,Nyawita sublocation,-0.0814791,34.7712572,PC003,personal_care,Colgate Toothpaste,2024-12-09,14,4.0,0.29,0.1
8820816309,Denis Shop,kiosk,Nyawita sublocation,-0.0814791,34.7712572,SAN001,sanitary,Always Pads,2024-12-16,7,4.0,0.29,0.1
8820816309,Denis Shop,kiosk,Nyawita sublocation,-0.0814791,34.7712572,SAN002,sanitary,Huggies Diapers,2024-12-23,0,6.0,0.29,0.1
8820816309,Denis Shop,kiosk,Nyawita sublocation,-0.0814791,34.7712572,SOP001,soap,Omo Detergent,2024-12-09,14,5.8,0.45,0.1
8820816309,Denis Shop,kiosk,Nyawita sublocation,-0.0814791,34.7712572,SOP002,soap,Sunlight Bar Soap,2024-12-16,7,8.8,0.45,0.1
8820816309,Denis Shop,kiosk,Nyawita sublocation,-0.0814791,34.7712572,SOP003,soap,Bidco Bar Soap,2024-12-23,0,6.0,0.42,0.1
8820816309,Denis Shop,kiosk,Nyawita sublocation,-0.0814791,34.7712572,SOP004,soap,Dettol Bar Soap,2024-12-23,0,8.0,0.29,0.1
8820816309,Denis Shop,kiosk,Nyawita sublocation,-0.0814791,34.7712572,SUG001,sugar,Mumias Sugar,2024-12-16,7,4.3,0.52,0.5
8820816309,Denis Shop,kiosk,Nyawita sublocation,-0.0814791,34.7712572,SUG002,sugar,Mumias Sugar,2024-12-09,14,4.3,0.55,0.5
8820816309,Denis Shop,kiosk,Nyawita sublocation,-0.0814791,34.7712572,SUG003,sugar,Nzoia Sugar,2024-12-23,0,6.0,0.41,0.1
8820820649,Signet Shop,kiosk,Nyawita sublocation,-0.0809901,34.7713845,BEV001,beverages,Afia Juice,2024-12-09,14,3.9,0.58,0.5
8820820649,Signet Shop,kiosk,Nyawita sublocation,-0.0809901,34.7713845,BEV002,beverages,Pick n Peel Juice,2024-12-16,7,4.2,0.55,0.5
8820820649,Signet Shop,kiosk,Nyawita sublocation,-0.0809901,34.7713845,BEV003,beverages,Tusker Lager,2024-12-23,0,12.0,0.58,0.1
8820820649,Signet Shop,kiosk,Nyawita sublocation,-0.0809901,34.7713845,BEV004,beverages,Coca-Cola Soda,2024-12-09,14,7.8,0.58,0.1
8820820649,Signet Shop,kiosk,Nyawita sublocation,-0.0809901,34.7713845,FLR001,flour,Jogoo Maize Flour,2024-12-23,0,10.0,0.69,0.1
8820820649,Signet Shop,kiosk,Nyawita sublocation,-0.0809901,34.7713845,FLR002,flour,Jogoo Maize Flour,2024-12-23,0,20.0,0.75,0.1
8820820649,Signet Shop,kiosk,Nyawita sublocation,-0.0809901,34.7713845,FLR003,flour,Pembe Maize Flour,2024-12-23,0,24.0,0.89,0.1
8820820649,Signet Shop,kiosk,Nyawita sublocation,-0.0809901,34.7713845,FLR004,flour,Kabras Maize Flour,2024-12-16,7,14.7,0.76,0.1
8820820649,Signet Shop,kiosk,Nyawita sublocation,-0.0809901,34.7713845,OIL001,cooking_oil,Golden Fry Cooking Oil,2024-12-16,7,8.1,0.56,0.1
8820820649,Signet Shop,kiosk,Nyawita sublocation,-0.0809901,34.7713845,OIL002,cooking_oil,Golden Fry Cooking Oil,2024-12-16,7,4.2,0.55,0.5
8820820649,Signet Shop,kiosk,Nyawita sublocation,-0.0809901,34.7713845,OIL003,cooking_oil,Soya King Cooking Oil,2024-12-09,14,7.7,0.6,0.1
8820820649,Signet Shop,kiosk,Nyawita sublocation,-0.0809901,34.7713845,OIL004,cooking_oil,Soya King Cooking Oil,2024-12-16,7,14.8,0.74,0.1
8820820649,Signet Shop,kiosk,Nyawita sublocation,-0.0809901,34.7713845,PC001,personal_care,Vaseline Body Lotion,2024-12-02,21,1.8,0.29,0.5
8820820649,Signet Shop,kiosk,Nyawita sublocation,-0.0809901,34.7713845,PC002,personal_care,Dove Bar Soap,2024-12-16,7,3.1,0.42,0.5
8820820649,Signet Shop,kiosk,Nyawita sublocation,-0.0809901,34.7713845,PC003,personal_care,Colgate Toothpaste,2024-12-09,14,5.9,0.44,0.1
8820820649,Signet Shop,kiosk,Nyawita sublocation,-0.0809901,34.7713845,SAN001,sanitary,Always Pads,2024-12-16,7,2.1,0.28,0.5
8820820649,Signet Shop,kiosk,Nyawita sublocation,-0.0809901,34.7713845,SAN002,sanitary,Huggies Diapers,2024-12-16,7,4.0,0.28,0.1
8820820649,Signet Shop,kiosk,Nyawita sublocation,-0.0809901,34.7713845,SOP001,soap,Omo Detergent,2024-12-16,7,3.1,0.41,0.5
8820820649,Signet Shop,kiosk,Nyawita sublocation,-0.0809901,34.7713845,SOP002,soap,Sunlight Bar Soap,2024-12-16,7,8.8,0.45,0.1
8820820649,Signet Shop,kiosk,Nyawita sublocation,-0.0809901,34.7713845,SOP003,soap,Bidco Bar Soap,2024-12-09,14,3.1,0.42,0.5
8820820649,Signet Shop,kiosk,Nyawita sublocation,-0.0809901,34.7713845,SOP004,soap,Dettol Bar Soap,2024-12-23,0,6.0,0.42,0.1
8820820649,Signet Shop,kiosk,Nyawita sublocation,-0.0809901,34.7713845,SUG001,sugar,Mumias Sugar,2024-12-16,7,11.7,0.61,0.1
8820820649,Signet Shop,kiosk,Nyawita sublocation,-0.0809901,34.7713845,SUG002,sugar,Mumias Sugar,2024-12-09,14,3.9,0.58,0.5
8820820649,Signet Shop,kiosk,Nyawita sublocation,-0.0809901,34.7713845,SUG003,sugar,Nzoia Sugar,2024-12-09,14,7.7,0.6,0.1
8820825354,Mama Juliet Shop,kiosk,Nyawita sublocation,-0.0811011,34.7714351,BEV001,beverages,Afia Juice,2024-12-23,0,9.0,0.41,0.1
8820825354,Mama Juliet Shop,kiosk,Nyawita sublocation,-0.0811011,34.7714351,BEV002,beverages,Pick n Peel Juice,2024-12-09,14,5.8,0.45,0.1
8820825354,Mama Juliet Shop,kiosk,Nyawita sublocation,-0.0811011,34.7714351,BEV003,beverages,Tusker Lager,2024-12-16,7,5.9,0.44,0.1
8820825354,Mama Juliet Shop,kiosk,Nyawita sublocation,-0.0811011,34.7714351,BEV004,beverages,Coca-Cola Soda,2024-12-16,7,8.0,0.58,0.1
8820825354,Mama Juliet Shop,kiosk,Nyawita sublocation,-0.0811011,34.7714351,FLR001,flour,Jogoo Maize Flour,2024-12-16,7,6.2,0.83,0.5
8820825354,Mama Juliet Shop,kiosk,Nyawita sublocation,-0.0811011,34.7714351,FLR002,flour,Jogoo Maize Flour,2024-12-02,21,5.9,0.67,0.5
8820825354,Mama Juliet Shop,kiosk,Nyawita sublocation,-0.0811011,34.7714351,FLR003,flour,Pembe Maize Flour,2024-12-16,7,10.3,0.67,0.1
8820825354,Mama Juliet Shop,kiosk,Nyawita sublocation,-0.0811011,34.7714351,FLR004,flour,Kabras Maize Flour,2024-12-09,14,5.6,0.67,0.5
8820825354,Mama Juliet Shop,kiosk,Nyawita sublocation,-0.0811011,34.7714351,OIL001,cooking_oil,Golden Fry Cooking Oil,2024-12-09,14,5.0,0.71,0.5
8820825354,Mama Juliet Shop,kiosk,Nyawita sublocation,-0.0811011,34.7714351,OIL002,cooking_oil,Golden Fry Cooking Oil,2024-12-09,14,7.7,0.6,0.1
8820825354,Mama Juliet Shop,kiosk,Nyawita sublocation,-0.0811011,34.7714351,OIL003,cooking_oil,Soya King Cooking Oil,2024-12-16,7,12.0,0.57,0.1
8820825354,Mama Juliet Shop,kiosk,Nyawita sublocation,-0.0811011,34.7714351,OIL004,cooking_oil,Soya King Cooking Oil,2024-12-09,14,7.8,0.58,0.1
8820825354,Mama Juliet Shop,kiosk,Nyawita sublocation,-0.0811011,34.7714351,PC001,personal_care,Vaseline Body Lotion,2024-12-09,14,3.8,0.3,0.1
8820825354,Mama Juliet Shop,kiosk,Nyawita sublocation,-0.0811011,34.7714351,PC002,personal_care,Dove Bar Soap,2024-12-09,14,1.9,0.29,0.5
8820825354,Mama Juliet Shop,kiosk,Nyawita sublocation,-0.0811011,34.7714351,PC003,personal_care,Colgate Toothpaste,2024-12-16,7,4.1,0.27,0.1
8820825354,Mama Juliet Shop,kiosk,Nyawita sublocation,-0.0811011,34.7714351,SAN001,sanitary,Always Pads,2024-12-23,0,4.0,0.28,0.1
8820825354,Mama Juliet Shop,kiosk,Nyawita sublocation,-0.0811011,34.7714351,SAN002,sanitary,Huggies Diapers,2024-12-09,14,4.1,0.28,0.1
8820825354,Mama Juliet Shop,kiosk,Nyawita sublocation,-0.0811011,34.7714351,SOP001,soap,Omo Detergent,2024-12-09,14,3.0,0.43,0.5
8820825354,Mama Juliet Shop,kiosk,Nyawita sublocation,-0.0811011,34.7714351,SOP002,soap,Sunlight Bar Soap,2024-12-23,0,6.0,0.29,0.1
8820825354,Mama Juliet Shop,kiosk,Nyawita sublocation,-0.0811011,34.7714351,SOP003,soap,Bidco Bar Soap,2024-12-02,21,3.1,0.42,0.5
8820825354,Mama Juliet Shop,kiosk,Nyawita sublocation,-0.0811011,34.7714351,SOP004,soap,Dettol Bar Soap,2024-12-23,0,6.0,0.41,0.1
8820825354,Mama Juliet Shop,kiosk,Nyawita sublocation,-0.0811011,34.7714351,SUG001,sugar,Mumias Sugar,2024-12-09,14,8.2,0.56,0.1
8820825354,Mama Juliet Shop,kiosk,Nyawita sublocation,-0.0811011,34.7714351,SUG002,sugar,Mumias Sugar,2024-12-23,0,16.0,0.6,0.1
8820825354,Mama Juliet Shop,kiosk,Nyawita sublocation,-0.0811011,34.7714351,SUG003,sugar,Nzoia Sugar,2024-12-16,7,8.1,0.55,0.1
8820855657,Kananga Everfresh Butchery,butcher,Nyawita sublocation,-0.0805837,34.7717521,BEV001,beverages,Afia Juice,2024-12-23,0,12.0,0.54,0.1
8820855657,Kananga Everfresh Butchery,butcher,Nyawita sublocation,-0.0805837,34.7717521,BEV002,beverages,Pick n Peel Juice,2024-12-16,7,6.0,0.43,0.1
8820855657,Kananga Everfresh Butchery,butcher,Nyawita sublocation,-0.0805837,34.7717521,BEV003,beverages,Tusker Lager,2024-12-02,21,3.5,0.4,0.5
8820855657,Kananga Everfresh Butchery,butcher,Nyawita sublocation,-0.0805837,34.7717521,BEV004,beverages,Coca-Cola Soda,2024-12-16,7,3.3,0.38,0.5
8820855657,Kananga Everfresh Butchery,butcher,Nyawita sublocation,-0.0805837,34.7717521,FLR001,flour,Jogoo Maize Flour,2024-12-09,14,6.5,0.82,0.5
8820855657,Kananga Everfresh Butchery,butcher,Nyawita sublocation,-0.0805837,34.7717521,FLR002,flour,Jogoo Maize Flour,2024-12-23,0,16.0,0.59,0.1
8820855657,Kananga Everfresh Butchery,butcher,Nyawita sublocation,-0.0805837,34.7717521,FLR003,flour,Pembe Maize Flour,2024-12-09,14,6.0,0.86,0.5
8820855657,Kananga Everfresh Butchery,butcher,Nyawita sublocation,-0.0805837,34.7717521,FLR004,flour,Kabras Maize Flour,2024-12-23,0,20.0,0.72,0.1
8820855657,Kananga Everfresh Butchery,butcher,Nyawita sublocation,-0.0805837,34.7717521,OIL001,cooking_oil,Golden Fry Cooking Oil,2024-12-23,0,15.0,0.71,0.1
8820855657,Kananga Everfresh Butchery,butcher,Nyawita sublocation,-0.0805837,34.7717521,OIL002,cooking_oil,Golden Fry Cooking Oil,2024-12-16,7,8.1,0.55,0.1
8820855657,Kananga Everfresh Butchery,butcher,Nyawita sublocation,-0.0805837,34.7717521,OIL003,cooking_oil,Soya King Cooking Oil,2024-12-16,7,11.9,0.59,0.1
8820855657,Kananga Everfresh Butchery,butcher,Nyawita sublocation,-0.0805837,34.7717521,OIL004,cooking_oil,Soya King Cooking Oil,2024-12-16,7,12.2,0.55,0.1
8820855657,Kananga Everfresh Butchery,butcher,Nyawita sublocation,-0.0805837,34.7717521,PC001,personal_care,Vaseline Body Lotion,2024-12-09,14,6.1,0.42,0.1
8820855657,Kananga Everfresh Butchery,butcher,Nyawita sublocation,-0.0805837,34.7717521,PC002,personal_care,Dove Bar Soap,2024-12-16,7,8.8,0.45,0.1
8820855657,Kananga Everfresh Butchery,butcher,Nyawita sublocation,-0.0805837,34.7717521,PC003,personal_care,Colgate Toothpaste,2024-12-09,14,4.1,0.28,0.1
8820855657,Kananga Everfresh Butchery,butcher,Nyawita sublocation,-0.0805837,34.7717521,SAN001,sanitary,Always Pads,2024-12-23,0,6.0,0.28,0.1
8820855657,Kananga Everfresh Butchery,butcher,Nyawita sublocation,-0.0805837,34.7717521,SAN002,sanitary,Huggies Diapers,2024-12-02,21,2.1,0.28,0.5
8820855657,Kananga Everfresh Butchery,butcher,Nyawita sublocation,-0.0805837,34.7717521,SOP001,soap,Omo Detergent,2024-12-16,7,6.0,0.43,0.1
8820855657,Kananga Everfresh Butchery,butcher,Nyawita sublocation,-0.0805837,34.7717521,SOP002,soap,Sunlight Bar Soap,2024-12-09,14,3.2,0.41,0.5
8820855657,Kananga Everfresh Butchery,butcher,Nyawita sublocation,-0.0805837,34.7717521,SOP003,soap,Bidco Bar Soap,2024-12-16,7,6.0,0.43,0.1
8820855657,Kananga Everfresh Butchery,butcher,Nyawita sublocation,-0.0805837,34.7717521,SOP004,soap,Dettol Bar Soap,2024-12-23,0,6.0,0.37,0.1
8820855657,Kananga Everfresh Butchery,butcher,Nyawita sublocation,-0.0805837,34.7717521,SUG001,sugar,Mumias Sugar,2024-12-16,7,8.1,0.55,0.1
8820855657,Kananga Everfresh Butchery,butcher,Nyawita sublocation,-0.0805837,34.7717521,SUG002,sugar,Mumias Sugar,2024-12-23,0,8.0,0.52,0.1
8820855657,Kananga Everfresh Butchery,butcher,Nyawita sublocation,-0.0805837,34.7717521,SUG003,sugar,Nzoia Sugar,2024-12-09,14,3.9,0.58,0.5
8820886815,NEEMA Dairy Shop,dairy,Nyawita sublocation,-0.0800864,34.7667771,BEV001,beverages,Afia Juice,2024-12-23,0,9.0,0.44,0.1
8820886815,NEEMA Dairy Shop,dairy,Nyawita sublocation,-0.0800864,34.7667771,BEV002,beverages,Pick n Peel Juice,2024-12-02,21,3.3,0.41,0.5
8820886815,NEEMA Dairy Shop,dairy,Nyawita sublocation,-0.0800864,34.7667771,BEV003,beverages,Tusker Lager,2024-12-23,0,12.0,0.43,0.1
8820886815,NEEMA Dairy Shop,dairy,Nyawita sublocation,-0.0800864,34.7667771,BEV004,beverages,Coca-Cola Soda,2024-12-02,21,3.1,0.42,0.5
8820886815,NEEMA Dairy Shop,dairy,Nyawita sublocation,-0.0800864,34.7667771,FLR001,flour,Jogoo Maize Flour,2024-12-02,21,5.2,0.7,0.5
8820886815,NEEMA Dairy Shop,dairy,Nyawita sublocation,-0.0800864,34.7667771,FLR002,flour,Jogoo Maize Flour,2024-12-02,21,4.4,0.55,0.5
8820886815,NEEMA Dairy Shop,dairy,Nyawita sublocation,-0.0800864,34.7667771,FLR003,flour,Pembe Maize Flour,2024-12-16,7,4.2,0.55,0.5
8820886815,NEEMA Dairy Shop,dairy,Nyawita sublocation,-0.0800864,34.7667771,FLR004,flour,Kabras Maize Flour,2024-12-16,7,5.2,0.69,0.5
8820886815,NEEMA Dairy Shop,dairy,Nyawita sublocation,-0.0800864,34.7667771,OIL001,cooking_oil,Golden Fry Cooking Oil,2024-12-23,0,6.0,0.39,0.1
8820886815,NEEMA Dairy Shop,dairy,Nyawita sublocation,-0.0800864,34.7667771,OIL002,cooking_oil,Golden Fry Cooking Oil,2024-12-16,7,3.3,0.39,0.5
8820886815,NEEMA Dairy Shop,dairy,Nyawita sublocation,-0.0800864,34.7667771,OIL003,cooking_oil,Soya King Cooking Oil,2024-12-16,7,8.0,0.58,0.1
8820886815,NEEMA Dairy Shop,dairy,Nyawita sublocation,-0.0800864,34.7667771,OIL004,cooking_oil,Soya King Cooking Oil,2024-12-23,0,8.0,0.52,0.1
8820886815,NEEMA Dairy Shop,dairy,Nyawita sublocation,-0.0800864,34.7667771,PC001,personal_care,Vaseline Body Lotion,2024-12-23,0,4.0,0.26,0.1
8820886815,NEEMA Dairy Shop,dairy,Nyawita sublocation,-0.0800864,34.7667771,PC002,personal_care,Dove Bar Soap,2024-12-09,14,3.8,0.3,0.1
8820886815,NEEMA Dairy Shop,dairy,Nyawita sublocation,-0.0800864,34.7667771,PC003,personal_care,Colgate Toothpaste,2024-12-02,21,2.0,0.29,0.5
8820886815,NEEMA Dairy Shop,dairy,Nyawita sublocation,-0.0800864,34.7667771,SAN001,sanitary,Always Pads,2024-12-23,0,4.0,0.28,0.1
8820886815,NEEMA Dairy Shop,dairy,Nyawita sublocation,-0.0800864,34.7667771,SAN002,sanitary,Huggies Diapers,2024-12-02,21,0.8,0.15,0.5
8820886815,NEEMA Dairy Shop,dairy,Nyawita sublocation,-0.0800864,34.7667771,SOP001,soap,Omo Detergent,2024-12-16,7,2.1,0.27,0.5
8820886815,NEEMA Dairy Shop,dairy,Nyawita sublocation,-0.0800864,34.7667771,SOP002,soap,Sunlight Bar Soap,2024-12-16,7,6.1,0.42,0.1
8820886815,NEEMA Dairy Shop,dairy,Nyawita sublocation,-0.0800864,34.7667771,SOP003,soap,Bidco Bar Soap,2024-12-02,21,1.7,0.3,0.5
8820886815,NEEMA Dairy Shop,dairy,Nyawita sublocation,-0.0800864,34.7667771,SOP004,soap,Dettol Bar Soap,2024-12-23,0,12.0,0.42,0.1
8820886815,NEEMA Dairy Shop,dairy,Nyawita sublocation,-0.0800864,34.7667771,SUG001,sugar,Mumias Sugar,2024-12-09,14,4.2,0.56,0.5
8820886815,NEEMA Dairy Shop,dairy,Nyawita sublocation,-0.0800864,34.7667771,SUG002,sugar,Mumias Sugar,2024-12-23,0,6.0,0.4,0.1
8820886815,NEEMA Dairy Shop,dairy,Nyawita sublocation,-0.0800864,34.7667771,SUG003,sugar,Nzoia Sugar,2024-12-16,7,9.2,0.4,0.1
8820899854,Butchery,butcher,Nyawita sublocation,-0.0799517,34.7670517,BEV001,beverages,Afia Juice,2024-12-16,7,3.2,0.4,0.5
8820899854,Butchery,butcher,Nyawita sublocation,-0.0799517,34.7670517,BEV002,beverages,Pick n Peel Juice,2024-12-02,21,2.7,0.44,0.5
8820899854,Butchery,butcher,Nyawita sublocation,-0.0799517,34.7670517,BEV003,beverages,Tusker Lager,2024-12-09,14,3.0,0.43,0.5
8820899854,Butchery,butcher,Nyawita sublocation,-0.0799517,34.7670517,BEV004,beverages,Coca-Cola Soda,2024-12-23,0,6.0,0.41,0.1
8820899854,Butchery,butcher,Nyawita sublocation,-0.0799517,34.7670517,FLR001,flour,Jogoo Maize Flour,2024-12-16,7,9.9,0.72,0.1
8820899854,Butchery,butcher,Nyawita sublocation,-0.0799517,34.7670517,FLR002,flour,Jogoo Maize Flour,2024-12-23,0,16.0,0.61,0.1
8820899854,Butchery,butcher,Nyawita sublocation,-0.0799517,34.7670517,FLR003,flour,Pembe Maize Flour,2024-12-23,0,10.0,0.7,0.1
8820899854,Butchery,butcher,Nyawita sublocation,-0.0799517,34.7670517,FLR004,flour,Kabras Maize Flour,2024-12-23,0,15.0,0.72,0.1
8820899854,Butchery,butcher,Nyawita sublocation,-0.0799517,34.7670517,OIL001,cooking_oil,Golden Fry Cooking Oil,2024-12-16,7,4.1,0.55,0.5
8820899854,Butchery,butcher,Nyawita sublocation,-0.0799517,34.7670517,OIL002,cooking_oil,Golden Fry Cooking Oil,2024-12-09,14,2.9,0.44,0.5
8820899854,Butchery,butcher,Nyawita sublocation,-0.0799517,34.7670517,OIL003,cooking_oil,Soya King Cooking Oil,2024-12-23,0,8.0,0.56,0.1
8820899854,Butchery,butcher,Nyawita sublocation,-0.0799517,34.7670517,OIL004,cooking_oil,Soya King Cooking Oil,2024-12-16,7,6.0,0.43,0.1
8820899854,Butchery,butcher,Nyawita sublocation,-0.0799517,34.7670517,PC001,personal_care,Vaseline Body Lotion,2024-12-23,0,6.0,0.29,0.1
8820899854,Butchery,butcher,Nyawita sublocation,-0.0799517,34.7670517,PC002,personal_care,Dove Bar Soap,2024-12-16,7,4.0,0.29,0.1
8820899854,Butchery,butcher,Nyawita sublocation,-0.0799517,34.7670517,PC003,personal_care,Colgate Toothpaste,2024-12-02,21,1.7,0.3,0.5
8820899854,Butchery,butcher,Nyawita sublocation,-0.0799517,34.7670517,SAN001,sanitary,Always Pads,2024-12-23,0,4.0,0.28,0.1
8820899854,Butchery,butcher,Nyawita sublocation,-0.0799517,34.7670517,SAN002,sanitary,Huggies Diapers,2024-12-02,21,1.8,0.29,0.5
8820899854,Butchery,butcher,Nyawita sublocation,-0.0799517,34.7670517,SOP001,soap,Omo Detergent,2024-12-16,7,6.1,0.42,0.1
8820899854,Butchery,butcher,Nyawita sublocation,-0.0799517,34.7670517,SOP002,soap,Sunlight Bar Soap,2024-12-23,0,6.0,0.41,0.1
8820899854,Butchery,butcher,Nyawita sublocation,-0.0799517,34.7670517,SOP003,soap,Bidco Bar Soap,2024-12-23,0,9.0,0.43,0.1
8820899854,Butchery,butcher,Nyawita sublocation,-0.0799517,34.7670517,SOP004,soap,Dettol Bar Soap,2024-12-23,0,4.0,0.27,0.1
8820899854,Butchery,butcher,Nyawita sublocation,-0.0799517,34.7670517,SUG001,sugar,Mumias Sugar,2024-12-23,0,12.0,0.57,0.1
8820899854,Butchery,butcher,Nyawita sublocation,-0.0799517,34.7670517,SUG002,sugar,Mumias Sugar,2024-12-16,7,8.8,0.45,0.1
8820899854,Butchery,butcher,Nyawita sublocation,-0.0799517,34.7670517,SUG003,sugar,Nzoia Sugar,2024-12-16,7,8.8,0.45,0.1
8820906538,Imani Meat Butchery,butcher,Kanyakwar sublocation,-0.0803643,34.76621,BEV001,beverages,Afia Juice,2024-12-23,0,8.0,0.3,0.1
8820906538,Imani Meat Butchery,butcher,Kanyakwar sublocation,-0.0803643,34.76621,BEV002,beverages,Pick n Peel Juice,2024-12-16,7,3.3,0.39,0.5
8820906538,Imani Meat Butchery,butcher,Kanyakwar sublocation,-0.0803643,34.76621,BEV003,beverages,Tusker Lager,2024-12-16,7,3.3,0.39,0.5
8820906538,Imani Meat Butchery,butcher,Kanyakwar sublocation,-0.0803643,34.76621,BEV004,beverages,Coca-Cola Soda,2024-12-16,7,4.1,0.28,0.1
8820906538,Imani Meat Butchery,butcher,Kanyakwar sublocation,-0.0803643,34.76621,FLR001,flour,Jogoo Maize Flour,2024-12-16,7,5.1,0.7,0.5
8820906538,Imani Meat Butchery,butcher,Kanyakwar sublocation,-0.0803643,34.76621,FLR002,flour,Jogoo Maize Flour,2024-12-16,7,12.0,0.58,0.1
8820906538,Imani Meat Butchery,butcher,Kanyakwar sublocation,-0.0803643,34.76621,FLR003,flour,Pembe Maize Flour,2024-12-16,7,4.3,0.52,0.5
8820906538,Imani Meat Butchery,butcher,Kanyakwar sublocation,-0.0803643,34.76621,FLR004,flour,Kabras Maize Flour,2024-12-16,7,8.2,0.55,0.1
8820906538,Imani Meat Butchery,butcher,Kanyakwar sublocation,-0.0803643,34.76621,OIL001,cooking_oil,Golden Fry Cooking Oil,2024-12-16,7,4.5,0.5,0.5
8820906538,Imani Meat Butchery,butcher,Kanyakwar sublocation,-0.0803643,34.76621,OIL002,cooking_oil,Golden Fry Cooking Oil,2024-12-23,0,12.0,0.44,0.1
8820906538,Imani Meat Butchery,butcher,Kanyakwar sublocation,-0.0803643,34.76621,OIL003,cooking_oil,Soya King Cooking Oil,2024-12-16,7,6.1,0.42,0.1
8820906538,Imani Meat Butchery,butcher,Kanyakwar sublocation,-0.0803643,34.76621,OIL004,cooking_oil,Soya King Cooking Oil,2024-12-16,7,6.0,0.43,0.1
8820906538,Imani Meat Butchery,butcher,Kanyakwar sublocation,-0.0803643,34.76621,PC001,personal_care,Vaseline Body Lotion,2024-12-23,0,8.0,0.29,0.1
8820906538,Imani Meat Butchery,butcher,Kanyakwar sublocation,-0.0803643,34.76621,PC002,personal_care,Dove Bar Soap,2024-12-23,0,3.0,0.14,0.1
8820906538,Imani Meat Butchery,butcher,Kanyakwar sublocation,-0.0803643,34.76621,PC003,personal_care,Colgate Toothpaste,2024-12-23,0,8.0,0.3,0.1
8820906538,Imani Meat Butchery,butcher,Kanyakwar sublocation,-0.0803643,34.76621,SAN001,sanitary,Always Pads,2024-12-16,7,1.1,0.13,0.5
8820906538,Imani Meat Butchery,butcher,Kanyakwar sublocation,-0.0803643,34.76621,SAN002,sanitary,Huggies Diapers,2024-12-16,7,1.0,0.14,0.5
8820906538,Imani Meat Butchery,butcher,Kanyakwar sublocation,-0.0803643,34.76621,SOP001,soap,Omo Detergent,2024-12-16,7,2.2,0.25,0.5
8820906538,Imani Meat Butchery,butcher,Kanyakwar sublocation,-0.0803643,34.76621,SOP002,soap,Sunlight Bar Soap,2024-12-16,7,6.2,0.26,0.1
8820906538,Imani Meat Butchery,butcher,Kanyakwar sublocation,-0.0803643,34.76621,SOP003,soap,Bidco Bar Soap,2024-12-02,21,1.7,0.3,0.5
8820906538,Imani Meat Butchery,butcher,Kanyakwar sublocation,-0.0803643,34.76621,SOP004,soap,Dettol Bar Soap,2024-12-16,7,2.0,0.28,0.5
8820906538,Imani Meat Butchery,butcher,Kanyakwar sublocation,-0.0803643,34.76621,SUG001,sugar,Mumias Sugar,2024-12-16,7,6.2,0.4,0.1
8820906538,Imani Meat Butchery,butcher,Kanyakwar sublocation,-0.0803643,34.76621,SUG002,sugar,Mumias Sugar,2024-12-16,7,5.9,0.3,0.1
8820906538,Imani Meat Butchery,butcher,Kanyakwar sublocation,-0.0803643,34.76621,SUG003,sugar,Nzoia Sugar,2024-12-16,7,8.8,0.45,0.1
8823995282,Juba General shop,kiosk,Nyawita sublocation,-0.0808214,34.7664914,BEV001,beverages,Afia Juice,2024-12-16,7,6.0,0.43,0.1
8823995282,Juba General shop,kiosk,Nyawita sublocation,-0.0808214,34.7664914,BEV002,beverages,Pick n Peel Juice,2024-12-16,7,3.1,0.42,0.5
8823995282,Juba General shop,kiosk,Nyawita sublocation,-0.0808214,34.7664914,BEV003,beverages,Tusker Lager,2024-12-09,14,3.0,0.43,0.5
8823995282,Juba General shop,kiosk,Nyawita sublocation,-0.0808214,34.7664914,BEV004,beverages,Coca-Cola Soda,2024-12-09,14,3.8,0.3,0.1
8823995282,Juba General shop,kiosk,Nyawita sublocation,-0.0808214,34.7664914,FLR001,flour,Jogoo Maize Flour,2024-12-16,7,5.3,0.67,0.5
8823995282,Juba General shop,kiosk,Nyawita sublocation,-0.0808214,34.7664914,FLR002,flour,Jogoo Maize Flour,2024-12-16,7,7.9,0.58,0.1
8823995282,Juba General shop,kiosk,Nyawita sublocation,-0.0808214,34.7664914,FLR003,flour,Pembe Maize Flour,2024-12-16,7,14.7,0.75,0.1
8823995282,Juba General shop,kiosk,Nyawita sublocation,-0.0808214,34.7664914,FLR004,flour,Kabras Maize Flour,2024-12-23,0,12.0,0.58,0.1
8823995282,Juba General shop,kiosk,Nyawita sublocation,-0.0808214,34.7664914,OIL001,cooking_oil,Golden Fry Cooking Oil,2024-12-02,21,3.4,0.6,0.5
8823995282,Juba General shop,kiosk,Nyawita sublocation,-0.0808214,34.7664914,OIL002,cooking_oil,Golden Fry Cooking Oil,2024-12-09,14,3.9,0.58,0.5
8823995282,Juba General shop,kiosk,Nyawita sublocation,-0.0808214,34.7664914,OIL003,cooking_oil,Soya King Cooking Oil,2024-12-02,21,2.5,0.45,0.5
8823995282,Juba General shop,kiosk,Nyawita sublocation,-0.0808214,34.7664914,OIL004,cooking_oil,Soya King Cooking Oil,2024-12-16,7,8.8,0.45,0.1
8823995282,Juba General shop,kiosk,Nyawita sublocation,-0.0808214,34.7664914,PC001,personal_care,Vaseline Body Lotion,2024-12-16,7,4.0,0.29,0.1
8823995282,Juba General shop,kiosk,Nyawita sublocation,-0.0808214,34.7664914,PC002,personal_care,Dove Bar Soap,2024-12-23,0,6.0,0.29,0.1
8823995282,Juba General shop,kiosk,Nyawita sublocation,-0.0808214,34.7664914,PC003,personal_care,Colgate Toothpaste,2024-12-09,14,2.0,0.29,0.5
8823995282,Juba General shop,kiosk,Nyawita sublocation,-0.0808214,34.7664914,SAN001,sanitary,Always Pads,2024-12-16,7,4.0,0.28,0.1
8823995282,Juba General shop,kiosk,Nyawita sublocation,-0.0808214,34.7664914,SAN002,sanitary,Huggies Diapers,2024-12-23,0,3.0,0.14,0.1
8823995282,Juba General shop,kiosk,Nyawita sublocation,-0.0808214,34.7664914,SOP001,soap,Omo Detergent,2024-12-09,14,3.0,0.43,0.5
8823995282,Juba General shop,kiosk,Nyawita sublocation,-0.0808214,34.7664914,SOP002,soap,Sunlight Bar Soap,2024-12-16,7,6.0,0.43,0.1
8823995282,Juba General shop,kiosk,Nyawita sublocation,-0.0808214,34.7664914,SOP003,soap,Bidco Bar Soap,2024-12-23,0,8.0,0.3,0.1
8823995282,Juba General shop,kiosk,Nyawita sublocation,-0.0808214,34.7664914,SOP004,soap,Dettol Bar Soap,2024-12-16,7,8.9,0.44,0.1
8823995282,Juba General shop,kiosk,Nyawita sublocation,-0.0808214,34.7664914,SUG001,sugar,Mumias Sugar,2024-12-02,21,2.7,0.44,0.5
8823995282,Juba General shop,kiosk,Nyawita sublocation,-0.0808214,34.7664914,SUG002,sugar,Mumias Sugar,2024-12-16,7,3.1,0.41,0.5
8823995282,Juba General shop,kiosk,Nyawita sublocation,-0.0808214,34.7664914,SUG003,sugar,Nzoia Sugar,2024-12-09,14,5.9,0.44,0.1
8824025979,Three Star Butchery,butcher,Nyawita sublocation,-0.0815633,34.7652117,BEV001,beverages,Afia Juice,2024-12-16,7,3.1,0.42,0.5
8824025979,Three Star Butchery,butcher,Nyawita sublocation,-0.0815633,34.7652117,BEV002,beverages,Pick n Peel Juice,2024-12-16,7,5.9,0.3,0.1
8824025979,Three Star Butchery,butcher,Nyawita sublocation,-0.0815633,34.7652117,BEV003,beverages,Tusker Lager,2024-12-23,0,8.0,0.29,0.1
8824025979,Three Star Butchery,butcher,Nyawita sublocation,-0.0815633,34.7652117,BEV004,beverages,Coca-Cola Soda,2024-12-23,0,4.0,0.28,0.1
8824025979,Three Star Butchery,butcher,Nyawita sublocation,-0.0815633,34.7652117,FLR001,flour,Jogoo Maize Flour,2024-12-09,14,3.0,0.43,0.5
8824025979,Three Star Butchery,butcher,Nyawita sublocation,-0.0815633,34.7652117,FLR002,flour,Jogoo Maize Flour,2024-12-16,7,11.8,0.6,0.1
8824025979,Three Star Butchery,butcher,Nyawita sublocation,-0.0815633,34.7652117,FLR003,flour,Pembe Maize Flour,2024-12-16,7,4.2,0.55,0.5
8824025979,Three Star Butchery,butcher,Nyawita sublocation,-0.0815633,34.7652117,FLR004,flour,Kabras Maize Flour,2024-12-23,0,6.0,0.41,0.1
8824025979,Three Star Butchery,butcher,Nyawita sublocation,-0.0815633,34.7652117,OIL001,cooking_oil,Golden Fry Cooking Oil,2024-12-16,7,8.8,0.46,0.1
8824025979,Three Star Butchery,butcher,Nyawita sublocation,-0.0815633,34.7652117,OIL002,cooking_oil,Golden Fry Cooking Oil,2024-12-23,0,6.0,0.41,0.1
8824025979,Three Star Butchery,butcher,Nyawita sublocation,-0.0815633,34.7652117,OIL003,cooking_oil,Soya King Cooking Oil,2024-12-16,7,3.1,0.42,0.5
8824025979,Three Star Butchery,butcher,Nyawita sublocation,-0.0815633,34.7652117,OIL004,cooking_oil,Soya King Cooking Oil,2024-12-16,7,4.2,0.55,0.5
8824025979,Three Star Butchery,butcher,Nyawita sublocation,-0.0815633,34.7652117,PC001,personal_care,Vaseline Body Lotion,2024-12-02,21,1.8,0.29,0.5
8824025979,Three Star Butchery,butcher,Nyawita sublocation,-0.0815633,34.7652117,PC002,personal_care,Dove Bar Soap,2024-12-02,21,1.8,0.29,0.5
8824025979,Three Star Butchery,butcher,Nyawita sublocation,-0.0815633,34.7652117,PC003,personal_care,Colgate Toothpaste,2024-12-16,7,3.0,0.14,0.1
8824025979,Three Star Butchery,butcher,Nyawita sublocation,-0.0815633,34.7652117,SAN001,sanitary,Always Pads,2024-12-09,14,2.1,0.28,0.5
8824025979,Three Star Butchery,butcher,Nyawita sublocation,-0.0815633,34.7652117,SAN002,sanitary,Huggies Diapers,2024-12-09,14,1.0,0.14,0.5
8824025979,Three Star Butchery,butcher,Nyawita sublocation,-0.0815633,34.7652117,SOP001,soap,Omo Detergent,2024-12-16,7,4.0,0.28,0.1
8824025979,Three Star Butchery,butcher,Nyawita sublocation,-0.0815633,34.7652117,SOP002,soap,Sunlight Bar Soap,2024-12-23,0,8.0,0.3,0.1
8824025979,Three Star Butchery,butcher,Nyawita sublocation,-0.0815633,34.7652117,SOP003,soap,Bidco Bar Soap,2024-12-09,14,1.9,0.29,0.5
8824025979,Three Star Butchery,butcher,Nyawita sublocation,-0.0815633,34.7652117,SOP004,soap,Dettol Bar Soap,2024-12-23,0,8.0,0.3,0.1
8824025979,Three Star Butchery,butcher,Nyawita sublocation,-0.0815633,34.7652117,SUG001,sugar,Mumias Sugar,2024-12-23,0,9.0,0.43,0.1
8824025979,Three Star Butchery,butcher,Nyawita sublocation,-0.0815633,34.7652117,SUG002,sugar,Mumias Sugar,2024-12-23,0,9.0,0.42,0.1
8824025979,Three Star Butchery,butcher,Nyawita sublocation,-0.0815633,34.7652117,SUG003,sugar,Nzoia Sugar,2024-12-23,0,12.0,0.44,0.1
8824028730,Edu Shop,kiosk,Nyawita sublocation,-0.0812517,34.7654833,BEV001,beverages,Afia Juice,2024-12-23,0,6.0,0.29,0.1
8824028730,Edu Shop,kiosk,Nyawita sublocation,-0.0812517,34.7654833,BEV002,beverages,Pick n Peel Juice,2024-12-16,7,8.8,0.45,0.1
8824028730,Edu Shop,kiosk,Nyawita sublocation,-0.0812517,34.7654833,BEV003,beverages,Tusker Lager,2024-12-02,21,1.6,0.3,0.5
8824028730,Edu Shop,kiosk,Nyawita sublocation,-0.0812517,34.7654833,BEV004,beverages,Coca-Cola Soda,2024-12-02,21,2.1,0.28,0.5
8824028730,Edu Shop,kiosk,Nyawita sublocation,-0.0812517,34.7654833,FLR001,flour,Jogoo Maize Flour,2024-12-23,0,12.0,0.55,0.1
8824028730,Edu Shop,kiosk,Nyawita sublocation,-0.0812517,34.7654833,FLR002,flour,Jogoo Maize Flour,2024-12-23,0,9.0,0.43,0.1
8824028730,Edu Shop,kiosk,Nyawita sublocation,-0.0812517,34.7654833,FLR003,flour,Pembe Maize Flour,2024-12-16,7,12.0,0.58,0.1
8824028730,Edu Shop,kiosk,Nyawita sublocation,-0.0812517,34.7654833,FLR004,flour,Kabras Maize Flour,2024-12-23,0,6.0,0.39,0.1
8824028730,Edu Shop,kiosk,Nyawita sublocation,-0.0812517,34.7654833,OIL001,cooking_oil,Golden Fry Cooking Oil,2024-12-23,0,12.0,0.45,0.1
8824028730,Edu Shop,kiosk,Nyawita sublocation,-0.0812517,34.7654833,OIL002,cooking_oil,Golden Fry Cooking Oil,2024-12-09,14,5.7,0.45,0.1
8824028730,Edu Shop,kiosk,Nyawita sublocation,-0.0812517,34.7654833,OIL003,cooking_oil,Soya King Cooking Oil,2024-12-16,7,3.1,0.42,0.5
8824028730,Edu Shop,kiosk,Nyawita sublocation,-0.0812517,34.7654833,OIL004,cooking_oil,Soya King Cooking Oil,2024-12-09,14,3.1,0.42,0.5
8824028730,Edu Shop,kiosk,Nyawita sublocation,-0.0812517,34.7654833,PC001,personal_care,Vaseline Body Lotion,2024-12-09,14,2.0,0.29,0.5
8824028730,Edu Shop,kiosk,Nyawita sublocation,-0.0812517,34.7654833,PC002,personal_care,Dove Bar Soap,2024-12-16,7,2.2,0.26,0.5
8824028730,Edu Shop,kiosk,Nyawita sublocation,-0.0812517,34.7654833,PC003,personal_care,Colgate Toothpaste,2024-12-16,7,2.1,0.27,0.5
8824028730,Edu Shop,kiosk,Nyawita sublocation,-0.0812517,34.7654833,SAN001,sanitary,Always Pads,2024-12-23,0,4.0,0.15,0.1
8824028730,Edu Shop,kiosk,Nyawita sublocation,-0.0812517,34.7654833,SAN002,sanitary,Huggies Diapers,2024-12-16,7,1.1,0.13,0.5
8824028730,Edu Shop,kiosk,Nyawita sublocation,-0.0812517,34.7654833,SOP001,soap,Omo Detergent,2024-12-09,14,1.9,0.29,0.5
8824028730,Edu Shop,kiosk,Nyawita sublocation,-0.0812517,34.7654833,SOP002,soap,Sunlight Bar Soap,2024-12-09,14,3.8,0.3,0.1
8824028730,Edu Shop,kiosk,Nyawita sublocation,-0.0812517,34.7654833,SOP003,soap,Bidco Bar Soap,2024-12-09,14,2.1,0.28,0.5
8824028730,Edu Shop,kiosk,Nyawita sublocation,-0.0812517,34.7654833,SOP004,soap,Dettol Bar Soap,2024-12-23,0,6.0,0.29,0.1
8824028730,Edu Shop,kiosk,Nyawita sublocation,-0.0812517,34.7654833,SUG001,sugar,Mumias Sugar,2024-12-16,7,5.9,0.3,0.1
8824028730,Edu Shop,kiosk,Nyawita sublocation,-0.0812517,34.7654833,SUG002,sugar,Mumias Sugar,2024-12-23,0,8.0,0.29,0.1
8824028730,Edu Shop,kiosk,Nyawita sublocation,-0.0812517,34.7654833,SUG003,sugar,Nzoia Sugar,2024-12-23,0,4.0,0.28,0.1
8824029560,Holos Wines and Spitits,alcohol,Nyawita sublocation,-0.0809141,34.7663913,BEV001,beverages,Afia Juice,2024-12-23,0,28.0,0.97,0.1
8824029560,Holos Wines and Spitits,alcohol,Nyawita sublocation,-0.0809141,34.7663913,BEV002,beverages,Pick n Peel Juice,2024-12-09,14,14.9,0.94,0.1
8824029560,Holos Wines and Spitits,alcohol,Nyawita sublocation,-0.0809141,34.7663913,BEV003,beverages,Tusker Lager,2024-12-16,7,16.5,1.07,0.1
8824029560,Holos Wines and Spitits,alcohol,Nyawita sublocation,-0.0809141,34.7663913,BEV004,beverages,Coca-Cola Soda,2024-12-23,0,24.0,0.83,0.1
8824029560,Holos Wines and Spitits,alcohol,Nyawita sublocation,-0.0809141,34.7663913,FLR001,flour,Jogoo Maize Flour,2024-12-16,7,33.5,1.5,0.1
8824029560,Holos Wines and Spitits,alcohol,Nyawita sublocation,-0.0809141,34.7663913,FLR002,flour,Jogoo Maize Flour,2024-12-23,0,22.0,1.38,0.1
8824029560,Holos Wines and Spitits,alcohol,Nyawita sublocation,-0.0809141,34.7663913,FLR003,flour,Pembe Maize Flour,2024-12-09,14,26.4,1.54,0.1
8824029560,Holos Wines and Spitits,alcohol,Nyawita sublocation,-0.0809141,34.7663913,FLR004,flour,Kabras Maize Flour,2024-12-09,14,21.1,1.64,0.1
8824029560,Holos Wines and Spitits,alcohol,Nyawita sublocation,-0.0809141,34.7663913,OIL001,cooking_oil,Golden Fry Cooking Oil,2024-12-16,7,7.8,0.89,0.5
8824029560,Holos Wines and Spitits,alcohol,Nyawita sublocation,-0.0809141,34.7663913,OIL002,cooking_oil,Golden Fry Cooking Oil,2024-12-16,7,9.0,1.0,0.5
8824029560,Holos Wines and Spitits,alcohol,Nyawita sublocation,-0.0809141,34.7663913,OIL003,cooking_oil,Soya King Cooking Oil,2024-12-23,0,20.0,1.25,0.1
8824029560,Holos Wines and Spitits,alcohol,Nyawita sublocation,-0.0809141,34.7663913,OIL004,cooking_oil,Soya King Cooking Oil,2024-12-16,7,23.7,1.18,0.1
8824029560,Holos Wines and Spitits,alcohol,Nyawita sublocation,-0.0809141,34.7663913,PC001,personal_care,Vaseline Body Lotion,2024-12-23,0,20.0,0.71,0.1
8824029560,Holos Wines and Spitits,alcohol,Nyawita sublocation,-0.0809141,34.7663913,PC002,personal_care,Dove Bar Soap,2024-12-23,0,15.0,0.72,0.1
8824029560,Holos Wines and Spitits,alcohol,Nyawita sublocation,-0.0809141,34.7663913,PC003,personal_care,Colgate Toothpaste,2024-12-09,14,5.4,0.68,0.5
8824029560,Holos Wines and Spitits,alcohol,Nyawita sublocation,-0.0809141,34.7663913,SAN001,sanitary,Always Pads,2024-12-09,14,6.2,0.41,0.1
8824029560,Holos Wines and Spitits,alcohol,Nyawita sublocation,-0.0809141,34.7663913,SAN002,sanitary,Huggies Diapers,2024-12-16,7,4.3,0.52,0.5
8824029560,Holos Wines and Spitits,alcohol,Nyawita sublocation,-0.0809141,34.7663913,SOP001,soap,Omo Detergent,2024-12-23,0,15.0,0.66,0.1
8824029560,Holos Wines and Spitits,alcohol,Nyawita sublocation,-0.0809141,34.7663913,SOP002,soap,Sunlight Bar Soap,2024-12-23,0,16.0,0.57,0.1
8824029560,Holos Wines and Spitits,alcohol,Nyawita sublocation,-0.0809141,34.7663913,SOP003,soap,Bidco Bar Soap,2024-12-16,7,10.2,0.68,0.1
8824029560,Holos Wines and Spitits,alcohol,Nyawita sublocation,-0.0809141,34.7663913,SOP004,soap,Dettol Bar Soap,2024-12-16,7,10.2,0.69,0.1
8824029560,Holos Wines and Spitits,alcohol,Nyawita sublocation,-0.0809141,34.7663913,SUG001,sugar,Mumias Sugar,2024-12-16,7,18.2,0.83,0.1
8824029560,Holos Wines and Spitits,alcohol,Nyawita sublocation,-0.0809141,34.7663913,SUG002,sugar,Mumias Sugar,2024-12-09,14,18.0,1.29,0.1
8824029560,Holos Wines and Spitits,alcohol,Nyawita sublocation,-0.0809141,34.7663913,SUG003,sugar,Nzoia Sugar,2024-12-09,14,11.5,0.89,0.1
8824050876,Riverside Shop,kiosk,Industrial Area,-0.081095,34.7645133,BEV001,beverages,Afia Juice,2024-12-23,0,4.0,0.27,0.1
8824050876,Riverside Shop,kiosk,Industrial Area,-0.081095,34.7645133,BEV002,beverages,Pick n Peel Juice,2024-12-23,0,6.0,0.28,0.1
8824050876,Riverside Shop,kiosk,Industrial Area,-0.081095,34.7645133,BEV003,beverages,Tusker Lager,2024-12-02,21,2.7,0.44,0.5
8824050876,Riverside Shop,kiosk,Industrial Area,-0.081095,34.7645133,BEV004,beverages,Coca-Cola Soda,2024-12-23,0,4.0,0.25,0.1
8824050876,Riverside Shop,kiosk,Industrial Area,-0.081095,34.7645133,FLR001,flour,Jogoo Maize Flour,2024-12-23,0,12.0,0.42,0.1
8824050876,Riverside Shop,kiosk,Industrial Area,-0.081095,34.7645133,FLR002,flour,Jogoo Maize Flour,2024-12-23,0,16.0,0.55,0.1
8824050876,Riverside Shop,kiosk,Industrial Area,-0.081095,34.7645133,FLR003,flour,Pembe Maize Flour,2024-12-23,0,6.0,0.37,0.1
8824050876,Riverside Shop,kiosk,Industrial Area,-0.081095,34.7645133,FLR004,flour,Kabras Maize Flour,2024-12-23,0,8.0,0.53,0.1
8824050876,Riverside Shop,kiosk,Industrial Area,-0.081095,34.7645133,OIL001,cooking_oil,Golden Fry Cooking Oil,2024-12-23,0,6.0,0.38,0.1
8824050876,Riverside Shop,kiosk,Industrial Area,-0.081095,34.7645133,OIL002,cooking_oil,Golden Fry Cooking Oil,2024-12-09,14,5.8,0.45,0.1
8824050876,Riverside Shop,kiosk,Industrial Area,-0.081095,34.7645133,OIL003,cooking_oil,Soya King Cooking Oil,2024-12-23,0,9.0,0.38,0.1
8824050876,Riverside Shop,kiosk,Industrial Area,-0.081095,34.7645133,OIL004,cooking_oil,Soya King Cooking Oil,2024-12-23,0,9.0,0.41,0.1
8824050876,Riverside Shop,kiosk,Industrial Area,-0.081095,34.7645133,PC001,personal_care,Vaseline Body Lotion,2024-12-09,14,1.9,0.15,0.1
8824050876,Riverside Shop,kiosk,Industrial Area,-0.081095,34.7645133,PC002,personal_care,Dove Bar Soap,2024-12-23,0,8.0,0.28,0.1
8824050876,Riverside Shop,kiosk,Industrial Area,-0.081095,34.7645133,PC003,personal_care,Colgate Toothpaste,2024-12-23,0,8.0,0.28,0.1
8824050876,Riverside Shop,kiosk,Industrial Area,-0.081095,34.7645133,SAN001,sanitary,Always Pads,2024-12-23,0,4.0,0.27,0.1
8824050876,Riverside Shop,kiosk,Industrial Area,-0.081095,34.7645133,SAN002,sanitary,Huggies Diapers,2024-12-23,0,3.0,0.14,0.1
8824050876,Riverside Shop,kiosk,Industrial Area,-0.081095,34.7645133,SOP001,soap,Omo Detergent,2024-12-23,0,6.0,0.26,0.1
8824050876,Riverside Shop,kiosk,Industrial Area,-0.081095,34.7645133,SOP002,soap,Sunlight Bar Soap,2024-12-02,21,1.8,0.29,0.5
8824050876,Riverside Shop,kiosk,Industrial Area,-0.081095,34.7645133,SOP003,soap,Bidco Bar Soap,2024-12-23,0,8.0,0.3,0.1
8824050876,Riverside Shop,kiosk,Industrial Area,-0.081095,34.7645133,SOP004,soap,Dettol Bar Soap,2024-12-23,0,4.0,0.25,0.1
8824050876,Riverside Shop,kiosk,Industrial Area,-0.081095,34.7645133,SUG001,sugar,Mumias Sugar,2024-12-09,14,6.1,0.42,0.1
8824050876,Riverside Shop,kiosk,Industrial Area,-0.081095,34.7645133,SUG002,sugar,Mumias Sugar,2024-12-23,0,6.0,0.38,0.1
8824050876,Riverside Shop,kiosk,Industrial Area,-0.081095,34.7645133,SUG003,sugar,Nzoia Sugar,2024-12-09,14,3.2,0.41,0.5
8824052507,Baba Nelfa Shop,kiosk,Industrial Area,-0.0812533,34.7648867,BEV001,beverages,Afia Juice,2024-12-16,7,4.1,0.27,0.1
8824052507,Baba Nelfa Shop,kiosk,Industrial Area,-0.0812533,34.7648867,BEV002,beverages,Pick n Peel Juice,2024-12-23,0,9.0,0.43,0.1
8824052507,Baba Nelfa Shop,kiosk,Industrial Area,-0.0812533,34.7648867,BEV003,beverages,Tusker Lager,2024-12-16,7,6.1,0.42,0.1
8824052507,Baba Nelfa Shop,kiosk,Industrial Area,-0.0812533,34.7648867,BEV004,beverages,Coca-Cola Soda,2024-12-16,7,4.0,0.28,0.1
8824052507,Baba Nelfa Shop,kiosk,Industrial Area,-0.0812533,34.7648867,FLR001,flour,Jogoo Maize Flour,2024-12-23,0,12.0,0.45,0.1
8824052507,Baba Nelfa Shop,kiosk,Industrial Area,-0.0812533,34.7648867,FLR002,flour,Jogoo Maize Flour,2024-12-16,7,9.0,0.43,0.1
8824052507,Baba Nelfa Shop,kiosk,Industrial Area,-0.0812533,34.7648867,FLR003,flour,Pembe Maize Flour,2024-12-16,7,8.3,0.53,0.1
8824052507,Baba Nelfa Shop,kiosk,Industrial Area,-0.0812533,34.7648867,FLR004,flour,Kabras Maize Flour,2024-12-16,7,4.1,0.55,0.5
8824052507,Baba Nelfa Shop,kiosk,Industrial Area,-0.0812533,34.7648867,OIL001,cooking_oil,Golden Fry Cooking Oil,2024-12-23,0,9.0,0.42,0.1
8824052507,Baba Nelfa Shop,kiosk,Industrial Area,-0.0812533,34.7648867,OIL002,cooking_oil,Golden Fry Cooking Oil,2024-12-02,21,2.5,0.45,0.5
8824052507,Baba Nelfa Shop,kiosk,Industrial Area,-0.0812533,34.7648867,OIL003,cooking_oil,Soya King Cooking Oil,2024-12-16,7,3.1,0.41,0.5
8824052507,Baba Nelfa Shop,kiosk,Industrial Area,-0.0812533,34.7648867,OIL004,cooking_oil,Soya King Cooking Oil,2024-12-02,21,3.4,0.6,0.5
8824052507,Baba Nelfa Shop,kiosk,Industrial Area,-0.0812533,34.7648867,PC001,personal_care,Vaseline Body Lotion,2024-12-16,7,1.0,0.14,0.5
8824052507,Baba Nelfa Shop,kiosk,Industrial Area,-0.0812533,34.7648867,PC002,personal_care,Dove Bar Soap,2024-12-16,7,2.0,0.14,0.1
8824052507,Baba Nelfa Shop,kiosk,Industrial Area,-0.0812533,34.7648867,PC003,personal_care,Colgate Toothpaste,2024-12-16,7,4.0,0.29,0.1
8824052507,Baba Nelfa Shop,kiosk,Industrial Area,-0.0812533,34.7648867,SAN001,sanitary,Always Pads,2024-12-16,7,1.1,0.13,0.5
8824052507,Baba Nelfa Shop,kiosk,Industrial Area,-0.0812533,34.7648867,SAN002,sanitary,Huggies Diapers,2024-12-02,21,0.8,0.15,0.5
8824052507,Baba Nelfa Shop,kiosk,Industrial Area,-0.0812533,34.7648867,SOP001,soap,Omo Detergent,2024-12-16,7,4.1,0.27,0.1
8824052507,Baba Nelfa Shop,kiosk,Industrial Area,-0.0812533,34.7648867,SOP002,soap,Sunlight Bar Soap,2024-12-16,7,6.0,0.28,0.1
8824052507,Baba Nelfa Shop,kiosk,Industrial Area,-0.0812533,34.7648867,SOP003,soap,Bidco Bar Soap,2024-12-23,0,8.0,0.29,0.1
8824052507,Baba Nelfa Shop,kiosk,Industrial Area,-0.0812533,34.7648867,SOP004,soap,Dettol Bar Soap,2024-12-16,7,6.0,0.29,0.1
8824052507,Baba Nelfa Shop,kiosk,Industrial Area,-0.0812533,34.7648867,SUG001,sugar,Mumias Sugar,2024-12-16,7,2.2,0.26,0.5
8824052507,Baba Nelfa Shop,kiosk,Industrial Area,-0.0812533,34.7648867,SUG002,sugar,Mumias Sugar,2024-12-16,7,5.9,0.3,0.1
8824052507,Baba Nelfa Shop,kiosk,Industrial Area,-0.0812533,34.7648867,SUG003,sugar,Nzoia Sugar,2024-12-16,7,8.8,0.45,0.1
8824052508,Mama Manu Shop,kiosk,Industrial Area,-0.0809,34.7643833,BEV001,beverages,Afia Juice,2024-12-23,0,4.0,0.25,0.1
8824052508,Mama Manu Shop,kiosk,Industrial Area,-0.0809,34.7643833,BEV002,beverages,Pick n Peel Juice,2024-12-23,0,12.0,0.45,0.1
8824052508,Mama Manu Shop,kiosk,Industrial Area,-0.0809,34.7643833,BEV003,beverages,Tusker Lager,2024-12-23,0,6.0,0.27,0.1
8824052508,Mama Manu Shop,kiosk,Industrial Area,-0.0809,34.7643833,BEV004,beverages,Coca-Cola Soda,2024-12-23,0,8.0,0.28,0.1
8824052508,Mama Manu Shop,kiosk,Industrial Area,-0.0809,34.7643833,FLR001,flour,Jogoo Maize Flour,2024-12-23,0,6.0,0.39,0.1
8824052508,Mama Manu Shop,kiosk,Industrial Area,-0.0809,34.7643833,FLR002,flour,Jogoo Maize Flour,2024-12-23,0,16.0,0.56,0.1
8824052508,Mama Manu Shop,kiosk,Industrial Area,-0.0809,34.7643833,FLR003,flour,Pembe Maize Flour,2024-12-23,0,16.0,0.57,0.1
8824052508,Mama Manu Shop,kiosk,Industrial Area,-0.0809,34.7643833,FLR004,flour,Kabras Maize Flour,2024-12-23,0,16.0,0.54,0.1
8824052508,Mama Manu Shop,kiosk,Industrial Area,-0.0809,34.7643833,OIL001,cooking_oil,Golden Fry Cooking Oil,2024-12-09,14,3.0,0.43,0.5
8824052508,Mama Manu Shop,kiosk,Industrial Area,-0.0809,34.7643833,OIL002,cooking_oil,Golden Fry Cooking Oil,2024-12-23,0,9.0,0.41,0.1
8824052508,Mama Manu Shop,kiosk,Industrial Area,-0.0809,34.7643833,OIL003,cooking_oil,Soya King Cooking Oil,2024-12-23,0,12.0,0.41,0.1
8824052508,Mama Manu Shop,kiosk,Industrial Area,-0.0809,34.7643833,OIL004,cooking_oil,Soya King Cooking Oil,2024-12-23,0,6.0,0.39,0.1
8824052508,Mama Manu Shop,kiosk,Industrial Area,-0.0809,34.7643833,PC001,personal_care,Vaseline Body Lotion,2024-12-09,14,2.2,0.27,0.5
8824052508,Mama Manu Shop,kiosk,Industrial Area,-0.0809,34.7643833,PC002,personal_care,Dove Bar Soap,2024-12-09,14,1.1,0.14,0.5
8824052508,Mama Manu Shop,kiosk,Industrial Area,-0.0809,34.7643833,PC003,personal_care,Colgate Toothpaste,2024-12-23,0,3.0,0.14,0.1
8824052508,Mama Manu Shop,kiosk,Industrial Area,-0.0809,34.7643833,SAN001,sanitary,Always Pads,2024-12-23,0,3.0,0.14,0.1
8824052508,Mama Manu Shop,kiosk,Industrial Area,-0.0809,34.7643833,SAN002,sanitary,Huggies Diapers,2024-12-23,0,2.0,0.13,0.1
8824052508,Mama Manu Shop,kiosk,Industrial Area,-0.0809,34.7643833,SOP001,soap,Omo Detergent,2024-12-23,0,4.0,0.28,0.1
8824052508,Mama Manu Shop,kiosk,Industrial Area,-0.0809,34.7643833,SOP002,soap,Sunlight Bar Soap,2024-12-09,14,4.1,0.28,0.1
8824052508,Mama Manu Shop,kiosk,Industrial Area,-0.0809,34.7643833,SOP003,soap,Bidco Bar Soap,2024-12-09,14,2.2,0.27,0.5
8824052508,Mama Manu Shop,kiosk,Industrial Area,-0.0809,34.7643833,SOP004,soap,Dettol Bar Soap,2024-12-23,0,4.0,0.24,0.1
8824052508,Mama Manu Shop,kiosk,Industrial Area,-0.0809,34.7643833,SUG001,sugar,Mumias Sugar,2024-12-23,0,6.0,0.38,0.1
8824052508,Mama Manu Shop,kiosk,Industrial Area,-0.0809,34.7643833,SUG002,sugar,Mumias Sugar,2024-12-09,14,5.8,0.45,0.1
8824052508,Mama Manu Shop,kiosk,Industrial Area,-0.0809,34.7643833,SUG003,sugar,Nzoia Sugar,2024-12-23,0,6.0,0.26,0.1
8824061915,Joy Butchery,butcher,Industrial Area,-0.0815383,34.7650583,BEV001,beverages,Afia Juice,2024-12-16,7,2.1,0.27,0.5
8824061915,Joy Butchery,butcher,Industrial Area,-0.0815383,34.7650583,BEV002,beverages,Pick n Peel Juice,2024-12-16,7,2.1,0.27,0.5
8824061915,Joy Butchery,butcher,Industrial Area,-0.0815383,34.7650583,BEV003,beverages,Tusker Lager,2024-12-23,0,4.0,0.28,0.1
8824061915,Joy Butchery,butcher,Industrial Area,-0.0815383,34.7650583,BEV004,beverages,Coca-Cola Soda,2024-12-23,0,6.0,0.38,0.1
8824061915,Joy Butchery,butcher,Industrial Area,-0.0815383,34.7650583,FLR001,flour,Jogoo Maize Flour,2024-12-16,7,6.1,0.42,0.1
8824061915,Joy Butchery,butcher,Industrial Area,-0.0815383,34.7650583,FLR002,flour,Jogoo Maize Flour,2024-12-09,14,7.9,0.58,0.1
8824061915,Joy Butchery,butcher,Industrial Area,-0.0815383,34.7650583,FLR003,flour,Pembe Maize Flour,2024-12-23,0,12.0,0.57,0.1
8824061915,Joy Butchery,butcher,Industrial Area,-0.0815383,34.7650583,FLR004,flour,Kabras Maize Flour,2024-12-23,0,6.0,0.4,0.1
8824061915,Joy Butchery,butcher,Industrial Area,-0.0815383,34.7650583,OIL001,cooking_oil,Golden Fry Cooking Oil,2024-12-16,7,6.1,0.41,0.1
8824061915,Joy Butchery,butcher,Industrial Area,-0.0815383,34.7650583,OIL002,cooking_oil,Golden Fry Cooking Oil,2024-12-16,7,8.9,0.44,0.1
8824061915,Joy Butchery,butcher,Industrial Area,-0.0815383,34.7650583,OIL003,cooking_oil,Soya King Cooking Oil,2024-12-09,14,3.5,0.39,0.5
8824061915,Joy Butchery,butcher,Industrial Area,-0.0815383,34.7650583,OIL004,cooking_oil,Soya King Cooking Oil,2024-12-02,21,2.9,0.43,0.5
8824061915,Joy Butchery,butcher,Industrial Area,-0.0815383,34.7650583,PC001,personal_care,Vaseline Body Lotion,2024-12-09,14,4.2,0.27,0.1
8824061915,Joy Butchery,butcher,Industrial Area,-0.0815383,34.7650583,PC002,personal_care,Dove Bar Soap,2024-12-23,0,4.0,0.28,0.1
8824061915,Joy Butchery,butcher,Industrial Area,-0.0815383,34.7650583,PC003,personal_care,Colgate Toothpaste,2024-12-09,14,2.4,0.26,0.5
8824061915,Joy Butchery,butcher,Industrial Area,-0.0815383,34.7650583,SAN001,sanitary,Always Pads,2024-12-09,14,2.2,0.27,0.5
8824061915,Joy Butchery,butcher,Industrial Area,-0.0815383,34.7650583,SAN002,sanitary,Huggies Diapers,2024-12-23,0,4.0,0.15,0.1
8824061915,Joy Butchery,butcher,Industrial Area,-0.0815383,34.7650583,SOP001,soap,Omo Detergent,2024-12-09,14,2.2,0.27,0.5
8824061915,Joy Butchery,butcher,Industrial Area,-0.0815383,34.7650583,SOP002,soap,Sunlight Bar Soap,2024-12-16,7,2.2,0.26,0.5
8824061915,Joy Butchery,butcher,Industrial Area,-0.0815383,34.7650583,SOP003,soap,Bidco Bar Soap,2024-12-02,21,2.0,0.29,0.5
8824061915,Joy Butchery,butcher,Industrial Area,-0.0815383,34.7650583,SOP004,soap,Dettol Bar Soap,2024-12-09,14,4.1,0.28,0.1
8824061915,Joy Butchery,butcher,Industrial Area,-0.0815383,34.7650583,SUG001,sugar,Mumias Sugar,2024-12-16,7,2.1,0.27,0.5
8824061915,Joy Butchery,butcher,Industrial Area,-0.0815383,34.7650583,SUG002,sugar,Mumias Sugar,2024-12-23,0,12.0,0.44,0.1
8824061915,Joy Butchery,butcher,Industrial Area,-0.0815383,34.7650583,SUG003,sugar,Nzoia Sugar,2024-12-02,21,2.3,0.27,0.5
8824066818,Kuku Shop,butcher,Industrial Area,-0.0812117,34.7648917,BEV001,beverages,Afia Juice,2024-12-16,7,2.0,0.28,0.5
8824066818,Kuku Shop,butcher,Industrial Area,-0.0812117,34.7648917,BEV002,beverages,Pick n Peel Juice,2024-12-23,0,8.0,0.28,0.1
8824066818,Kuku Shop,butcher,Industrial Area,-0.0812117,34.7648917,BEV003,beverages,Tusker Lager,2024-12-16,7,5.9,0.3,0.1
8824066818,Kuku Shop,butcher,Industrial Area,-0.0812117,34.7648917,BEV004,beverages,Coca-Cola Soda,2024-12-23,0,6.0,0.29,0.1
8824066818,Kuku Shop,butcher,Industrial Area,-0.0812117,34.7648917,FLR001,flour,Jogoo Maize Flour,2024-12-23,0,12.0,0.44,0.1
8824066818,Kuku Shop,butcher,Industrial Area,-0.0812117,34.7648917,FLR002,flour,Jogoo Maize Flour,2024-12-23,0,6.0,0.38,0.1
8824066818,Kuku Shop,butcher,Industrial Area,-0.0812117,34.7648917,FLR003,flour,Pembe Maize Flour,2024-12-23,0,9.0,0.43,0.1
8824066818,Kuku Shop,butcher,Industrial Area,-0.0812117,34.7648917,FLR004,flour,Kabras Maize Flour,2024-12-23,0,8.0,0.56,0.1
8824066818,Kuku Shop,butcher,Industrial Area,-0.0812117,34.7648917,OIL001,cooking_oil,Golden Fry Cooking Oil,2024-12-23,0,9.0,0.43,0.1
8824066818,Kuku Shop,butcher,Industrial Area,-0.0812117,34.7648917,OIL002,cooking_oil,Golden Fry Cooking Oil,2024-12-09,14,3.8,0.3,0.1
8824066818,Kuku Shop,butcher,Industrial Area,-0.0812117,34.7648917,OIL003,cooking_oil,Soya King Cooking Oil,2024-12-16,7,6.0,0.43,0.1
8824066818,Kuku Shop,butcher,Industrial Area,-0.0812117,34.7648917,OIL004,cooking_oil,Soya King Cooking Oil,2024-12-16,7,9.0,0.43,0.1
8824066818,Kuku Shop,butcher,Industrial Area,-0.0812117,34.7648917,PC001,personal_care,Vaseline Body Lotion,2024-12-09,14,3.8,0.3,0.1
8824066818,Kuku Shop,butcher,Industrial Area,-0.0812117,34.7648917,PC002,personal_care,Dove Bar Soap,2024-12-09,14,2.0,0.14,0.1
8824066818,Kuku Shop,butcher,Industrial Area,-0.0812117,34.7648917,PC003,personal_care,Colgate Toothpaste,2024-12-23,0,4.0,0.28,0.1
8824066818,Kuku Shop,butcher,Industrial Area,-0.0812117,34.7648917,SAN001,sanitary,Always Pads,2024-12-23,0,2.0,0.13,0.1
8824066818,Kuku Shop,butcher,Industrial Area,-0.0812117,34.7648917,SAN002,sanitary,Huggies Diapers,2024-12-16,7,1.0,0.14,0.5
8824066818,Kuku Shop,butcher,Industrial Area,-0.0812117,34.7648917,SOP001,soap,Omo Detergent,2024-12-23,0,8.0,0.28,0.1
8824066818,Kuku Shop,butcher,Industrial Area,-0.0812117,34.7648917,SOP002,soap,Sunlight Bar Soap,2024-12-23,0,6.0,0.29,0.1
8824066818,Kuku Shop,butcher,Industrial Area,-0.0812117,34.7648917,SOP003,soap,Bidco Bar Soap,2024-12-16,7,2.1,0.28,0.5
8824066818,Kuku Shop,butcher,Industrial Area,-0.0812117,34.7648917,SOP004,soap,Dettol Bar Soap,2024-12-23,0,6.0,0.27,0.1
8824066818,Kuku Shop,butcher,Industrial Area,-0.0812117,34.7648917,SUG001,sugar,Mumias Sugar,2024-12-23,0,6.0,0.39,0.1
8824066818,Kuku Shop,butcher,Industrial Area,-0.0812117,34.7648917,SUG002,sugar,Mumias Sugar,2024-12-23,0,6.0,0.28,0.1
8824066818,Kuku Shop,butcher,Industrial Area,-0.0812117,34.7648917,SUG003,sugar,Nzoia Sugar,2024-12-16,7,6.0,0.43,0.1
8824073827,Grocery Stall,greengrocer,Industrial Area,-0.080635,34.764155,BEV001,beverages,Afia Juice,2024-12-23,0,12.0,0.45,0.1
8824073827,Grocery Stall,greengrocer,Industrial Area,-0.080635,34.764155,BEV002,beverages,Pick n Peel Juice,2024-12-16,7,2.1,0.28,0.5
8824073827,Grocery Stall,greengrocer,Industrial Area,-0.080635,34.764155,BEV003,beverages,Tusker Lager,2024-12-09,14,2.1,0.28,0.5
8824073827,Grocery Stall,greengrocer,Industrial Area,-0.080635,34.764155,BEV004,beverages,Coca-Cola Soda,2024-12-02,21,2.1,0.28,0.5
8824073827,Grocery Stall,greengrocer,Industrial Area,-0.080635,34.764155,FLR001,flour,Jogoo Maize Flour,2024-12-16,7,6.0,0.43,0.1
8824073827,Grocery Stall,greengrocer,Industrial Area,-0.080635,34.764155,FLR002,flour,Jogoo Maize Flour,2024-12-16,7,8.1,0.55,0.1
8824073827,Grocery Stall,greengrocer,Industrial Area,-0.080635,34.764155,FLR003,flour,Pembe Maize Flour,2024-12-02,21,3.7,0.59,0.5
8824073827,Grocery Stall,greengrocer,Industrial Area,-0.080635,34.764155,FLR004,flour,Kabras Maize Flour,2024-12-16,7,3.2,0.4,0.5
8824073827,Grocery Stall,greengrocer,Industrial Area,-0.080635,34.764155,OIL001,cooking_oil,Golden Fry Cooking Oil,2024-12-16,7,8.0,0.57,0.1
8824073827,Grocery Stall,greengrocer,Industrial Area,-0.080635,34.764155,OIL002,cooking_oil,Golden Fry Cooking Oil,2024-12-16,7,8.8,0.45,0.1
8824073827,Grocery Stall,greengrocer,Industrial Area,-0.080635,34.764155,OIL003,cooking_oil,Soya King Cooking Oil,2024-12-16,7,3.1,0.42,0.5
8824073827,Grocery Stall,greengrocer,Industrial Area,-0.080635,34.764155,OIL004,cooking_oil,Soya King Cooking Oil,2024-12-23,0,6.0,0.4,0.1
8824073827,Grocery Stall,greengrocer,Industrial Area,-0.080635,34.764155,PC001,personal_care,Vaseline Body Lotion,2024-12-09,14,2.2,0.27,0.5
8824073827,Grocery Stall,greengrocer,Industrial Area,-0.080635,34.764155,PC002,personal_care,Dove Bar Soap,2024-12-23,0,8.0,0.3,0.1
8824073827,Grocery Stall,greengrocer,Industrial Area,-0.080635,34.764155,PC003,personal_care,Colgate Toothpaste,2024-12-09,14,3.8,0.3,0.1
8824073827,Grocery Stall,greengrocer,Industrial Area,-0.080635,34.764155,SAN001,sanitary,Always Pads,2024-12-09,14,2.0,0.15,0.1
8824073827,Grocery Stall,greengrocer,Industrial Area,-0.080635,34.764155,SAN002,sanitary,Huggies Diapers,2024-12-16,7,2.0,0.14,0.1
8824073827,Grocery Stall,greengrocer,Industrial Area,-0.080635,34.764155,SOP001,soap,Omo Detergent,2024-12-16,7,6.0,0.28,0.1
8824073827,Grocery Stall,greengrocer,Industrial Area,-0.080635,34.764155,SOP002,soap,Sunlight Bar Soap,2024-12-16,7,2.2,0.26,0.5
8824073827,Grocery Stall,greengrocer,Industrial Area,-0.080635,34.764155,SOP003,soap,Bidco Bar Soap,2024-12-09,14,2.1,0.28,0.5
8824073827,Grocery Stall,greengrocer,Industrial Area,-0.080635,34.764155,SOP004,soap,Dettol Bar Soap,2024-12-02,21,1.9,0.29,0.5
8824073827,Grocery Stall,greengrocer,Industrial Area,-0.080635,34.764155,SUG001,sugar,Mumias Sugar,2024-12-09,14,5.8,0.45,0.1
8824073827,Grocery Stall,greengrocer,Industrial Area,-0.080635,34.764155,SUG002,sugar,Mumias Sugar,2024-12-02,21,1.8,0.3,0.5
8824073827,Grocery Stall,greengrocer,Industrial Area,-0.080635,34.764155,SUG003,sugar,Nzoia Sugar,2024-12-23,0,8.0,0.28,0.1
8824095656,Kajaloka Shop,kiosk,Kanyakwar,-0.079965,34.76328,BEV001,beverages,Afia Juice,2024-12-23,0,6.0,0.29,0.1
8824095656,Kajaloka Shop,kiosk,Kanyakwar,-0.079965,34.76328,BEV002,beverages,Pick n Peel Juice,2024-12-16,7,4.0,0.28,0.1
8824095656,Kajaloka Shop,kiosk,Kanyakwar,-0.079965,34.76328,BEV003,beverages,Tusker Lager,2024-12-16,7,2.1,0.28,0.5
8824095656,Kajaloka Shop,kiosk,Kanyakwar,-0.079965,34.76328,BEV004,beverages,Coca-Cola Soda,2024-12-23,0,6.0,0.29,0.1
8824095656,Kajaloka Shop,kiosk,Kanyakwar,-0.079965,34.76328,FLR001,flour,Jogoo Maize Flour,2024-12-23,0,9.0,0.42,0.1
8824095656,Kajaloka Shop,kiosk,Kanyakwar,-0.079965,34.76328,FLR002,flour,Jogoo Maize Flour,2024-12-02,21,3.4,0.6,0.5
8824095656,Kajaloka Shop,kiosk,Kanyakwar,-0.079965,34.76328,FLR003,flour,Pembe Maize Flour,2024-12-09,14,5.9,0.44,0.1
8824095656,Kajaloka Shop,kiosk,Kanyakwar,-0.079965,34.76328,FLR004,flour,Kabras Maize Flour,2024-12-23,0,6.0,0.41,0.1
8824095656,Kajaloka Shop,kiosk,Kanyakwar,-0.079965,34.76328,OIL001,cooking_oil,Golden Fry Cooking Oil,2024-12-16,7,8.8,0.45,0.1
8824095656,Kajaloka Shop,kiosk,Kanyakwar,-0.079965,34.76328,OIL002,cooking_oil,Golden Fry Cooking Oil,2024-12-23,0,6.0,0.41,0.1
8824095656,Kajaloka Shop,kiosk,Kanyakwar,-0.079965,34.76328,OIL003,cooking_oil,Soya King Cooking Oil,2024-12-16,7,8.9,0.44,0.1
8824095656,Kajaloka Shop,kiosk,Kanyakwar,-0.079965,34.76328,OIL004,cooking_oil,Soya King Cooking Oil,2024-12-23,0,6.0,0.4,0.1
8824095656,Kajaloka Shop,kiosk,Kanyakwar,-0.079965,34.76328,PC001,personal_care,Vaseline Body Lotion,2024-12-16,7,3.0,0.15,0.1
8824095656,Kajaloka Shop,kiosk,Kanyakwar,-0.079965,34.76328,PC002,personal_care,Dove Bar Soap,2024-12-09,14,3.8,0.3,0.1
8824095656,Kajaloka Shop,kiosk,Kanyakwar,-0.079965,34.76328,PC003,personal_care,Colgate Toothpaste,2024-12-09,14,4.0,0.29,0.1
8824095656,Kajaloka Shop,kiosk,Kanyakwar,-0.079965,34.76328,SAN001,sanitary,Always Pads,2024-12-16,7,2.0,0.15,0.1
8824095656,Kajaloka Shop,kiosk,Kanyakwar,-0.079965,34.76328,SAN002,sanitary,Huggies Diapers,2024-12-09,14,2.0,0.15,0.1
8824095656,Kajaloka Shop,kiosk,Kanyakwar,-0.079965,34.76328,SOP001,soap,Omo Detergent,2024-12-02,21,1.8,0.29,0.5
8824095656,Kajaloka Shop,kiosk,Kanyakwar,-0.079965,34.76328,SOP002,soap,Sunlight Bar Soap,2024-12-09,14,3.8,0.3,0.1
8824095656,Kajaloka Shop,kiosk,Kanyakwar,-0.079965,34.76328,SOP003,soap,Bidco Bar Soap,2024-12-23,0,6.0,0.27,0.1
8824095656,Kajaloka Shop,kiosk,Kanyakwar,-0.079965,34.76328,SOP004,soap,Dettol Bar Soap,2024-12-16,7,6.0,0.29,0.1
8824095656,Kajaloka Shop,kiosk,Kanyakwar,-0.079965,34.76328,SUG001,sugar,Mumias Sugar,2024-12-09,14,3.8,0.3,0.1
8824095656,Kajaloka Shop,kiosk,Kanyakwar,-0.079965,34.76328,SUG002,sugar,Mumias Sugar,2024-12-16,7,2.1,0.28,0.5
8824095656,Kajaloka Shop,kiosk,Kanyakwar,-0.079965,34.76328,SUG003,sugar,Nzoia Sugar,2024-12-16,7,4.1,0.28,0.1
8824115284,Mercy Cereals,greengrocer,Industrial Area,-0.0799517,34.764215,BEV001,beverages,Afia Juice,2024-12-02,21,2.5,0.45,0.5
8824115284,Mercy Cereals,greengrocer,Industrial Area,-0.0799517,34.764215,BEV002,beverages,Pick n Peel Juice,2024-12-09,14,2.0,0.29,0.5
8824115284,Mercy Cereals,greengrocer,Industrial Area,-0.0799517,34.764215,BEV003,beverages,Tusker Lager,2024-12-09,14,2.9,0.44,0.5
8824115284,Mercy Cereals,greengrocer,Industrial Area,-0.0799517,34.764215,BEV004,beverages,Coca-Cola Soda,2024-12-09,14,2.2,0.27,0.5
8824115284,Mercy Cereals,greengrocer,Industrial Area,-0.0799517,34.764215,FLR001,flour,Jogoo Maize Flour,2024-12-09,14,4.0,0.57,0.5
8824115284,Mercy Cereals,greengrocer,Industrial Area,-0.0799517,34.764215,FLR002,flour,Jogoo Maize Flour,2024-12-23,0,8.0,0.55,0.1
8824115284,Mercy Cereals,greengrocer,Industrial Area,-0.0799517,34.764215,FLR003,flour,Pembe Maize Flour,2024-12-23,0,12.0,0.54,0.1
8824115284,Mercy Cereals,greengrocer,Industrial Area,-0.0799517,34.764215,FLR004,flour,Kabras Maize Flour,2024-12-23,0,12.0,0.44,0.1
8824115284,Mercy Cereals,greengrocer,Industrial Area,-0.0799517,34.764215,OIL001,cooking_oil,Golden Fry Cooking Oil,2024-12-16,7,6.1,0.41,0.1
8824115284,Mercy Cereals,greengrocer,Industrial Area,-0.0799517,34.764215,OIL002,cooking_oil,Golden Fry Cooking Oil,2024-12-02,21,2.7,0.44,0.5
8824115284,Mercy Cereals,greengrocer,Industrial Area,-0.0799517,34.764215,OIL003,cooking_oil,Soya King Cooking Oil,2024-12-23,0,12.0,0.45,0.1
8824115284,Mercy Cereals,greengrocer,Industrial Area,-0.0799517,34.764215,OIL004,cooking_oil,Soya King Cooking Oil,2024-12-23,0,9.0,0.43,0.1
8824115284,Mercy Cereals,greengrocer,Industrial Area,-0.0799517,34.764215,PC001,personal_care,Vaseline Body Lotion,2024-12-23,0,6.0,0.28,0.1
8824115284,Mercy Cereals,greengrocer,Industrial Area,-0.0799517,34.764215,PC002,personal_care,Dove Bar Soap,2024-12-23,0,4.0,0.15,0.1
8824115284,Mercy Cereals,greengrocer,Industrial Area,-0.0799517,34.764215,PC003,personal_care,Colgate Toothpaste,2024-12-09,14,4.1,0.28,0.1
8824115284,Mercy Cereals,greengrocer,Industrial Area,-0.0799517,34.764215,SAN001,sanitary,Always Pads,2024-12-02,21,1.0,0.14,0.5
8824115284,Mercy Cereals,greengrocer,Industrial Area,-0.0799517,34.764215,SAN002,sanitary,Huggies Diapers,2024-12-09,14,2.0,0.14,0.1
8824115284,Mercy Cereals,greengrocer,Industrial Area,-0.0799517,34.764215,SOP001,soap,Omo Detergent,2024-12-09,14,3.8,0.3,0.1
8824115284,Mercy Cereals,greengrocer,Industrial Area,-0.0799517,34.764215,SOP002,soap,Sunlight Bar Soap,2024-12-09,14,2.1,0.28,0.5
8824115284,Mercy Cereals,greengrocer,Industrial Area,-0.0799517,34.764215,SOP003,soap,Bidco Bar Soap,2024-12-16,7,2.2,0.26,0.5
8824115284,Mercy Cereals,greengrocer,Industrial Area,-0.0799517,34.764215,SOP004,soap,Dettol Bar Soap,2024-12-16,7,2.1,0.28,0.5
8824115284,Mercy Cereals,greengrocer,Industrial Area,-0.0799517,34.764215,SUG001,sugar,Mumias Sugar,2024-12-16,7,2.1,0.27,0.5
8824115284,Mercy Cereals,greengrocer,Industrial Area,-0.0799517,34.764215,SUG002,sugar,Mumias Sugar,2024-12-09,14,2.2,0.27,0.5
8824115284,Mercy Cereals,greengrocer,Industrial Area,-0.0799517,34.764215,SUG003,sugar,Nzoia Sugar,2024-12-02,21,2.5,0.45,0.5
8824117358,Jaseme Shop,kiosk,Kanyakwar sublocation,-0.0800917,34.7635417,BEV001,beverages,Afia Juice,2024-12-16,7,2.1,0.27,0.5
8824117358,Jaseme Shop,kiosk,Kanyakwar sublocation,-0.0800917,34.7635417,BEV002,beverages,Pick n Peel Juice,2024-12-23,0,12.0,0.45,0.1
8824117358,Jaseme Shop,kiosk,Kanyakwar sublocation,-0.0800917,34.7635417,BEV003,beverages,Tusker Lager,2024-12-09,14,3.9,0.29,0.1
8824117358,Jaseme Shop,kiosk,Kanyakwar sublocation,-0.0800917,34.7635417,BEV004,beverages,Coca-Cola Soda,2024-12-02,21,2.7,0.44,0.5
8824117358,Jaseme Shop,kiosk,Kanyakwar sublocation,-0.0800917,34.7635417,FLR001,flour,Jogoo Maize Flour,2024-12-09,14,3.0,0.43,0.5
8824117358,Jaseme Shop,kiosk,Kanyakwar sublocation,-0.0800917,34.7635417,FLR002,flour,Jogoo Maize Flour,2024-12-23,0,6.0,0.41,0.1
8824117358,Jaseme Shop,kiosk,Kanyakwar sublocation,-0.0800917,34.7635417,FLR003,flour,Pembe Maize Flour,2024-12-16,7,8.8,0.45,0.1
8824117358,Jaseme Shop,kiosk,Kanyakwar sublocation,-0.0800917,34.7635417,FLR004,flour,Kabras Maize Flour,2024-12-23,0,12.0,0.45,0.1
8824117358,Jaseme Shop,kiosk,Kanyakwar sublocation,-0.0800917,34.7635417,OIL001,cooking_oil,Golden Fry Cooking Oil,2024-12-09,14,3.0,0.43,0.5
8824117358,Jaseme Shop,kiosk,Kanyakwar sublocation,-0.0800917,34.7635417,OIL002,cooking_oil,Golden Fry Cooking Oil,2024-12-23,0,9.0,0.44,0.1
8824117358,Jaseme Shop,kiosk,Kanyakwar sublocation,-0.0800917,34.7635417,OIL003,cooking_oil,Soya King Cooking Oil,2024-12-09,14,5.8,0.45,0.1
8824117358,Jaseme Shop,kiosk,Kanyakwar sublocation,-0.0800917,34.7635417,OIL004,cooking_oil,Soya King Cooking Oil,2024-12-23,0,9.0,0.42,0.1
8824117358,Jaseme Shop,kiosk,Kanyakwar sublocation,-0.0800917,34.7635417,PC001,personal_care,Vaseline Body Lotion,2024-12-16,7,2.0,0.14,0.1
8824117358,Jaseme Shop,kiosk,Kanyakwar sublocation,-0.0800917,34.7635417,PC002,personal_care,Dove Bar Soap,2024-12-09,14,1.9,0.29,0.5
8824117358,Jaseme Shop,kiosk,Kanyakwar sublocation,-0.0800917,34.7635417,PC003,personal_care,Colgate Toothpaste,2024-12-09,14,3.8,0.3,0.1
8824117358,Jaseme Shop,kiosk,Kanyakwar sublocation,-0.0800917,34.7635417,SAN001,sanitary,Always Pads,2024-12-09,14,1.0,0.15,0.5
8824117358,Jaseme Shop,kiosk,Kanyakwar sublocation,-0.0800917,34.7635417,SAN002,sanitary,Huggies Diapers,2024-12-23,0,2.0,0.14,0.1
8824117358,Jaseme Shop,kiosk,Kanyakwar sublocation,-0.0800917,34.7635417,SOP001,soap,Omo Detergent,2024-12-23,0,6.0,0.28,0.1
8824117358,Jaseme Shop,kiosk,Kanyakwar sublocation,-0.0800917,34.7635417,SOP002,soap,Sunlight Bar Soap,2024-12-23,0,6.0,0.28,0.1
8824117358,Jaseme Shop,kiosk,Kanyakwar sublocation,-0.0800917,34.7635417,SOP003,soap,Bidco Bar Soap,2024-12-23,0,8.0,0.3,0.1
8824117358,Jaseme Shop,kiosk,Kanyakwar sublocation,-0.0800917,34.7635417,SOP004,soap,Dettol Bar Soap,2024-12-16,7,2.1,0.27,0.5
8824117358,Jaseme Shop,kiosk,Kanyakwar sublocation,-0.0800917,34.7635417,SUG001,sugar,Mumias Sugar,2024-12-23,0,9.0,0.43,0.1
8824117358,Jaseme Shop,kiosk,Kanyakwar sublocation,-0.0800917,34.7635417,SUG002,sugar,Mumias Sugar,2024-12-16,7,8.9,0.44,0.1
8824117358,Jaseme Shop,kiosk,Kanyakwar sublocation,-0.0800917,34.7635417,SUG003,sugar,Nzoia Sugar,2024-12-16,7,8.8,0.45,0.1
8987955679,Manyatta Market,unclassified,Manyatta A,-0.0975554,34.7785944,BEV001,beverages,Afia Juice,2024-12-09,14,2.0,0.29,0.5
8987955679,Manyatta Market,unclassified,Manyatta A,-0.0975554,34.7785944,BEV002,beverages,Pick n Peel Juice,2024-12-23,0,6.0,0.29,0.1
8987955679,Manyatta Market,unclassified,Manyatta A,-0.0975554,34.7785944,BEV003,beverages,Tusker Lager,2024-12-16,7,2.1,0.27,0.5
8987955679,Manyatta Market,unclassified,Manyatta A,-0.0975554,34.7785944,BEV004,beverages,Coca-Cola Soda,2024-12-16,7,2.1,0.28,0.5
8987955679,Manyatta Market,unclassified,Manyatta A,-0.0975554,34.7785944,FLR001,flour,Jogoo Maize Flour,2024-12-16,7,5.9,0.3,0.1
8987955679,Manyatta Market,unclassified,Manyatta A,-0.0975554,34.7785944,FLR002,flour,Jogoo Maize Flour,2024-12-23,0,6.0,0.41,0.1
8987955679,Manyatta Market,unclassified,Manyatta A,-0.0975554,34.7785944,FLR003,flour,Pembe Maize Flour,2024-12-23,0,4.0,0.27,0.1
8987955679,Manyatta Market,unclassified,Manyatta A,-0.0975554,34.7785944,FLR004,flour,Kabras Maize Flour,2024-12-23,0,4.0,0.28,0.1
8987955679,Manyatta Market,unclassified,Manyatta A,-0.0975554,34.7785944,OIL001,cooking_oil,Golden Fry Cooking Oil,2024-12-16,7,2.1,0.27,0.5
8987955679,Manyatta Market,unclassified,Manyatta A,-0.0975554,34.7785944,OIL002,cooking_oil,Golden Fry Cooking Oil,2024-12-23,0,4.0,0.27,0.1
8987955679,Manyatta Market,unclassified,Manyatta A,-0.0975554,34.7785944,OIL003,cooking_oil,Soya King Cooking Oil,2024-12-23,0,4.0,0.27,0.1
8987955679,Manyatta Market,unclassified,Manyatta A,-0.0975554,34.7785944,OIL004,cooking_oil,Soya King Cooking Oil,2024-12-23,0,6.0,0.29,0.1
8987955679,Manyatta Market,unclassified,Manyatta A,-0.0975554,34.7785944,PC001,personal_care,Vaseline Body Lotion,2024-12-16,7,1.0,0.14,0.5
8987955679,Manyatta Market,unclassified,Manyatta A,-0.0975554,34.7785944,PC002,personal_care,Dove Bar Soap,2024-12-02,21,0.8,0.15,0.5
8987955679,Manyatta Market,unclassified,Manyatta A,-0.0975554,34.7785944,PC003,personal_care,Colgate Toothpaste,2024-12-16,7,2.9,0.15,0.1
8987955679,Manyatta Market,unclassified,Manyatta A,-0.0975554,34.7785944,SAN001,sanitary,Always Pads,2024-12-16,7,2.0,0.14,0.1
8987955679,Manyatta Market,unclassified,Manyatta A,-0.0975554,34.7785944,SAN002,sanitary,Huggies Diapers,2024-12-16,7,1.0,0.14,0.5
8987955679,Manyatta Market,unclassified,Manyatta A,-0.0975554,34.7785944,SOP001,soap,Omo Detergent,2024-12-09,14,1.0,0.14,0.5
8987955679,Manyatta Market,unclassified,Manyatta A,-0.0975554,34.7785944,SOP002,soap,Sunlight Bar Soap,2024-12-09,14,1.0,0.14,0.5
8987955679,Manyatta Market,unclassified,Manyatta A,-0.0975554,34.7785944,SOP003,soap,Bidco Bar Soap,2024-12-16,7,2.9,0.15,0.1
8987955679,Manyatta Market,unclassified,Manyatta A,-0.0975554,34.7785944,SOP004,soap,Dettol Bar Soap,2024-12-23,0,3.0,0.15,0.1
8987955679,Manyatta Market,unclassified,Manyatta A,-0.0975554,34.7785944,SUG001,sugar,Mumias Sugar,2024-12-09,14,3.8,0.3,0.1
8987955679,Manyatta Market,unclassified,Manyatta A,-0.0975554,34.7785944,SUG002,sugar,Mumias Sugar,2024-12-23,0,4.0,0.27,0.1
8987955679,Manyatta Market,unclassified,Manyatta A,-0.0975554,34.7785944,SUG003,sugar,Nzoia Sugar,2024-12-02,21,1.7,0.3,0.5
9126367969,Unknown,greengrocer,Southern sublocation,-0.1043701,34.7519231,BEV001,beverages,Afia Juice,2024-12-16,7,4.0,0.28,0.1
9126367969,Unknown,greengrocer,Southern sublocation,-0.1043701,34.7519231,BEV002,beverages,Pick n Peel Juice,2024-12-23,0,6.0,0.29,0.1
9126367969,Unknown,greengrocer,Southern sublocation,-0.1043701,34.7519231,BEV003,beverages,Tusker Lager,2024-12-16,7,4.0,0.29,0.1
9126367969,Unknown,greengrocer,Southern sublocation,-0.1043701,34.7519231,BEV004,beverages,Coca-Cola Soda,2024-12-23,0,8.0,0.29,0.1
9126367969,Unknown,greengrocer,Southern sublocation,-0.1043701,34.7519231,FLR001,flour,Jogoo Maize Flour,2024-12-16,7,2.1,0.28,0.5
9126367969,Unknown,greengrocer,Southern sublocation,-0.1043701,34.7519231,FLR002,flour,Jogoo Maize Flour,2024-12-16,7,6.0,0.43,0.1
9126367969,Unknown,greengrocer,Southern sublocation,-0.1043701,34.7519231,FLR003,flour,Pembe Maize Flour,2024-12-16,7,8.9,0.44,0.1
9126367969,Unknown,greengrocer,Southern sublocation,-0.1043701,34.7519231,FLR004,flour,Kabras Maize Flour,2024-12-23,0,9.0,0.43,0.1
9126367969,Unknown,greengrocer,Southern sublocation,-0.1043701,34.7519231,OIL001,cooking_oil,Golden Fry Cooking Oil,2024-12-16,7,3.1,0.42,0.5
9126367969,Unknown,greengrocer,Southern sublocation,-0.1043701,34.7519231,OIL002,cooking_oil,Golden Fry Cooking Oil,2024-12-16,7,4.1,0.28,0.1
9126367969,Unknown,greengrocer,Southern sublocation,-0.1043701,34.7519231,OIL003,cooking_oil,Soya King Cooking Oil,2024-12-09,14,3.8,0.3,0.1
9126367969,Unknown,greengrocer,Southern sublocation,-0.1043701,34.7519231,OIL004,cooking_oil,Soya King Cooking Oil,2024-12-16,7,8.9,0.44,0.1
9126367969,Unknown,greengrocer,Southern sublocation,-0.1043701,34.7519231,PC001,personal_care,Vaseline Body Lotion,2024-12-09,14,1.9,0.15,0.1
9126367969,Unknown,greengrocer,Southern sublocation,-0.1043701,34.7519231,PC002,personal_care,Dove Bar Soap,2024-12-09,14,3.8,0.3,0.1
9126367969,Unknown,greengrocer,Southern sublocation,-0.1043701,34.7519231,PC003,personal_care,Colgate Toothpaste,2024-12-16,7,3.0,0.15,0.1
9126367969,Unknown,greengrocer,Southern sublocation,-0.1043701,34.7519231,SAN001,sanitary,Always Pads,2024-12-02,21,0.8,0.15,0.5
9126367969,Unknown,greengrocer,Southern sublocation,-0.1043701,34.7519231,SAN002,sanitary,Huggies Diapers,2024-12-23,0,4.0,0.15,0.1
9126367969,Unknown,greengrocer,Southern sublocation,-0.1043701,34.7519231,SOP001,soap,Omo Detergent,2024-12-09,14,3.9,0.29,0.1
9126367969,Unknown,greengrocer,Southern sublocation,-0.1043701,34.7519231,SOP002,soap,Sunlight Bar Soap,2024-12-09,14,3.8,0.3,0.1
9126367969,Unknown,greengrocer,Southern sublocation,-0.1043701,34.7519231,SOP003,soap,Bidco Bar Soap,2024-12-09,14,2.0,0.29,0.5
9126367969,Unknown,greengrocer,Southern sublocation,-0.1043701,34.7519231,SOP004,soap,Dettol Bar Soap,2024-12-09,14,2.0,0.29,0.5
9126367969,Unknown,greengrocer,Southern sublocation,-0.1043701,34.7519231,SUG001,sugar,Mumias Sugar,2024-12-23,0,6.0,0.28,0.1
9126367969,Unknown,greengrocer,Southern sublocation,-0.1043701,34.7519231,SUG002,sugar,Mumias Sugar,2024-12-23,0,8.0,0.3,0.1
9126367969,Unknown,greengrocer,Southern sublocation,-0.1043701,34.7519231,SUG003,sugar,Nzoia Sugar,2024-12-09,14,3.8,0.3,0.1
9126374353,Drink and smile,water,Southern sublocation,-0.1042736,34.7518879,BEV001,beverages,Afia Juice,2024-12-02,21,5.1,0.9,0.5
9126374353,Drink and smile,water,Southern sublocation,-0.1042736,34.7518879,BEV002,beverages,Pick n Peel Juice,2024-12-09,14,5.0,0.71,0.5
9126374353,Drink and smile,water,Southern sublocation,-0.1042736,34.7518879,BEV003,beverages,Tusker Lager,2024-12-09,14,5.2,0.7,0.5
9126374353,Drink and smile,water,Southern sublocation,-0.1042736,34.7518879,BEV004,beverages,Coca-Cola Soda,2024-12-09,14,6.2,0.84,0.5
9126374353,Drink and smile,water,Southern sublocation,-0.1042736,34.7518879,FLR001,flour,Jogoo Maize Flour,2024-12-16,7,7.5,0.94,0.5
9126374353,Drink and smile,water,Southern sublocation,-0.1042736,34.7518879,FLR002,flour,Jogoo Maize Flour,2024-12-16,7,23.6,1.2,0.1
9126374353,Drink and smile,water,Southern sublocation,-0.1042736,34.7518879,FLR003,flour,Pembe Maize Flour,2024-12-16,7,26.7,1.33,0.1
9126374353,Drink and smile,water,Southern sublocation,-0.1042736,34.7518879,FLR004,flour,Kabras Maize Flour,2024-12-23,0,36.0,1.34,0.1
9126374353,Drink and smile,water,Southern sublocation,-0.1042736,34.7518879,OIL001,cooking_oil,Golden Fry Cooking Oil,2024-12-16,7,6.3,0.82,0.5
9126374353,Drink and smile,water,Southern sublocation,-0.1042736,34.7518879,OIL002,cooking_oil,Golden Fry Cooking Oil,2024-12-23,0,15.0,0.71,0.1
9126374353,Drink and smile,water,Southern sublocation,-0.1042736,34.7518879,OIL003,cooking_oil,Soya King Cooking Oil,2024-12-16,7,6.3,0.82,0.5
9126374353,Drink and smile,water,Southern sublocation,-0.1042736,34.7518879,OIL004,cooking_oil,Soya King Cooking Oil,2024-12-16,7,17.7,0.9,0.1
9126374353,Drink and smile,water,Southern sublocation,-0.1042736,34.7518879,PC001,personal_care,Vaseline Body Lotion,2024-12-09,14,4.0,0.57,0.5
9126374353,Drink and smile,water,Southern sublocation,-0.1042736,34.7518879,PC002,personal_care,Dove Bar Soap,2024-12-16,7,5.9,0.44,0.1
9126374353,Drink and smile,water,Southern sublocation,-0.1042736,34.7518879,PC003,personal_care,Colgate Toothpaste,2024-12-23,0,12.0,0.44,0.1
9126374353,Drink and smile,water,Southern sublocation,-0.1042736,34.7518879,SAN001,sanitary,Always Pads,2024-12-16,7,3.2,0.4,0.5
9126374353,Drink and smile,water,Southern sublocation,-0.1042736,34.7518879,SAN002,sanitary,Huggies Diapers,2024-12-23,0,9.0,0.43,0.1
9126374353,Drink and smile,water,Southern sublocation,-0.1042736,34.7518879,SOP001,soap,Omo Detergent,2024-12-02,21,4.2,0.75,0.5
9126374353,Drink and smile,water,Southern sublocation,-0.1042736,34.7518879,SOP002,soap,Sunlight Bar Soap,2024-12-09,14,5.0,0.71,0.5
9126374353,Drink and smile,water,Southern sublocation,-0.1042736,34.7518879,SOP003,soap,Bidco Bar Soap,2024-12-16,7,11.8,0.6,0.1
9126374353,Drink and smile,water,Southern sublocation,-0.1042736,34.7518879,SOP004,soap,Dettol Bar Soap,2024-12-16,7,14.8,0.74,0.1
9126374353,Drink and smile,water,Southern sublocation,-0.1042736,34.7518879,SUG001,sugar,Mumias Sugar,2024-12-09,14,7.0,1.0,0.5
9126374353,Drink and smile,water,Southern sublocation,-0.1042736,34.7518879,SUG002,sugar,Mumias Sugar,2024-12-09,14,9.8,0.73,0.1
9126374353,Drink and smile,water,Southern sublocation,-0.1042736,34.7518879,SUG003,sugar,Nzoia Sugar,2024-12-23,0,18.0,0.85,0.1
9443804417,Queen Soap,chemist,Nyalenda A,-0.1110779,34.7693277,BEV001,beverages,Afia Juice,2024-12-23,0,10.0,0.69,0.1
9443804417,Queen Soap,chemist,Nyalenda A,-0.1110779,34.7693277,BEV002,beverages,Pick n Peel Juice,2024-12-23,0,16.0,0.6,0.1
9443804417,Queen Soap,chemist,Nyalenda A,-0.1110779,34.7693277,BEV003,beverages,Tusker Lager,2024-12-23,0,6.0,0.41,0.1
9443804417,Queen Soap,chemist,Nyalenda A,-0.1110779,34.7693277,BEV004,beverages,Coca-Cola Soda,2024-12-16,7,11.8,0.6,0.1
9443804417,Queen Soap,chemist,Nyalenda A,-0.1110779,34.7693277,FLR001,flour,Jogoo Maize Flour,2024-12-09,14,15.3,1.19,0.1
9443804417,Queen Soap,chemist,Nyalenda A,-0.1110779,34.7693277,FLR002,flour,Jogoo Maize Flour,2024-12-09,14,5.8,0.87,0.5
9443804417,Queen Soap,chemist,Nyalenda A,-0.1110779,34.7693277,FLR003,flour,Pembe Maize Flour,2024-12-09,14,13.4,1.04,0.1
9443804417,Queen Soap,chemist,Nyalenda A,-0.1110779,34.7693277,FLR004,flour,Kabras Maize Flour,2024-12-23,0,15.0,0.72,0.1
9443804417,Queen Soap,chemist,Nyalenda A,-0.1110779,34.7693277,OIL001,cooking_oil,Golden Fry Cooking Oil,2024-12-09,14,6.0,0.86,0.5
9443804417,Queen Soap,chemist,Nyalenda A,-0.1110779,34.7693277,OIL002,cooking_oil,Golden Fry Cooking Oil,2024-12-02,21,5.5,0.88,0.5
9443804417,Queen Soap,chemist,Nyalenda A,-0.1110779,34.7693277,OIL003,cooking_oil,Soya King Cooking Oil,2024-12-16,7,4.2,0.55,0.5
9443804417,Queen Soap,chemist,Nyalenda A,-0.1110779,34.7693277,OIL004,cooking_oil,Soya King Cooking Oil,2024-12-16,7,10.0,0.71,0.1
9443804417,Queen Soap,chemist,Nyalenda A,-0.1110779,34.7693277,PC001,personal_care,Vaseline Body Lotion,2024-12-09,14,3.0,0.43,0.5
9443804417,Queen Soap,chemist,Nyalenda A,-0.1110779,34.7693277,PC002,personal_care,Dove Bar Soap,2024-12-02,21,2.5,0.45,0.5
9443804417,Queen Soap,chemist,Nyalenda A,-0.1110779,34.7693277,PC003,personal_care,Colgate Toothpaste,2024-12-02,21,2.5,0.45,0.5
9443804417,Queen Soap,chemist,Nyalenda A,-0.1110779,34.7693277,SAN001,sanitary,Always Pads,2024-12-09,14,3.8,0.3,0.1
9443804417,Queen Soap,chemist,Nyalenda A,-0.1110779,34.7693277,SAN002,sanitary,Huggies Diapers,2024-12-09,14,2.1,0.28,0.5
9443804417,Queen Soap,chemist,Nyalenda A,-0.1110779,34.7693277,SOP001,soap,Omo Detergent,2024-12-16,7,8.8,0.45,0.1
9443804417,Queen Soap,chemist,Nyalenda A,-0.1110779,34.7693277,SOP002,soap,Sunlight Bar Soap,2024-12-16,7,8.8,0.45,0.1
9443804417,Queen Soap,chemist,Nyalenda A,-0.1110779,34.7693277,SOP003,soap,Bidco Bar Soap,2024-12-16,7,6.0,0.43,0.1
9443804417,Queen Soap,chemist,Nyalenda A,-0.1110779,34.7693277,SOP004,soap,Dettol Bar Soap,2024-12-16,7,6.0,0.43,0.1
9443804417,Queen Soap,chemist,Nyalenda A,-0.1110779,34.7693277,SUG001,sugar,Mumias Sugar,2024-12-16,7,10.1,0.7,0.1
9443804417,Queen Soap,chemist,Nyalenda A,-0.1110779,34.7693277,SUG002,sugar,Mumias Sugar,2024-12-16,7,9.9,0.73,0.1
9443804417,Queen Soap,chemist,Nyalenda A,-0.1110779,34.7693277,SUG003,sugar,Nzoia Sugar,2024-12-09,14,7.7,0.6,0.1
9443804425,Mama Brax Shop,chemist,Korando A sublocation,-0.0659193,34.7047465,BEV001,beverages,Afia Juice,2024-12-23,0,6.0,0.39,0.1
9443804425,Mama Brax Shop,chemist,Korando A sublocation,-0.0659193,34.7047465,BEV002,beverages,Pick n Peel Juice,2024-12-23,0,6.0,0.41,0.1
9443804425,Mama Brax Shop,chemist,Korando A sublocation,-0.0659193,34.7047465,BEV003,beverages,Tusker Lager,2024-12-23,0,12.0,0.54,0.1
9443804425,Mama Brax Shop,chemist,Korando A sublocation,-0.0659193,34.7047465,BEV004,beverages,Coca-Cola Soda,2024-12-23,0,8.0,0.56,0.1
9443804425,Mama Brax Shop,chemist,Korando A sublocation,-0.0659193,34.7047465,FLR001,flour,Jogoo Maize Flour,2024-12-16,7,11.9,0.59,0.1
9443804425,Mama Brax Shop,chemist,Korando A sublocation,-0.0659193,34.7047465,FLR002,flour,Jogoo Maize Flour,2024-12-09,14,6.7,0.8,0.5
9443804425,Mama Brax Shop,chemist,Korando A sublocation,-0.0659193,34.7047465,FLR003,flour,Pembe Maize Flour,2024-12-09,14,4.2,0.56,0.5
9443804425,Mama Brax Shop,chemist,Korando A sublocation,-0.0659193,34.7047465,FLR004,flour,Kabras Maize Flour,2024-12-16,7,5.4,0.65,0.5
9443804425,Mama Brax Shop,chemist,Korando A sublocation,-0.0659193,34.7047465,OIL001,cooking_oil,Golden Fry Cooking Oil,2024-12-02,21,4.9,0.72,0.5
9443804425,Mama Brax Shop,chemist,Korando A sublocation,-0.0659193,34.7047465,OIL002,cooking_oil,Golden Fry Cooking Oil,2024-12-09,14,4.2,0.56,0.5
9443804425,Mama Brax Shop,chemist,Korando A sublocation,-0.0659193,34.7047465,OIL003,cooking_oil,Soya King Cooking Oil,2024-12-02,21,3.3,0.41,0.5
9443804425,Mama Brax Shop,chemist,Korando A sublocation,-0.0659193,34.7047465,OIL004,cooking_oil,Soya King Cooking Oil,2024-12-09,14,4.0,0.57,0.5
9443804425,Mama Brax Shop,chemist,Korando A sublocation,-0.0659193,34.7047465,PC001,personal_care,Vaseline Body Lotion,2024-12-09,14,6.0,0.43,0.1
9443804425,Mama Brax Shop,chemist,Korando A sublocation,-0.0659193,34.7047465,PC002,personal_care,Dove Bar Soap,2024-12-16,7,3.1,0.41,0.5
9443804425,Mama Brax Shop,chemist,Korando A sublocation,-0.0659193,34.7047465,PC003,personal_care,Colgate Toothpaste,2024-12-16,7,6.0,0.29,0.1
9443804425,Mama Brax Shop,chemist,Korando A sublocation,-0.0659193,34.7047465,SAN001,sanitary,Always Pads,2024-12-02,21,1.8,0.29,0.5
9443804425,Mama Brax Shop,chemist,Korando A sublocation,-0.0659193,34.7047465,SAN002,sanitary,Huggies Diapers,2024-12-23,0,6.0,0.28,0.1
9443804425,Mama Brax Shop,chemist,Korando A sublocation,-0.0659193,34.7047465,SOP001,soap,Omo Detergent,2024-12-02,21,2.9,0.43,0.5
9443804425,Mama Brax Shop,chemist,Korando A sublocation,-0.0659193,34.7047465,SOP002,soap,Sunlight Bar Soap,2024-12-09,14,5.8,0.44,0.1
9443804425,Mama Brax Shop,chemist,Korando A sublocation,-0.0659193,34.7047465,SOP003,soap,Bidco Bar Soap,2024-12-23,0,6.0,0.41,0.1
9443804425,Mama Brax Shop,chemist,Korando A sublocation,-0.0659193,34.7047465,SOP004,soap,Dettol Bar Soap,2024-12-16,7,6.3,0.39,0.1
9443804425,Mama Brax Shop,chemist,Korando A sublocation,-0.0659193,34.7047465,SUG001,sugar,Mumias Sugar,2024-12-02,21,2.5,0.45,0.5
9443804425,Mama Brax Shop,chemist,Korando A sublocation,-0.0659193,34.7047465,SUG002,sugar,Mumias Sugar,2024-12-16,7,12.0,0.58,0.1
9443804425,Mama Brax Shop,chemist,Korando A sublocation,-0.0659193,34.7047465,SUG003,sugar,Nzoia Sugar,2024-12-02,21,4.2,0.56,0.5
9443804444,Sharon,chemist,Brilliant,-0.1009514,34.7690236,BEV001,beverages,Afia Juice,2024-12-16,7,4.3,0.53,0.5
9443804444,Sharon,chemist,Brilliant,-0.1009514,34.7690236,BEV002,beverages,Pick n Peel Juice,2024-12-09,14,4.2,0.56,0.5
9443804444,Sharon,chemist,Brilliant,-0.1009514,34.7690236,BEV003,beverages,Tusker Lager,2024-12-02,21,3.9,0.57,0.5
9443804444,Sharon,chemist,Brilliant,-0.1009514,34.7690236,BEV004,beverages,Coca-Cola Soda,2024-12-16,7,6.1,0.41,0.1
9443804444,Sharon,chemist,Brilliant,-0.1009514,34.7690236,FLR001,flour,Jogoo Maize Flour,2024-12-09,14,9.8,0.73,0.1
9443804444,Sharon,chemist,Brilliant,-0.1009514,34.7690236,FLR002,flour,Jogoo Maize Flour,2024-12-16,7,15.1,0.7,0.1
9443804444,Sharon,chemist,Brilliant,-0.1009514,34.7690236,FLR003,flour,Pembe Maize Flour,2024-12-23,0,20.0,0.71,0.1
9443804444,Sharon,chemist,Brilliant,-0.1009514,34.7690236,FLR004,flour,Kabras Maize Flour,2024-12-16,7,12.0,0.85,0.1
9443804444,Sharon,chemist,Brilliant,-0.1009514,34.7690236,OIL001,cooking_oil,Golden Fry Cooking Oil,2024-12-16,7,5.2,0.68,0.5
9443804444,Sharon,chemist,Brilliant,-0.1009514,34.7690236,OIL002,cooking_oil,Golden Fry Cooking Oil,2024-12-23,0,15.0,0.71,0.1
9443804444,Sharon,chemist,Brilliant,-0.1009514,34.7690236,OIL003,cooking_oil,Soya King Cooking Oil,2024-12-16,7,12.0,0.57,0.1
9443804444,Sharon,chemist,Brilliant,-0.1009514,34.7690236,OIL004,cooking_oil,Soya King Cooking Oil,2024-12-23,0,16.0,0.57,0.1
9443804444,Sharon,chemist,Brilliant,-0.1009514,34.7690236,PC001,personal_care,Vaseline Body Lotion,2024-12-16,7,3.3,0.39,0.5
9443804444,Sharon,chemist,Brilliant,-0.1009514,34.7690236,PC002,personal_care,Dove Bar Soap,2024-12-23,0,12.0,0.43,0.1
9443804444,Sharon,chemist,Brilliant,-0.1009514,34.7690236,PC003,personal_care,Colgate Toothpaste,2024-12-23,0,4.0,0.28,0.1
9443804444,Sharon,chemist,Brilliant,-0.1009514,34.7690236,SAN001,sanitary,Always Pads,2024-12-23,0,4.0,0.27,0.1
9443804444,Sharon,chemist,Brilliant,-0.1009514,34.7690236,SAN002,sanitary,Huggies Diapers,2024-12-16,7,4.1,0.28,0.1
9443804444,Sharon,chemist,Brilliant,-0.1009514,34.7690236,SOP001,soap,Omo Detergent,2024-12-23,0,6.0,0.42,0.1
9443804444,Sharon,chemist,Brilliant,-0.1009514,34.7690236,SOP002,soap,Sunlight Bar Soap,2024-12-16,7,6.1,0.42,0.1
9443804444,Sharon,chemist,Brilliant,-0.1009514,34.7690236,SOP003,soap,Bidco Bar Soap,2024-12-09,14,3.9,0.58,0.5
9443804444,Sharon,chemist,Brilliant,-0.1009514,34.7690236,SOP004,soap,Dettol Bar Soap,2024-12-09,14,3.0,0.43,0.5
9443804444,Sharon,chemist,Brilliant,-0.1009514,34.7690236,SUG001,sugar,Mumias Sugar,2024-12-23,0,12.0,0.57,0.1
9443804444,Sharon,chemist,Brilliant,-0.1009514,34.7690236,SUG002,sugar,Mumias Sugar,2024-12-09,14,3.8,0.59,0.5
9443804444,Sharon,chemist,Brilliant,-0.1009514,34.7690236,SUG003,sugar,Nzoia Sugar,2024-12-16,7,4.1,0.55,0.5
9443804446,Cynthia Atieno,chemist,Migosi,-0.0751447,34.7813578,BEV001,beverages,Afia Juice,2024-12-16,7,30.1,1.42,0.1
9443804446,Cynthia Atieno,chemist,Migosi,-0.0751447,34.7813578,BEV002,beverages,Pick n Peel Juice,2024-12-09,14,20.0,1.43,0.1
9443804446,Cynthia Atieno,chemist,Migosi,-0.0751447,34.7813578,BEV003,beverages,Tusker Lager,2024-12-09,14,18.8,1.51,0.1
9443804446,Cynthia Atieno,chemist,Migosi,-0.0751447,34.7813578,BEV004,beverages,Coca-Cola Soda,2024-12-09,14,7.9,0.94,0.5
9443804446,Cynthia Atieno,chemist,Migosi,-0.0751447,34.7813578,FLR001,flour,Jogoo Maize Flour,2024-12-16,7,31.8,2.31,0.1
9443804446,Cynthia Atieno,chemist,Migosi,-0.0751447,34.7813578,FLR002,flour,Jogoo Maize Flour,2024-12-02,21,10.2,1.8,0.5
9443804446,Cynthia Atieno,chemist,Migosi,-0.0751447,34.7813578,FLR003,flour,Pembe Maize Flour,2024-12-09,14,24.5,1.97,0.1
9443804446,Cynthia Atieno,chemist,Migosi,-0.0751447,34.7813578,FLR004,flour,Kabras Maize Flour,2024-12-09,14,24.5,1.97,0.1
9443804446,Cynthia Atieno,chemist,Migosi,-0.0751447,34.7813578,OIL001,cooking_oil,Golden Fry Cooking Oil,2024-12-02,21,8.5,1.5,0.5
9443804446,Cynthia Atieno,chemist,Migosi,-0.0751447,34.7813578,OIL002,cooking_oil,Golden Fry Cooking Oil,2024-12-16,7,14.1,1.7,0.5
9443804446,Cynthia Atieno,chemist,Migosi,-0.0751447,34.7813578,OIL003,cooking_oil,Soya King Cooking Oil,2024-12-16,7,36.3,1.67,0.1
9443804446,Cynthia Atieno,chemist,Migosi,-0.0751447,34.7813578,OIL004,cooking_oil,Soya King Cooking Oil,2024-12-16,7,26.4,1.8,0.1
9443804446,Cynthia Atieno,chemist,Migosi,-0.0751447,34.7813578,PC001,personal_care,Vaseline Body Lotion,2024-12-16,7,7.3,0.95,0.5
9443804446,Cynthia Atieno,chemist,Migosi,-0.0751447,34.7813578,PC002,personal_care,Dove Bar Soap,2024-12-09,14,6.5,0.82,0.5
9443804446,Cynthia Atieno,chemist,Migosi,-0.0751447,34.7813578,PC003,personal_care,Colgate Toothpaste,2024-12-16,7,6.2,0.83,0.5
9443804446,Cynthia Atieno,chemist,Migosi,-0.0751447,34.7813578,SAN001,sanitary,Always Pads,2024-12-16,7,5.2,0.69,0.5
9443804446,Cynthia Atieno,chemist,Migosi,-0.0751447,34.7813578,SAN002,sanitary,Huggies Diapers,2024-12-16,7,15.1,0.7,0.1
9443804446,Cynthia Atieno,chemist,Migosi,-0.0751447,34.7813578,SOP001,soap,Omo Detergent,2024-12-16,7,14.2,0.97,0.1
9443804446,Cynthia Atieno,chemist,Migosi,-0.0751447,34.7813578,SOP002,soap,Sunlight Bar Soap,2024-12-09,14,15.3,1.19,0.1
9443804446,Cynthia Atieno,chemist,Migosi,-0.0751447,34.7813578,SOP003,soap,Bidco Bar Soap,2024-12-16,7,7.2,0.97,0.5
9443804446,Cynthia Atieno,chemist,Migosi,-0.0751447,34.7813578,SOP004,soap,Dettol Bar Soap,2024-12-09,14,13.4,1.04,0.1
9443804446,Cynthia Atieno,chemist,Migosi,-0.0751447,34.7813578,SUG001,sugar,Mumias Sugar,2024-12-09,14,0.9,1.51,0.75
9443804446,Cynthia Atieno,chemist,Migosi,-0.0751447,34.7813578,SUG002,sugar,Mumias Sugar,2024-12-16,7,16.4,1.09,0.1
9443804446,Cynthia Atieno,chemist,Migosi,-0.0751447,34.7813578,SUG003,sugar,Nzoia Sugar,2024-12-16,7,26.5,1.35,0.1
9443804462,Nelly's House,chemist,Wadhare,-0.1227859,34.753216,BEV001,beverages,Afia Juice,2024-12-09,14,5.0,0.71,0.5
9443804462,Nelly's House,chemist,Wadhare,-0.1227859,34.753216,BEV002,beverages,Pick n Peel Juice,2024-12-23,0,15.0,0.72,0.1
9443804462,Nelly's House,chemist,Wadhare,-0.1227859,34.753216,BEV003,beverages,Tusker Lager,2024-12-16,7,10.0,0.71,0.1
9443804462,Nelly's House,chemist,Wadhare,-0.1227859,34.753216,BEV004,beverages,Coca-Cola Soda,2024-12-09,14,7.8,0.58,0.1
9443804462,Nelly's House,chemist,Wadhare,-0.1227859,34.753216,FLR001,flour,Jogoo Maize Flour,2024-12-09,14,6.6,1.03,0.5
9443804462,Nelly's House,chemist,Wadhare,-0.1227859,34.753216,FLR002,flour,Jogoo Maize Flour,2024-12-09,14,6.0,0.86,0.5
9443804462,Nelly's House,chemist,Wadhare,-0.1227859,34.753216,FLR003,flour,Pembe Maize Flour,2024-12-16,7,16.2,1.11,0.1
9443804462,Nelly's House,chemist,Wadhare,-0.1227859,34.753216,FLR004,flour,Kabras Maize Flour,2024-12-16,7,23.7,1.18,0.1
9443804462,Nelly's House,chemist,Wadhare,-0.1227859,34.753216,OIL001,cooking_oil,Golden Fry Cooking Oil,2024-12-16,7,7.5,0.94,0.5
9443804462,Nelly's House,chemist,Wadhare,-0.1227859,34.753216,OIL002,cooking_oil,Golden Fry Cooking Oil,2024-12-23,0,14.0,0.98,0.1
9443804462,Nelly's House,chemist,Wadhare,-0.1227859,34.753216,OIL003,cooking_oil,Soya King Cooking Oil,2024-12-16,7,7.3,0.95,0.5
9443804462,Nelly's House,chemist,Wadhare,-0.1227859,34.753216,OIL004,cooking_oil,Soya King Cooking Oil,2024-12-02,21,4.0,0.76,0.5
9443804462,Nelly's House,chemist,Wadhare,-0.1227859,34.753216,PC001,personal_care,Vaseline Body Lotion,2024-12-09,14,3.9,0.58,0.5
9443804462,Nelly's House,chemist,Wadhare,-0.1227859,34.753216,PC002,personal_care,Dove Bar Soap,2024-12-02,21,3.7,0.59,0.5
9443804462,Nelly's House,chemist,Wadhare,-0.1227859,34.753216,PC003,personal_care,Colgate Toothpaste,2024-12-16,7,11.9,0.59,0.1
9443804462,Nelly's House,chemist,Wadhare,-0.1227859,34.753216,SAN001,sanitary,Always Pads,2024-12-16,7,6.0,0.43,0.1
9443804462,Nelly's House,chemist,Wadhare,-0.1227859,34.753216,SAN002,sanitary,Huggies Diapers,2024-12-16,7,6.0,0.43,0.1
9443804462,Nelly's House,chemist,Wadhare,-0.1227859,34.753216,SOP001,soap,Omo Detergent,2024-12-23,0,12.0,0.45,0.1
9443804462,Nelly's House,chemist,Wadhare,-0.1227859,34.753216,SOP002,soap,Sunlight Bar Soap,2024-12-09,14,5.8,0.45,0.1
9443804462,Nelly's House,chemist,Wadhare,-0.1227859,34.753216,SOP003,soap,Bidco Bar Soap,2024-12-09,14,7.7,0.6,0.1
9443804462,Nelly's House,chemist,Wadhare,-0.1227859,34.753216,SOP004,soap,Dettol Bar Soap,2024-12-02,21,3.7,0.59,0.5
9443804462,Nelly's House,chemist,Wadhare,-0.1227859,34.753216,SUG001,sugar,Mumias Sugar,2024-12-09,14,11.3,0.91,0.1
9443804462,Nelly's House,chemist,Wadhare,-0.1227859,34.753216,SUG002,sugar,Mumias Sugar,2024-12-09,14,11.5,0.89,0.1
9443804462,Nelly's House,chemist,Wadhare,-0.1227859,34.753216,SUG003,sugar,Nzoia Sugar,2024-12-02,21,5.1,0.9,0.5
9443804470,Vincent's Shop,chemist,k.b.c.,-0.1183712,34.7602091,BEV001,beverages,Afia Juice,2024-12-23,0,15.0,0.72,0.1
9443804470,Vincent's Shop,chemist,k.b.c.,-0.1183712,34.7602091,BEV002,beverages,Pick n Peel Juice,2024-12-23,0,12.0,0.58,0.1
9443804470,Vincent's Shop,chemist,k.b.c.,-0.1183712,34.7602091,BEV003,beverages,Tusker Lager,2024-12-02,21,4.2,0.75,0.5
9443804470,Vincent's Shop,chemist,k.b.c.,-0.1183712,34.7602091,BEV004,beverages,Coca-Cola Soda,2024-12-16,7,10.0,0.71,0.1
9443804470,Vincent's Shop,chemist,k.b.c.,-0.1183712,34.7602091,FLR001,flour,Jogoo Maize Flour,2024-12-23,0,24.0,1.13,0.1
9443804470,Vincent's Shop,chemist,k.b.c.,-0.1183712,34.7602091,FLR002,flour,Jogoo Maize Flour,2024-12-23,0,24.0,0.89,0.1
9443804470,Vincent's Shop,chemist,k.b.c.,-0.1183712,34.7602091,FLR003,flour,Pembe Maize Flour,2024-12-16,7,11.9,0.87,0.1
9443804470,Vincent's Shop,chemist,k.b.c.,-0.1183712,34.7602091,FLR004,flour,Kabras Maize Flour,2024-12-09,14,7.0,1.0,0.5
9443804470,Vincent's Shop,chemist,k.b.c.,-0.1183712,34.7602091,OIL001,cooking_oil,Golden Fry Cooking Oil,2024-12-09,14,6.0,0.86,0.5
9443804470,Vincent's Shop,chemist,k.b.c.,-0.1183712,34.7602091,OIL002,cooking_oil,Golden Fry Cooking Oil,2024-12-16,7,14.8,0.74,0.1
9443804470,Vincent's Shop,chemist,k.b.c.,-0.1183712,34.7602091,OIL003,cooking_oil,Soya King Cooking Oil,2024-12-23,0,10.0,0.69,0.1
9443804470,Vincent's Shop,chemist,k.b.c.,-0.1183712,34.7602091,OIL004,cooking_oil,Soya King Cooking Oil,2024-12-16,7,17.8,0.89,0.1
9443804470,Vincent's Shop,chemist,k.b.c.,-0.1183712,34.7602091,PC001,personal_care,Vaseline Body Lotion,2024-12-09,14,2.9,0.44,0.5
9443804470,Vincent's Shop,chemist,k.b.c.,-0.1183712,34.7602091,PC002,personal_care,Dove Bar Soap,2024-12-16,7,3.1,0.41,0.5
9443804470,Vincent's Shop,chemist,k.b.c.,-0.1183712,34.7602091,PC003,personal_care,Colgate Toothpaste,2024-12-23,0,9.0,0.43,0.1
9443804470,Vincent's Shop,chemist,k.b.c.,-0.1183712,34.7602091,SAN001,sanitary,Always Pads,2024-12-02,21,1.8,0.29,0.5
9443804470,Vincent's Shop,chemist,k.b.c.,-0.1183712,34.7602091,SAN002,sanitary,Huggies Diapers,2024-12-02,21,1.8,0.29,0.5
9443804470,Vincent's Shop,chemist,k.b.c.,-0.1183712,34.7602091,SOP001,soap,Omo Detergent,2024-12-23,0,6.0,0.41,0.1
9443804470,Vincent's Shop,chemist,k.b.c.,-0.1183712,34.7602091,SOP002,soap,Sunlight Bar Soap,2024-12-16,7,11.9,0.59,0.1
9443804470,Vincent's Shop,chemist,k.b.c.,-0.1183712,34.7602091,SOP003,soap,Bidco Bar Soap,2024-12-16,7,11.9,0.59,0.1
9443804470,Vincent's Shop,chemist,k.b.c.,-0.1183712,34.7602091,SOP004,soap,Dettol Bar Soap,2024-12-16,7,11.9,0.59,0.1
9443804470,Vincent's Shop,chemist,k.b.c.,-0.1183712,34.7602091,SUG001,sugar,Mumias Sugar,2024-12-16,7,10.0,0.71,0.1
9443804470,Vincent's Shop,chemist,k.b.c.,-0.1183712,34.7602091,SUG002,sugar,Mumias Sugar,2024-12-23,0,24.0,0.88,0.1
9443804470,Vincent's Shop,chemist,k.b.c.,-0.1183712,34.7602091,SUG003,sugar,Nzoia Sugar,2024-12-02,21,3.4,0.6,0.5
9443804487,Andrew Ater,chemist,Kasule,-0.082992,34.8002358,BEV001,beverages,Afia Juice,2024-12-16,7,3.1,0.42,0.5
9443804487,Andrew Ater,chemist,Kasule,-0.082992,34.8002358,BEV002,beverages,Pick n Peel Juice,2024-12-23,0,8.0,0.54,0.1
9443804487,Andrew Ater,chemist,Kasule,-0.082992,34.8002358,BEV003,beverages,Tusker Lager,2024-12-16,7,6.0,0.43,0.1
9443804487,Andrew Ater,chemist,Kasule,-0.082992,34.8002358,BEV004,beverages,Coca-Cola Soda,2024-12-23,0,6.0,0.41,0.1
9443804487,Andrew Ater,chemist,Kasule,-0.082992,34.8002358,FLR001,flour,Jogoo Maize Flour,2024-12-16,7,8.0,0.57,0.1
9443804487,Andrew Ater,chemist,Kasule,-0.082992,34.8002358,FLR002,flour,Jogoo Maize Flour,2024-12-16,7,12.0,0.85,0.1
9443804487,Andrew Ater,chemist,Kasule,-0.082992,34.8002358,FLR003,flour,Pembe Maize Flour,2024-12-16,7,8.1,0.56,0.1
9443804487,Andrew Ater,chemist,Kasule,-0.082992,34.8002358,FLR004,flour,Kabras Maize Flour,2024-12-23,0,8.0,0.54,0.1
9443804487,Andrew Ater,chemist,Kasule,-0.082992,34.8002358,OIL001,cooking_oil,Golden Fry Cooking Oil,2024-12-09,14,7.7,0.6,0.1
9443804487,Andrew Ater,chemist,Kasule,-0.082992,34.8002358,OIL002,cooking_oil,Golden Fry Cooking Oil,2024-12-16,7,9.9,0.72,0.1
9443804487,Andrew Ater,chemist,Kasule,-0.082992,34.8002358,OIL003,cooking_oil,Soya King Cooking Oil,2024-12-16,7,14.7,0.75,0.1
9443804487,Andrew Ater,chemist,Kasule,-0.082992,34.8002358,OIL004,cooking_oil,Soya King Cooking Oil,2024-12-23,0,16.0,0.57,0.1
9443804487,Andrew Ater,chemist,Kasule,-0.082992,34.8002358,PC001,personal_care,Vaseline Body Lotion,2024-12-16,7,3.1,0.41,0.5
9443804487,Andrew Ater,chemist,Kasule,-0.082992,34.8002358,PC002,personal_care,Dove Bar Soap,2024-12-02,21,1.8,0.29,0.5
9443804487,Andrew Ater,chemist,Kasule,-0.082992,34.8002358,PC003,personal_care,Colgate Toothpaste,2024-12-16,7,2.1,0.28,0.5
9443804487,Andrew Ater,chemist,Kasule,-0.082992,34.8002358,SAN001,sanitary,Always Pads,2024-12-16,7,5.9,0.3,0.1
9443804487,Andrew Ater,chemist,Kasule,-0.082992,34.8002358,SAN002,sanitary,Huggies Diapers,2024-12-16,7,2.1,0.28,0.5
9443804487,Andrew Ater,chemist,Kasule,-0.082992,34.8002358,SOP001,soap,Omo Detergent,2024-12-23,0,12.0,0.45,0.1
9443804487,Andrew Ater,chemist,Kasule,-0.082992,34.8002358,SOP002,soap,Sunlight Bar Soap,2024-12-16,7,2.1,0.27,0.5
9443804487,Andrew Ater,chemist,Kasule,-0.082992,34.8002358,SOP003,soap,Bidco Bar Soap,2024-12-09,14,5.8,0.45,0.1
9443804487,Andrew Ater,chemist,Kasule,-0.082992,34.8002358,SOP004,soap,Dettol Bar Soap,2024-12-23,0,12.0,0.45,0.1
9443804487,Andrew Ater,chemist,Kasule,-0.082992,34.8002358,SUG001,sugar,Mumias Sugar,2024-12-23,0,12.0,0.57,0.1
9443804487,Andrew Ater,chemist,Kasule,-0.082992,34.8002358,SUG002,sugar,Mumias Sugar,2024-12-23,0,12.0,0.57,0.1
9443804487,Andrew Ater,chemist,Kasule,-0.082992,34.8002358,SUG003,sugar,Nzoia Sugar,2024-12-23,0,8.0,0.55,0.1
9443804492,Dennis,chemist,Lolwe,-0.0713507,34.781385,BEV001,beverages,Afia Juice,2024-12-02,21,7.5,0.79,0.5
9443804492,Dennis,chemist,Lolwe,-0.0713507,34.781385,BEV002,beverages,Pick n Peel Juice,2024-12-16,7,12.0,0.85,0.1
9443804492,Dennis,chemist,Lolwe,-0.0713507,34.781385,BEV003,beverages,Tusker Lager,2024-12-23,0,28.0,1.04,0.1
9443804492,Dennis,chemist,Lolwe,-0.0713507,34.781385,BEV004,beverages,Coca-Cola Soda,2024-12-16,7,21.5,0.94,0.1
9443804492,Dennis,chemist,Lolwe,-0.0713507,34.781385,FLR001,flour,Jogoo Maize Flour,2024-12-23,0,36.0,1.27,0.1
9443804492,Dennis,chemist,Lolwe,-0.0713507,34.781385,FLR002,flour,Jogoo Maize Flour,2024-12-16,7,26.9,1.3,0.1
9443804492,Dennis,chemist,Lolwe,-0.0713507,34.781385,FLR003,flour,Pembe Maize Flour,2024-12-23,0,27.0,1.31,0.1
9443804492,Dennis,chemist,Lolwe,-0.0713507,34.781385,FLR004,flour,Kabras Maize Flour,2024-12-23,0,30.0,1.44,0.1
9443804492,Dennis,chemist,Lolwe,-0.0713507,34.781385,OIL001,cooking_oil,Golden Fry Cooking Oil,2024-12-23,0,16.0,1.04,0.1
9443804492,Dennis,chemist,Lolwe,-0.0713507,34.781385,OIL002,cooking_oil,Golden Fry Cooking Oil,2024-12-23,0,16.0,1.02,0.1
9443804492,Dennis,chemist,Lolwe,-0.0713507,34.781385,OIL003,cooking_oil,Soya King Cooking Oil,2024-12-16,7,9.9,1.15,0.5
9443804492,Dennis,chemist,Lolwe,-0.0713507,34.781385,OIL004,cooking_oil,Soya King Cooking Oil,2024-12-02,21,8.4,1.31,0.5
9443804492,Dennis,chemist,Lolwe,-0.0713507,34.781385,PC001,personal_care,Vaseline Body Lotion,2024-12-09,14,9.6,0.74,0.1
9443804492,Dennis,chemist,Lolwe,-0.0713507,34.781385,PC002,personal_care,Dove Bar Soap,2024-12-23,0,20.0,0.73,0.1
9443804492,Dennis,chemist,Lolwe,-0.0713507,34.781385,PC003,personal_care,Colgate Toothpaste,2024-12-16,7,8.3,0.53,0.1
9443804492,Dennis,chemist,Lolwe,-0.0713507,34.781385,SAN001,sanitary,Always Pads,2024-12-16,7,6.0,0.43,0.1
9443804492,Dennis,chemist,Lolwe,-0.0713507,34.781385,SAN002,sanitary,Huggies Diapers,2024-12-02,21,2.5,0.45,0.5
9443804492,Dennis,chemist,Lolwe,-0.0713507,34.781385,SOP001,soap,Omo Detergent,2024-12-16,7,6.6,0.77,0.5
9443804492,Dennis,chemist,Lolwe,-0.0713507,34.781385,SOP002,soap,Sunlight Bar Soap,2024-12-09,14,12.0,0.86,0.1
9443804492,Dennis,chemist,Lolwe,-0.0713507,34.781385,SOP003,soap,Bidco Bar Soap,2024-12-16,7,10.5,0.64,0.1
9443804492,Dennis,chemist,Lolwe,-0.0713507,34.781385,SOP004,soap,Dettol Bar Soap,2024-12-16,7,15.0,0.71,0.1
9443804492,Dennis,chemist,Lolwe,-0.0713507,34.781385,SUG001,sugar,Mumias Sugar,2024-12-09,14,14.0,1.0,0.1
9443804492,Dennis,chemist,Lolwe,-0.0713507,34.781385,SUG002,sugar,Mumias Sugar,2024-12-02,21,9.4,1.08,0.5
9443804492,Dennis,chemist,Lolwe,-0.0713507,34.781385,SUG003,sugar,Nzoia Sugar,2024-12-23,0,14.0,0.97,0.1
9443804498,Suprima Industries,chemist,Bandari sublocation,-0.0954574,34.7527257,BEV001,beverages,Afia Juice,2024-12-16,7,5.2,0.68,0.5
9443804498,Suprima Industries,chemist,Bandari sublocation,-0.0954574,34.7527257,BEV002,beverages,Pick n Peel Juice,2024-12-16,7,11.9,0.87,0.1
9443804498,Suprima Industries,chemist,Bandari sublocation,-0.0954574,34.7527257,BEV003,beverages,Tusker Lager,2024-12-16,7,20.8,1.03,0.1
9443804498,Suprima Industries,chemist,Bandari sublocation,-0.0954574,34.7527257,BEV004,beverages,Coca-Cola Soda,2024-12-09,14,14.3,0.98,0.1
9443804498,Suprima Industries,chemist,Bandari sublocation,-0.0954574,34.7527257,FLR001,flour,Jogoo Maize Flour,2024-12-09,14,8.7,1.31,0.5
9443804498,Suprima Industries,chemist,Bandari sublocation,-0.0954574,34.7527257,FLR002,flour,Jogoo Maize Flour,2024-12-16,7,32.6,1.62,0.1
9443804498,Suprima Industries,chemist,Bandari sublocation,-0.0954574,34.7527257,FLR003,flour,Pembe Maize Flour,2024-12-09,14,20.0,1.43,0.1
9443804498,Suprima Industries,chemist,Bandari sublocation,-0.0954574,34.7527257,FLR004,flour,Kabras Maize Flour,2024-12-23,0,44.0,1.55,0.1
9443804498,Suprima Industries,chemist,Bandari sublocation,-0.0954574,34.7527257,OIL001,cooking_oil,Golden Fry Cooking Oil,2024-12-23,0,14.0,0.93,0.1
9443804498,Suprima Industries,chemist,Bandari sublocation,-0.0954574,34.7527257,OIL002,cooking_oil,Golden Fry Cooking Oil,2024-12-16,7,20.8,1.03,0.1
9443804498,Suprima Industries,chemist,Bandari sublocation,-0.0954574,34.7527257,OIL003,cooking_oil,Soya King Cooking Oil,2024-12-23,0,21.0,1.0,0.1
9443804498,Suprima Industries,chemist,Bandari sublocation,-0.0954574,34.7527257,OIL004,cooking_oil,Soya King Cooking Oil,2024-12-09,14,14.3,0.98,0.1
9443804498,Suprima Industries,chemist,Bandari sublocation,-0.0954574,34.7527257,PC001,personal_care,Vaseline Body Lotion,2024-12-09,14,5.0,0.71,0.5
9443804498,Suprima Industries,chemist,Bandari sublocation,-0.0954574,34.7527257,PC002,personal_care,Dove Bar Soap,2024-12-09,14,5.0,0.71,0.5
9443804498,Suprima Industries,chemist,Bandari sublocation,-0.0954574,34.7527257,PC003,personal_care,Colgate Toothpaste,2024-12-16,7,8.0,0.58,0.1
9443804498,Suprima Industries,chemist,Bandari sublocation,-0.0954574,34.7527257,SAN001,sanitary,Always Pads,2024-12-09,14,6.0,0.43,0.1
9443804498,Suprima Industries,chemist,Bandari sublocation,-0.0954574,34.7527257,SAN002,sanitary,Huggies Diapers,2024-12-23,0,9.0,0.41,0.1
9443804498,Suprima Industries,chemist,Bandari sublocation,-0.0954574,34.7527257,SOP001,soap,Omo Detergent,2024-12-23,0,18.0,0.83,0.1
9443804498,Suprima Industries,chemist,Bandari sublocation,-0.0954574,34.7527257,SOP002,soap,Sunlight Bar Soap,2024-12-23,0,16.0,0.57,0.1
9443804498,Suprima Industries,chemist,Bandari sublocation,-0.0954574,34.7527257,SOP003,soap,Bidco Bar Soap,2024-12-09,14,9.4,0.76,0.1
9443804498,Suprima Industries,chemist,Bandari sublocation,-0.0954574,34.7527257,SOP004,soap,Dettol Bar Soap,2024-12-09,14,6.5,0.82,0.5
9443804498,Suprima Industries,chemist,Bandari sublocation,-0.0954574,34.7527257,SUG001,sugar,Mumias Sugar,2024-12-16,7,20.6,1.05,0.1
9443804498,Suprima Industries,chemist,Bandari sublocation,-0.0954574,34.7527257,SUG002,sugar,Mumias Sugar,2024-12-23,0,32.0,1.13,0.1
9443804498,Suprima Industries,chemist,Bandari sublocation,-0.0954574,34.7527257,SUG003,sugar,Nzoia Sugar,2024-12-09,14,7.9,0.94,0.5
9443804517,Mironga,chemist,Lolwe,-0.0713655,34.781385,BEV001,beverages,Afia Juice,2024-12-09,14,13.4,1.04,0.1
9443804517,Mironga,chemist,Lolwe,-0.0713655,34.781385,BEV002,beverages,Pick n Peel Juice,2024-12-16,7,7.3,0.95,0.5
9443804517,Mironga,chemist,Lolwe,-0.0713655,34.781385,BEV003,beverages,Tusker Lager,2024-12-09,14,11.3,0.91,0.1
9443804517,Mironga,chemist,Lolwe,-0.0713655,34.781385,BEV004,beverages,Coca-Cola Soda,2024-12-02,21,5.1,0.9,0.5
9443804517,Mironga,chemist,Lolwe,-0.0713655,34.781385,FLR001,flour,Jogoo Maize Flour,2024-12-23,0,36.0,1.32,0.1
9443804517,Mironga,chemist,Lolwe,-0.0713655,34.781385,FLR002,flour,Jogoo Maize Flour,2024-12-16,7,20.1,1.42,0.1
9443804517,Mironga,chemist,Lolwe,-0.0713655,34.781385,FLR003,flour,Pembe Maize Flour,2024-12-16,7,20.1,1.42,0.1
9443804517,Mironga,chemist,Lolwe,-0.0713655,34.781385,FLR004,flour,Kabras Maize Flour,2024-12-16,7,18.1,1.28,0.1
9443804517,Mironga,chemist,Lolwe,-0.0713655,34.781385,OIL001,cooking_oil,Golden Fry Cooking Oil,2024-12-16,7,23.7,1.18,0.1
9443804517,Mironga,chemist,Lolwe,-0.0713655,34.781385,OIL002,cooking_oil,Golden Fry Cooking Oil,2024-12-16,7,9.4,1.23,0.5
9443804517,Mironga,chemist,Lolwe,-0.0713655,34.781385,OIL003,cooking_oil,Soya King Cooking Oil,2024-12-09,14,11.5,0.89,0.1
9443804517,Mironga,chemist,Lolwe,-0.0713655,34.781385,OIL004,cooking_oil,Soya King Cooking Oil,2024-12-16,7,20.6,1.05,0.1
9443804517,Mironga,chemist,Lolwe,-0.0713655,34.781385,PC001,personal_care,Vaseline Body Lotion,2024-12-09,14,5.2,0.7,0.5
9443804517,Mironga,chemist,Lolwe,-0.0713655,34.781385,PC002,personal_care,Dove Bar Soap,2024-12-16,7,4.1,0.55,0.5
9443804517,Mironga,chemist,Lolwe,-0.0713655,34.781385,PC003,personal_care,Colgate Toothpaste,2024-12-23,0,16.0,0.6,0.1
9443804517,Mironga,chemist,Lolwe,-0.0713655,34.781385,SAN001,sanitary,Always Pads,2024-12-09,14,7.8,0.58,0.1
9443804517,Mironga,chemist,Lolwe,-0.0713655,34.781385,SAN002,sanitary,Huggies Diapers,2024-12-16,7,8.0,0.57,0.1
9443804517,Mironga,chemist,Lolwe,-0.0713655,34.781385,SOP001,soap,Omo Detergent,2024-12-23,0,18.0,0.85,0.1
9443804517,Mironga,chemist,Lolwe,-0.0713655,34.781385,SOP002,soap,Sunlight Bar Soap,2024-12-23,0,15.0,0.72,0.1
9443804517,Mironga,chemist,Lolwe,-0.0713655,34.781385,SOP003,soap,Bidco Bar Soap,2024-12-23,0,20.0,0.73,0.1
9443804517,Mironga,chemist,Lolwe,-0.0713655,34.781385,SOP004,soap,Dettol Bar Soap,2024-12-09,14,11.8,0.87,0.1
9443804517,Mironga,chemist,Lolwe,-0.0713655,34.781385,SUG001,sugar,Mumias Sugar,2024-12-16,7,23.6,1.2,0.1
9443804517,Mironga,chemist,Lolwe,-0.0713655,34.781385,SUG002,sugar,Mumias Sugar,2024-12-09,14,15.3,1.19,0.1
9443804517,Mironga,chemist,Lolwe,-0.0713655,34.781385,SUG003,sugar,Nzoia Sugar,2024-12-23,0,16.0,1.1,0.1
9443804519,Yvonne,chemist,Nyalunya sublocation,-0.0704857,34.8113723,BEV001,beverages,Afia Juice,2024-12-09,14,2.9,0.44,0.5
9443804519,Yvonne,chemist,Nyalunya sublocation,-0.0704857,34.8113723,BEV002,beverages,Pick n Peel Juice,2024-12-02,21,3.7,0.58,0.5
9443804519,Yvonne,chemist,Nyalunya sublocation,-0.0704857,34.8113723,BEV003,beverages,Tusker Lager,2024-12-23,0,8.0,0.52,0.1
9443804519,Yvonne,chemist,Nyalunya sublocation,-0.0704857,34.8113723,BEV004,beverages,Coca-Cola Soda,2024-12-16,7,6.1,0.42,0.1
9443804519,Yvonne,chemist,Nyalunya sublocation,-0.0704857,34.8113723,FLR001,flour,Jogoo Maize Flour,2024-12-16,7,15.0,0.71,0.1
9443804519,Yvonne,chemist,Nyalunya sublocation,-0.0704857,34.8113723,FLR002,flour,Jogoo Maize Flour,2024-12-16,7,15.0,0.71,0.1
9443804519,Yvonne,chemist,Nyalunya sublocation,-0.0704857,34.8113723,FLR003,flour,Pembe Maize Flour,2024-12-02,21,6.3,0.84,0.5
9443804519,Yvonne,chemist,Nyalunya sublocation,-0.0704857,34.8113723,FLR004,flour,Kabras Maize Flour,2024-12-16,7,11.9,0.87,0.1
9443804519,Yvonne,chemist,Nyalunya sublocation,-0.0704857,34.8113723,OIL001,cooking_oil,Golden Fry Cooking Oil,2024-12-16,7,4.2,0.55,0.5
9443804519,Yvonne,chemist,Nyalunya sublocation,-0.0704857,34.8113723,OIL002,cooking_oil,Golden Fry Cooking Oil,2024-12-09,14,8.0,0.57,0.1
9443804519,Yvonne,chemist,Nyalunya sublocation,-0.0704857,34.8113723,OIL003,cooking_oil,Soya King Cooking Oil,2024-12-23,0,8.0,0.56,0.1
9443804519,Yvonne,chemist,Nyalunya sublocation,-0.0704857,34.8113723,OIL004,cooking_oil,Soya King Cooking Oil,2024-12-02,21,3.7,0.59,0.5
9443804519,Yvonne,chemist,Nyalunya sublocation,-0.0704857,34.8113723,PC001,personal_care,Vaseline Body Lotion,2024-12-16,7,9.0,0.43,0.1
9443804519,Yvonne,chemist,Nyalunya sublocation,-0.0704857,34.8113723,PC002,personal_care,Dove Bar Soap,2024-12-23,0,8.0,0.3,0.1
9443804519,Yvonne,chemist,Nyalunya sublocation,-0.0704857,34.8113723,PC003,personal_care,Colgate Toothpaste,2024-12-16,7,2.1,0.28,0.5
9443804519,Yvonne,chemist,Nyalunya sublocation,-0.0704857,34.8113723,SAN001,sanitary,Always Pads,2024-12-23,0,4.0,0.26,0.1
9443804519,Yvonne,chemist,Nyalunya sublocation,-0.0704857,34.8113723,SAN002,sanitary,Huggies Diapers,2024-12-09,14,4.0,0.29,0.1
9443804519,Yvonne,chemist,Nyalunya sublocation,-0.0704857,34.8113723,SOP001,soap,Omo Detergent,2024-12-23,0,12.0,0.44,0.1
9443804519,Yvonne,chemist,Nyalunya sublocation,-0.0704857,34.8113723,SOP002,soap,Sunlight Bar Soap,2024-12-23,0,9.0,0.43,0.1
9443804519,Yvonne,chemist,Nyalunya sublocation,-0.0704857,34.8113723,SOP003,soap,Bidco Bar Soap,2024-12-09,14,1.9,0.29,0.5
9443804519,Yvonne,chemist,Nyalunya sublocation,-0.0704857,34.8113723,SOP004,soap,Dettol Bar Soap,2024-12-09,14,5.7,0.45,0.1
9443804519,Yvonne,chemist,Nyalunya sublocation,-0.0704857,34.8113723,SUG001,sugar,Mumias Sugar,2024-12-23,0,8.0,0.54,0.1
9443804519,Yvonne,chemist,Nyalunya sublocation,-0.0704857,34.8113723,SUG002,sugar,Mumias Sugar,2024-12-16,7,4.3,0.52,0.5
9443804519,Yvonne,chemist,Nyalunya sublocation,-0.0704857,34.8113723,SUG003,sugar,Nzoia Sugar,2024-12-09,14,8.2,0.56,0.1
9443804521,Carruthers East Africa,chemist,West Kajulu location,-0.0545839,34.7920343,BEV001,beverages,Afia Juice,2024-12-16,7,8.1,0.56,0.1
9443804521,Carruthers East Africa,chemist,West Kajulu location,-0.0545839,34.7920343,BEV002,beverages,Pick n Peel Juice,2024-12-16,7,6.0,0.43,0.1
9443804521,Carruthers East Africa,chemist,West Kajulu location,-0.0545839,34.7920343,BEV003,beverages,Tusker Lager,2024-12-23,0,6.0,0.42,0.1
9443804521,Carruthers East Africa,chemist,West Kajulu location,-0.0545839,34.7920343,BEV004,beverages,Coca-Cola Soda,2024-12-16,7,3.1,0.41,0.5
9443804521,Carruthers East Africa,chemist,West Kajulu location,-0.0545839,34.7920343,FLR001,flour,Jogoo Maize Flour,2024-12-23,0,12.0,0.57,0.1
9443804521,Carruthers East Africa,chemist,West Kajulu location,-0.0545839,34.7920343,FLR002,flour,Jogoo Maize Flour,2024-12-23,0,20.0,0.73,0.1
9443804521,Carruthers East Africa,chemist,West Kajulu location,-0.0545839,34.7920343,FLR003,flour,Pembe Maize Flour,2024-12-09,14,11.5,0.89,0.1
9443804521,Carruthers East Africa,chemist,West Kajulu location,-0.0545839,34.7920343,FLR004,flour,Kabras Maize Flour,2024-12-23,0,18.0,0.85,0.1
9443804521,Carruthers East Africa,chemist,West Kajulu location,-0.0545839,34.7920343,OIL001,cooking_oil,Golden Fry Cooking Oil,2024-12-23,0,15.0,0.73,0.1
9443804521,Carruthers East Africa,chemist,West Kajulu location,-0.0545839,34.7920343,OIL002,cooking_oil,Golden Fry Cooking Oil,2024-12-09,14,9.8,0.73,0.1
9443804521,Carruthers East Africa,chemist,West Kajulu location,-0.0545839,34.7920343,OIL003,cooking_oil,Soya King Cooking Oil,2024-12-16,7,8.0,0.58,0.1
9443804521,Carruthers East Africa,chemist,West Kajulu location,-0.0545839,34.7920343,OIL004,cooking_oil,Soya King Cooking Oil,2024-12-23,0,12.0,0.57,0.1
9443804521,Carruthers East Africa,chemist,West Kajulu location,-0.0545839,34.7920343,PC001,personal_care,Vaseline Body Lotion,2024-12-23,0,4.0,0.28,0.1
9443804521,Carruthers East Africa,chemist,West Kajulu location,-0.0545839,34.7920343,PC002,personal_care,Dove Bar Soap,2024-12-23,0,8.0,0.29,0.1
9443804521,Carruthers East Africa,chemist,West Kajulu location,-0.0545839,34.7920343,PC003,personal_care,Colgate Toothpaste,2024-12-09,14,1.9,0.29,0.5
9443804521,Carruthers East Africa,chemist,West Kajulu location,-0.0545839,34.7920343,SAN001,sanitary,Always Pads,2024-12-02,21,1.7,0.3,0.5
9443804521,Carruthers East Africa,chemist,West Kajulu location,-0.0545839,34.7920343,SAN002,sanitary,Huggies Diapers,2024-12-16,7,2.1,0.28,0.5
9443804521,Carruthers East Africa,chemist,West Kajulu location,-0.0545839,34.7920343,SOP001,soap,Omo Detergent,2024-12-16,7,8.9,0.44,0.1
9443804521,Carruthers East Africa,chemist,West Kajulu location,-0.0545839,34.7920343,SOP002,soap,Sunlight Bar Soap,2024-12-09,14,2.9,0.44,0.5
9443804521,Carruthers East Africa,chemist,West Kajulu location,-0.0545839,34.7920343,SOP003,soap,Bidco Bar Soap,2024-12-09,14,3.8,0.3,0.1
9443804521,Carruthers East Africa,chemist,West Kajulu location,-0.0545839,34.7920343,SOP004,soap,Dettol Bar Soap,2024-12-16,7,2.1,0.27,0.5
9443804521,Carruthers East Africa,chemist,West Kajulu location,-0.0545839,34.7920343,SUG001,sugar,Mumias Sugar,2024-12-23,0,12.0,0.58,0.1
9443804521,Carruthers East Africa,chemist,West Kajulu location,-0.0545839,34.7920343,SUG002,sugar,Mumias Sugar,2024-12-23,0,12.0,0.57,0.1
9443804521,Carruthers East Africa,chemist,West Kajulu location,-0.0545839,34.7920343,SUG003,sugar,Nzoia Sugar,2024-12-23,0,6.0,0.41,0.1
9443804537,Lord General Shop,chemist,Manyatta A,-0.0976701,34.777944,BEV001,beverages,Afia Juice,2024-12-16,7,8.9,0.44,0.1
9443804537,Lord General Shop,chemist,Manyatta A,-0.0976701,34.777944,BEV002,beverages,Pick n Peel Juice,2024-12-02,21,4.2,0.56,0.5
9443804537,Lord General Shop,chemist,Manyatta A,-0.0976701,34.777944,BEV003,beverages,Tusker Lager,2024-12-16,7,12.0,0.57,0.1
9443804537,Lord General Shop,chemist,Manyatta A,-0.0976701,34.777944,BEV004,beverages,Coca-Cola Soda,2024-12-16,7,6.1,0.41,0.1
9443804537,Lord General Shop,chemist,Manyatta A,-0.0976701,34.777944,FLR001,flour,Jogoo Maize Flour,2024-12-16,7,18.2,0.83,0.1
9443804537,Lord General Shop,chemist,Manyatta A,-0.0976701,34.777944,FLR002,flour,Jogoo Maize Flour,2024-12-16,7,15.0,0.71,0.1
9443804537,Lord General Shop,chemist,Manyatta A,-0.0976701,34.777944,FLR003,flour,Pembe Maize Flour,2024-12-09,14,6.6,0.82,0.5
9443804537,Lord General Shop,chemist,Manyatta A,-0.0976701,34.777944,FLR004,flour,Kabras Maize Flour,2024-12-23,0,20.0,0.7,0.1
9443804537,Lord General Shop,chemist,Manyatta A,-0.0976701,34.777944,OIL001,cooking_oil,Golden Fry Cooking Oil,2024-12-16,7,10.5,0.64,0.1
9443804537,Lord General Shop,chemist,Manyatta A,-0.0976701,34.777944,OIL002,cooking_oil,Golden Fry Cooking Oil,2024-12-09,14,11.8,0.87,0.1
9443804537,Lord General Shop,chemist,Manyatta A,-0.0976701,34.777944,OIL003,cooking_oil,Soya King Cooking Oil,2024-12-09,14,5.0,0.71,0.5
9443804537,Lord General Shop,chemist,Manyatta A,-0.0976701,34.777944,OIL004,cooking_oil,Soya King Cooking Oil,2024-12-16,7,8.4,0.52,0.1
9443804537,Lord General Shop,chemist,Manyatta A,-0.0976701,34.777944,PC001,personal_care,Vaseline Body Lotion,2024-12-23,0,12.0,0.4,0.1
9443804537,Lord General Shop,chemist,Manyatta A,-0.0976701,34.777944,PC002,personal_care,Dove Bar Soap,2024-12-23,0,4.0,0.26,0.1
9443804537,Lord General Shop,chemist,Manyatta A,-0.0976701,34.777944,PC003,personal_care,Colgate Toothpaste,2024-12-02,21,3.6,0.4,0.5
9443804537,Lord General Shop,chemist,Manyatta A,-0.0976701,34.777944,SAN001,sanitary,Always Pads,2024-12-23,0,6.0,0.27,0.1
9443804537,Lord General Shop,chemist,Manyatta A,-0.0976701,34.777944,SAN002,sanitary,Huggies Diapers,2024-12-09,14,3.4,0.4,0.5
9443804537,Lord General Shop,chemist,Manyatta A,-0.0976701,34.777944,SOP001,soap,Omo Detergent,2024-12-23,0,8.0,0.49,0.1
9443804537,Lord General Shop,chemist,Manyatta A,-0.0976701,34.777944,SOP002,soap,Sunlight Bar Soap,2024-12-16,7,8.9,0.44,0.1
9443804537,Lord General Shop,chemist,Manyatta A,-0.0976701,34.777944,SOP003,soap,Bidco Bar Soap,2024-12-09,14,5.7,0.45,0.1
9443804537,Lord General Shop,chemist,Manyatta A,-0.0976701,34.777944,SOP004,soap,Dettol Bar Soap,2024-12-16,7,12.5,0.5,0.1
9443804537,Lord General Shop,chemist,Manyatta A,-0.0976701,34.777944,SUG001,sugar,Mumias Sugar,2024-12-16,7,12.0,0.57,0.1
9443804537,Lord General Shop,chemist,Manyatta A,-0.0976701,34.777944,SUG002,sugar,Mumias Sugar,2024-12-09,14,10.0,0.71,0.1
9443804537,Lord General Shop,chemist,Manyatta A,-0.0976701,34.777944,SUG003,sugar,Nzoia Sugar,2024-12-23,0,15.0,0.62,0.1
9443804549,Elias,chemist,Wadhare,-0.1186567,34.7599544,BEV001,beverages,Afia Juice,2024-12-09,14,8.2,0.56,0.1
9443804549,Elias,chemist,Wadhare,-0.1186567,34.7599544,BEV002,beverages,Pick n Peel Juice,2024-12-02,21,4.2,0.75,0.5
9443804549,Elias,chemist,Wadhare,-0.1186567,34.7599544,BEV003,beverages,Tusker Lager,2024-12-23,0,20.0,0.75,0.1
9443804549,Elias,chemist,Wadhare,-0.1186567,34.7599544,BEV004,beverages,Coca-Cola Soda,2024-12-23,0,12.0,0.57,0.1
9443804549,Elias,chemist,Wadhare,-0.1186567,34.7599544,FLR001,flour,Jogoo Maize Flour,2024-12-09,14,11.8,0.87,0.1
9443804549,Elias,chemist,Wadhare,-0.1186567,34.7599544,FLR002,flour,Jogoo Maize Flour,2024-12-16,7,7.6,0.91,0.5
9443804549,Elias,chemist,Wadhare,-0.1186567,34.7599544,FLR003,flour,Pembe Maize Flour,2024-12-16,7,23.9,1.16,0.1
9443804549,Elias,chemist,Wadhare,-0.1186567,34.7599544,FLR004,flour,Kabras Maize Flour,2024-12-09,14,6.7,0.8,0.5
9443804549,Elias,chemist,Wadhare,-0.1186567,34.7599544,OIL001,cooking_oil,Golden Fry Cooking Oil,2024-12-09,14,5.6,0.67,0.5
9443804549,Elias,chemist,Wadhare,-0.1186567,34.7599544,OIL002,cooking_oil,Golden Fry Cooking Oil,2024-12-02,21,6.9,1.01,0.5
9443804549,Elias,chemist,Wadhare,-0.1186567,34.7599544,OIL003,cooking_oil,Soya King Cooking Oil,2024-12-16,7,20.6,1.05,0.1
9443804549,Elias,chemist,Wadhare,-0.1186567,34.7599544,OIL004,cooking_oil,Soya King Cooking Oil,2024-12-02,21,4.2,0.75,0.5
9443804549,Elias,chemist,Wadhare,-0.1186567,34.7599544,PC001,personal_care,Vaseline Body Lotion,2024-12-16,7,6.0,0.43,0.1
9443804549,Elias,chemist,Wadhare,-0.1186567,34.7599544,PC002,personal_care,Dove Bar Soap,2024-12-02,21,3.1,0.42,0.5
9443804549,Elias,chemist,Wadhare,-0.1186567,34.7599544,PC003,personal_care,Colgate Toothpaste,2024-12-16,7,8.2,0.55,0.1
9443804549,Elias,chemist,Wadhare,-0.1186567,34.7599544,SAN001,sanitary,Always Pads,2024-12-09,14,3.2,0.41,0.5
9443804549,Elias,chemist,Wadhare,-0.1186567,34.7599544,SAN002,sanitary,Huggies Diapers,2024-12-23,0,8.0,0.3,0.1
9443804549,Elias,chemist,Wadhare,-0.1186567,34.7599544,SOP001,soap,Omo Detergent,2024-12-09,14,4.0,0.57,0.5
9443804549,Elias,chemist,Wadhare,-0.1186567,34.7599544,SOP002,soap,Sunlight Bar Soap,2024-12-02,21,2.5,0.45,0.5
9443804549,Elias,chemist,Wadhare,-0.1186567,34.7599544,SOP003,soap,Bidco Bar Soap,2024-12-16,7,4.3,0.52,0.5
9443804549,Elias,chemist,Wadhare,-0.1186567,34.7599544,SOP004,soap,Dettol Bar Soap,2024-12-09,14,4.2,0.56,0.5
9443804549,Elias,chemist,Wadhare,-0.1186567,34.7599544,SUG001,sugar,Mumias Sugar,2024-12-23,0,12.0,0.54,0.1
9443804549,Elias,chemist,Wadhare,-0.1186567,34.7599544,SUG002,sugar,Mumias Sugar,2024-12-09,14,11.5,0.89,0.1
9443804549,Elias,chemist,Wadhare,-0.1186567,34.7599544,SUG003,sugar,Nzoia Sugar,2024-12-09,14,5.0,0.71,0.5
9446338304,Naomi Achieng,chemist,Kasule,-0.083015,34.8002048,BEV001,beverages,Afia Juice,2024-12-09,14,5.8,0.45,0.1
9446338304,Naomi Achieng,chemist,Kasule,-0.083015,34.8002048,BEV002,beverages,Pick n Peel Juice,2024-12-02,21,2.7,0.44,0.5
9446338304,Naomi Achieng,chemist,Kasule,-0.083015,34.8002048,BEV003,beverages,Tusker Lager,2024-12-23,0,9.0,0.43,0.1
9446338304,Naomi Achieng,chemist,Kasule,-0.083015,34.8002048,BEV004,beverages,Coca-Cola Soda,2024-12-09,14,3.0,0.43,0.5
9446338304,Naomi Achieng,chemist,Kasule,-0.083015,34.8002048,FLR001,flour,Jogoo Maize Flour,2024-12-23,0,10.0,0.68,0.1
9446338304,Naomi Achieng,chemist,Kasule,-0.083015,34.8002048,FLR002,flour,Jogoo Maize Flour,2024-12-09,14,4.0,0.57,0.5
9446338304,Naomi Achieng,chemist,Kasule,-0.083015,34.8002048,FLR003,flour,Pembe Maize Flour,2024-12-23,0,18.0,0.86,0.1
9446338304,Naomi Achieng,chemist,Kasule,-0.083015,34.8002048,FLR004,flour,Kabras Maize Flour,2024-12-23,0,10.0,0.69,0.1
9446338304,Naomi Achieng,chemist,Kasule,-0.083015,34.8002048,OIL001,cooking_oil,Golden Fry Cooking Oil,2024-12-16,7,8.0,0.58,0.1
9446338304,Naomi Achieng,chemist,Kasule,-0.083015,34.8002048,OIL002,cooking_oil,Golden Fry Cooking Oil,2024-12-23,0,16.0,0.6,0.1
9446338304,Naomi Achieng,chemist,Kasule,-0.083015,34.8002048,OIL003,cooking_oil,Soya King Cooking Oil,2024-12-16,7,4.1,0.56,0.5
9446338304,Naomi Achieng,chemist,Kasule,-0.083015,34.8002048,OIL004,cooking_oil,Soya King Cooking Oil,2024-12-09,14,3.9,0.58,0.5
9446338304,Naomi Achieng,chemist,Kasule,-0.083015,34.8002048,PC001,personal_care,Vaseline Body Lotion,2024-12-02,21,1.8,0.29,0.5
9446338304,Naomi Achieng,chemist,Kasule,-0.083015,34.8002048,PC002,personal_care,Dove Bar Soap,2024-12-16,7,3.1,0.41,0.5
9446338304,Naomi Achieng,chemist,Kasule,-0.083015,34.8002048,PC003,personal_care,Colgate Toothpaste,2024-12-23,0,6.0,0.41,0.1
9446338304,Naomi Achieng,chemist,Kasule,-0.083015,34.8002048,SAN001,sanitary,Always Pads,2024-12-23,0,8.0,0.3,0.1
9446338304,Naomi Achieng,chemist,Kasule,-0.083015,34.8002048,SAN002,sanitary,Huggies Diapers,2024-12-23,0,8.0,0.29,0.1
9446338304,Naomi Achieng,chemist,Kasule,-0.083015,34.8002048,SOP001,soap,Omo Detergent,2024-12-23,0,6.0,0.42,0.1
9446338304,Naomi Achieng,chemist,Kasule,-0.083015,34.8002048,SOP002,soap,Sunlight Bar Soap,2024-12-09,14,3.0,0.43,0.5
9446338304,Naomi Achieng,chemist,Kasule,-0.083015,34.8002048,SOP003,soap,Bidco Bar Soap,2024-12-16,7,6.0,0.43,0.1
9446338304,Naomi Achieng,chemist,Kasule,-0.083015,34.8002048,SOP004,soap,Dettol Bar Soap,2024-12-09,14,5.8,0.45,0.1
9446338304,Naomi Achieng,chemist,Kasule,-0.083015,34.8002048,SUG001,sugar,Mumias Sugar,2024-12-23,0,8.0,0.55,0.1
9446338304,Naomi Achieng,chemist,Kasule,-0.083015,34.8002048,SUG002,sugar,Mumias Sugar,2024-12-16,7,8.1,0.56,0.1
9446338304,Naomi Achieng,chemist,Kasule,-0.083015,34.8002048,SUG003,sugar,Nzoia Sugar,2024-12-09,14,5.9,0.44,0.1
9446395025,Carter's Shaop,chemist,Migosi,-0.0772688,34.7779309,BEV001,beverages,Afia Juice,2024-12-09,14,6.8,1.02,0.5
9446395025,Carter's Shaop,chemist,Migosi,-0.0772688,34.7779309,BEV002,beverages,Pick n Peel Juice,2024-12-23,0,21.0,0.95,0.1
9446395025,Carter's Shaop,chemist,Migosi,-0.0772688,34.7779309,BEV003,beverages,Tusker Lager,2024-12-23,0,24.0,0.85,0.1
9446395025,Carter's Shaop,chemist,Migosi,-0.0772688,34.7779309,BEV004,beverages,Coca-Cola Soda,2024-12-23,0,32.0,1.06,0.1
9446395025,Carter's Shaop,chemist,Migosi,-0.0772688,34.7779309,FLR001,flour,Jogoo Maize Flour,2024-12-23,0,27.0,1.27,0.1
9446395025,Carter's Shaop,chemist,Migosi,-0.0772688,34.7779309,FLR002,flour,Jogoo Maize Flour,2024-12-09,14,22.0,1.57,0.1
9446395025,Carter's Shaop,chemist,Migosi,-0.0772688,34.7779309,FLR003,flour,Pembe Maize Flour,2024-12-23,0,22.0,1.38,0.1
9446395025,Carter's Shaop,chemist,Migosi,-0.0772688,34.7779309,FLR004,flour,Kabras Maize Flour,2024-12-23,0,48.0,1.79,0.1
9446395025,Carter's Shaop,chemist,Migosi,-0.0772688,34.7779309,OIL001,cooking_oil,Golden Fry Cooking Oil,2024-12-23,0,20.0,1.33,0.1
9446395025,Carter's Shaop,chemist,Migosi,-0.0772688,34.7779309,OIL002,cooking_oil,Golden Fry Cooking Oil,2024-12-23,0,18.0,1.19,0.1
9446395025,Carter's Shaop,chemist,Migosi,-0.0772688,34.7779309,OIL003,cooking_oil,Soya King Cooking Oil,2024-12-23,0,24.0,1.06,0.1
9446395025,Carter's Shaop,chemist,Migosi,-0.0772688,34.7779309,OIL004,cooking_oil,Soya King Cooking Oil,2024-12-09,14,15.3,1.19,0.1
9446395025,Carter's Shaop,chemist,Migosi,-0.0772688,34.7779309,PC001,personal_care,Vaseline Body Lotion,2024-12-09,14,6.5,0.82,0.5
9446395025,Carter's Shaop,chemist,Migosi,-0.0772688,34.7779309,PC002,personal_care,Dove Bar Soap,2024-12-23,0,24.0,0.88,0.1
9446395025,Carter's Shaop,chemist,Migosi,-0.0772688,34.7779309,PC003,personal_care,Colgate Toothpaste,2024-12-23,0,24.0,0.87,0.1
9446395025,Carter's Shaop,chemist,Migosi,-0.0772688,34.7779309,SAN001,sanitary,Always Pads,2024-12-09,14,3.0,0.43,0.5
9446395025,Carter's Shaop,chemist,Migosi,-0.0772688,34.7779309,SAN002,sanitary,Huggies Diapers,2024-12-02,21,2.7,0.44,0.5
9446395025,Carter's Shaop,chemist,Migosi,-0.0772688,34.7779309,SOP001,soap,Omo Detergent,2024-12-09,14,14.0,1.0,0.1
9446395025,Carter's Shaop,chemist,Migosi,-0.0772688,34.7779309,SOP002,soap,Sunlight Bar Soap,2024-12-23,0,24.0,0.86,0.1
9446395025,Carter's Shaop,chemist,Migosi,-0.0772688,34.7779309,SOP003,soap,Bidco Bar Soap,2024-12-23,0,18.0,0.82,0.1
9446395025,Carter's Shaop,chemist,Migosi,-0.0772688,34.7779309,SOP004,soap,Dettol Bar Soap,2024-12-09,14,5.0,0.71,0.5
9446395025,Carter's Shaop,chemist,Migosi,-0.0772688,34.7779309,SUG001,sugar,Mumias Sugar,2024-12-23,0,36.0,1.22,0.1
9446395025,Carter's Shaop,chemist,Migosi,-0.0772688,34.7779309,SUG002,sugar,Mumias Sugar,2024-12-23,0,36.0,1.32,0.1
9446395025,Carter's Shaop,chemist,Migosi,-0.0772688,34.7779309,SUG003,sugar,Nzoia Sugar,2024-12-09,14,17.6,1.31,0.1
9446395026,Otom Investments,chemist,Nyawita sublocation,-0.0828786,34.770735,BEV001,beverages,Afia Juice,2024-12-16,7,23.7,1.18,0.1
9446395026,Otom Investments,chemist,Nyawita sublocation,-0.0828786,34.770735,BEV002,beverages,Pick n Peel Juice,2024-12-23,0,18.0,1.24,0.1
9446395026,Otom Investments,chemist,Nyawita sublocation,-0.0828786,34.770735,BEV003,beverages,Tusker Lager,2024-12-23,0,14.0,0.95,0.1
9446395026,Otom Investments,chemist,Nyawita sublocation,-0.0828786,34.770735,BEV004,beverages,Coca-Cola Soda,2024-12-23,0,30.0,1.41,0.1
9446395026,Otom Investments,chemist,Nyawita sublocation,-0.0828786,34.770735,FLR001,flour,Jogoo Maize Flour,2024-12-09,14,28.8,2.23,0.1
9446395026,Otom Investments,chemist,Nyawita sublocation,-0.0828786,34.770735,FLR002,flour,Jogoo Maize Flour,2024-12-02,21,16.0,2.29,0.5
9446395026,Otom Investments,chemist,Nyawita sublocation,-0.0828786,34.770735,FLR003,flour,Pembe Maize Flour,2024-12-09,14,21.1,1.64,0.1
9446395026,Otom Investments,chemist,Nyawita sublocation,-0.0828786,34.770735,FLR004,flour,Kabras Maize Flour,2024-12-16,7,21.9,1.59,0.1
9446395026,Otom Investments,chemist,Nyawita sublocation,-0.0828786,34.770735,OIL001,cooking_oil,Golden Fry Cooking Oil,2024-12-09,14,13.0,1.86,0.5
9446395026,Otom Investments,chemist,Nyawita sublocation,-0.0828786,34.770735,OIL002,cooking_oil,Golden Fry Cooking Oil,2024-12-16,7,29.7,1.48,0.1
9446395026,Otom Investments,chemist,Nyawita sublocation,-0.0828786,34.770735,OIL003,cooking_oil,Soya King Cooking Oil,2024-12-16,7,10.5,1.36,0.5
9446395026,Otom Investments,chemist,Nyawita sublocation,-0.0828786,34.770735,OIL004,cooking_oil,Soya King Cooking Oil,2024-12-16,7,12.5,1.64,0.5
9446395026,Otom Investments,chemist,Nyawita sublocation,-0.0828786,34.770735,PC001,personal_care,Vaseline Body Lotion,2024-12-23,0,10.0,0.69,0.1
9446395026,Otom Investments,chemist,Nyawita sublocation,-0.0828786,34.770735,PC002,personal_care,Dove Bar Soap,2024-12-23,0,18.0,0.86,0.1
9446395026,Otom Investments,chemist,Nyawita sublocation,-0.0828786,34.770735,PC003,personal_care,Colgate Toothpaste,2024-12-16,7,6.1,0.84,0.5
9446395026,Otom Investments,chemist,Nyawita sublocation,-0.0828786,34.770735,SAN001,sanitary,Always Pads,2024-12-23,0,12.0,0.83,0.1
9446395026,Otom Investments,chemist,Nyawita sublocation,-0.0828786,34.770735,SAN002,sanitary,Huggies Diapers,2024-12-02,21,5.5,0.88,0.5
9446395026,Otom Investments,chemist,Nyawita sublocation,-0.0828786,34.770735,SOP001,soap,Omo Detergent,2024-12-23,0,14.0,0.98,0.1
9446395026,Otom Investments,chemist,Nyawita sublocation,-0.0828786,34.770735,SOP002,soap,Sunlight Bar Soap,2024-12-09,14,9.0,1.29,0.5
9446395026,Otom Investments,chemist,Nyawita sublocation,-0.0828786,34.770735,SOP003,soap,Bidco Bar Soap,2024-12-16,7,17.8,0.89,0.1
9446395026,Otom Investments,chemist,Nyawita sublocation,-0.0828786,34.770735,SOP004,soap,Dettol Bar Soap,2024-12-16,7,13.8,1.02,0.1
9446395026,Otom Investments,chemist,Nyawita sublocation,-0.0828786,34.770735,SUG001,sugar,Mumias Sugar,2024-12-16,7,8.4,1.09,0.5
9446395026,Otom Investments,chemist,Nyawita sublocation,-0.0828786,34.770735,SUG002,sugar,Mumias Sugar,2024-12-02,21,8.2,1.32,0.5
9446395026,Otom Investments,chemist,Nyawita sublocation,-0.0828786,34.770735,SUG003,sugar,Nzoia Sugar,2024-12-09,14,17.2,1.34,0.1
9446395031,Deborah Ouma Odindo Shop,chemist,Kogony' B,-0.0755421,34.7086556,BEV001,beverages,Afia Juice,2024-12-16,7,8.8,0.45,0.1
9446395031,Deborah Ouma Odindo Shop,chemist,Kogony' B,-0.0755421,34.7086556,BEV002,beverages,Pick n Peel Juice,2024-12-16,7,4.1,0.55,0.5
9446395031,Deborah Ouma Odindo Shop,chemist,Kogony' B,-0.0755421,34.7086556,BEV003,beverages,Tusker Lager,2024-12-16,7,3.1,0.41,0.5
9446395031,Deborah Ouma Odindo Shop,chemist,Kogony' B,-0.0755421,34.7086556,BEV004,beverages,Coca-Cola Soda,2024-12-16,7,8.9,0.44,0.1
9446395031,Deborah Ouma Odindo Shop,chemist,Kogony' B,-0.0755421,34.7086556,FLR001,flour,Jogoo Maize Flour,2024-12-23,0,24.0,0.88,0.1
9446395031,Deborah Ouma Odindo Shop,chemist,Kogony' B,-0.0755421,34.7086556,FLR002,flour,Jogoo Maize Flour,2024-12-09,14,6.0,0.86,0.5
9446395031,Deborah Ouma Odindo Shop,chemist,Kogony' B,-0.0755421,34.7086556,FLR003,flour,Pembe Maize Flour,2024-12-16,7,12.3,0.82,0.1
9446395031,Deborah Ouma Odindo Shop,chemist,Kogony' B,-0.0755421,34.7086556,FLR004,flour,Kabras Maize Flour,2024-12-23,0,12.0,0.83,0.1
9446395031,Deborah Ouma Odindo Shop,chemist,Kogony' B,-0.0755421,34.7086556,OIL001,cooking_oil,Golden Fry Cooking Oil,2024-12-16,7,12.0,0.58,0.1
9446395031,Deborah Ouma Odindo Shop,chemist,Kogony' B,-0.0755421,34.7086556,OIL002,cooking_oil,Golden Fry Cooking Oil,2024-12-23,0,15.0,0.71,0.1
9446395031,Deborah Ouma Odindo Shop,chemist,Kogony' B,-0.0755421,34.7086556,OIL003,cooking_oil,Soya King Cooking Oil,2024-12-16,7,12.0,0.57,0.1
9446395031,Deborah Ouma Odindo Shop,chemist,Kogony' B,-0.0755421,34.7086556,OIL004,cooking_oil,Soya King Cooking Oil,2024-12-09,14,8.0,0.57,0.1
9446395031,Deborah Ouma Odindo Shop,chemist,Kogony' B,-0.0755421,34.7086556,PC001,personal_care,Vaseline Body Lotion,2024-12-16,7,8.8,0.45,0.1
9446395031,Deborah Ouma Odindo Shop,chemist,Kogony' B,-0.0755421,34.7086556,PC002,personal_care,Dove Bar Soap,2024-12-23,0,9.0,0.41,0.1
9446395031,Deborah Ouma Odindo Shop,chemist,Kogony' B,-0.0755421,34.7086556,PC003,personal_care,Colgate Toothpaste,2024-12-23,0,4.0,0.28,0.1
9446395031,Deborah Ouma Odindo Shop,chemist,Kogony' B,-0.0755421,34.7086556,SAN001,sanitary,Always Pads,2024-12-16,7,2.1,0.28,0.5
9446395031,Deborah Ouma Odindo Shop,chemist,Kogony' B,-0.0755421,34.7086556,SAN002,sanitary,Huggies Diapers,2024-12-16,7,4.0,0.29,0.1
9446395031,Deborah Ouma Odindo Shop,chemist,Kogony' B,-0.0755421,34.7086556,SOP001,soap,Omo Detergent,2024-12-23,0,6.0,0.42,0.1
9446395031,Deborah Ouma Odindo Shop,chemist,Kogony' B,-0.0755421,34.7086556,SOP002,soap,Sunlight Bar Soap,2024-12-16,7,6.0,0.43,0.1
9446395031,Deborah Ouma Odindo Shop,chemist,Kogony' B,-0.0755421,34.7086556,SOP003,soap,Bidco Bar Soap,2024-12-09,14,5.7,0.45,0.1
9446395031,Deborah Ouma Odindo Shop,chemist,Kogony' B,-0.0755421,34.7086556,SOP004,soap,Dettol Bar Soap,2024-12-16,7,9.1,0.42,0.1
9446395031,Deborah Ouma Odindo Shop,chemist,Kogony' B,-0.0755421,34.7086556,SUG001,sugar,Mumias Sugar,2024-12-23,0,10.0,0.69,0.1
9446395031,Deborah Ouma Odindo Shop,chemist,Kogony' B,-0.0755421,34.7086556,SUG002,sugar,Mumias Sugar,2024-12-02,21,3.7,0.59,0.5
9446395031,Deborah Ouma Odindo Shop,chemist,Kogony' B,-0.0755421,34.7086556,SUG003,sugar,Nzoia Sugar,2024-12-23,0,12.0,0.44,0.1
9446395094,Olenyo Shop,chemist,Manyatta A,-0.0907746,34.78157,BEV001,beverages,Afia Juice,2024-12-16,7,4.4,0.51,0.5
9446395094,Olenyo Shop,chemist,Manyatta A,-0.0907746,34.78157,BEV002,beverages,Pick n Peel Juice,2024-12-02,21,3.9,0.57,0.5
9446395094,Olenyo Shop,chemist,Manyatta A,-0.0907746,34.78157,BEV003,beverages,Tusker Lager,2024-12-16,7,10.2,0.68,0.1
9446395094,Olenyo Shop,chemist,Manyatta A,-0.0907746,34.78157,BEV004,beverages,Coca-Cola Soda,2024-12-09,14,7.7,0.6,0.1
9446395094,Olenyo Shop,chemist,Manyatta A,-0.0907746,34.78157,FLR001,flour,Jogoo Maize Flour,2024-12-23,0,10.0,0.65,0.1
9446395094,Olenyo Shop,chemist,Manyatta A,-0.0907746,34.78157,FLR002,flour,Jogoo Maize Flour,2024-12-02,21,7.3,0.99,0.5
9446395094,Olenyo Shop,chemist,Manyatta A,-0.0907746,34.78157,FLR003,flour,Pembe Maize Flour,2024-12-16,7,6.5,0.78,0.5
9446395094,Olenyo Shop,chemist,Manyatta A,-0.0907746,34.78157,FLR004,flour,Kabras Maize Flour,2024-12-02,21,4.0,0.76,0.5
9446395094,Olenyo Shop,chemist,Manyatta A,-0.0907746,34.78157,OIL001,cooking_oil,Golden Fry Cooking Oil,2024-12-16,7,17.7,0.9,0.1
9446395094,Olenyo Shop,chemist,Manyatta A,-0.0907746,34.78157,OIL002,cooking_oil,Golden Fry Cooking Oil,2024-12-23,0,16.0,0.55,0.1
9446395094,Olenyo Shop,chemist,Manyatta A,-0.0907746,34.78157,OIL003,cooking_oil,Soya King Cooking Oil,2024-12-23,0,20.0,0.75,0.1
9446395094,Olenyo Shop,chemist,Manyatta A,-0.0907746,34.78157,OIL004,cooking_oil,Soya King Cooking Oil,2024-12-16,7,12.4,0.8,0.1
9446395094,Olenyo Shop,chemist,Manyatta A,-0.0907746,34.78157,PC001,personal_care,Vaseline Body Lotion,2024-12-09,14,3.0,0.43,0.5
9446395094,Olenyo Shop,chemist,Manyatta A,-0.0907746,34.78157,PC002,personal_care,Dove Bar Soap,2024-12-16,7,9.0,0.43,0.1
9446395094,Olenyo Shop,chemist,Manyatta A,-0.0907746,34.78157,PC003,personal_care,Colgate Toothpaste,2024-12-02,21,3.1,0.42,0.5
9446395094,Olenyo Shop,chemist,Manyatta A,-0.0907746,34.78157,SAN001,sanitary,Always Pads,2024-12-23,0,8.0,0.3,0.1
9446395094,Olenyo Shop,chemist,Manyatta A,-0.0907746,34.78157,SAN002,sanitary,Huggies Diapers,2024-12-09,14,3.9,0.29,0.1
9446395094,Olenyo Shop,chemist,Manyatta A,-0.0907746,34.78157,SOP001,soap,Omo Detergent,2024-12-16,7,4.6,0.49,0.5
9446395094,Olenyo Shop,chemist,Manyatta A,-0.0907746,34.78157,SOP002,soap,Sunlight Bar Soap,2024-12-23,0,12.0,0.52,0.1
9446395094,Olenyo Shop,chemist,Manyatta A,-0.0907746,34.78157,SOP003,soap,Bidco Bar Soap,2024-12-16,7,6.3,0.39,0.1
9446395094,Olenyo Shop,chemist,Manyatta A,-0.0907746,34.78157,SOP004,soap,Dettol Bar Soap,2024-12-02,21,4.7,0.54,0.5
9446395094,Olenyo Shop,chemist,Manyatta A,-0.0907746,34.78157,SUG001,sugar,Mumias Sugar,2024-12-09,14,9.6,0.74,0.1
9446395094,Olenyo Shop,chemist,Manyatta A,-0.0907746,34.78157,SUG002,sugar,Mumias Sugar,2024-12-23,0,8.0,0.5,0.1
9446395094,Olenyo Shop,chemist,Manyatta A,-0.0907746,34.78157,SUG003,sugar,Nzoia Sugar,2024-12-16,7,12.3,0.53,0.1
9446395095,KCB Mpesa Shop,chemist,Kogony' B,-0.0751677,34.7080056,BEV001,beverages,Afia Juice,2024-12-16,7,6.0,0.43,0.1
9446395095,KCB Mpesa Shop,chemist,Kogony' B,-0.0751677,34.7080056,BEV002,beverages,Pick n Peel Juice,2024-12-02,21,2.4,0.46,0.5
9446395095,KCB Mpesa Shop,chemist,Kogony' B,-0.0751677,34.7080056,BEV003,beverages,Tusker Lager,2024-12-09,14,7.5,0.6,0.1
9446395095,KCB Mpesa Shop,chemist,Kogony' B,-0.0751677,34.7080056,BEV004,beverages,Coca-Cola Soda,2024-12-16,7,8.8,0.45,0.1
9446395095,KCB Mpesa Shop,chemist,Kogony' B,-0.0751677,34.7080056,FLR001,flour,Jogoo Maize Flour,2024-12-09,14,11.3,0.91,0.1
9446395095,KCB Mpesa Shop,chemist,Kogony' B,-0.0751677,34.7080056,FLR002,flour,Jogoo Maize Flour,2024-12-16,7,5.2,0.68,0.5
9446395095,KCB Mpesa Shop,chemist,Kogony' B,-0.0751677,34.7080056,FLR003,flour,Pembe Maize Flour,2024-12-23,0,10.0,0.68,0.1
9446395095,KCB Mpesa Shop,chemist,Kogony' B,-0.0751677,34.7080056,FLR004,flour,Kabras Maize Flour,2024-12-23,0,24.0,0.89,0.1
9446395095,KCB Mpesa Shop,chemist,Kogony' B,-0.0751677,34.7080056,OIL001,cooking_oil,Golden Fry Cooking Oil,2024-12-09,14,7.7,0.6,0.1
9446395095,KCB Mpesa Shop,chemist,Kogony' B,-0.0751677,34.7080056,OIL002,cooking_oil,Golden Fry Cooking Oil,2024-12-16,7,5.2,0.68,0.5
9446395095,KCB Mpesa Shop,chemist,Kogony' B,-0.0751677,34.7080056,OIL003,cooking_oil,Soya King Cooking Oil,2024-12-23,0,15.0,0.71,0.1
9446395095,KCB Mpesa Shop,chemist,Kogony' B,-0.0751677,34.7080056,OIL004,cooking_oil,Soya King Cooking Oil,2024-12-09,14,4.0,0.57,0.5
9446395095,KCB Mpesa Shop,chemist,Kogony' B,-0.0751677,34.7080056,PC001,personal_care,Vaseline Body Lotion,2024-12-02,21,2.4,0.46,0.5
9446395095,KCB Mpesa Shop,chemist,Kogony' B,-0.0751677,34.7080056,PC002,personal_care,Dove Bar Soap,2024-12-16,7,5.9,0.3,0.1
9446395095,KCB Mpesa Shop,chemist,Kogony' B,-0.0751677,34.7080056,PC003,personal_care,Colgate Toothpaste,2024-12-09,14,3.0,0.43,0.5
9446395095,KCB Mpesa Shop,chemist,Kogony' B,-0.0751677,34.7080056,SAN001,sanitary,Always Pads,2024-12-09,14,3.8,0.3,0.1
9446395095,KCB Mpesa Shop,chemist,Kogony' B,-0.0751677,34.7080056,SAN002,sanitary,Huggies Diapers,2024-12-09,14,2.0,0.29,0.5
9446395095,KCB Mpesa Shop,chemist,Kogony' B,-0.0751677,34.7080056,SOP001,soap,Omo Detergent,2024-12-23,0,12.0,0.45,0.1
9446395095,KCB Mpesa Shop,chemist,Kogony' B,-0.0751677,34.7080056,SOP002,soap,Sunlight Bar Soap,2024-12-02,21,2.4,0.46,0.5
9446395095,KCB Mpesa Shop,chemist,Kogony' B,-0.0751677,34.7080056,SOP003,soap,Bidco Bar Soap,2024-12-16,7,3.1,0.42,0.5
9446395095,KCB Mpesa Shop,chemist,Kogony' B,-0.0751677,34.7080056,SOP004,soap,Dettol Bar Soap,2024-12-16,7,3.1,0.42,0.5
9446395095,KCB Mpesa Shop,chemist,Kogony' B,-0.0751677,34.7080056,SUG001,sugar,Mumias Sugar,2024-12-09,14,7.5,0.6,0.1
9446395095,KCB Mpesa Shop,chemist,Kogony' B,-0.0751677,34.7080056,SUG002,sugar,Mumias Sugar,2024-12-02,21,3.7,0.59,0.5
9446395095,KCB Mpesa Shop,chemist,Kogony' B,-0.0751677,34.7080056,SUG003,sugar,Nzoia Sugar,2024-12-16,7,8.0,0.58,0.1
9446395117,Babby,chemist,Brilliant,-0.0990553,34.7697439,BEV001,beverages,Afia Juice,2024-12-16,7,17.8,0.89,0.1
9446395117,Babby,chemist,Brilliant,-0.0990553,34.7697439,BEV002,beverages,Pick n Peel Juice,2024-12-16,7,5.2,0.69,0.5
9446395117,Babby,chemist,Brilliant,-0.0990553,34.7697439,BEV003,beverages,Tusker Lager,2024-12-09,14,5.0,0.71,0.5
9446395117,Babby,chemist,Brilliant,-0.0990553,34.7697439,BEV004,beverages,Coca-Cola Soda,2024-12-23,0,18.0,0.86,0.1
9446395117,Babby,chemist,Brilliant,-0.0990553,34.7697439,FLR001,flour,Jogoo Maize Flour,2024-12-09,14,6.2,0.84,0.5
9446395117,Babby,chemist,Brilliant,-0.0990553,34.7697439,FLR002,flour,Jogoo Maize Flour,2024-12-23,0,14.0,0.97,0.1
9446395117,Babby,chemist,Brilliant,-0.0990553,34.7697439,FLR003,flour,Pembe Maize Flour,2024-12-09,14,13.4,1.04,0.1
9446395117,Babby,chemist,Brilliant,-0.0990553,34.7697439,FLR004,flour,Kabras Maize Flour,2024-12-23,0,32.0,1.19,0.1
9446395117,Babby,chemist,Brilliant,-0.0990553,34.7697439,OIL001,cooking_oil,Golden Fry Cooking Oil,2024-12-09,14,6.8,1.02,0.5
9446395117,Babby,chemist,Brilliant,-0.0990553,34.7697439,OIL002,cooking_oil,Golden Fry Cooking Oil,2024-12-16,7,9.9,0.72,0.1
9446395117,Babby,chemist,Brilliant,-0.0990553,34.7697439,OIL003,cooking_oil,Soya King Cooking Oil,2024-12-16,7,7.5,0.94,0.5
9446395117,Babby,chemist,Brilliant,-0.0990553,34.7697439,OIL004,cooking_oil,Soya King Cooking Oil,2024-12-16,7,14.0,0.99,0.1
9446395117,Babby,chemist,Brilliant,-0.0990553,34.7697439,PC001,personal_care,Vaseline Body Lotion,2024-12-23,0,6.0,0.41,0.1
9446395117,Babby,chemist,Brilliant,-0.0990553,34.7697439,PC002,personal_care,Dove Bar Soap,2024-12-23,0,12.0,0.57,0.1
9446395117,Babby,chemist,Brilliant,-0.0990553,34.7697439,PC003,personal_care,Colgate Toothpaste,2024-12-23,0,12.0,0.44,0.1
9446395117,Babby,chemist,Brilliant,-0.0990553,34.7697439,SAN001,sanitary,Always Pads,2024-12-23,0,12.0,0.45,0.1
9446395117,Babby,chemist,Brilliant,-0.0990553,34.7697439,SAN002,sanitary,Huggies Diapers,2024-12-23,0,8.0,0.29,0.1
9446395117,Babby,chemist,Brilliant,-0.0990553,34.7697439,SOP001,soap,Omo Detergent,2024-12-23,0,20.0,0.75,0.1
9446395117,Babby,chemist,Brilliant,-0.0990553,34.7697439,SOP002,soap,Sunlight Bar Soap,2024-12-23,0,8.0,0.54,0.1
9446395117,Babby,chemist,Brilliant,-0.0990553,34.7697439,SOP003,soap,Bidco Bar Soap,2024-12-02,21,3.7,0.59,0.5
9446395117,Babby,chemist,Brilliant,-0.0990553,34.7697439,SOP004,soap,Dettol Bar Soap,2024-12-02,21,4.0,0.76,0.5
9446395117,Babby,chemist,Brilliant,-0.0990553,34.7697439,SUG001,sugar,Mumias Sugar,2024-12-02,21,5.5,0.88,0.5
9446395117,Babby,chemist,Brilliant,-0.0990553,34.7697439,SUG002,sugar,Mumias Sugar,2024-12-23,0,12.0,0.82,0.1
9446395117,Babby,chemist,Brilliant,-0.0990553,34.7697439,SUG003,sugar,Nzoia Sugar,2024-12-09,14,4.8,0.73,0.5
9446395130,No Name Yet,chemist,Nyawita sublocation,-0.0827604,34.7708349,BEV001,beverages,Afia Juice,2024-12-09,14,8.0,1.14,0.5
9446395130,No Name Yet,chemist,Nyawita sublocation,-0.0827604,34.7708349,BEV002,beverages,Pick n Peel Juice,2024-12-23,0,40.0,1.49,0.1
9446395130,No Name Yet,chemist,Nyawita sublocation,-0.0827604,34.7708349,BEV003,beverages,Tusker Lager,2024-12-23,0,30.0,1.41,0.1
9446395130,No Name Yet,chemist,Nyawita sublocation,-0.0827604,34.7708349,BEV004,beverages,Coca-Cola Soda,2024-12-23,0,27.0,1.29,0.1
9446395130,No Name Yet,chemist,Nyawita sublocation,-0.0827604,34.7708349,FLR001,flour,Jogoo Maize Flour,2024-12-23,0,52.0,1.98,0.1
9446395130,No Name Yet,chemist,Nyawita sublocation,-0.0827604,34.7708349,FLR002,flour,Jogoo Maize Flour,2024-12-23,0,30.0,2.07,0.1
9446395130,No Name Yet,chemist,Nyawita sublocation,-0.0827604,34.7708349,FLR003,flour,Pembe Maize Flour,2024-12-23,0,32.0,2.17,0.1
9446395130,No Name Yet,chemist,Nyawita sublocation,-0.0827604,34.7708349,FLR004,flour,Kabras Maize Flour,2024-12-23,0,32.0,2.17,0.1
9446395130,No Name Yet,chemist,Nyawita sublocation,-0.0827604,34.7708349,OIL001,cooking_oil,Golden Fry Cooking Oil,2024-12-23,0,22.0,1.52,0.1
9446395130,No Name Yet,chemist,Nyawita sublocation,-0.0827604,34.7708349,OIL002,cooking_oil,Golden Fry Cooking Oil,2024-12-16,7,24.3,1.67,0.1
9446395130,No Name Yet,chemist,Nyawita sublocation,-0.0827604,34.7708349,OIL003,cooking_oil,Soya King Cooking Oil,2024-12-23,0,48.0,1.76,0.1
9446395130,No Name Yet,chemist,Nyawita sublocation,-0.0827604,34.7708349,OIL004,cooking_oil,Soya King Cooking Oil,2024-12-23,0,36.0,1.74,0.1
9446395130,No Name Yet,chemist,Nyawita sublocation,-0.0827604,34.7708349,PC001,personal_care,Vaseline Body Lotion,2024-12-23,0,28.0,1.03,0.1
9446395130,No Name Yet,chemist,Nyawita sublocation,-0.0827604,34.7708349,PC002,personal_care,Dove Bar Soap,2024-12-16,7,7.2,0.97,0.5
9446395130,No Name Yet,chemist,Nyawita sublocation,-0.0827604,34.7708349,PC003,personal_care,Colgate Toothpaste,2024-12-16,7,7.2,0.97,0.5
9446395130,No Name Yet,chemist,Nyawita sublocation,-0.0827604,34.7708349,SAN001,sanitary,Always Pads,2024-12-23,0,16.0,0.59,0.1
9446395130,No Name Yet,chemist,Nyawita sublocation,-0.0827604,34.7708349,SAN002,sanitary,Huggies Diapers,2024-12-09,14,9.8,0.73,0.1
9446395130,No Name Yet,chemist,Nyawita sublocation,-0.0827604,34.7708349,SOP001,soap,Omo Detergent,2024-12-23,0,32.0,1.17,0.1
9446395130,No Name Yet,chemist,Nyawita sublocation,-0.0827604,34.7708349,SOP002,soap,Sunlight Bar Soap,2024-12-23,0,21.0,0.99,0.1
9446395130,No Name Yet,chemist,Nyawita sublocation,-0.0827604,34.7708349,SOP003,soap,Bidco Bar Soap,2024-12-23,0,24.0,1.15,0.1
9446395130,No Name Yet,chemist,Nyawita sublocation,-0.0827604,34.7708349,SOP004,soap,Dettol Bar Soap,2024-12-09,14,15.7,1.17,0.1
9446395130,No Name Yet,chemist,Nyawita sublocation,-0.0827604,34.7708349,SUG001,sugar,Mumias Sugar,2024-12-16,7,10.3,1.39,0.5
9446395130,No Name Yet,chemist,Nyawita sublocation,-0.0827604,34.7708349,SUG002,sugar,Mumias Sugar,2024-12-09,14,8.0,1.14,0.5
9446395130,No Name Yet,chemist,Nyawita sublocation,-0.0827604,34.7708349,SUG003,sugar,Nzoia Sugar,2024-12-02,21,9.1,1.47,0.5
9446395135,Her House,chemist,Nanga,-0.1285161,34.7471476,BEV001,beverages,Afia Juice,2024-12-16,7,8.0,0.57,0.1
9446395135,Her House,chemist,Nanga,-0.1285161,34.7471476,BEV002,beverages,Pick n Peel Juice,2024-12-16,7,11.8,0.6,0.1
9446395135,Her House,chemist,Nanga,-0.1285161,34.7471476,BEV003,beverages,Tusker Lager,2024-12-23,0,6.0,0.41,0.1
9446395135,Her House,chemist,Nanga,-0.1285161,34.7471476,BEV004,beverages,Coca-Cola Soda,2024-12-23,0,12.0,0.44,0.1
9446395135,Her House,chemist,Nanga,-0.1285161,34.7471476,FLR001,flour,Jogoo Maize Flour,2024-12-16,7,11.9,0.88,0.1
9446395135,Her House,chemist,Nanga,-0.1285161,34.7471476,FLR002,flour,Jogoo Maize Flour,2024-12-23,0,18.0,0.86,0.1
9446395135,Her House,chemist,Nanga,-0.1285161,34.7471476,FLR003,flour,Pembe Maize Flour,2024-12-23,0,18.0,0.86,0.1
9446395135,Her House,chemist,Nanga,-0.1285161,34.7471476,FLR004,flour,Kabras Maize Flour,2024-12-23,0,24.0,0.88,0.1
9446395135,Her House,chemist,Nanga,-0.1285161,34.7471476,OIL001,cooking_oil,Golden Fry Cooking Oil,2024-12-23,0,10.0,0.69,0.1
9446395135,Her House,chemist,Nanga,-0.1285161,34.7471476,OIL002,cooking_oil,Golden Fry Cooking Oil,2024-12-16,7,5.2,0.68,0.5
9446395135,Her House,chemist,Nanga,-0.1285161,34.7471476,OIL003,cooking_oil,Soya King Cooking Oil,2024-12-16,7,4.1,0.55,0.5
9446395135,Her House,chemist,Nanga,-0.1285161,34.7471476,OIL004,cooking_oil,Soya King Cooking Oil,2024-12-09,14,9.8,0.73,0.1
9446395135,Her House,chemist,Nanga,-0.1285161,34.7471476,PC001,personal_care,Vaseline Body Lotion,2024-12-23,0,8.0,0.3,0.1
9446395135,Her House,chemist,Nanga,-0.1285161,34.7471476,PC002,personal_care,Dove Bar Soap,2024-12-23,0,8.0,0.3,0.1
9446395135,Her House,chemist,Nanga,-0.1285161,34.7471476,PC003,personal_care,Colgate Toothpaste,2024-12-23,0,8.0,0.3,0.1
9446395135,Her House,chemist,Nanga,-0.1285161,34.7471476,SAN001,sanitary,Always Pads,2024-12-23,0,6.0,0.29,0.1
9446395135,Her House,chemist,Nanga,-0.1285161,34.7471476,SAN002,sanitary,Huggies Diapers,2024-12-09,14,3.8,0.3,0.1
9446395135,Her House,chemist,Nanga,-0.1285161,34.7471476,SOP001,soap,Omo Detergent,2024-12-16,7,4.0,0.29,0.1
9446395135,Her House,chemist,Nanga,-0.1285161,34.7471476,SOP002,soap,Sunlight Bar Soap,2024-12-09,14,3.0,0.43,0.5
9446395135,Her House,chemist,Nanga,-0.1285161,34.7471476,SOP003,soap,Bidco Bar Soap,2024-12-23,0,6.0,0.41,0.1
9446395135,Her House,chemist,Nanga,-0.1285161,34.7471476,SOP004,soap,Dettol Bar Soap,2024-12-23,0,6.0,0.29,0.1
9446395135,Her House,chemist,Nanga,-0.1285161,34.7471476,SUG001,sugar,Mumias Sugar,2024-12-09,14,3.0,0.43,0.5
9446395135,Her House,chemist,Nanga,-0.1285161,34.7471476,SUG002,sugar,Mumias Sugar,2024-12-09,14,3.0,0.43,0.5
9446395135,Her House,chemist,Nanga,-0.1285161,34.7471476,SUG003,sugar,Nzoia Sugar,2024-12-09,14,7.7,0.6,0.1
9462604704,Eric Welding Shop,chemist,Gonda,-0.0895694,34.7760295,BEV001,beverages,Afia Juice,2024-12-09,14,9.6,0.74,0.1
9462604704,Eric Welding Shop,chemist,Gonda,-0.0895694,34.7760295,BEV002,beverages,Pick n Peel Juice,2024-12-23,0,10.0,0.69,0.1
9462604704,Eric Welding Shop,chemist,Gonda,-0.0895694,34.7760295,BEV003,beverages,Tusker Lager,2024-12-16,7,9.9,0.73,0.1
9462604704,Eric Welding Shop,chemist,Gonda,-0.0895694,34.7760295,BEV004,beverages,Coca-Cola Soda,2024-12-09,14,4.0,0.57,0.5
9462604704,Eric Welding Shop,chemist,Gonda,-0.0895694,34.7760295,FLR001,flour,Jogoo Maize Flour,2024-12-23,0,24.0,0.89,0.1
9462604704,Eric Welding Shop,chemist,Gonda,-0.0895694,34.7760295,FLR002,flour,Jogoo Maize Flour,2024-12-02,21,6.4,1.03,0.5
9462604704,Eric Welding Shop,chemist,Gonda,-0.0895694,34.7760295,FLR003,flour,Pembe Maize Flour,2024-12-23,0,28.0,1.03,0.1
9462604704,Eric Welding Shop,chemist,Gonda,-0.0895694,34.7760295,FLR004,flour,Kabras Maize Flour,2024-12-23,0,12.0,0.83,0.1
9462604704,Eric Welding Shop,chemist,Gonda,-0.0895694,34.7760295,OIL001,cooking_oil,Golden Fry Cooking Oil,2024-12-23,0,10.0,0.68,0.1
9462604704,Eric Welding Shop,chemist,Gonda,-0.0895694,34.7760295,OIL002,cooking_oil,Golden Fry Cooking Oil,2024-12-23,0,12.0,0.57,0.1
9462604704,Eric Welding Shop,chemist,Gonda,-0.0895694,34.7760295,OIL003,cooking_oil,Soya King Cooking Oil,2024-12-09,14,9.6,0.74,0.1
9462604704,Eric Welding Shop,chemist,Gonda,-0.0895694,34.7760295,OIL004,cooking_oil,Soya King Cooking Oil,2024-12-16,7,17.8,0.89,0.1
9462604704,Eric Welding Shop,chemist,Gonda,-0.0895694,34.7760295,PC001,personal_care,Vaseline Body Lotion,2024-12-23,0,6.0,0.42,0.1
9462604704,Eric Welding Shop,chemist,Gonda,-0.0895694,34.7760295,PC002,personal_care,Dove Bar Soap,2024-12-23,0,9.0,0.43,0.1
9462604704,Eric Welding Shop,chemist,Gonda,-0.0895694,34.7760295,PC003,personal_care,Colgate Toothpaste,2024-12-02,21,2.7,0.44,0.5
9462604704,Eric Welding Shop,chemist,Gonda,-0.0895694,34.7760295,SAN001,sanitary,Always Pads,2024-12-09,14,2.0,0.29,0.5
9462604704,Eric Welding Shop,chemist,Gonda,-0.0895694,34.7760295,SAN002,sanitary,Huggies Diapers,2024-12-23,0,8.0,0.29,0.1
9462604704,Eric Welding Shop,chemist,Gonda,-0.0895694,34.7760295,SOP001,soap,Omo Detergent,2024-12-09,14,4.0,0.57,0.5
9462604704,Eric Welding Shop,chemist,Gonda,-0.0895694,34.7760295,SOP002,soap,Sunlight Bar Soap,2024-12-09,14,5.7,0.45,0.1
9462604704,Eric Welding Shop,chemist,Gonda,-0.0895694,34.7760295,SOP003,soap,Bidco Bar Soap,2024-12-02,21,3.7,0.59,0.5
9462604704,Eric Welding Shop,chemist,Gonda,-0.0895694,34.7760295,SOP004,soap,Dettol Bar Soap,2024-12-23,0,8.0,0.54,0.1
9462604704,Eric Welding Shop,chemist,Gonda,-0.0895694,34.7760295,SUG001,sugar,Mumias Sugar,2024-12-16,7,6.2,0.83,0.5
9462604704,Eric Welding Shop,chemist,Gonda,-0.0895694,34.7760295,SUG002,sugar,Mumias Sugar,2024-12-09,14,5.0,0.71,0.5
9462604704,Eric Welding Shop,chemist,Gonda,-0.0895694,34.7760295,SUG003,sugar,Nzoia Sugar,2024-12-16,7,4.1,0.55,0.5
9462619420,Cynthia's Shop,chemist,Polyview,-0.1007601,34.7688561,BEV001,beverages,Afia Juice,2024-12-16,7,4.2,0.55,0.5
9462619420,Cynthia's Shop,chemist,Polyview,-0.1007601,34.7688561,BEV002,beverages,Pick n Peel Juice,2024-12-16,7,4.3,0.53,0.5
9462619420,Cynthia's Shop,chemist,Polyview,-0.1007601,34.7688561,BEV003,beverages,Tusker Lager,2024-12-23,0,8.0,0.53,0.1
9462619420,Cynthia's Shop,chemist,Polyview,-0.1007601,34.7688561,BEV004,beverages,Coca-Cola Soda,2024-12-16,7,4.2,0.55,0.5
9462619420,Cynthia's Shop,chemist,Polyview,-0.1007601,34.7688561,FLR001,flour,Jogoo Maize Flour,2024-12-09,14,6.0,0.86,0.5
9462619420,Cynthia's Shop,chemist,Polyview,-0.1007601,34.7688561,FLR002,flour,Jogoo Maize Flour,2024-12-02,21,5.1,0.9,0.5
9462619420,Cynthia's Shop,chemist,Polyview,-0.1007601,34.7688561,FLR003,flour,Pembe Maize Flour,2024-12-09,14,7.6,0.96,0.5
9462619420,Cynthia's Shop,chemist,Polyview,-0.1007601,34.7688561,FLR004,flour,Kabras Maize Flour,2024-12-16,7,10.2,0.68,0.1
9462619420,Cynthia's Shop,chemist,Polyview,-0.1007601,34.7688561,OIL001,cooking_oil,Golden Fry Cooking Oil,2024-12-23,0,12.0,0.8,0.1
9462619420,Cynthia's Shop,chemist,Polyview,-0.1007601,34.7688561,OIL002,cooking_oil,Golden Fry Cooking Oil,2024-12-23,0,10.0,0.68,0.1
9462619420,Cynthia's Shop,chemist,Polyview,-0.1007601,34.7688561,OIL003,cooking_oil,Soya King Cooking Oil,2024-12-09,14,10.2,0.7,0.1
9462619420,Cynthia's Shop,chemist,Polyview,-0.1007601,34.7688561,OIL004,cooking_oil,Soya King Cooking Oil,2024-12-23,0,12.0,0.54,0.1
9462619420,Cynthia's Shop,chemist,Polyview,-0.1007601,34.7688561,PC001,personal_care,Vaseline Body Lotion,2024-12-09,14,3.0,0.43,0.5
9462619420,Cynthia's Shop,chemist,Polyview,-0.1007601,34.7688561,PC002,personal_care,Dove Bar Soap,2024-12-09,14,2.1,0.28,0.5
9462619420,Cynthia's Shop,chemist,Polyview,-0.1007601,34.7688561,PC003,personal_care,Colgate Toothpaste,2024-12-23,0,9.0,0.41,0.1
9462619420,Cynthia's Shop,chemist,Polyview,-0.1007601,34.7688561,SAN001,sanitary,Always Pads,2024-12-02,21,1.7,0.3,0.5
9462619420,Cynthia's Shop,chemist,Polyview,-0.1007601,34.7688561,SAN002,sanitary,Huggies Diapers,2024-12-09,14,2.0,0.29,0.5
9462619420,Cynthia's Shop,chemist,Polyview,-0.1007601,34.7688561,SOP001,soap,Omo Detergent,2024-12-02,21,2.7,0.44,0.5
9462619420,Cynthia's Shop,chemist,Polyview,-0.1007601,34.7688561,SOP002,soap,Sunlight Bar Soap,2024-12-23,0,9.0,0.43,0.1
9462619420,Cynthia's Shop,chemist,Polyview,-0.1007601,34.7688561,SOP003,soap,Bidco Bar Soap,2024-12-02,21,2.7,0.44,0.5
9462619420,Cynthia's Shop,chemist,Polyview,-0.1007601,34.7688561,SOP004,soap,Dettol Bar Soap,2024-12-02,21,2.5,0.45,0.5
9462619420,Cynthia's Shop,chemist,Polyview,-0.1007601,34.7688561,SUG001,sugar,Mumias Sugar,2024-12-02,21,3.7,0.59,0.5
9462619420,Cynthia's Shop,chemist,Polyview,-0.1007601,34.7688561,SUG002,sugar,Mumias Sugar,2024-12-02,21,3.4,0.6,0.5
9462619420,Cynthia's Shop,chemist,Polyview,-0.1007601,34.7688561,SUG003,sugar,Nzoia Sugar,2024-12-16,7,10.0,0.71,0.1
9462619432,Princess Marcos,chemist,Lolwe,-0.0712652,34.7812586,BEV001,beverages,Afia Juice,2024-12-16,7,20.8,1.03,0.1
9462619432,Princess Marcos,chemist,Lolwe,-0.0712652,34.7812586,BEV002,beverages,Pick n Peel Juice,2024-12-09,14,11.8,0.87,0.1
9462619432,Princess Marcos,chemist,Lolwe,-0.0712652,34.7812586,BEV003,beverages,Tusker Lager,2024-12-23,0,18.0,0.87,0.1
9462619432,Princess Marcos,chemist,Lolwe,-0.0712652,34.7812586,BEV004,beverages,Coca-Cola Soda,2024-12-02,21,4.6,0.73,0.5
9462619432,Princess Marcos,chemist,Lolwe,-0.0712652,34.7812586,FLR001,flour,Jogoo Maize Flour,2024-12-23,0,18.0,1.26,0.1
9462619432,Princess Marcos,chemist,Lolwe,-0.0712652,34.7812586,FLR002,flour,Jogoo Maize Flour,2024-12-16,7,16.2,1.11,0.1
9462619432,Princess Marcos,chemist,Lolwe,-0.0712652,34.7812586,FLR003,flour,Pembe Maize Flour,2024-12-23,0,24.0,1.15,0.1
9462619432,Princess Marcos,chemist,Lolwe,-0.0712652,34.7812586,FLR004,flour,Kabras Maize Flour,2024-12-23,0,27.0,1.31,0.1
9462619432,Princess Marcos,chemist,Lolwe,-0.0712652,34.7812586,OIL001,cooking_oil,Golden Fry Cooking Oil,2024-12-16,7,20.8,1.03,0.1
9462619432,Princess Marcos,chemist,Lolwe,-0.0712652,34.7812586,OIL002,cooking_oil,Golden Fry Cooking Oil,2024-12-23,0,21.0,1.02,0.1
9462619432,Princess Marcos,chemist,Lolwe,-0.0712652,34.7812586,OIL003,cooking_oil,Soya King Cooking Oil,2024-12-23,0,21.0,0.99,0.1
9462619432,Princess Marcos,chemist,Lolwe,-0.0712652,34.7812586,OIL004,cooking_oil,Soya King Cooking Oil,2024-12-16,7,9.4,1.23,0.5
9462619432,Princess Marcos,chemist,Lolwe,-0.0712652,34.7812586,PC001,personal_care,Vaseline Body Lotion,2024-12-02,21,4.2,0.75,0.5
9462619432,Princess Marcos,chemist,Lolwe,-0.0712652,34.7812586,PC002,personal_care,Dove Bar Soap,2024-12-16,7,5.3,0.67,0.5
9462619432,Princess Marcos,chemist,Lolwe,-0.0712652,34.7812586,PC003,personal_care,Colgate Toothpaste,2024-12-23,0,16.0,0.59,0.1
9462619432,Princess Marcos,chemist,Lolwe,-0.0712652,34.7812586,SAN001,sanitary,Always Pads,2024-12-16,7,8.0,0.58,0.1
9462619432,Princess Marcos,chemist,Lolwe,-0.0712652,34.7812586,SAN002,sanitary,Huggies Diapers,2024-12-16,7,6.0,0.43,0.1
9462619432,Princess Marcos,chemist,Lolwe,-0.0712652,34.7812586,SOP001,soap,Omo Detergent,2024-12-09,14,4.7,0.73,0.5
9462619432,Princess Marcos,chemist,Lolwe,-0.0712652,34.7812586,SOP002,soap,Sunlight Bar Soap,2024-12-09,14,11.5,0.89,0.1
9462619432,Princess Marcos,chemist,Lolwe,-0.0712652,34.7812586,SOP003,soap,Bidco Bar Soap,2024-12-16,7,12.0,0.85,0.1
9462619432,Princess Marcos,chemist,Lolwe,-0.0712652,34.7812586,SOP004,soap,Dettol Bar Soap,2024-12-23,0,18.0,0.85,0.1
9462619432,Princess Marcos,chemist,Lolwe,-0.0712652,34.7812586,SUG001,sugar,Mumias Sugar,2024-12-23,0,12.0,0.83,0.1
9462619432,Princess Marcos,chemist,Lolwe,-0.0712652,34.7812586,SUG002,sugar,Mumias Sugar,2024-12-16,7,20.6,1.05,0.1
9462619432,Princess Marcos,chemist,Lolwe,-0.0712652,34.7812586,SUG003,sugar,Nzoia Sugar,2024-12-02,21,5.1,0.9,0.5
9462619443,Gulflab Chemical Co.Ltd,chemist,Bandari sublocation,-0.1009976,34.7507304,BEV001,beverages,Afia Juice,2024-12-16,7,8.2,1.11,0.5
9462619443,Gulflab Chemical Co.Ltd,chemist,Bandari sublocation,-0.1009976,34.7507304,BEV002,beverages,Pick n Peel Juice,2024-12-23,0,24.0,0.89,0.1
9462619443,Gulflab Chemical Co.Ltd,chemist,Bandari sublocation,-0.1009976,34.7507304,BEV003,beverages,Tusker Lager,2024-12-16,7,7.2,0.97,0.5
9462619443,Gulflab Chemical Co.Ltd,chemist,Bandari sublocation,-0.1009976,34.7507304,BEV004,beverages,Coca-Cola Soda,2024-12-16,7,6.2,0.83,0.5
9462619443,Gulflab Chemical Co.Ltd,chemist,Bandari sublocation,-0.1009976,34.7507304,FLR001,flour,Jogoo Maize Flour,2024-12-09,14,22.6,1.81,0.1
9462619443,Gulflab Chemical Co.Ltd,chemist,Bandari sublocation,-0.1009976,34.7507304,FLR002,flour,Jogoo Maize Flour,2024-12-16,7,11.3,1.52,0.5
9462619443,Gulflab Chemical Co.Ltd,chemist,Bandari sublocation,-0.1009976,34.7507304,FLR003,flour,Pembe Maize Flour,2024-12-09,14,11.0,1.57,0.5
9462619443,Gulflab Chemical Co.Ltd,chemist,Bandari sublocation,-0.1009976,34.7507304,FLR004,flour,Kabras Maize Flour,2024-12-16,7,12.2,1.68,0.5
9462619443,Gulflab Chemical Co.Ltd,chemist,Bandari sublocation,-0.1009976,34.7507304,OIL001,cooking_oil,Golden Fry Cooking Oil,2024-12-23,0,32.0,1.17,0.1
9462619443,Gulflab Chemical Co.Ltd,chemist,Bandari sublocation,-0.1009976,34.7507304,OIL002,cooking_oil,Golden Fry Cooking Oil,2024-12-16,7,20.9,1.01,0.1
9462619443,Gulflab Chemical Co.Ltd,chemist,Bandari sublocation,-0.1009976,34.7507304,OIL003,cooking_oil,Soya King Cooking Oil,2024-12-23,0,20.0,1.38,0.1
9462619443,Gulflab Chemical Co.Ltd,chemist,Bandari sublocation,-0.1009976,34.7507304,OIL004,cooking_oil,Soya King Cooking Oil,2024-12-09,14,9.0,1.29,0.5
9462619443,Gulflab Chemical Co.Ltd,chemist,Bandari sublocation,-0.1009976,34.7507304,PC001,personal_care,Vaseline Body Lotion,2024-12-23,0,12.0,0.57,0.1
9462619443,Gulflab Chemical Co.Ltd,chemist,Bandari sublocation,-0.1009976,34.7507304,PC002,personal_care,Dove Bar Soap,2024-12-16,7,14.8,0.74,0.1
9462619443,Gulflab Chemical Co.Ltd,chemist,Bandari sublocation,-0.1009976,34.7507304,PC003,personal_care,Colgate Toothpaste,2024-12-02,21,3.4,0.6,0.5
9462619443,Gulflab Chemical Co.Ltd,chemist,Bandari sublocation,-0.1009976,34.7507304,SAN001,sanitary,Always Pads,2024-12-16,7,3.1,0.41,0.5
9462619443,Gulflab Chemical Co.Ltd,chemist,Bandari sublocation,-0.1009976,34.7507304,SAN002,sanitary,Huggies Diapers,2024-12-16,7,9.9,0.73,0.1
9462619443,Gulflab Chemical Co.Ltd,chemist,Bandari sublocation,-0.1009976,34.7507304,SOP001,soap,Omo Detergent,2024-12-02,21,4.2,0.75,0.5
9462619443,Gulflab Chemical Co.Ltd,chemist,Bandari sublocation,-0.1009976,34.7507304,SOP002,soap,Sunlight Bar Soap,2024-12-02,21,5.1,0.9,0.5
9462619443,Gulflab Chemical Co.Ltd,chemist,Bandari sublocation,-0.1009976,34.7507304,SOP003,soap,Bidco Bar Soap,2024-12-16,7,12.0,0.85,0.1
9462619443,Gulflab Chemical Co.Ltd,chemist,Bandari sublocation,-0.1009976,34.7507304,SOP004,soap,Dettol Bar Soap,2024-12-02,21,5.5,0.88,0.5
9462619443,Gulflab Chemical Co.Ltd,chemist,Bandari sublocation,-0.1009976,34.7507304,SUG001,sugar,Mumias Sugar,2024-12-23,0,18.0,0.86,0.1
9462619443,Gulflab Chemical Co.Ltd,chemist,Bandari sublocation,-0.1009976,34.7507304,SUG002,sugar,Mumias Sugar,2024-12-16,7,26.4,1.37,0.1
9462619443,Gulflab Chemical Co.Ltd,chemist,Bandari sublocation,-0.1009976,34.7507304,SUG003,sugar,Nzoia Sugar,2024-12-09,14,7.0,1.0,0.5
9462619461,Bb,chemist,Manyatta A,-0.0952496,34.7671143,BEV001,beverages,Afia Juice,2024-12-23,0,16.0,0.59,0.1
9462619461,Bb,chemist,Manyatta A,-0.0952496,34.7671143,BEV002,beverages,Pick n Peel Juice,2024-12-09,14,9.4,0.76,0.1
9462619461,Bb,chemist,Manyatta A,-0.0952496,34.7671143,BEV003,beverages,Tusker Lager,2024-12-02,21,4.0,0.76,0.5
9462619461,Bb,chemist,Manyatta A,-0.0952496,34.7671143,BEV004,beverages,Coca-Cola Soda,2024-12-23,0,15.0,0.71,0.1
9462619461,Bb,chemist,Manyatta A,-0.0952496,34.7671143,FLR001,flour,Jogoo Maize Flour,2024-12-16,7,12.2,0.83,0.1
9462619461,Bb,chemist,Manyatta A,-0.0952496,34.7671143,FLR002,flour,Jogoo Maize Flour,2024-12-23,0,21.0,0.99,0.1
9462619461,Bb,chemist,Manyatta A,-0.0952496,34.7671143,FLR003,flour,Pembe Maize Flour,2024-12-23,0,21.0,1.02,0.1
9462619461,Bb,chemist,Manyatta A,-0.0952496,34.7671143,FLR004,flour,Kabras Maize Flour,2024-12-09,14,6.8,1.02,0.5
9462619461,Bb,chemist,Manyatta A,-0.0952496,34.7671143,OIL001,cooking_oil,Golden Fry Cooking Oil,2024-12-23,0,15.0,0.71,0.1
9462619461,Bb,chemist,Manyatta A,-0.0952496,34.7671143,OIL002,cooking_oil,Golden Fry Cooking Oil,2024-12-09,14,13.4,1.04,0.1
9462619461,Bb,chemist,Manyatta A,-0.0952496,34.7671143,OIL003,cooking_oil,Soya King Cooking Oil,2024-12-23,0,14.0,0.95,0.1
9462619461,Bb,chemist,Manyatta A,-0.0952496,34.7671143,OIL004,cooking_oil,Soya King Cooking Oil,2024-12-02,21,4.6,0.73,0.5
9462619461,Bb,chemist,Manyatta A,-0.0952496,34.7671143,PC001,personal_care,Vaseline Body Lotion,2024-12-16,7,6.0,0.43,0.1
9462619461,Bb,chemist,Manyatta A,-0.0952496,34.7671143,PC002,personal_care,Dove Bar Soap,2024-12-02,21,3.7,0.59,0.5
9462619461,Bb,chemist,Manyatta A,-0.0952496,34.7671143,PC003,personal_care,Colgate Toothpaste,2024-12-02,21,3.2,0.61,0.5
9462619461,Bb,chemist,Manyatta A,-0.0952496,34.7671143,SAN001,sanitary,Always Pads,2024-12-23,0,6.0,0.41,0.1
9462619461,Bb,chemist,Manyatta A,-0.0952496,34.7671143,SAN002,sanitary,Huggies Diapers,2024-12-09,14,1.9,0.29,0.5
9462619461,Bb,chemist,Manyatta A,-0.0952496,34.7671143,SOP001,soap,Omo Detergent,2024-12-23,0,8.0,0.55,0.1
9462619461,Bb,chemist,Manyatta A,-0.0952496,34.7671143,SOP002,soap,Sunlight Bar Soap,2024-12-16,7,4.1,0.56,0.5
9462619461,Bb,chemist,Manyatta A,-0.0952496,34.7671143,SOP003,soap,Bidco Bar Soap,2024-12-16,7,8.1,0.56,0.1
9462619461,Bb,chemist,Manyatta A,-0.0952496,34.7671143,SOP004,soap,Dettol Bar Soap,2024-12-16,7,4.2,0.55,0.5
9462619461,Bb,chemist,Manyatta A,-0.0952496,34.7671143,SUG001,sugar,Mumias Sugar,2024-12-16,7,12.0,0.85,0.1
9462619461,Bb,chemist,Manyatta A,-0.0952496,34.7671143,SUG002,sugar,Mumias Sugar,2024-12-16,7,10.1,0.7,0.1
9462619461,Bb,chemist,Manyatta A,-0.0952496,34.7671143,SUG003,sugar,Nzoia Sugar,2024-12-09,14,5.0,0.71,0.5
9462619464,Kona Shop,chemist,Northern sublocation,-0.1010382,34.7679492,BEV001,beverages,Afia Juice,2024-12-09,14,6.4,0.4,0.1
9462619464,Kona Shop,chemist,Northern sublocation,-0.1010382,34.7679492,BEV002,beverages,Pick n Peel Juice,2024-12-23,0,8.0,0.53,0.1
9462619464,Kona Shop,chemist,Northern sublocation,-0.1010382,34.7679492,BEV003,beverages,Tusker Lager,2024-12-09,14,5.8,0.45,0.1
9462619464,Kona Shop,chemist,Northern sublocation,-0.1010382,34.7679492,BEV004,beverages,Coca-Cola Soda,2024-12-09,14,3.2,0.41,0.5
9462619464,Kona Shop,chemist,Northern sublocation,-0.1010382,34.7679492,FLR001,flour,Jogoo Maize Flour,2024-12-09,14,7.4,0.97,0.5
9462619464,Kona Shop,chemist,Northern sublocation,-0.1010382,34.7679492,FLR002,flour,Jogoo Maize Flour,2024-12-02,21,5.5,0.88,0.5
9462619464,Kona Shop,chemist,Northern sublocation,-0.1010382,34.7679492,FLR003,flour,Pembe Maize Flour,2024-12-09,14,6.5,0.82,0.5
9462619464,Kona Shop,chemist,Northern sublocation,-0.1010382,34.7679492,FLR004,flour,Kabras Maize Flour,2024-12-16,7,6.3,0.82,0.5
9462619464,Kona Shop,chemist,Northern sublocation,-0.1010382,34.7679492,OIL001,cooking_oil,Golden Fry Cooking Oil,2024-12-16,7,15.1,0.7,0.1
9462619464,Kona Shop,chemist,Northern sublocation,-0.1010382,34.7679492,OIL002,cooking_oil,Golden Fry Cooking Oil,2024-12-09,14,4.3,0.55,0.5
9462619464,Kona Shop,chemist,Northern sublocation,-0.1010382,34.7679492,OIL003,cooking_oil,Soya King Cooking Oil,2024-12-16,7,17.8,0.89,0.1
9462619464,Kona Shop,chemist,Northern sublocation,-0.1010382,34.7679492,OIL004,cooking_oil,Soya King Cooking Oil,2024-12-09,14,5.2,0.7,0.5
9462619464,Kona Shop,chemist,Northern sublocation,-0.1010382,34.7679492,PC001,personal_care,Vaseline Body Lotion,2024-12-23,0,4.0,0.26,0.1
9462619464,Kona Shop,chemist,Northern sublocation,-0.1010382,34.7679492,PC002,personal_care,Dove Bar Soap,2024-12-16,7,3.1,0.41,0.5
9462619464,Kona Shop,chemist,Northern sublocation,-0.1010382,34.7679492,PC003,personal_care,Colgate Toothpaste,2024-12-16,7,3.3,0.39,0.5
9462619464,Kona Shop,chemist,Northern sublocation,-0.1010382,34.7679492,SAN001,sanitary,Always Pads,2024-12-23,0,4.0,0.27,0.1
9462619464,Kona Shop,chemist,Northern sublocation,-0.1010382,34.7679492,SAN002,sanitary,Huggies Diapers,2024-12-16,7,4.0,0.29,0.1
9462619464,Kona Shop,chemist,Northern sublocation,-0.1010382,34.7679492,SOP001,soap,Omo Detergent,2024-12-02,21,2.7,0.44,0.5
9462619464,Kona Shop,chemist,Northern sublocation,-0.1010382,34.7679492,SOP002,soap,Sunlight Bar Soap,2024-12-16,7,12.1,0.56,0.1
9462619464,Kona Shop,chemist,Northern sublocation,-0.1010382,34.7679492,SOP003,soap,Bidco Bar Soap,2024-12-09,14,5.9,0.44,0.1
9462619464,Kona Shop,chemist,Northern sublocation,-0.1010382,34.7679492,SOP004,soap,Dettol Bar Soap,2024-12-23,0,12.0,0.41,0.1
9462619464,Kona Shop,chemist,Northern sublocation,-0.1010382,34.7679492,SUG001,sugar,Mumias Sugar,2024-12-09,14,8.0,0.57,0.1
9462619464,Kona Shop,chemist,Northern sublocation,-0.1010382,34.7679492,SUG002,sugar,Mumias Sugar,2024-12-09,14,4.3,0.55,0.5
9462619464,Kona Shop,chemist,Northern sublocation,-0.1010382,34.7679492,SUG003,sugar,Nzoia Sugar,2024-12-23,0,12.0,0.53,0.1
9462619487,David,chemist,Manyatta A,-0.0829795,34.7779881,BEV001,beverages,Afia Juice,2024-12-16,7,23.6,1.2,0.1
9462619487,David,chemist,Manyatta A,-0.0829795,34.7779881,BEV002,beverages,Pick n Peel Juice,2024-12-23,0,18.0,1.22,0.1
9462619487,David,chemist,Manyatta A,-0.0829795,34.7779881,BEV003,beverages,Tusker Lager,2024-12-09,14,8.7,1.31,0.5
9462619487,David,chemist,Manyatta A,-0.0829795,34.7779881,BEV004,beverages,Coca-Cola Soda,2024-12-16,7,8.4,1.09,0.5
9462619487,David,chemist,Manyatta A,-0.0829795,34.7779881,FLR001,flour,Jogoo Maize Flour,2024-12-02,21,11.0,1.76,0.5
9462619487,David,chemist,Manyatta A,-0.0829795,34.7779881,FLR002,flour,Jogoo Maize Flour,2024-12-16,7,29.7,1.48,0.1
9462619487,David,chemist,Manyatta A,-0.0829795,34.7779881,FLR003,flour,Pembe Maize Flour,2024-12-23,0,48.0,1.76,0.1
9462619487,David,chemist,Manyatta A,-0.0829795,34.7779881,FLR004,flour,Kabras Maize Flour,2024-12-23,0,42.0,1.98,0.1
9462619487,David,chemist,Manyatta A,-0.0829795,34.7779881,OIL001,cooking_oil,Golden Fry Cooking Oil,2024-12-23,0,44.0,1.61,0.1
9462619487,David,chemist,Manyatta A,-0.0829795,34.7779881,OIL002,cooking_oil,Golden Fry Cooking Oil,2024-12-16,7,10.3,1.39,0.5
9462619487,David,chemist,Manyatta A,-0.0829795,34.7779881,OIL003,cooking_oil,Soya King Cooking Oil,2024-12-23,0,16.0,1.09,0.1
9462619487,David,chemist,Manyatta A,-0.0829795,34.7779881,OIL004,cooking_oil,Soya King Cooking Oil,2024-12-09,14,10.4,1.4,0.5
9462619487,David,chemist,Manyatta A,-0.0829795,34.7779881,PC001,personal_care,Vaseline Body Lotion,2024-12-09,14,9.4,0.76,0.1
9462619487,David,chemist,Manyatta A,-0.0829795,34.7779881,PC002,personal_care,Dove Bar Soap,2024-12-16,7,17.9,0.87,0.1
9462619487,David,chemist,Manyatta A,-0.0829795,34.7779881,PC003,personal_care,Colgate Toothpaste,2024-12-16,7,17.9,0.87,0.1
9462619487,David,chemist,Manyatta A,-0.0829795,34.7779881,SAN001,sanitary,Always Pads,2024-12-16,7,8.0,0.57,0.1
9462619487,David,chemist,Manyatta A,-0.0829795,34.7779881,SAN002,sanitary,Huggies Diapers,2024-12-23,0,20.0,0.73,0.1
9462619487,David,chemist,Manyatta A,-0.0829795,34.7779881,SOP001,soap,Omo Detergent,2024-12-09,14,11.8,0.87,0.1
9462619487,David,chemist,Manyatta A,-0.0829795,34.7779881,SOP002,soap,Sunlight Bar Soap,2024-12-23,0,32.0,1.17,0.1
9462619487,David,chemist,Manyatta A,-0.0829795,34.7779881,SOP003,soap,Bidco Bar Soap,2024-12-16,7,20.6,1.05,0.1
9462619487,David,chemist,Manyatta A,-0.0829795,34.7779881,SOP004,soap,Dettol Bar Soap,2024-12-23,0,12.0,0.83,0.1
9462619487,David,chemist,Manyatta A,-0.0829795,34.7779881,SUG001,sugar,Mumias Sugar,2024-12-09,14,9.0,1.29,0.5
9462619487,David,chemist,Manyatta A,-0.0829795,34.7779881,SUG002,sugar,Mumias Sugar,2024-12-16,7,14.0,0.99,0.1
9462619487,David,chemist,Manyatta A,-0.0829795,34.7779881,SUG003,sugar,Nzoia Sugar,2024-12-16,7,9.3,1.25,0.5
9462619492,Kibos Sugar,chemist,Chiga sublocation,-0.0622435,34.8159054,BEV001,beverages,Afia Juice,2024-12-16,7,6.1,0.42,0.1
9462619492,Kibos Sugar,chemist,Chiga sublocation,-0.0622435,34.8159054,BEV002,beverages,Pick n Peel Juice,2024-12-09,14,3.0,0.43,0.5
9462619492,Kibos Sugar,chemist,Chiga sublocation,-0.0622435,34.8159054,BEV003,beverages,Tusker Lager,2024-12-02,21,3.7,0.59,0.5
9462619492,Kibos Sugar,chemist,Chiga sublocation,-0.0622435,34.8159054,BEV004,beverages,Coca-Cola Soda,2024-12-09,14,3.0,0.43,0.5
9462619492,Kibos Sugar,chemist,Chiga sublocation,-0.0622435,34.8159054,FLR001,flour,Jogoo Maize Flour,2024-12-02,21,3.4,0.6,0.5
9462619492,Kibos Sugar,chemist,Chiga sublocation,-0.0622435,34.8159054,FLR002,flour,Jogoo Maize Flour,2024-12-23,0,16.0,0.6,0.1
9462619492,Kibos Sugar,chemist,Chiga sublocation,-0.0622435,34.8159054,FLR003,flour,Pembe Maize Flour,2024-12-16,7,12.2,0.83,0.1
9462619492,Kibos Sugar,chemist,Chiga sublocation,-0.0622435,34.8159054,FLR004,flour,Kabras Maize Flour,2024-12-09,14,9.6,0.74,0.1
9462619492,Kibos Sugar,chemist,Chiga sublocation,-0.0622435,34.8159054,OIL001,cooking_oil,Golden Fry Cooking Oil,2024-12-16,7,3.3,0.39,0.5
9462619492,Kibos Sugar,chemist,Chiga sublocation,-0.0622435,34.8159054,OIL002,cooking_oil,Golden Fry Cooking Oil,2024-12-02,21,3.4,0.6,0.5
9462619492,Kibos Sugar,chemist,Chiga sublocation,-0.0622435,34.8159054,OIL003,cooking_oil,Soya King Cooking Oil,2024-12-23,0,16.0,0.59,0.1
9462619492,Kibos Sugar,chemist,Chiga sublocation,-0.0622435,34.8159054,OIL004,cooking_oil,Soya King Cooking Oil,2024-12-16,7,11.9,0.59,0.1
9462619492,Kibos Sugar,chemist,Chiga sublocation,-0.0622435,34.8159054,PC001,personal_care,Vaseline Body Lotion,2024-12-16,7,9.0,0.43,0.1
9462619492,Kibos Sugar,chemist,Chiga sublocation,-0.0622435,34.8159054,PC002,personal_care,Dove Bar Soap,2024-12-16,7,4.0,0.28,0.1
9462619492,Kibos Sugar,chemist,Chiga sublocation,-0.0622435,34.8159054,PC003,personal_care,Colgate Toothpaste,2024-12-16,7,5.9,0.3,0.1
9462619492,Kibos Sugar,chemist,Chiga sublocation,-0.0622435,34.8159054,SAN001,sanitary,Always Pads,2024-12-23,0,6.0,0.28,0.1
9462619492,Kibos Sugar,chemist,Chiga sublocation,-0.0622435,34.8159054,SAN002,sanitary,Huggies Diapers,2024-12-09,14,3.8,0.3,0.1
9462619492,Kibos Sugar,chemist,Chiga sublocation,-0.0622435,34.8159054,SOP001,soap,Omo Detergent,2024-12-16,7,6.0,0.43,0.1
9462619492,Kibos Sugar,chemist,Chiga sublocation,-0.0622435,34.8159054,SOP002,soap,Sunlight Bar Soap,2024-12-23,0,6.0,0.41,0.1
9462619492,Kibos Sugar,chemist,Chiga sublocation,-0.0622435,34.8159054,SOP003,soap,Bidco Bar Soap,2024-12-09,14,3.8,0.3,0.1
9462619492,Kibos Sugar,chemist,Chiga sublocation,-0.0622435,34.8159054,SOP004,soap,Dettol Bar Soap,2024-12-16,7,8.8,0.45,0.1
9462619492,Kibos Sugar,chemist,Chiga sublocation,-0.0622435,34.8159054,SUG001,sugar,Mumias Sugar,2024-12-23,0,12.0,0.42,0.1
9462619492,Kibos Sugar,chemist,Chiga sublocation,-0.0622435,34.8159054,SUG002,sugar,Mumias Sugar,2024-12-09,14,4.3,0.55,0.5
9462619492,Kibos Sugar,chemist,Chiga sublocation,-0.0622435,34.8159054,SUG003,sugar,Nzoia Sugar,2024-12-16,7,8.8,0.45,0.1
9462619523,Safe Water And Aids Project,chemist,Southern sublocation,-0.1105808,34.761828,BEV001,beverages,Afia Juice,2024-12-23,0,12.0,0.5,0.1
9462619523,Safe Water And Aids Project,chemist,Southern sublocation,-0.1105808,34.761828,BEV002,beverages,Pick n Peel Juice,2024-12-16,7,8.3,0.53,0.1
9462619523,Safe Water And Aids Project,chemist,Southern sublocation,-0.1105808,34.761828,BEV003,beverages,Tusker Lager,2024-12-23,0,8.0,0.49,0.1
9462619523,Safe Water And Aids Project,chemist,Southern sublocation,-0.1105808,34.761828,BEV004,beverages,Coca-Cola Soda,2024-12-23,0,12.0,0.49,0.1
9462619523,Safe Water And Aids Project,chemist,Southern sublocation,-0.1105808,34.761828,FLR001,flour,Jogoo Maize Flour,2024-12-16,7,5.8,0.6,0.5
9462619523,Safe Water And Aids Project,chemist,Southern sublocation,-0.1105808,34.761828,FLR002,flour,Jogoo Maize Flour,2024-12-23,0,24.0,0.86,0.1
9462619523,Safe Water And Aids Project,chemist,Southern sublocation,-0.1105808,34.761828,FLR003,flour,Pembe Maize Flour,2024-12-23,0,12.0,0.7,0.1
9462619523,Safe Water And Aids Project,chemist,Southern sublocation,-0.1105808,34.761828,FLR004,flour,Kabras Maize Flour,2024-12-23,0,12.0,0.68,0.1
9462619523,Safe Water And Aids Project,chemist,Southern sublocation,-0.1105808,34.761828,OIL001,cooking_oil,Golden Fry Cooking Oil,2024-12-23,0,10.0,0.61,0.1
9462619523,Safe Water And Aids Project,chemist,Southern sublocation,-0.1105808,34.761828,OIL002,cooking_oil,Golden Fry Cooking Oil,2024-12-23,0,15.0,0.65,0.1
9462619523,Safe Water And Aids Project,chemist,Southern sublocation,-0.1105808,34.761828,OIL003,cooking_oil,Soya King Cooking Oil,2024-12-23,0,10.0,0.59,0.1
9462619523,Safe Water And Aids Project,chemist,Southern sublocation,-0.1105808,34.761828,OIL004,cooking_oil,Soya King Cooking Oil,2024-12-09,14,6.0,0.64,0.5
9462619523,Safe Water And Aids Project,chemist,Southern sublocation,-0.1105808,34.761828,PC001,personal_care,Vaseline Body Lotion,2024-12-23,0,6.0,0.35,0.1
9462619523,Safe Water And Aids Project,chemist,Southern sublocation,-0.1105808,34.761828,PC002,personal_care,Dove Bar Soap,2024-12-16,7,9.1,0.42,0.1
9462619523,Safe Water And Aids Project,chemist,Southern sublocation,-0.1105808,34.761828,PC003,personal_care,Colgate Toothpaste,2024-12-23,0,6.0,0.26,0.1
9462619523,Safe Water And Aids Project,chemist,Southern sublocation,-0.1105808,34.761828,SAN001,sanitary,Always Pads,2024-12-23,0,4.0,0.25,0.1
9462619523,Safe Water And Aids Project,chemist,Southern sublocation,-0.1105808,34.761828,SAN002,sanitary,Huggies Diapers,2024-12-16,7,6.1,0.27,0.1
9462619523,Safe Water And Aids Project,chemist,Southern sublocation,-0.1105808,34.761828,SOP001,soap,Omo Detergent,2024-12-16,7,9.3,0.39,0.1
9462619523,Safe Water And Aids Project,chemist,Southern sublocation,-0.1105808,34.761828,SOP002,soap,Sunlight Bar Soap,2024-12-23,0,6.0,0.37,0.1
9462619523,Safe Water And Aids Project,chemist,Southern sublocation,-0.1105808,34.761828,SOP003,soap,Bidco Bar Soap,2024-12-09,14,3.9,0.37,0.5
9462619523,Safe Water And Aids Project,chemist,Southern sublocation,-0.1105808,34.761828,SOP004,soap,Dettol Bar Soap,2024-12-16,7,6.3,0.39,0.1
9462619523,Safe Water And Aids Project,chemist,Southern sublocation,-0.1105808,34.761828,SUG001,sugar,Mumias Sugar,2024-12-23,0,15.0,0.61,0.1
9462619523,Safe Water And Aids Project,chemist,Southern sublocation,-0.1105808,34.761828,SUG002,sugar,Mumias Sugar,2024-12-23,0,15.0,0.61,0.1
9462619523,Safe Water And Aids Project,chemist,Southern sublocation,-0.1105808,34.761828,SUG003,sugar,Nzoia Sugar,2024-12-16,7,3.4,0.38,0.5
9462619528,Kibos Sugar,chemist,Nyalunya sublocation,-0.0711163,34.8093784,BEV001,beverages,Afia Juice,2024-12-23,0,6.0,0.39,0.1
9462619528,Kibos Sugar,chemist,Nyalunya sublocation,-0.0711163,34.8093784,BEV002,beverages,Pick n Peel Juice,2024-12-09,14,7.8,0.58,0.1
9462619528,Kibos Sugar,chemist,Nyalunya sublocation,-0.0711163,34.8093784,BEV003,beverages,Tusker Lager,2024-12-09,14,3.0,0.43,0.5
9462619528,Kibos Sugar,chemist,Nyalunya sublocation,-0.0711163,34.8093784,BEV004,beverages,Coca-Cola Soda,2024-12-02,21,2.7,0.44,0.5
9462619528,Kibos Sugar,chemist,Nyalunya sublocation,-0.0711163,34.8093784,FLR001,flour,Jogoo Maize Flour,2024-12-23,0,12.0,0.55,0.1
9462619528,Kibos Sugar,chemist,Nyalunya sublocation,-0.0711163,34.8093784,FLR002,flour,Jogoo Maize Flour,2024-12-23,0,10.0,0.66,0.1
9462619528,Kibos Sugar,chemist,Nyalunya sublocation,-0.0711163,34.8093784,FLR003,flour,Pembe Maize Flour,2024-12-16,7,15.0,0.71,0.1
9462619528,Kibos Sugar,chemist,Nyalunya sublocation,-0.0711163,34.8093784,FLR004,flour,Kabras Maize Flour,2024-12-23,0,12.0,0.8,0.1
9462619528,Kibos Sugar,chemist,Nyalunya sublocation,-0.0711163,34.8093784,OIL001,cooking_oil,Golden Fry Cooking Oil,2024-12-23,0,10.0,0.65,0.1
9462619528,Kibos Sugar,chemist,Nyalunya sublocation,-0.0711163,34.8093784,OIL002,cooking_oil,Golden Fry Cooking Oil,2024-12-16,7,14.7,0.75,0.1
9462619528,Kibos Sugar,chemist,Nyalunya sublocation,-0.0711163,34.8093784,OIL003,cooking_oil,Soya King Cooking Oil,2024-12-16,7,14.8,0.74,0.1
9462619528,Kibos Sugar,chemist,Nyalunya sublocation,-0.0711163,34.8093784,OIL004,cooking_oil,Soya King Cooking Oil,2024-12-09,14,4.0,0.57,0.5
9462619528,Kibos Sugar,chemist,Nyalunya sublocation,-0.0711163,34.8093784,PC001,personal_care,Vaseline Body Lotion,2024-12-02,21,2.5,0.45,0.5
9462619528,Kibos Sugar,chemist,Nyalunya sublocation,-0.0711163,34.8093784,PC002,personal_care,Dove Bar Soap,2024-12-16,7,2.2,0.26,0.5
9462619528,Kibos Sugar,chemist,Nyalunya sublocation,-0.0711163,34.8093784,PC003,personal_care,Colgate Toothpaste,2024-12-23,0,6.0,0.28,0.1
9462619528,Kibos Sugar,chemist,Nyalunya sublocation,-0.0711163,34.8093784,SAN001,sanitary,Always Pads,2024-12-16,7,2.1,0.27,0.5
9462619528,Kibos Sugar,chemist,Nyalunya sublocation,-0.0711163,34.8093784,SAN002,sanitary,Huggies Diapers,2024-12-16,7,2.1,0.28,0.5
9462619528,Kibos Sugar,chemist,Nyalunya sublocation,-0.0711163,34.8093784,SOP001,soap,Omo Detergent,2024-12-09,14,3.2,0.41,0.5
9462619528,Kibos Sugar,chemist,Nyalunya sublocation,-0.0711163,34.8093784,SOP002,soap,Sunlight Bar Soap,2024-12-23,0,6.0,0.4,0.1
9462619528,Kibos Sugar,chemist,Nyalunya sublocation,-0.0711163,34.8093784,SOP003,soap,Bidco Bar Soap,2024-12-16,7,6.0,0.43,0.1
9462619528,Kibos Sugar,chemist,Nyalunya sublocation,-0.0711163,34.8093784,SOP004,soap,Dettol Bar Soap,2024-12-16,7,3.3,0.38,0.5
9462619528,Kibos Sugar,chemist,Nyalunya sublocation,-0.0711163,34.8093784,SUG001,sugar,Mumias Sugar,2024-12-16,7,4.3,0.53,0.5
9462619528,Kibos Sugar,chemist,Nyalunya sublocation,-0.0711163,34.8093784,SUG002,sugar,Mumias Sugar,2024-12-23,0,12.0,0.55,0.1
9462619528,Kibos Sugar,chemist,Nyalunya sublocation,-0.0711163,34.8093784,SUG003,sugar,Nzoia Sugar,2024-12-09,14,7.7,0.6,0.1
9462619554,Beatrice Enterprises Limited,chemist,West Kajulu location,-0.0598471,34.779653,BEV001,beverages,Afia Juice,2024-12-23,0,6.0,0.41,0.1
9462619554,Beatrice Enterprises Limited,chemist,West Kajulu location,-0.0598471,34.779653,BEV002,beverages,Pick n Peel Juice,2024-12-09,14,7.7,0.6,0.1
9462619554,Beatrice Enterprises Limited,chemist,West Kajulu location,-0.0598471,34.779653,BEV003,beverages,Tusker Lager,2024-12-23,0,6.0,0.41,0.1
9462619554,Beatrice Enterprises Limited,chemist,West Kajulu location,-0.0598471,34.779653,BEV004,beverages,Coca-Cola Soda,2024-12-16,7,4.2,0.55,0.5
9462619554,Beatrice Enterprises Limited,chemist,West Kajulu location,-0.0598471,34.779653,FLR001,flour,Jogoo Maize Flour,2024-12-16,7,11.9,0.87,0.1
9462619554,Beatrice Enterprises Limited,chemist,West Kajulu location,-0.0598471,34.779653,FLR002,flour,Jogoo Maize Flour,2024-12-02,21,4.6,0.73,0.5
9462619554,Beatrice Enterprises Limited,chemist,West Kajulu location,-0.0598471,34.779653,FLR003,flour,Pembe Maize Flour,2024-12-23,0,20.0,0.73,0.1
9462619554,Beatrice Enterprises Limited,chemist,West Kajulu location,-0.0598471,34.779653,FLR004,flour,Kabras Maize Flour,2024-12-23,0,10.0,0.7,0.1
9462619554,Beatrice Enterprises Limited,chemist,West Kajulu location,-0.0598471,34.779653,OIL001,cooking_oil,Golden Fry Cooking Oil,2024-12-02,21,4.2,0.75,0.5
9462619554,Beatrice Enterprises Limited,chemist,West Kajulu location,-0.0598471,34.779653,OIL002,cooking_oil,Golden Fry Cooking Oil,2024-12-09,14,7.5,0.6,0.1
9462619554,Beatrice Enterprises Limited,chemist,West Kajulu location,-0.0598471,34.779653,OIL003,cooking_oil,Soya King Cooking Oil,2024-12-16,7,5.2,0.69,0.5
9462619554,Beatrice Enterprises Limited,chemist,West Kajulu location,-0.0598471,34.779653,OIL004,cooking_oil,Soya King Cooking Oil,2024-12-16,7,5.2,0.69,0.5
9462619554,Beatrice Enterprises Limited,chemist,West Kajulu location,-0.0598471,34.779653,PC001,personal_care,Vaseline Body Lotion,2024-12-09,14,2.0,0.29,0.5
9462619554,Beatrice Enterprises Limited,chemist,West Kajulu location,-0.0598471,34.779653,PC002,personal_care,Dove Bar Soap,2024-12-23,0,6.0,0.29,0.1
9462619554,Beatrice Enterprises Limited,chemist,West Kajulu location,-0.0598471,34.779653,PC003,personal_care,Colgate Toothpaste,2024-12-02,21,1.7,0.3,0.5
9462619554,Beatrice Enterprises Limited,chemist,West Kajulu location,-0.0598471,34.779653,SAN001,sanitary,Always Pads,2024-12-16,7,4.1,0.28,0.1
9462619554,Beatrice Enterprises Limited,chemist,West Kajulu location,-0.0598471,34.779653,SAN002,sanitary,Huggies Diapers,2024-12-02,21,1.7,0.3,0.5
9462619554,Beatrice Enterprises Limited,chemist,West Kajulu location,-0.0598471,34.779653,SOP001,soap,Omo Detergent,2024-12-16,7,6.0,0.43,0.1
9462619554,Beatrice Enterprises Limited,chemist,West Kajulu location,-0.0598471,34.779653,SOP002,soap,Sunlight Bar Soap,2024-12-16,7,6.0,0.43,0.1
9462619554,Beatrice Enterprises Limited,chemist,West Kajulu location,-0.0598471,34.779653,SOP003,soap,Bidco Bar Soap,2024-12-09,14,3.9,0.58,0.5
9462619554,Beatrice Enterprises Limited,chemist,West Kajulu location,-0.0598471,34.779653,SOP004,soap,Dettol Bar Soap,2024-12-02,21,2.5,0.45,0.5
9462619554,Beatrice Enterprises Limited,chemist,West Kajulu location,-0.0598471,34.779653,SUG001,sugar,Mumias Sugar,2024-12-02,21,2.7,0.44,0.5
9462619554,Beatrice Enterprises Limited,chemist,West Kajulu location,-0.0598471,34.779653,SUG002,sugar,Mumias Sugar,2024-12-16,7,8.0,0.57,0.1
9462619554,Beatrice Enterprises Limited,chemist,West Kajulu location,-0.0598471,34.779653,SUG003,sugar,Nzoia Sugar,2024-12-23,0,9.0,0.43,0.1
9462682162,Equitor Bottlers,chemist,Bandari sublocation,-0.0862831,34.7412319,BEV001,beverages,Afia Juice,2024-12-23,0,12.0,0.45,0.1
9462682162,Equitor Bottlers,chemist,Bandari sublocation,-0.0862831,34.7412319,BEV002,beverages,Pick n Peel Juice,2024-12-16,7,4.1,0.55,0.5
9462682162,Equitor Bottlers,chemist,Bandari sublocation,-0.0862831,34.7412319,BEV003,beverages,Tusker Lager,2024-12-16,7,6.0,0.43,0.1
9462682162,Equitor Bottlers,chemist,Bandari sublocation,-0.0862831,34.7412319,BEV004,beverages,Coca-Cola Soda,2024-12-23,0,8.0,0.54,0.1
9462682162,Equitor Bottlers,chemist,Bandari sublocation,-0.0862831,34.7412319,FLR001,flour,Jogoo Maize Flour,2024-12-09,14,9.6,0.74,0.1
9462682162,Equitor Bottlers,chemist,Bandari sublocation,-0.0862831,34.7412319,FLR002,flour,Jogoo Maize Flour,2024-12-16,7,11.9,0.88,0.1
9462682162,Equitor Bottlers,chemist,Bandari sublocation,-0.0862831,34.7412319,FLR003,flour,Pembe Maize Flour,2024-12-23,0,10.0,0.68,0.1
9462682162,Equitor Bottlers,chemist,Bandari sublocation,-0.0862831,34.7412319,FLR004,flour,Kabras Maize Flour,2024-12-09,14,4.0,0.57,0.5
9462682162,Equitor Bottlers,chemist,Bandari sublocation,-0.0862831,34.7412319,OIL001,cooking_oil,Golden Fry Cooking Oil,2024-12-16,7,8.8,0.46,0.1
9462682162,Equitor Bottlers,chemist,Bandari sublocation,-0.0862831,34.7412319,OIL002,cooking_oil,Golden Fry Cooking Oil,2024-12-23,0,16.0,0.57,0.1
9462682162,Equitor Bottlers,chemist,Bandari sublocation,-0.0862831,34.7412319,OIL003,cooking_oil,Soya King Cooking Oil,2024-12-16,7,4.2,0.55,0.5
9462682162,Equitor Bottlers,chemist,Bandari sublocation,-0.0862831,34.7412319,OIL004,cooking_oil,Soya King Cooking Oil,2024-12-09,14,4.2,0.56,0.5
9462682162,Equitor Bottlers,chemist,Bandari sublocation,-0.0862831,34.7412319,PC001,personal_care,Vaseline Body Lotion,2024-12-09,14,3.8,0.3,0.1
9462682162,Equitor Bottlers,chemist,Bandari sublocation,-0.0862831,34.7412319,PC002,personal_care,Dove Bar Soap,2024-12-02,21,1.7,0.3,0.5
9462682162,Equitor Bottlers,chemist,Bandari sublocation,-0.0862831,34.7412319,PC003,personal_care,Colgate Toothpaste,2024-12-02,21,3.1,0.42,0.5
9462682162,Equitor Bottlers,chemist,Bandari sublocation,-0.0862831,34.7412319,SAN001,sanitary,Always Pads,2024-12-09,14,2.0,0.29,0.5
9462682162,Equitor Bottlers,chemist,Bandari sublocation,-0.0862831,34.7412319,SAN002,sanitary,Huggies Diapers,2024-12-02,21,1.7,0.3,0.5
9462682162,Equitor Bottlers,chemist,Bandari sublocation,-0.0862831,34.7412319,SOP001,soap,Omo Detergent,2024-12-23,0,4.0,0.27,0.1
9462682162,Equitor Bottlers,chemist,Bandari sublocation,-0.0862831,34.7412319,SOP002,soap,Sunlight Bar Soap,2024-12-09,14,2.0,0.29,0.5
9462682162,Equitor Bottlers,chemist,Bandari sublocation,-0.0862831,34.7412319,SOP003,soap,Bidco Bar Soap,2024-12-09,14,3.0,0.43,0.5
9462682162,Equitor Bottlers,chemist,Bandari sublocation,-0.0862831,34.7412319,SOP004,soap,Dettol Bar Soap,2024-12-16,7,4.0,0.29,0.1
9462682162,Equitor Bottlers,chemist,Bandari sublocation,-0.0862831,34.7412319,SUG001,sugar,Mumias Sugar,2024-12-02,21,3.4,0.6,0.5
9462682162,Equitor Bottlers,chemist,Bandari sublocation,-0.0862831,34.7412319,SUG002,sugar,Mumias Sugar,2024-12-16,7,8.0,0.58,0.1
9462682162,Equitor Bottlers,chemist,Bandari sublocation,-0.0862831,34.7412319,SUG003,sugar,Nzoia Sugar,2024-12-09,14,2.9,0.44,0.5
9462682188,Joel Enterprise,chemist,Milimani,-0.1205949,34.7545309,BEV001,beverages,Afia Juice,2024-12-16,7,11.9,0.87,0.1
9462682188,Joel Enterprise,chemist,Milimani,-0.1205949,34.7545309,BEV002,beverages,Pick n Peel Juice,2024-12-23,0,15.0,0.73,0.1
9462682188,Joel Enterprise,chemist,Milimani,-0.1205949,34.7545309,BEV003,beverages,Tusker Lager,2024-12-16,7,10.0,0.71,0.1
9462682188,Joel Enterprise,chemist,Milimani,-0.1205949,34.7545309,BEV004,beverages,Coca-Cola Soda,2024-12-23,0,16.0,0.59,0.1
9462682188,Joel Enterprise,chemist,Milimani,-0.1205949,34.7545309,FLR001,flour,Jogoo Maize Flour,2024-12-02,21,6.4,1.03,0.5
9462682188,Joel Enterprise,chemist,Milimani,-0.1205949,34.7545309,FLR002,flour,Jogoo Maize Flour,2024-12-09,14,7.5,1.18,0.5
9462682188,Joel Enterprise,chemist,Milimani,-0.1205949,34.7545309,FLR003,flour,Pembe Maize Flour,2024-12-09,14,13.4,1.04,0.1
9462682188,Joel Enterprise,chemist,Milimani,-0.1205949,34.7545309,FLR004,flour,Kabras Maize Flour,2024-12-23,0,24.0,1.15,0.1
9462682188,Joel Enterprise,chemist,Milimani,-0.1205949,34.7545309,OIL001,cooking_oil,Golden Fry Cooking Oil,2024-12-16,7,17.8,0.89,0.1
9462682188,Joel Enterprise,chemist,Milimani,-0.1205949,34.7545309,OIL002,cooking_oil,Golden Fry Cooking Oil,2024-12-09,14,11.5,0.89,0.1
9462682188,Joel Enterprise,chemist,Milimani,-0.1205949,34.7545309,OIL003,cooking_oil,Soya King Cooking Oil,2024-12-23,0,21.0,1.0,0.1
9462682188,Joel Enterprise,chemist,Milimani,-0.1205949,34.7545309,OIL004,cooking_oil,Soya King Cooking Oil,2024-12-09,14,6.0,0.86,0.5
9462682188,Joel Enterprise,chemist,Milimani,-0.1205949,34.7545309,PC001,personal_care,Vaseline Body Lotion,2024-12-23,0,12.0,0.45,0.1
9462682188,Joel Enterprise,chemist,Milimani,-0.1205949,34.7545309,PC002,personal_care,Dove Bar Soap,2024-12-09,14,7.5,0.6,0.1
9462682188,Joel Enterprise,chemist,Milimani,-0.1205949,34.7545309,PC003,personal_care,Colgate Toothpaste,2024-12-16,7,3.1,0.41,0.5
9462682188,Joel Enterprise,chemist,Milimani,-0.1205949,34.7545309,SAN001,sanitary,Always Pads,2024-12-16,7,8.9,0.44,0.1
9462682188,Joel Enterprise,chemist,Milimani,-0.1205949,34.7545309,SAN002,sanitary,Huggies Diapers,2024-12-16,7,3.1,0.41,0.5
9462682188,Joel Enterprise,chemist,Milimani,-0.1205949,34.7545309,SOP001,soap,Omo Detergent,2024-12-23,0,16.0,0.59,0.1
9462682188,Joel Enterprise,chemist,Milimani,-0.1205949,34.7545309,SOP002,soap,Sunlight Bar Soap,2024-12-23,0,8.0,0.54,0.1
9462682188,Joel Enterprise,chemist,Milimani,-0.1205949,34.7545309,SOP003,soap,Bidco Bar Soap,2024-12-02,21,4.2,0.75,0.5
9462682188,Joel Enterprise,chemist,Milimani,-0.1205949,34.7545309,SOP004,soap,Dettol Bar Soap,2024-12-09,14,4.0,0.57,0.5
9462682188,Joel Enterprise,chemist,Milimani,-0.1205949,34.7545309,SUG001,sugar,Mumias Sugar,2024-12-23,0,24.0,0.88,0.1
9462682188,Joel Enterprise,chemist,Milimani,-0.1205949,34.7545309,SUG002,sugar,Mumias Sugar,2024-12-09,14,11.5,0.89,0.1
9462682188,Joel Enterprise,chemist,Milimani,-0.1205949,34.7545309,SUG003,sugar,Nzoia Sugar,2024-12-16,7,5.2,0.69,0.5
9462682201,Flozy Detergent,chemist,Southern sublocation,-0.1169505,34.759302,BEV001,beverages,Afia Juice,2024-12-16,7,15.2,0.68,0.1
9462682201,Flozy Detergent,chemist,Southern sublocation,-0.1169505,34.759302,BEV002,beverages,Pick n Peel Juice,2024-12-16,7,12.0,0.57,0.1
9462682201,Flozy Detergent,chemist,Southern sublocation,-0.1169505,34.759302,BEV003,beverages,Tusker Lager,2024-12-23,0,10.0,0.65,0.1
9462682201,Flozy Detergent,chemist,Southern sublocation,-0.1169505,34.759302,BEV004,beverages,Coca-Cola Soda,2024-12-16,7,5.2,0.69,0.5
9462682201,Flozy Detergent,chemist,Southern sublocation,-0.1169505,34.759302,FLR001,flour,Jogoo Maize Flour,2024-12-16,7,14.6,0.91,0.1
9462682201,Flozy Detergent,chemist,Southern sublocation,-0.1169505,34.759302,FLR002,flour,Jogoo Maize Flour,2024-12-16,7,14.2,0.97,0.1
9462682201,Flozy Detergent,chemist,Southern sublocation,-0.1169505,34.759302,FLR003,flour,Pembe Maize Flour,2024-12-16,7,7.2,0.97,0.5
9462682201,Flozy Detergent,chemist,Southern sublocation,-0.1169505,34.759302,FLR004,flour,Kabras Maize Flour,2024-12-16,7,9.0,1.0,0.5
9462682201,Flozy Detergent,chemist,Southern sublocation,-0.1169505,34.759302,OIL001,cooking_oil,Golden Fry Cooking Oil,2024-12-23,0,15.0,0.71,0.1
9462682201,Flozy Detergent,chemist,Southern sublocation,-0.1169505,34.759302,OIL002,cooking_oil,Golden Fry Cooking Oil,2024-12-02,21,6.3,0.84,0.5
9462682201,Flozy Detergent,chemist,Southern sublocation,-0.1169505,34.759302,OIL003,cooking_oil,Soya King Cooking Oil,2024-12-02,21,5.1,0.9,0.5
9462682201,Flozy Detergent,chemist,Southern sublocation,-0.1169505,34.759302,OIL004,cooking_oil,Soya King Cooking Oil,2024-12-16,7,7.5,0.93,0.5
9462682201,Flozy Detergent,chemist,Southern sublocation,-0.1169505,34.759302,PC001,personal_care,Vaseline Body Lotion,2024-12-23,0,9.0,0.44,0.1
9462682201,Flozy Detergent,chemist,Southern sublocation,-0.1169505,34.759302,PC002,personal_care,Dove Bar Soap,2024-12-23,0,12.0,0.45,0.1
9462682201,Flozy Detergent,chemist,Southern sublocation,-0.1169505,34.759302,PC003,personal_care,Colgate Toothpaste,2024-12-02,21,3.4,0.6,0.5
9462682201,Flozy Detergent,chemist,Southern sublocation,-0.1169505,34.759302,SAN001,sanitary,Always Pads,2024-12-16,7,3.2,0.4,0.5
9462682201,Flozy Detergent,chemist,Southern sublocation,-0.1169505,34.759302,SAN002,sanitary,Huggies Diapers,2024-12-16,7,6.2,0.4,0.1
9462682201,Flozy Detergent,chemist,Southern sublocation,-0.1169505,34.759302,SOP001,soap,Omo Detergent,2024-12-16,7,3.1,0.41,0.5
9462682201,Flozy Detergent,chemist,Southern sublocation,-0.1169505,34.759302,SOP002,soap,Sunlight Bar Soap,2024-12-16,7,15.0,0.71,0.1
9462682201,Flozy Detergent,chemist,Southern sublocation,-0.1169505,34.759302,SOP003,soap,Bidco Bar Soap,2024-12-16,7,3.4,0.38,0.5
9462682201,Flozy Detergent,chemist,Southern sublocation,-0.1169505,34.759302,SOP004,soap,Dettol Bar Soap,2024-12-23,0,15.0,0.71,0.1
9462682201,Flozy Detergent,chemist,Southern sublocation,-0.1169505,34.759302,SUG001,sugar,Mumias Sugar,2024-12-16,7,18.4,0.8,0.1
9462682201,Flozy Detergent,chemist,Southern sublocation,-0.1169505,34.759302,SUG002,sugar,Mumias Sugar,2024-12-16,7,6.5,0.78,0.5
9462682201,Flozy Detergent,chemist,Southern sublocation,-0.1169505,34.759302,SUG003,sugar,Nzoia Sugar,2024-12-16,7,12.5,0.78,0.1
9462682918,Industrial Detergent,chemist,Northern sublocation,-0.1009915,34.7612167,BEV001,beverages,Afia Juice,2024-12-16,7,9.0,0.43,0.1
9462682918,Industrial Detergent,chemist,Northern sublocation,-0.1009915,34.7612167,BEV002,beverages,Pick n Peel Juice,2024-12-02,21,4.2,0.56,0.5
9462682918,Industrial Detergent,chemist,Northern sublocation,-0.1009915,34.7612167,BEV003,beverages,Tusker Lager,2024-12-23,0,8.0,0.54,0.1
9462682918,Industrial Detergent,chemist,Northern sublocation,-0.1009915,34.7612167,BEV004,beverages,Coca-Cola Soda,2024-12-23,0,9.0,0.42,0.1
9462682918,Industrial Detergent,chemist,Northern sublocation,-0.1009915,34.7612167,FLR001,flour,Jogoo Maize Flour,2024-12-02,21,5.6,1.07,0.5
9462682918,Industrial Detergent,chemist,Northern sublocation,-0.1009915,34.7612167,FLR002,flour,Jogoo Maize Flour,2024-12-23,0,24.0,0.85,0.1
9462682918,Industrial Detergent,chemist,Northern sublocation,-0.1009915,34.7612167,FLR003,flour,Pembe Maize Flour,2024-12-09,14,9.8,0.73,0.1
9462682918,Industrial Detergent,chemist,Northern sublocation,-0.1009915,34.7612167,FLR004,flour,Kabras Maize Flour,2024-12-09,14,11.8,0.87,0.1
9462682918,Industrial Detergent,chemist,Northern sublocation,-0.1009915,34.7612167,OIL001,cooking_oil,Golden Fry Cooking Oil,2024-12-09,14,10.2,0.7,0.1
9462682918,Industrial Detergent,chemist,Northern sublocation,-0.1009915,34.7612167,OIL002,cooking_oil,Golden Fry Cooking Oil,2024-12-16,7,8.0,0.58,0.1
9462682918,Industrial Detergent,chemist,Northern sublocation,-0.1009915,34.7612167,OIL003,cooking_oil,Soya King Cooking Oil,2024-12-09,14,7.5,0.6,0.1
9462682918,Industrial Detergent,chemist,Northern sublocation,-0.1009915,34.7612167,OIL004,cooking_oil,Soya King Cooking Oil,2024-12-16,7,12.0,0.58,0.1
9462682918,Industrial Detergent,chemist,Northern sublocation,-0.1009915,34.7612167,PC001,personal_care,Vaseline Body Lotion,2024-12-23,0,8.0,0.3,0.1
9462682918,Industrial Detergent,chemist,Northern sublocation,-0.1009915,34.7612167,PC002,personal_care,Dove Bar Soap,2024-12-09,14,4.0,0.29,0.1
9462682918,Industrial Detergent,chemist,Northern sublocation,-0.1009915,34.7612167,PC003,personal_care,Colgate Toothpaste,2024-12-16,7,8.9,0.44,0.1
9462682918,Industrial Detergent,chemist,Northern sublocation,-0.1009915,34.7612167,SAN001,sanitary,Always Pads,2024-12-09,14,2.2,0.27,0.5
9462682918,Industrial Detergent,chemist,Northern sublocation,-0.1009915,34.7612167,SAN002,sanitary,Huggies Diapers,2024-12-09,14,1.9,0.29,0.5
9462682918,Industrial Detergent,chemist,Northern sublocation,-0.1009915,34.7612167,SOP001,soap,Omo Detergent,2024-12-23,0,9.0,0.43,0.1
9462682918,Industrial Detergent,chemist,Northern sublocation,-0.1009915,34.7612167,SOP002,soap,Sunlight Bar Soap,2024-12-09,14,3.0,0.43,0.5
9462682918,Industrial Detergent,chemist,Northern sublocation,-0.1009915,34.7612167,SOP003,soap,Bidco Bar Soap,2024-12-02,21,1.8,0.29,0.5
9462682918,Industrial Detergent,chemist,Northern sublocation,-0.1009915,34.7612167,SOP004,soap,Dettol Bar Soap,2024-12-16,7,6.1,0.41,0.1
9462682918,Industrial Detergent,chemist,Northern sublocation,-0.1009915,34.7612167,SUG001,sugar,Mumias Sugar,2024-12-16,7,6.0,0.43,0.1
9462682918,Industrial Detergent,chemist,Northern sublocation,-0.1009915,34.7612167,SUG002,sugar,Mumias Sugar,2024-12-16,7,14.6,0.77,0.1
9462682918,Industrial Detergent,chemist,Northern sublocation,-0.1009915,34.7612167,SUG003,sugar,Nzoia Sugar,2024-12-23,0,9.0,0.43,0.1
9462682926,Judy's Shop,chemist,Southern sublocation,-0.1130299,34.765803,BEV001,beverages,Afia Juice,2024-12-16,7,4.3,0.53,0.5
9462682926,Judy's Shop,chemist,Southern sublocation,-0.1130299,34.765803,BEV002,beverages,Pick n Peel Juice,2024-12-23,0,16.0,0.6,0.1
9462682926,Judy's Shop,chemist,Southern sublocation,-0.1130299,34.765803,BEV003,beverages,Tusker Lager,2024-12-23,0,12.0,0.45,0.1
9462682926,Judy's Shop,chemist,Southern sublocation,-0.1130299,34.765803,BEV004,beverages,Coca-Cola Soda,2024-12-23,0,8.0,0.54,0.1
9462682926,Judy's Shop,chemist,Southern sublocation,-0.1130299,34.765803,FLR001,flour,Jogoo Maize Flour,2024-12-09,14,5.2,0.7,0.5
9462682926,Judy's Shop,chemist,Southern sublocation,-0.1130299,34.765803,FLR002,flour,Jogoo Maize Flour,2024-12-02,21,6.4,1.03,0.5
9462682926,Judy's Shop,chemist,Southern sublocation,-0.1130299,34.765803,FLR003,flour,Pembe Maize Flour,2024-12-23,0,12.0,0.83,0.1
9462682926,Judy's Shop,chemist,Southern sublocation,-0.1130299,34.765803,FLR004,flour,Kabras Maize Flour,2024-12-16,7,7.3,0.95,0.5
9462682926,Judy's Shop,chemist,Southern sublocation,-0.1130299,34.765803,OIL001,cooking_oil,Golden Fry Cooking Oil,2024-12-02,21,5.1,0.9,0.5
9462682926,Judy's Shop,chemist,Southern sublocation,-0.1130299,34.765803,OIL002,cooking_oil,Golden Fry Cooking Oil,2024-12-16,7,11.9,0.87,0.1
9462682926,Judy's Shop,chemist,Southern sublocation,-0.1130299,34.765803,OIL003,cooking_oil,Soya King Cooking Oil,2024-12-23,0,16.0,0.6,0.1
9462682926,Judy's Shop,chemist,Southern sublocation,-0.1130299,34.765803,OIL004,cooking_oil,Soya King Cooking Oil,2024-12-16,7,17.8,0.89,0.1
9462682926,Judy's Shop,chemist,Southern sublocation,-0.1130299,34.765803,PC001,personal_care,Vaseline Body Lotion,2024-12-23,0,6.0,0.41,0.1
9462682926,Judy's Shop,chemist,Southern sublocation,-0.1130299,34.765803,PC002,personal_care,Dove Bar Soap,2024-12-23,0,8.0,0.3,0.1
9462682926,Judy's Shop,chemist,Southern sublocation,-0.1130299,34.765803,PC003,personal_care,Colgate Toothpaste,2024-12-02,21,2.5,0.45,0.5
9462682926,Judy's Shop,chemist,Southern sublocation,-0.1130299,34.765803,SAN001,sanitary,Always Pads,2024-12-02,21,1.7,0.3,0.5
9462682926,Judy's Shop,chemist,Southern sublocation,-0.1130299,34.765803,SAN002,sanitary,Huggies Diapers,2024-12-16,7,5.9,0.3,0.1
9462682926,Judy's Shop,chemist,Southern sublocation,-0.1130299,34.765803,SOP001,soap,Omo Detergent,2024-12-09,14,7.8,0.58,0.1
9462682926,Judy's Shop,chemist,Southern sublocation,-0.1130299,34.765803,SOP002,soap,Sunlight Bar Soap,2024-12-23,0,9.0,0.42,0.1
9462682926,Judy's Shop,chemist,Southern sublocation,-0.1130299,34.765803,SOP003,soap,Bidco Bar Soap,2024-12-23,0,6.0,0.41,0.1
9462682926,Judy's Shop,chemist,Southern sublocation,-0.1130299,34.765803,SOP004,soap,Dettol Bar Soap,2024-12-16,7,8.8,0.45,0.1
9462682926,Judy's Shop,chemist,Southern sublocation,-0.1130299,34.765803,SUG001,sugar,Mumias Sugar,2024-12-09,14,4.0,0.57,0.5
9462682926,Judy's Shop,chemist,Southern sublocation,-0.1130299,34.765803,SUG002,sugar,Mumias Sugar,2024-12-23,0,16.0,0.6,0.1
9462682926,Judy's Shop,chemist,Southern sublocation,-0.1130299,34.765803,SUG003,sugar,Nzoia Sugar,2024-12-16,7,5.2,0.68,0.5
9462682944,Dorothy Amayamu,chemist,Manyatta A,-0.0830757,34.7787198,BEV001,beverages,Afia Juice,2024-12-09,14,15.3,1.19,0.1
9462682944,Dorothy Amayamu,chemist,Manyatta A,-0.0830757,34.7787198,BEV002,beverages,Pick n Peel Juice,2024-12-09,14,16.3,1.12,0.1
9462682944,Dorothy Amayamu,chemist,Manyatta A,-0.0830757,34.7787198,BEV003,beverages,Tusker Lager,2024-12-09,14,6.0,0.86,0.5
9462682944,Dorothy Amayamu,chemist,Manyatta A,-0.0830757,34.7787198,BEV004,beverages,Coca-Cola Soda,2024-12-09,14,14.0,1.0,0.1
9462682944,Dorothy Amayamu,chemist,Manyatta A,-0.0830757,34.7787198,FLR001,flour,Jogoo Maize Flour,2024-12-16,7,18.3,1.25,0.1
9462682944,Dorothy Amayamu,chemist,Manyatta A,-0.0830757,34.7787198,FLR002,flour,Jogoo Maize Flour,2024-12-09,14,23.0,1.79,0.1
9462682944,Dorothy Amayamu,chemist,Manyatta A,-0.0830757,34.7787198,FLR003,flour,Pembe Maize Flour,2024-12-02,21,9.1,1.47,0.5
9462682944,Dorothy Amayamu,chemist,Manyatta A,-0.0830757,34.7787198,FLR004,flour,Kabras Maize Flour,2024-12-09,14,10.7,1.6,0.5
9462682944,Dorothy Amayamu,chemist,Manyatta A,-0.0830757,34.7787198,OIL001,cooking_oil,Golden Fry Cooking Oil,2024-12-23,0,27.0,1.29,0.1
9462682944,Dorothy Amayamu,chemist,Manyatta A,-0.0830757,34.7787198,OIL002,cooking_oil,Golden Fry Cooking Oil,2024-12-09,14,10.0,1.43,0.5
9462682944,Dorothy Amayamu,chemist,Manyatta A,-0.0830757,34.7787198,OIL003,cooking_oil,Soya King Cooking Oil,2024-12-16,7,22.3,1.52,0.1
9462682944,Dorothy Amayamu,chemist,Manyatta A,-0.0830757,34.7787198,OIL004,cooking_oil,Soya King Cooking Oil,2024-12-09,14,11.9,1.51,0.5
9462682944,Dorothy Amayamu,chemist,Manyatta A,-0.0830757,34.7787198,PC001,personal_care,Vaseline Body Lotion,2024-12-16,7,6.3,0.82,0.5
9462682944,Dorothy Amayamu,chemist,Manyatta A,-0.0830757,34.7787198,PC002,personal_care,Dove Bar Soap,2024-12-16,7,5.2,0.69,0.5
9462682944,Dorothy Amayamu,chemist,Manyatta A,-0.0830757,34.7787198,PC003,personal_care,Colgate Toothpaste,2024-12-02,21,3.4,0.6,0.5
9462682944,Dorothy Amayamu,chemist,Manyatta A,-0.0830757,34.7787198,SAN001,sanitary,Always Pads,2024-12-09,14,7.7,0.6,0.1
9462682944,Dorothy Amayamu,chemist,Manyatta A,-0.0830757,34.7787198,SAN002,sanitary,Huggies Diapers,2024-12-09,14,4.2,0.56,0.5
9462682944,Dorothy Amayamu,chemist,Manyatta A,-0.0830757,34.7787198,SOP001,soap,Omo Detergent,2024-12-16,7,18.0,0.85,0.1
9462682944,Dorothy Amayamu,chemist,Manyatta A,-0.0830757,34.7787198,SOP002,soap,Sunlight Bar Soap,2024-12-16,7,14.0,0.99,0.1
9462682944,Dorothy Amayamu,chemist,Manyatta A,-0.0830757,34.7787198,SOP003,soap,Bidco Bar Soap,2024-12-23,0,18.0,0.86,0.1
9462682944,Dorothy Amayamu,chemist,Manyatta A,-0.0830757,34.7787198,SOP004,soap,Dettol Bar Soap,2024-12-02,21,5.9,1.05,0.5
9462682944,Dorothy Amayamu,chemist,Manyatta A,-0.0830757,34.7787198,SUG001,sugar,Mumias Sugar,2024-12-23,0,27.0,1.29,0.1
9462682944,Dorothy Amayamu,chemist,Manyatta A,-0.0830757,34.7787198,SUG002,sugar,Mumias Sugar,2024-12-02,21,6.4,1.03,0.5
9462682944,Dorothy Amayamu,chemist,Manyatta A,-0.0830757,34.7787198,SUG003,sugar,Nzoia Sugar,2024-12-16,7,16.5,1.07,0.1
9462682963,Maurice Cleaners,chemist,Nyawita sublocation,-0.0830025,34.7706262,BEV001,beverages,Afia Juice,2024-12-16,7,9.3,1.25,0.5
9462682963,Maurice Cleaners,chemist,Nyawita sublocation,-0.0830025,34.7706262,BEV002,beverages,Pick n Peel Juice,2024-12-23,0,36.0,1.29,0.1
9462682963,Maurice Cleaners,chemist,Nyawita sublocation,-0.0830025,34.7706262,BEV003,beverages,Tusker Lager,2024-12-16,7,16.4,1.09,0.1
9462682963,Maurice Cleaners,chemist,Nyawita sublocation,-0.0830025,34.7706262,BEV004,beverages,Coca-Cola Soda,2024-12-16,7,21.0,0.99,0.1
9462682963,Maurice Cleaners,chemist,Nyawita sublocation,-0.0830025,34.7706262,FLR001,flour,Jogoo Maize Flour,2024-12-16,7,32.1,2.27,0.1
9462682963,Maurice Cleaners,chemist,Nyawita sublocation,-0.0830025,34.7706262,FLR002,flour,Jogoo Maize Flour,2024-12-16,7,14.4,1.94,0.5
9462682963,Maurice Cleaners,chemist,Nyawita sublocation,-0.0830025,34.7706262,FLR003,flour,Pembe Maize Flour,2024-12-23,0,32.0,2.24,0.1
9462682963,Maurice Cleaners,chemist,Nyawita sublocation,-0.0830025,34.7706262,FLR004,flour,Kabras Maize Flour,2024-12-16,7,38.6,1.92,0.1
9462682963,Maurice Cleaners,chemist,Nyawita sublocation,-0.0830025,34.7706262,OIL001,cooking_oil,Golden Fry Cooking Oil,2024-12-23,0,26.0,1.79,0.1
9462682963,Maurice Cleaners,chemist,Nyawita sublocation,-0.0830025,34.7706262,OIL002,cooking_oil,Golden Fry Cooking Oil,2024-12-09,14,20.4,1.4,0.1
9462682963,Maurice Cleaners,chemist,Nyawita sublocation,-0.0830025,34.7706262,OIL003,cooking_oil,Soya King Cooking Oil,2024-12-23,0,36.0,1.72,0.1
9462682963,Maurice Cleaners,chemist,Nyawita sublocation,-0.0830025,34.7706262,OIL004,cooking_oil,Soya King Cooking Oil,2024-12-02,21,11.1,1.95,0.5
9462682963,Maurice Cleaners,chemist,Nyawita sublocation,-0.0830025,34.7706262,PC001,personal_care,Vaseline Body Lotion,2024-12-02,21,5.1,0.9,0.5
9462682963,Maurice Cleaners,chemist,Nyawita sublocation,-0.0830025,34.7706262,PC002,personal_care,Dove Bar Soap,2024-12-16,7,12.3,0.82,0.1
9462682963,Maurice Cleaners,chemist,Nyawita sublocation,-0.0830025,34.7706262,PC003,personal_care,Colgate Toothpaste,2024-12-02,21,5.6,0.88,0.5
9462682963,Maurice Cleaners,chemist,Nyawita sublocation,-0.0830025,34.7706262,SAN001,sanitary,Always Pads,2024-12-16,7,15.0,0.71,0.1
9462682963,Maurice Cleaners,chemist,Nyawita sublocation,-0.0830025,34.7706262,SAN002,sanitary,Huggies Diapers,2024-12-16,7,10.1,0.7,0.1
9462682963,Maurice Cleaners,chemist,Nyawita sublocation,-0.0830025,34.7706262,SOP001,soap,Omo Detergent,2024-12-16,7,7.6,0.91,0.5
9462682963,Maurice Cleaners,chemist,Nyawita sublocation,-0.0830025,34.7706262,SOP002,soap,Sunlight Bar Soap,2024-12-16,7,12.0,0.85,0.1
9462682963,Maurice Cleaners,chemist,Nyawita sublocation,-0.0830025,34.7706262,SOP003,soap,Bidco Bar Soap,2024-12-16,7,20.8,1.03,0.1
9462682963,Maurice Cleaners,chemist,Nyawita sublocation,-0.0830025,34.7706262,SOP004,soap,Dettol Bar Soap,2024-12-02,21,5.9,0.86,0.5
9462682963,Maurice Cleaners,chemist,Nyawita sublocation,-0.0830025,34.7706262,SUG001,sugar,Mumias Sugar,2024-12-16,7,33.1,1.56,0.1
9462682963,Maurice Cleaners,chemist,Nyawita sublocation,-0.0830025,34.7706262,SUG002,sugar,Mumias Sugar,2024-12-16,7,32.9,1.59,0.1
9462682963,Maurice Cleaners,chemist,Nyawita sublocation,-0.0830025,34.7706262,SUG003,sugar,Nzoia Sugar,2024-12-16,7,22.7,1.47,0.1
9462682998,Linet Oliech,chemist,West Kajulu location,-0.05738,34.7826752,BEV001,beverages,Afia Juice,2024-12-09,14,4.1,0.56,0.5
9462682998,Linet Oliech,chemist,West Kajulu location,-0.05738,34.7826752,BEV002,beverages,Pick n Peel Juice,2024-12-09,14,8.0,0.57,0.1
9462682998,Linet Oliech,chemist,West Kajulu location,-0.05738,34.7826752,BEV003,beverages,Tusker Lager,2024-12-09,14,4.0,0.57,0.5
9462682998,Linet Oliech,chemist,West Kajulu location,-0.05738,34.7826752,BEV004,beverages,Coca-Cola Soda,2024-12-23,0,16.0,0.57,0.1
9462682998,Linet Oliech,chemist,West Kajulu location,-0.05738,34.7826752,FLR001,flour,Jogoo Maize Flour,2024-12-09,14,8.2,0.92,0.5
9462682998,Linet Oliech,chemist,West Kajulu location,-0.05738,34.7826752,FLR002,flour,Jogoo Maize Flour,2024-12-16,7,21.0,0.99,0.1
9462682998,Linet Oliech,chemist,West Kajulu location,-0.05738,34.7826752,FLR003,flour,Pembe Maize Flour,2024-12-23,0,14.0,0.97,0.1
9462682998,Linet Oliech,chemist,West Kajulu location,-0.05738,34.7826752,FLR004,flour,Kabras Maize Flour,2024-12-23,0,14.0,0.88,0.1
9462682998,Linet Oliech,chemist,West Kajulu location,-0.05738,34.7826752,OIL001,cooking_oil,Golden Fry Cooking Oil,2024-12-23,0,15.0,0.72,0.1
9462682998,Linet Oliech,chemist,West Kajulu location,-0.05738,34.7826752,OIL002,cooking_oil,Golden Fry Cooking Oil,2024-12-23,0,20.0,0.71,0.1
9462682998,Linet Oliech,chemist,West Kajulu location,-0.05738,34.7826752,OIL003,cooking_oil,Soya King Cooking Oil,2024-12-09,14,4.8,0.73,0.5
9462682998,Linet Oliech,chemist,West Kajulu location,-0.05738,34.7826752,OIL004,cooking_oil,Soya King Cooking Oil,2024-12-16,7,4.4,0.51,0.5
9462682998,Linet Oliech,chemist,West Kajulu location,-0.05738,34.7826752,PC001,personal_care,Vaseline Body Lotion,2024-12-16,7,2.1,0.28,0.5
9462682998,Linet Oliech,chemist,West Kajulu location,-0.05738,34.7826752,PC002,personal_care,Dove Bar Soap,2024-12-23,0,4.0,0.27,0.1
9462682998,Linet Oliech,chemist,West Kajulu location,-0.05738,34.7826752,PC003,personal_care,Colgate Toothpaste,2024-12-09,14,3.2,0.41,0.5
9462682998,Linet Oliech,chemist,West Kajulu location,-0.05738,34.7826752,SAN001,sanitary,Always Pads,2024-12-23,0,6.0,0.26,0.1
9462682998,Linet Oliech,chemist,West Kajulu location,-0.05738,34.7826752,SAN002,sanitary,Huggies Diapers,2024-12-23,0,8.0,0.29,0.1
9462682998,Linet Oliech,chemist,West Kajulu location,-0.05738,34.7826752,SOP001,soap,Omo Detergent,2024-12-23,0,6.0,0.38,0.1
9462682998,Linet Oliech,chemist,West Kajulu location,-0.05738,34.7826752,SOP002,soap,Sunlight Bar Soap,2024-12-09,14,3.0,0.43,0.5
9462682998,Linet Oliech,chemist,West Kajulu location,-0.05738,34.7826752,SOP003,soap,Bidco Bar Soap,2024-12-23,0,12.0,0.53,0.1
9462682998,Linet Oliech,chemist,West Kajulu location,-0.05738,34.7826752,SOP004,soap,Dettol Bar Soap,2024-12-09,14,6.1,0.42,0.1
9462682998,Linet Oliech,chemist,West Kajulu location,-0.05738,34.7826752,SUG001,sugar,Mumias Sugar,2024-12-09,14,8.5,0.54,0.1
9462682998,Linet Oliech,chemist,West Kajulu location,-0.05738,34.7826752,SUG002,sugar,Mumias Sugar,2024-12-23,0,12.0,0.54,0.1
9462682998,Linet Oliech,chemist,West Kajulu location,-0.05738,34.7826752,SUG003,sugar,Nzoia Sugar,2024-12-09,14,7.7,0.6,0.1
9462683006,Rose Bella,chemist,West Kajulu location,-0.0578029,34.7852297,BEV001,beverages,Afia Juice,2024-12-09,14,5.9,0.44,0.1
9462683006,Rose Bella,chemist,West Kajulu location,-0.0578029,34.7852297,BEV002,beverages,Pick n Peel Juice,2024-12-23,0,8.0,0.55,0.1
9462683006,Rose Bella,chemist,West Kajulu location,-0.0578029,34.7852297,BEV003,beverages,Tusker Lager,2024-12-16,7,11.8,0.6,0.1
9462683006,Rose Bella,chemist,West Kajulu location,-0.0578029,34.7852297,BEV004,beverages,Coca-Cola Soda,2024-12-16,7,11.9,0.59,0.1
9462683006,Rose Bella,chemist,West Kajulu location,-0.0578029,34.7852297,FLR001,flour,Jogoo Maize Flour,2024-12-16,7,12.0,0.85,0.1
9462683006,Rose Bella,chemist,West Kajulu location,-0.0578029,34.7852297,FLR002,flour,Jogoo Maize Flour,2024-12-23,0,15.0,0.72,0.1
9462683006,Rose Bella,chemist,West Kajulu location,-0.0578029,34.7852297,FLR003,flour,Pembe Maize Flour,2024-12-09,14,7.0,1.0,0.5
9462683006,Rose Bella,chemist,West Kajulu location,-0.0578029,34.7852297,FLR004,flour,Kabras Maize Flour,2024-12-09,14,5.4,0.68,0.5
9462683006,Rose Bella,chemist,West Kajulu location,-0.0578029,34.7852297,OIL001,cooking_oil,Golden Fry Cooking Oil,2024-12-23,0,16.0,0.6,0.1
9462683006,Rose Bella,chemist,West Kajulu location,-0.0578029,34.7852297,OIL002,cooking_oil,Golden Fry Cooking Oil,2024-12-16,7,11.9,0.59,0.1
9462683006,Rose Bella,chemist,West Kajulu location,-0.0578029,34.7852297,OIL003,cooking_oil,Soya King Cooking Oil,2024-12-23,0,10.0,0.66,0.1
9462683006,Rose Bella,chemist,West Kajulu location,-0.0578029,34.7852297,OIL004,cooking_oil,Soya King Cooking Oil,2024-12-09,14,9.6,0.74,0.1
9462683006,Rose Bella,chemist,West Kajulu location,-0.0578029,34.7852297,PC001,personal_care,Vaseline Body Lotion,2024-12-09,14,2.9,0.44,0.5
9462683006,Rose Bella,chemist,West Kajulu location,-0.0578029,34.7852297,PC002,personal_care,Dove Bar Soap,2024-12-09,14,5.9,0.44,0.1
9462683006,Rose Bella,chemist,West Kajulu location,-0.0578029,34.7852297,PC003,personal_care,Colgate Toothpaste,2024-12-23,0,4.0,0.27,0.1
9462683006,Rose Bella,chemist,West Kajulu location,-0.0578029,34.7852297,SAN001,sanitary,Always Pads,2024-12-16,7,5.9,0.3,0.1
9462683006,Rose Bella,chemist,West Kajulu location,-0.0578029,34.7852297,SAN002,sanitary,Huggies Diapers,2024-12-09,14,4.0,0.29,0.1
9462683006,Rose Bella,chemist,West Kajulu location,-0.0578029,34.7852297,SOP001,soap,Omo Detergent,2024-12-16,7,6.0,0.43,0.1
9462683006,Rose Bella,chemist,West Kajulu location,-0.0578029,34.7852297,SOP002,soap,Sunlight Bar Soap,2024-12-23,0,12.0,0.44,0.1
9462683006,Rose Bella,chemist,West Kajulu location,-0.0578029,34.7852297,SOP003,soap,Bidco Bar Soap,2024-12-09,14,5.8,0.45,0.1
9462683006,Rose Bella,chemist,West Kajulu location,-0.0578029,34.7852297,SOP004,soap,Dettol Bar Soap,2024-12-09,14,6.1,0.42,0.1
9462683006,Rose Bella,chemist,West Kajulu location,-0.0578029,34.7852297,SUG001,sugar,Mumias Sugar,2024-12-09,14,7.7,0.6,0.1
9462683006,Rose Bella,chemist,West Kajulu location,-0.0578029,34.7852297,SUG002,sugar,Mumias Sugar,2024-12-23,0,12.0,0.55,0.1
9462683006,Rose Bella,chemist,West Kajulu location,-0.0578029,34.7852297,SUG003,sugar,Nzoia Sugar,2024-12-16,7,4.2,0.55,0.5
9465883861,Lohman Chemicals,chemist,Migosi,-0.0823498,34.7756884,BEV001,beverages,Afia Juice,2024-12-16,7,30.1,1.42,0.1
9465883861,Lohman Chemicals,chemist,Migosi,-0.0823498,34.7756884,BEV002,beverages,Pick n Peel Juice,2024-12-16,7,20.8,1.03,0.1
9465883861,Lohman Chemicals,chemist,Migosi,-0.0823498,34.7756884,BEV003,beverages,Tusker Lager,2024-12-16,7,16.2,1.11,0.1
9465883861,Lohman Chemicals,chemist,Migosi,-0.0823498,34.7756884,BEV004,beverages,Coca-Cola Soda,2024-12-16,7,21.5,0.94,0.1
9465883861,Lohman Chemicals,chemist,Migosi,-0.0823498,34.7756884,FLR001,flour,Jogoo Maize Flour,2024-12-02,21,13.7,2.2,0.5
9465883861,Lohman Chemicals,chemist,Migosi,-0.0823498,34.7756884,FLR002,flour,Jogoo Maize Flour,2024-12-09,14,11.0,1.57,0.5
9465883861,Lohman Chemicals,chemist,Migosi,-0.0823498,34.7756884,FLR003,flour,Pembe Maize Flour,2024-12-09,14,25.6,1.89,0.1
9465883861,Lohman Chemicals,chemist,Migosi,-0.0823498,34.7756884,FLR004,flour,Kabras Maize Flour,2024-12-16,7,33.5,1.5,0.1
9465883861,Lohman Chemicals,chemist,Migosi,-0.0823498,34.7756884,OIL001,cooking_oil,Golden Fry Cooking Oil,2024-12-09,14,24.0,1.71,0.1
9465883861,Lohman Chemicals,chemist,Migosi,-0.0823498,34.7756884,OIL002,cooking_oil,Golden Fry Cooking Oil,2024-12-16,7,25.9,1.88,0.1
9465883861,Lohman Chemicals,chemist,Migosi,-0.0823498,34.7756884,OIL003,cooking_oil,Soya King Cooking Oil,2024-12-02,21,9.4,1.27,0.5
9465883861,Lohman Chemicals,chemist,Migosi,-0.0823498,34.7756884,OIL004,cooking_oil,Soya King Cooking Oil,2024-12-09,14,20.0,1.43,0.1
9465883861,Lohman Chemicals,chemist,Migosi,-0.0823498,34.7756884,PC001,personal_care,Vaseline Body Lotion,2024-12-23,0,18.0,0.85,0.1
9465883861,Lohman Chemicals,chemist,Migosi,-0.0823498,34.7756884,PC002,personal_care,Dove Bar Soap,2024-12-16,7,7.3,0.95,0.5
9465883861,Lohman Chemicals,chemist,Migosi,-0.0823498,34.7756884,PC003,personal_care,Colgate Toothpaste,2024-12-09,14,13.7,1.02,0.1
9465883861,Lohman Chemicals,chemist,Migosi,-0.0823498,34.7756884,SAN001,sanitary,Always Pads,2024-12-16,7,11.8,0.6,0.1
9465883861,Lohman Chemicals,chemist,Migosi,-0.0823498,34.7756884,SAN002,sanitary,Huggies Diapers,2024-12-23,0,12.0,0.55,0.1
9465883861,Lohman Chemicals,chemist,Migosi,-0.0823498,34.7756884,SOP001,soap,Omo Detergent,2024-12-02,21,7.3,1.18,0.5
9465883861,Lohman Chemicals,chemist,Migosi,-0.0823498,34.7756884,SOP002,soap,Sunlight Bar Soap,2024-12-23,0,32.0,1.17,0.1
9465883861,Lohman Chemicals,chemist,Migosi,-0.0823498,34.7756884,SOP003,soap,Bidco Bar Soap,2024-12-09,14,6.5,0.82,0.5
9465883861,Lohman Chemicals,chemist,Migosi,-0.0823498,34.7756884,SOP004,soap,Dettol Bar Soap,2024-12-16,7,20.6,1.05,0.1
9465883861,Lohman Chemicals,chemist,Migosi,-0.0823498,34.7756884,SUG001,sugar,Mumias Sugar,2024-12-09,14,17.2,1.34,0.1
9465883861,Lohman Chemicals,chemist,Migosi,-0.0823498,34.7756884,SUG002,sugar,Mumias Sugar,2024-12-09,14,17.7,1.31,0.1
9465883861,Lohman Chemicals,chemist,Migosi,-0.0823498,34.7756884,SUG003,sugar,Nzoia Sugar,2024-12-16,7,10.1,1.12,0.5
9465883869,House,chemist,Nanga,-0.1296197,34.7456371,BEV001,beverages,Afia Juice,2024-12-02,21,3.4,0.6,0.5
9465883869,House,chemist,Nanga,-0.1296197,34.7456371,BEV002,beverages,Pick n Peel Juice,2024-12-09,14,3.0,0.43,0.5
9465883869,House,chemist,Nanga,-0.1296197,34.7456371,BEV003,beverages,Tusker Lager,2024-12-02,21,3.4,0.6,0.5
9465883869,House,chemist,Nanga,-0.1296197,34.7456371,BEV004,beverages,Coca-Cola Soda,2024-12-16,7,11.8,0.6,0.1
9465883869,House,chemist,Nanga,-0.1296197,34.7456371,FLR001,flour,Jogoo Maize Flour,2024-12-09,14,11.5,0.89,0.1
9465883869,House,chemist,Nanga,-0.1296197,34.7456371,FLR002,flour,Jogoo Maize Flour,2024-12-16,7,14.8,0.74,0.1
9465883869,House,chemist,Nanga,-0.1296197,34.7456371,FLR003,flour,Pembe Maize Flour,2024-12-23,0,10.0,0.69,0.1
9465883869,House,chemist,Nanga,-0.1296197,34.7456371,FLR004,flour,Kabras Maize Flour,2024-12-09,14,9.8,0.73,0.1
9465883869,House,chemist,Nanga,-0.1296197,34.7456371,OIL001,cooking_oil,Golden Fry Cooking Oil,2024-12-02,21,3.4,0.6,0.5
9465883869,House,chemist,Nanga,-0.1296197,34.7456371,OIL002,cooking_oil,Golden Fry Cooking Oil,2024-12-09,14,7.7,0.6,0.1
9465883869,House,chemist,Nanga,-0.1296197,34.7456371,OIL003,cooking_oil,Soya King Cooking Oil,2024-12-23,0,12.0,0.59,0.1
9465883869,House,chemist,Nanga,-0.1296197,34.7456371,OIL004,cooking_oil,Soya King Cooking Oil,2024-12-16,7,11.9,0.59,0.1
9465883869,House,chemist,Nanga,-0.1296197,34.7456371,PC001,personal_care,Vaseline Body Lotion,2024-12-23,0,6.0,0.41,0.1
9465883869,House,chemist,Nanga,-0.1296197,34.7456371,PC002,personal_care,Dove Bar Soap,2024-12-23,0,9.0,0.42,0.1
9465883869,House,chemist,Nanga,-0.1296197,34.7456371,PC003,personal_care,Colgate Toothpaste,2024-12-16,7,8.8,0.45,0.1
9465883869,House,chemist,Nanga,-0.1296197,34.7456371,SAN001,sanitary,Always Pads,2024-12-09,14,2.0,0.29,0.5
9465883869,House,chemist,Nanga,-0.1296197,34.7456371,SAN002,sanitary,Huggies Diapers,2024-12-16,7,5.9,0.3,0.1
9465883869,House,chemist,Nanga,-0.1296197,34.7456371,SOP001,soap,Omo Detergent,2024-12-23,0,4.0,0.28,0.1
9465883869,House,chemist,Nanga,-0.1296197,34.7456371,SOP002,soap,Sunlight Bar Soap,2024-12-02,21,2.7,0.44,0.5
9465883869,House,chemist,Nanga,-0.1296197,34.7456371,SOP003,soap,Bidco Bar Soap,2024-12-16,7,5.9,0.3,0.1
9465883869,House,chemist,Nanga,-0.1296197,34.7456371,SOP004,soap,Dettol Bar Soap,2024-12-16,7,5.9,0.3,0.1
9465883869,House,chemist,Nanga,-0.1296197,34.7456371,SUG001,sugar,Mumias Sugar,2024-12-16,7,11.8,0.6,0.1
9465883869,House,chemist,Nanga,-0.1296197,34.7456371,SUG002,sugar,Mumias Sugar,2024-12-16,7,8.0,0.58,0.1
9465883869,House,chemist,Nanga,-0.1296197,34.7456371,SUG003,sugar,Nzoia Sugar,2024-12-16,7,8.0,0.57,0.1
9465883875,Goreti Shop,chemist,Wadhare,-0.124715,34.7530067,BEV001,beverages,Afia Juice,2024-12-23,0,12.0,0.83,0.1
9465883875,Goreti Shop,chemist,Wadhare,-0.124715,34.7530067,BEV002,beverages,Pick n Peel Juice,2024-12-16,7,10.1,0.7,0.1
9465883875,Goreti Shop,chemist,Wadhare,-0.124715,34.7530067,BEV003,beverages,Tusker Lager,2024-12-23,0,15.0,0.71,0.1
9465883875,Goreti Shop,chemist,Wadhare,-0.124715,34.7530067,BEV004,beverages,Coca-Cola Soda,2024-12-02,21,3.4,0.6,0.5
9465883875,Goreti Shop,chemist,Wadhare,-0.124715,34.7530067,FLR001,flour,Jogoo Maize Flour,2024-12-23,0,18.0,0.85,0.1
9465883875,Goreti Shop,chemist,Wadhare,-0.124715,34.7530067,FLR002,flour,Jogoo Maize Flour,2024-12-16,7,7.7,0.9,0.5
9465883875,Goreti Shop,chemist,Wadhare,-0.124715,34.7530067,FLR003,flour,Pembe Maize Flour,2024-12-16,7,9.3,1.25,0.5
9465883875,Goreti Shop,chemist,Wadhare,-0.124715,34.7530067,FLR004,flour,Kabras Maize Flour,2024-12-02,21,7.9,1.15,0.5
9465883875,Goreti Shop,chemist,Wadhare,-0.124715,34.7530067,OIL001,cooking_oil,Golden Fry Cooking Oil,2024-12-23,0,28.0,1.04,0.1
9465883875,Goreti Shop,chemist,Wadhare,-0.124715,34.7530067,OIL002,cooking_oil,Golden Fry Cooking Oil,2024-12-09,14,7.9,0.94,0.5
9465883875,Goreti Shop,chemist,Wadhare,-0.124715,34.7530067,OIL003,cooking_oil,Soya King Cooking Oil,2024-12-23,0,20.0,0.69,0.1
9465883875,Goreti Shop,chemist,Wadhare,-0.124715,34.7530067,OIL004,cooking_oil,Soya King Cooking Oil,2024-12-02,21,5.9,0.86,0.5
9465883875,Goreti Shop,chemist,Wadhare,-0.124715,34.7530067,PC001,personal_care,Vaseline Body Lotion,2024-12-09,14,6.0,0.43,0.1
9465883875,Goreti Shop,chemist,Wadhare,-0.124715,34.7530067,PC002,personal_care,Dove Bar Soap,2024-12-02,21,2.4,0.46,0.5
9465883875,Goreti Shop,chemist,Wadhare,-0.124715,34.7530067,PC003,personal_care,Colgate Toothpaste,2024-12-02,21,2.5,0.45,0.5
9465883875,Goreti Shop,chemist,Wadhare,-0.124715,34.7530067,SAN001,sanitary,Always Pads,2024-12-16,7,3.1,0.41,0.5
9465883875,Goreti Shop,chemist,Wadhare,-0.124715,34.7530067,SAN002,sanitary,Huggies Diapers,2024-12-09,14,6.1,0.42,0.1
9465883875,Goreti Shop,chemist,Wadhare,-0.124715,34.7530067,SOP001,soap,Omo Detergent,2024-12-02,21,4.2,0.56,0.5
9465883875,Goreti Shop,chemist,Wadhare,-0.124715,34.7530067,SOP002,soap,Sunlight Bar Soap,2024-12-23,0,16.0,0.6,0.1
9465883875,Goreti Shop,chemist,Wadhare,-0.124715,34.7530067,SOP003,soap,Bidco Bar Soap,2024-12-16,7,14.7,0.75,0.1
9465883875,Goreti Shop,chemist,Wadhare,-0.124715,34.7530067,SOP004,soap,Dettol Bar Soap,2024-12-16,7,5.2,0.69,0.5
9465883875,Goreti Shop,chemist,Wadhare,-0.124715,34.7530067,SUG001,sugar,Mumias Sugar,2024-12-23,0,18.0,0.86,0.1
9465883875,Goreti Shop,chemist,Wadhare,-0.124715,34.7530067,SUG002,sugar,Mumias Sugar,2024-12-16,7,14.7,0.75,0.1
9465883875,Goreti Shop,chemist,Wadhare,-0.124715,34.7530067,SUG003,sugar,Nzoia Sugar,2024-12-23,0,24.0,0.86,0.1
9465883900,Cyneth Home Wash,chemist,Migosi,-0.0766375,34.7775038,BEV001,beverages,Afia Juice,2024-12-23,0,14.0,0.95,0.1
9465883900,Cyneth Home Wash,chemist,Migosi,-0.0766375,34.7775038,BEV002,beverages,Pick n Peel Juice,2024-12-23,0,12.0,0.84,0.1
9465883900,Cyneth Home Wash,chemist,Migosi,-0.0766375,34.7775038,BEV003,beverages,Tusker Lager,2024-12-16,7,20.8,1.03,0.1
9465883900,Cyneth Home Wash,chemist,Migosi,-0.0766375,34.7775038,BEV004,beverages,Coca-Cola Soda,2024-12-23,0,21.0,1.02,0.1
9465883900,Cyneth Home Wash,chemist,Migosi,-0.0766375,34.7775038,FLR001,flour,Jogoo Maize Flour,2024-12-16,7,15.9,1.15,0.1
9465883900,Cyneth Home Wash,chemist,Migosi,-0.0766375,34.7775038,FLR002,flour,Jogoo Maize Flour,2024-12-09,14,12.0,1.71,0.5
9465883900,Cyneth Home Wash,chemist,Migosi,-0.0766375,34.7775038,FLR003,flour,Pembe Maize Flour,2024-12-16,7,26.7,1.33,0.1
9465883900,Cyneth Home Wash,chemist,Migosi,-0.0766375,34.7775038,FLR004,flour,Kabras Maize Flour,2024-12-16,7,8.4,1.09,0.5
9465883900,Cyneth Home Wash,chemist,Migosi,-0.0766375,34.7775038,OIL001,cooking_oil,Golden Fry Cooking Oil,2024-12-09,14,17.6,1.31,0.1
9465883900,Cyneth Home Wash,chemist,Migosi,-0.0766375,34.7775038,OIL002,cooking_oil,Golden Fry Cooking Oil,2024-12-09,14,15.1,1.21,0.1
9465883900,Cyneth Home Wash,chemist,Migosi,-0.0766375,34.7775038,OIL003,cooking_oil,Soya King Cooking Oil,2024-12-23,0,18.0,1.26,0.1
9465883900,Cyneth Home Wash,chemist,Migosi,-0.0766375,34.7775038,OIL004,cooking_oil,Soya King Cooking Oil,2024-12-16,7,18.1,1.28,0.1
9465883900,Cyneth Home Wash,chemist,Migosi,-0.0766375,34.7775038,PC001,personal_care,Vaseline Body Lotion,2024-12-23,0,8.0,0.55,0.1
9465883900,Cyneth Home Wash,chemist,Migosi,-0.0766375,34.7775038,PC002,personal_care,Dove Bar Soap,2024-12-09,14,7.7,0.6,0.1
9465883900,Cyneth Home Wash,chemist,Migosi,-0.0766375,34.7775038,PC003,personal_care,Colgate Toothpaste,2024-12-23,0,15.0,0.71,0.1
9465883900,Cyneth Home Wash,chemist,Migosi,-0.0766375,34.7775038,SAN001,sanitary,Always Pads,2024-12-23,0,12.0,0.44,0.1
9465883900,Cyneth Home Wash,chemist,Migosi,-0.0766375,34.7775038,SAN002,sanitary,Huggies Diapers,2024-12-23,0,8.0,0.55,0.1
9465883900,Cyneth Home Wash,chemist,Migosi,-0.0766375,34.7775038,SOP001,soap,Omo Detergent,2024-12-16,7,7.5,0.94,0.5
9465883900,Cyneth Home Wash,chemist,Migosi,-0.0766375,34.7775038,SOP002,soap,Sunlight Bar Soap,2024-12-09,14,11.3,0.91,0.1
9465883900,Cyneth Home Wash,chemist,Migosi,-0.0766375,34.7775038,SOP003,soap,Bidco Bar Soap,2024-12-16,7,12.0,0.85,0.1
9465883900,Cyneth Home Wash,chemist,Migosi,-0.0766375,34.7775038,SOP004,soap,Dettol Bar Soap,2024-12-16,7,12.2,0.83,0.1
9465883900,Cyneth Home Wash,chemist,Migosi,-0.0766375,34.7775038,SUG001,sugar,Mumias Sugar,2024-12-16,7,17.7,0.9,0.1
9465883900,Cyneth Home Wash,chemist,Migosi,-0.0766375,34.7775038,SUG002,sugar,Mumias Sugar,2024-12-16,7,23.9,1.16,0.1
9465883900,Cyneth Home Wash,chemist,Migosi,-0.0766375,34.7775038,SUG003,sugar,Nzoia Sugar,2024-12-02,21,5.9,1.05,0.5
9465883901,Winfrida Ochieng,chemist,Manyatta A,-0.0829266,34.7785549,BEV001,beverages,Afia Juice,2024-12-23,0,24.0,1.15,0.1
9465883901,Winfrida Ochieng,chemist,Manyatta A,-0.0829266,34.7785549,BEV002,beverages,Pick n Peel Juice,2024-12-23,0,21.0,1.02,0.1
9465883901,Winfrida Ochieng,chemist,Manyatta A,-0.0829266,34.7785549,BEV003,beverages,Tusker Lager,2024-12-09,14,6.0,0.86,0.5
9465883901,Winfrida Ochieng,chemist,Manyatta A,-0.0829266,34.7785549,BEV004,beverages,Coca-Cola Soda,2024-12-09,14,6.2,0.84,0.5
9465883901,Winfrida Ochieng,chemist,Manyatta A,-0.0829266,34.7785549,FLR001,flour,Jogoo Maize Flour,2024-12-16,7,38.3,1.95,0.1
9465883901,Winfrida Ochieng,chemist,Manyatta A,-0.0829266,34.7785549,FLR002,flour,Jogoo Maize Flour,2024-12-16,7,13.6,1.77,0.5
9465883901,Winfrida Ochieng,chemist,Manyatta A,-0.0829266,34.7785549,FLR003,flour,Pembe Maize Flour,2024-12-09,14,13.0,1.86,0.5
9465883901,Winfrida Ochieng,chemist,Manyatta A,-0.0829266,34.7785549,FLR004,flour,Kabras Maize Flour,2024-12-02,21,9.4,1.65,0.5
9465883901,Winfrida Ochieng,chemist,Manyatta A,-0.0829266,34.7785549,OIL001,cooking_oil,Golden Fry Cooking Oil,2024-12-16,7,18.1,1.28,0.1
9465883901,Winfrida Ochieng,chemist,Manyatta A,-0.0829266,34.7785549,OIL002,cooking_oil,Golden Fry Cooking Oil,2024-12-16,7,30.1,1.42,0.1
9465883901,Winfrida Ochieng,chemist,Manyatta A,-0.0829266,34.7785549,OIL003,cooking_oil,Soya King Cooking Oil,2024-12-23,0,18.0,1.22,0.1
9465883901,Winfrida Ochieng,chemist,Manyatta A,-0.0829266,34.7785549,OIL004,cooking_oil,Soya King Cooking Oil,2024-12-09,14,10.0,1.43,0.5
9465883901,Winfrida Ochieng,chemist,Manyatta A,-0.0829266,34.7785549,PC001,personal_care,Vaseline Body Lotion,2024-12-23,0,15.0,0.72,0.1
9465883901,Winfrida Ochieng,chemist,Manyatta A,-0.0829266,34.7785549,PC002,personal_care,Dove Bar Soap,2024-12-16,7,12.0,0.85,0.1
9465883901,Winfrida Ochieng,chemist,Manyatta A,-0.0829266,34.7785549,PC003,personal_care,Colgate Toothpaste,2024-12-23,0,12.0,0.83,0.1
9465883901,Winfrida Ochieng,chemist,Manyatta A,-0.0829266,34.7785549,SAN001,sanitary,Always Pads,2024-12-16,7,14.9,0.72,0.1
9465883901,Winfrida Ochieng,chemist,Manyatta A,-0.0829266,34.7785549,SAN002,sanitary,Huggies Diapers,2024-12-09,14,4.0,0.57,0.5
9465883901,Winfrida Ochieng,chemist,Manyatta A,-0.0829266,34.7785549,SOP001,soap,Omo Detergent,2024-12-09,14,13.4,1.04,0.1
9465883901,Winfrida Ochieng,chemist,Manyatta A,-0.0829266,34.7785549,SOP002,soap,Sunlight Bar Soap,2024-12-16,7,20.6,1.05,0.1
9465883901,Winfrida Ochieng,chemist,Manyatta A,-0.0829266,34.7785549,SOP003,soap,Bidco Bar Soap,2024-12-09,14,14.0,1.0,0.1
9465883901,Winfrida Ochieng,chemist,Manyatta A,-0.0829266,34.7785549,SOP004,soap,Dettol Bar Soap,2024-12-16,7,12.0,0.85,0.1
9465883901,Winfrida Ochieng,chemist,Manyatta A,-0.0829266,34.7785549,SUG001,sugar,Mumias Sugar,2024-12-16,7,8.4,1.09,0.5
9465883901,Winfrida Ochieng,chemist,Manyatta A,-0.0829266,34.7785549,SUG002,sugar,Mumias Sugar,2024-12-16,7,14.0,0.99,0.1
9465883901,Winfrida Ochieng,chemist,Manyatta A,-0.0829266,34.7785549,SUG003,sugar,Nzoia Sugar,2024-12-23,0,24.0,1.13,0.1
9465883904,Beatrice,chemist,Manyatta A,-0.0826087,34.7797533,BEV001,beverages,Afia Juice,2024-12-23,0,22.0,1.52,0.1
9465883904,Beatrice,chemist,Manyatta A,-0.0826087,34.7797533,BEV002,beverages,Pick n Peel Juice,2024-12-16,7,23.7,1.18,0.1
9465883904,Beatrice,chemist,Manyatta A,-0.0826087,34.7797533,BEV003,beverages,Tusker Lager,2024-12-23,0,40.0,1.49,0.1
9465883904,Beatrice,chemist,Manyatta A,-0.0826087,34.7797533,BEV004,beverages,Coca-Cola Soda,2024-12-09,14,10.0,1.43,0.5
9465883904,Beatrice,chemist,Manyatta A,-0.0826087,34.7797533,FLR001,flour,Jogoo Maize Flour,2024-12-09,14,11.6,1.74,0.5
9465883904,Beatrice,chemist,Manyatta A,-0.0826087,34.7797533,FLR002,flour,Jogoo Maize Flour,2024-12-16,7,34.4,2.37,0.1
9465883904,Beatrice,chemist,Manyatta A,-0.0826087,34.7797533,FLR003,flour,Pembe Maize Flour,2024-12-23,0,52.0,1.96,0.1
9465883904,Beatrice,chemist,Manyatta A,-0.0826087,34.7797533,FLR004,flour,Kabras Maize Flour,2024-12-09,14,22.6,1.81,0.1
9465883904,Beatrice,chemist,Manyatta A,-0.0826087,34.7797533,OIL001,cooking_oil,Golden Fry Cooking Oil,2024-12-09,14,8.7,1.31,0.5
9465883904,Beatrice,chemist,Manyatta A,-0.0826087,34.7797533,OIL002,cooking_oil,Golden Fry Cooking Oil,2024-12-02,21,9.1,1.47,0.5
9465883904,Beatrice,chemist,Manyatta A,-0.0826087,34.7797533,OIL003,cooking_oil,Soya King Cooking Oil,2024-12-16,7,32.6,1.62,0.1
9465883904,Beatrice,chemist,Manyatta A,-0.0826087,34.7797533,OIL004,cooking_oil,Soya King Cooking Oil,2024-12-16,7,14.6,1.91,0.5
9465883904,Beatrice,chemist,Manyatta A,-0.0826087,34.7797533,PC001,personal_care,Vaseline Body Lotion,2024-12-16,7,20.9,1.01,0.1
9465883904,Beatrice,chemist,Manyatta A,-0.0826087,34.7797533,PC002,personal_care,Dove Bar Soap,2024-12-02,21,5.9,1.05,0.5
9465883904,Beatrice,chemist,Manyatta A,-0.0826087,34.7797533,PC003,personal_care,Colgate Toothpaste,2024-12-16,7,11.9,0.87,0.1
9465883904,Beatrice,chemist,Manyatta A,-0.0826087,34.7797533,SAN001,sanitary,Always Pads,2024-12-02,21,5.1,0.9,0.5
9465883904,Beatrice,chemist,Manyatta A,-0.0826087,34.7797533,SAN002,sanitary,Huggies Diapers,2024-12-16,7,5.2,0.69,0.5
9465883904,Beatrice,chemist,Manyatta A,-0.0826087,34.7797533,SOP001,soap,Omo Detergent,2024-12-09,14,11.5,0.89,0.1
9465883904,Beatrice,chemist,Manyatta A,-0.0826087,34.7797533,SOP002,soap,Sunlight Bar Soap,2024-12-02,21,6.8,1.2,0.5
9465883904,Beatrice,chemist,Manyatta A,-0.0826087,34.7797533,SOP003,soap,Bidco Bar Soap,2024-12-23,0,12.0,0.84,0.1
9465883904,Beatrice,chemist,Manyatta A,-0.0826087,34.7797533,SOP004,soap,Dettol Bar Soap,2024-12-23,0,21.0,1.0,0.1
9465883904,Beatrice,chemist,Manyatta A,-0.0826087,34.7797533,SUG001,sugar,Mumias Sugar,2024-12-16,7,24.1,1.7,0.1
9465883904,Beatrice,chemist,Manyatta A,-0.0826087,34.7797533,SUG002,sugar,Mumias Sugar,2024-12-02,21,6.8,1.2,0.5
9465883904,Beatrice,chemist,Manyatta A,-0.0826087,34.7797533,SUG003,sugar,Nzoia Sugar,2024-12-09,14,9.4,1.26,0.5
9465905636,Home Based,chemist,Manyatta A,-0.0949876,34.7801283,BEV001,beverages,Afia Juice,2024-12-23,0,8.0,0.56,0.1
9465905636,Home Based,chemist,Manyatta A,-0.0949876,34.7801283,BEV002,beverages,Pick n Peel Juice,2024-12-09,14,9.6,0.74,0.1
9465905636,Home Based,chemist,Manyatta A,-0.0949876,34.7801283,BEV003,beverages,Tusker Lager,2024-12-16,7,8.0,0.57,0.1
9465905636,Home Based,chemist,Manyatta A,-0.0949876,34.7801283,BEV004,beverages,Coca-Cola Soda,2024-12-16,7,8.0,0.57,0.1
9465905636,Home Based,chemist,Manyatta A,-0.0949876,34.7801283,FLR001,flour,Jogoo Maize Flour,2024-12-23,0,16.0,1.12,0.1
9465905636,Home Based,chemist,Manyatta A,-0.0949876,34.7801283,FLR002,flour,Jogoo Maize Flour,2024-12-16,7,20.6,1.05,0.1
9465905636,Home Based,chemist,Manyatta A,-0.0949876,34.7801283,FLR003,flour,Pembe Maize Flour,2024-12-16,7,16.0,1.14,0.1
9465905636,Home Based,chemist,Manyatta A,-0.0949876,34.7801283,FLR004,flour,Kabras Maize Flour,2024-12-16,7,6.2,0.83,0.5
9465905636,Home Based,chemist,Manyatta A,-0.0949876,34.7801283,OIL001,cooking_oil,Golden Fry Cooking Oil,2024-12-09,14,11.3,0.91,0.1
9465905636,Home Based,chemist,Manyatta A,-0.0949876,34.7801283,OIL002,cooking_oil,Golden Fry Cooking Oil,2024-12-23,0,18.0,0.85,0.1
9465905636,Home Based,chemist,Manyatta A,-0.0949876,34.7801283,OIL003,cooking_oil,Soya King Cooking Oil,2024-12-16,7,17.8,0.89,0.1
9465905636,Home Based,chemist,Manyatta A,-0.0949876,34.7801283,OIL004,cooking_oil,Soya King Cooking Oil,2024-12-23,0,20.0,0.75,0.1
9465905636,Home Based,chemist,Manyatta A,-0.0949876,34.7801283,PC001,personal_care,Vaseline Body Lotion,2024-12-23,0,12.0,0.57,0.1
9465905636,Home Based,chemist,Manyatta A,-0.0949876,34.7801283,PC002,personal_care,Dove Bar Soap,2024-12-16,7,3.1,0.41,0.5
9465905636,Home Based,chemist,Manyatta A,-0.0949876,34.7801283,PC003,personal_care,Colgate Toothpaste,2024-12-23,0,12.0,0.45,0.1
9465905636,Home Based,chemist,Manyatta A,-0.0949876,34.7801283,SAN001,sanitary,Always Pads,2024-12-23,0,6.0,0.29,0.1
9465905636,Home Based,chemist,Manyatta A,-0.0949876,34.7801283,SAN002,sanitary,Huggies Diapers,2024-12-16,7,6.0,0.29,0.1
9465905636,Home Based,chemist,Manyatta A,-0.0949876,34.7801283,SOP001,soap,Omo Detergent,2024-12-02,21,3.4,0.6,0.5
9465905636,Home Based,chemist,Manyatta A,-0.0949876,34.7801283,SOP002,soap,Sunlight Bar Soap,2024-12-02,21,3.7,0.59,0.5
9465905636,Home Based,chemist,Manyatta A,-0.0949876,34.7801283,SOP003,soap,Bidco Bar Soap,2024-12-23,0,8.0,0.55,0.1
9465905636,Home Based,chemist,Manyatta A,-0.0949876,34.7801283,SOP004,soap,Dettol Bar Soap,2024-12-23,0,12.0,0.45,0.1
9465905636,Home Based,chemist,Manyatta A,-0.0949876,34.7801283,SUG001,sugar,Mumias Sugar,2024-12-23,0,18.0,0.88,0.1
9465905636,Home Based,chemist,Manyatta A,-0.0949876,34.7801283,SUG002,sugar,Mumias Sugar,2024-12-23,0,20.0,0.75,0.1
9465905636,Home Based,chemist,Manyatta A,-0.0949876,34.7801283,SUG003,sugar,Nzoia Sugar,2024-12-23,0,8.0,0.55,0.1
9465905637,Linet Atieno Omollo,chemist,Kasule,-0.0830158,34.8002191,BEV001,beverages,Afia Juice,2024-12-02,21,3.0,0.43,0.5
9465905637,Linet Atieno Omollo,chemist,Kasule,-0.0830158,34.8002191,BEV002,beverages,Pick n Peel Juice,2024-12-23,0,9.0,0.41,0.1
9465905637,Linet Atieno Omollo,chemist,Kasule,-0.0830158,34.8002191,BEV003,beverages,Tusker Lager,2024-12-23,0,12.0,0.45,0.1
9465905637,Linet Atieno Omollo,chemist,Kasule,-0.0830158,34.8002191,BEV004,beverages,Coca-Cola Soda,2024-12-02,21,2.8,0.44,0.5
9465905637,Linet Atieno Omollo,chemist,Kasule,-0.0830158,34.8002191,FLR001,flour,Jogoo Maize Flour,2024-12-16,7,17.7,0.9,0.1
9465905637,Linet Atieno Omollo,chemist,Kasule,-0.0830158,34.8002191,FLR002,flour,Jogoo Maize Flour,2024-12-23,0,12.0,0.84,0.1
9465905637,Linet Atieno Omollo,chemist,Kasule,-0.0830158,34.8002191,FLR003,flour,Pembe Maize Flour,2024-12-23,0,20.0,0.75,0.1
9465905637,Linet Atieno Omollo,chemist,Kasule,-0.0830158,34.8002191,FLR004,flour,Kabras Maize Flour,2024-12-23,0,20.0,0.75,0.1
9465905637,Linet Atieno Omollo,chemist,Kasule,-0.0830158,34.8002191,OIL001,cooking_oil,Golden Fry Cooking Oil,2024-12-16,7,8.2,0.55,0.1
9465905637,Linet Atieno Omollo,chemist,Kasule,-0.0830158,34.8002191,OIL002,cooking_oil,Golden Fry Cooking Oil,2024-12-09,14,4.0,0.57,0.5
9465905637,Linet Atieno Omollo,chemist,Kasule,-0.0830158,34.8002191,OIL003,cooking_oil,Soya King Cooking Oil,2024-12-23,0,16.0,0.59,0.1
9465905637,Linet Atieno Omollo,chemist,Kasule,-0.0830158,34.8002191,OIL004,cooking_oil,Soya King Cooking Oil,2024-12-23,0,20.0,0.75,0.1
9465905637,Linet Atieno Omollo,chemist,Kasule,-0.0830158,34.8002191,PC001,personal_care,Vaseline Body Lotion,2024-12-09,14,3.8,0.3,0.1
9465905637,Linet Atieno Omollo,chemist,Kasule,-0.0830158,34.8002191,PC002,personal_care,Dove Bar Soap,2024-12-23,0,6.0,0.41,0.1
9465905637,Linet Atieno Omollo,chemist,Kasule,-0.0830158,34.8002191,PC003,personal_care,Colgate Toothpaste,2024-12-16,7,4.0,0.28,0.1
9465905637,Linet Atieno Omollo,chemist,Kasule,-0.0830158,34.8002191,SAN001,sanitary,Always Pads,2024-12-09,14,3.9,0.29,0.1
9465905637,Linet Atieno Omollo,chemist,Kasule,-0.0830158,34.8002191,SAN002,sanitary,Huggies Diapers,2024-12-16,7,5.9,0.3,0.1
9465905637,Linet Atieno Omollo,chemist,Kasule,-0.0830158,34.8002191,SOP001,soap,Omo Detergent,2024-12-09,14,5.9,0.44,0.1
9465905637,Linet Atieno Omollo,chemist,Kasule,-0.0830158,34.8002191,SOP002,soap,Sunlight Bar Soap,2024-12-16,7,3.1,0.42,0.5
9465905637,Linet Atieno Omollo,chemist,Kasule,-0.0830158,34.8002191,SOP003,soap,Bidco Bar Soap,2024-12-23,0,6.0,0.41,0.1
9465905637,Linet Atieno Omollo,chemist,Kasule,-0.0830158,34.8002191,SOP004,soap,Dettol Bar Soap,2024-12-02,21,2.7,0.44,0.5
9465905637,Linet Atieno Omollo,chemist,Kasule,-0.0830158,34.8002191,SUG001,sugar,Mumias Sugar,2024-12-23,0,9.0,0.42,0.1
9465905637,Linet Atieno Omollo,chemist,Kasule,-0.0830158,34.8002191,SUG002,sugar,Mumias Sugar,2024-12-23,0,12.0,0.57,0.1
9465905637,Linet Atieno Omollo,chemist,Kasule,-0.0830158,34.8002191,SUG003,sugar,Nzoia Sugar,2024-12-09,14,7.5,0.6,0.1
9465905661,Dorcass,chemist,Manyatta B,-0.0967368,34.7810021,BEV001,beverages,Afia Juice,2024-12-16,7,14.8,0.74,0.1
9465905661,Dorcass,chemist,Manyatta B,-0.0967368,34.7810021,BEV002,beverages,Pick n Peel Juice,2024-12-23,0,16.0,0.6,0.1
9465905661,Dorcass,chemist,Manyatta B,-0.0967368,34.7810021,BEV003,beverages,Tusker Lager,2024-12-23,0,20.0,0.73,0.1
9465905661,Dorcass,chemist,Manyatta B,-0.0967368,34.7810021,BEV004,beverages,Coca-Cola Soda,2024-12-23,0,20.0,0.75,0.1
9465905661,Dorcass,chemist,Manyatta B,-0.0967368,34.7810021,FLR001,flour,Jogoo Maize Flour,2024-12-02,21,6.4,1.22,0.5
9465905661,Dorcass,chemist,Manyatta B,-0.0967368,34.7810021,FLR002,flour,Jogoo Maize Flour,2024-12-23,0,24.0,0.89,0.1
9465905661,Dorcass,chemist,Manyatta B,-0.0967368,34.7810021,FLR003,flour,Pembe Maize Flour,2024-12-23,0,12.0,0.83,0.1
9465905661,Dorcass,chemist,Manyatta B,-0.0967368,34.7810021,FLR004,flour,Kabras Maize Flour,2024-12-16,7,7.2,0.97,0.5
9465905661,Dorcass,chemist,Manyatta B,-0.0967368,34.7810021,OIL001,cooking_oil,Golden Fry Cooking Oil,2024-12-09,14,11.5,0.89,0.1
9465905661,Dorcass,chemist,Manyatta B,-0.0967368,34.7810021,OIL002,cooking_oil,Golden Fry Cooking Oil,2024-12-23,0,10.0,0.69,0.1
9465905661,Dorcass,chemist,Manyatta B,-0.0967368,34.7810021,OIL003,cooking_oil,Soya King Cooking Oil,2024-12-09,14,4.0,0.57,0.5
9465905661,Dorcass,chemist,Manyatta B,-0.0967368,34.7810021,OIL004,cooking_oil,Soya King Cooking Oil,2024-12-16,7,9.9,0.72,0.1
9465905661,Dorcass,chemist,Manyatta B,-0.0967368,34.7810021,PC001,personal_care,Vaseline Body Lotion,2024-12-16,7,6.1,0.42,0.1
9465905661,Dorcass,chemist,Manyatta B,-0.0967368,34.7810021,PC002,personal_care,Dove Bar Soap,2024-12-23,0,12.0,0.45,0.1
9465905661,Dorcass,chemist,Manyatta B,-0.0967368,34.7810021,PC003,personal_care,Colgate Toothpaste,2024-12-23,0,4.0,0.27,0.1
9465905661,Dorcass,chemist,Manyatta B,-0.0967368,34.7810021,SAN001,sanitary,Always Pads,2024-12-16,7,8.8,0.45,0.1
9465905661,Dorcass,chemist,Manyatta B,-0.0967368,34.7810021,SAN002,sanitary,Huggies Diapers,2024-12-09,14,3.8,0.3,0.1
9465905661,Dorcass,chemist,Manyatta B,-0.0967368,34.7810021,SOP001,soap,Omo Detergent,2024-12-16,7,4.1,0.56,0.5
9465905661,Dorcass,chemist,Manyatta B,-0.0967368,34.7810021,SOP002,soap,Sunlight Bar Soap,2024-12-02,21,3.4,0.6,0.5
9465905661,Dorcass,chemist,Manyatta B,-0.0967368,34.7810021,SOP003,soap,Bidco Bar Soap,2024-12-23,0,12.0,0.45,0.1
9465905661,Dorcass,chemist,Manyatta B,-0.0967368,34.7810021,SOP004,soap,Dettol Bar Soap,2024-12-09,14,4.2,0.56,0.5
9465905661,Dorcass,chemist,Manyatta B,-0.0967368,34.7810021,SUG001,sugar,Mumias Sugar,2024-12-23,0,8.0,0.53,0.1
9465905661,Dorcass,chemist,Manyatta B,-0.0967368,34.7810021,SUG002,sugar,Mumias Sugar,2024-12-09,14,7.5,0.6,0.1
9465905661,Dorcass,chemist,Manyatta B,-0.0967368,34.7810021,SUG003,sugar,Nzoia Sugar,2024-12-09,14,7.7,0.6,0.1
9465905761,Ziki,chemist,Nyawita sublocation,-0.0814662,34.7653854,BEV001,beverages,Afia Juice,2024-12-09,14,5.6,0.67,0.5
9465905761,Ziki,chemist,Nyawita sublocation,-0.0814662,34.7653854,BEV002,beverages,Pick n Peel Juice,2024-12-16,7,20.6,1.05,0.1
9465905761,Ziki,chemist,Nyawita sublocation,-0.0814662,34.7653854,BEV003,beverages,Tusker Lager,2024-12-16,7,17.7,0.9,0.1
9465905761,Ziki,chemist,Nyawita sublocation,-0.0814662,34.7653854,BEV004,beverages,Coca-Cola Soda,2024-12-16,7,10.0,0.71,0.1
9465905761,Ziki,chemist,Nyawita sublocation,-0.0814662,34.7653854,FLR001,flour,Jogoo Maize Flour,2024-12-09,14,8.0,1.14,0.5
9465905761,Ziki,chemist,Nyawita sublocation,-0.0814662,34.7653854,FLR002,flour,Jogoo Maize Flour,2024-12-23,0,32.0,1.19,0.1
9465905761,Ziki,chemist,Nyawita sublocation,-0.0814662,34.7653854,FLR003,flour,Pembe Maize Flour,2024-12-09,14,19.2,1.49,0.1
9465905761,Ziki,chemist,Nyawita sublocation,-0.0814662,34.7653854,FLR004,flour,Kabras Maize Flour,2024-12-23,0,36.0,1.34,0.1
9465905761,Ziki,chemist,Nyawita sublocation,-0.0814662,34.7653854,OIL001,cooking_oil,Golden Fry Cooking Oil,2024-12-16,7,7.4,0.94,0.5
9465905761,Ziki,chemist,Nyawita sublocation,-0.0814662,34.7653854,OIL002,cooking_oil,Golden Fry Cooking Oil,2024-12-16,7,24.0,1.14,0.1
9465905761,Ziki,chemist,Nyawita sublocation,-0.0814662,34.7653854,OIL003,cooking_oil,Soya King Cooking Oil,2024-12-09,14,16.0,1.14,0.1
9465905761,Ziki,chemist,Nyawita sublocation,-0.0814662,34.7653854,OIL004,cooking_oil,Soya King Cooking Oil,2024-12-09,14,9.0,1.29,0.5
9465905761,Ziki,chemist,Nyawita sublocation,-0.0814662,34.7653854,PC001,personal_care,Vaseline Body Lotion,2024-12-23,0,8.0,0.54,0.1
9465905761,Ziki,chemist,Nyawita sublocation,-0.0814662,34.7653854,PC002,personal_care,Dove Bar Soap,2024-12-02,21,4.2,0.75,0.5
9465905761,Ziki,chemist,Nyawita sublocation,-0.0814662,34.7653854,PC003,personal_care,Colgate Toothpaste,2024-12-16,7,12.0,0.58,0.1
9465905761,Ziki,chemist,Nyawita sublocation,-0.0814662,34.7653854,SAN001,sanitary,Always Pads,2024-12-23,0,9.0,0.41,0.1
9465905761,Ziki,chemist,Nyawita sublocation,-0.0814662,34.7653854,SAN002,sanitary,Huggies Diapers,2024-12-23,0,9.0,0.42,0.1
9465905761,Ziki,chemist,Nyawita sublocation,-0.0814662,34.7653854,SOP001,soap,Omo Detergent,2024-12-02,21,5.5,0.88,0.5
9465905761,Ziki,chemist,Nyawita sublocation,-0.0814662,34.7653854,SOP002,soap,Sunlight Bar Soap,2024-12-16,7,4.2,0.55,0.5
9465905761,Ziki,chemist,Nyawita sublocation,-0.0814662,34.7653854,SOP003,soap,Bidco Bar Soap,2024-12-23,0,18.0,0.82,0.1
9465905761,Ziki,chemist,Nyawita sublocation,-0.0814662,34.7653854,SOP004,soap,Dettol Bar Soap,2024-12-16,7,8.0,0.57,0.1
9465905761,Ziki,chemist,Nyawita sublocation,-0.0814662,34.7653854,SUG001,sugar,Mumias Sugar,2024-12-09,14,11.3,0.91,0.1
9465905761,Ziki,chemist,Nyawita sublocation,-0.0814662,34.7653854,SUG002,sugar,Mumias Sugar,2024-12-16,7,17.9,0.87,0.1
9465905761,Ziki,chemist,Nyawita sublocation,-0.0814662,34.7653854,SUG003,sugar,Nzoia Sugar,2024-12-09,14,11.3,0.91,0.1
9465905764,Aqua Foss,chemist,Nyalenda B,-0.12578,34.75385,BEV001,beverages,Afia Juice,2024-12-23,0,10.0,0.66,0.1
9465905764,Aqua Foss,chemist,Nyalenda B,-0.12578,34.75385,BEV002,beverages,Pick n Peel Juice,2024-12-23,0,15.0,0.69,0.1
9465905764,Aqua Foss,chemist,Nyalenda B,-0.12578,34.75385,BEV003,beverages,Tusker Lager,2024-12-23,0,12.0,0.56,0.1
9465905764,Aqua Foss,chemist,Nyalenda B,-0.12578,34.75385,BEV004,beverages,Coca-Cola Soda,2024-12-02,21,3.9,0.57,0.5
9465905764,Aqua Foss,chemist,Nyalenda B,-0.12578,34.75385,FLR001,flour,Jogoo Maize Flour,2024-12-16,7,20.6,1.05,0.1
9465905764,Aqua Foss,chemist,Nyalenda B,-0.12578,34.75385,FLR002,flour,Jogoo Maize Flour,2024-12-09,14,6.0,0.86,0.5
9465905764,Aqua Foss,chemist,Nyalenda B,-0.12578,34.75385,FLR003,flour,Pembe Maize Flour,2024-12-23,0,14.0,0.98,0.1
9465905764,Aqua Foss,chemist,Nyalenda B,-0.12578,34.75385,FLR004,flour,Kabras Maize Flour,2024-12-16,7,6.3,0.82,0.5
9465905764,Aqua Foss,chemist,Nyalenda B,-0.12578,34.75385,OIL001,cooking_oil,Golden Fry Cooking Oil,2024-12-23,0,15.0,0.71,0.1
9465905764,Aqua Foss,chemist,Nyalenda B,-0.12578,34.75385,OIL002,cooking_oil,Golden Fry Cooking Oil,2024-12-23,0,12.0,0.8,0.1
9465905764,Aqua Foss,chemist,Nyalenda B,-0.12578,34.75385,OIL003,cooking_oil,Soya King Cooking Oil,2024-12-09,14,4.5,0.54,0.5
9465905764,Aqua Foss,chemist,Nyalenda B,-0.12578,34.75385,OIL004,cooking_oil,Soya King Cooking Oil,2024-12-23,0,12.0,0.84,0.1
9465905764,Aqua Foss,chemist,Nyalenda B,-0.12578,34.75385,PC001,personal_care,Vaseline Body Lotion,2024-12-16,7,11.9,0.59,0.1
9465905764,Aqua Foss,chemist,Nyalenda B,-0.12578,34.75385,PC002,personal_care,Dove Bar Soap,2024-12-23,0,6.0,0.41,0.1
9465905764,Aqua Foss,chemist,Nyalenda B,-0.12578,34.75385,PC003,personal_care,Colgate Toothpaste,2024-12-23,0,12.0,0.45,0.1
9465905764,Aqua Foss,chemist,Nyalenda B,-0.12578,34.75385,SAN001,sanitary,Always Pads,2024-12-23,0,4.0,0.28,0.1
9465905764,Aqua Foss,chemist,Nyalenda B,-0.12578,34.75385,SAN002,sanitary,Huggies Diapers,2024-12-23,0,8.0,0.29,0.1
9465905764,Aqua Foss,chemist,Nyalenda B,-0.12578,34.75385,SOP001,soap,Omo Detergent,2024-12-23,0,6.0,0.38,0.1
9465905764,Aqua Foss,chemist,Nyalenda B,-0.12578,34.75385,SOP002,soap,Sunlight Bar Soap,2024-12-23,0,6.0,0.4,0.1
9465905764,Aqua Foss,chemist,Nyalenda B,-0.12578,34.75385,SOP003,soap,Bidco Bar Soap,2024-12-16,7,8.1,0.55,0.1
9465905764,Aqua Foss,chemist,Nyalenda B,-0.12578,34.75385,SOP004,soap,Dettol Bar Soap,2024-12-09,14,7.5,0.6,0.1
9465905764,Aqua Foss,chemist,Nyalenda B,-0.12578,34.75385,SUG001,sugar,Mumias Sugar,2024-12-09,14,5.3,0.7,0.5
9465905764,Aqua Foss,chemist,Nyalenda B,-0.12578,34.75385,SUG002,sugar,Mumias Sugar,2024-12-16,7,12.4,0.8,0.1
9465905764,Aqua Foss,chemist,Nyalenda B,-0.12578,34.75385,SUG003,sugar,Nzoia Sugar,2024-12-09,14,7.7,0.6,0.1
9465905769,Fifi Detergents,chemist,Milimani,-0.1176661,34.7592865,BEV001,beverages,Afia Juice,2024-12-23,0,16.0,0.57,0.1
9465905769,Fifi Detergents,chemist,Milimani,-0.1176661,34.7592865,BEV002,beverages,Pick n Peel Juice,2024-12-16,7,5.2,0.69,0.5
9465905769,Fifi Detergents,chemist,Milimani,-0.1176661,34.7592865,BEV003,beverages,Tusker Lager,2024-12-16,7,8.0,0.58,0.1
9465905769,Fifi Detergents,chemist,Milimani,-0.1176661,34.7592865,BEV004,beverages,Coca-Cola Soda,2024-12-16,7,5.2,0.68,0.5
9465905769,Fifi Detergents,chemist,Milimani,-0.1176661,34.7592865,FLR001,flour,Jogoo Maize Flour,2024-12-09,14,7.6,0.96,0.5
9465905769,Fifi Detergents,chemist,Milimani,-0.1176661,34.7592865,FLR002,flour,Jogoo Maize Flour,2024-12-16,7,14.2,0.97,0.1
9465905769,Fifi Detergents,chemist,Milimani,-0.1176661,34.7592865,FLR003,flour,Pembe Maize Flour,2024-12-02,21,7.3,1.18,0.5
9465905769,Fifi Detergents,chemist,Milimani,-0.1176661,34.7592865,FLR004,flour,Kabras Maize Flour,2024-12-23,0,24.0,0.88,0.1
9465905769,Fifi Detergents,chemist,Milimani,-0.1176661,34.7592865,OIL001,cooking_oil,Golden Fry Cooking Oil,2024-12-16,7,12.2,0.83,0.1
9465905769,Fifi Detergents,chemist,Milimani,-0.1176661,34.7592865,OIL002,cooking_oil,Golden Fry Cooking Oil,2024-12-23,0,28.0,1.03,0.1
9465905769,Fifi Detergents,chemist,Milimani,-0.1176661,34.7592865,OIL003,cooking_oil,Soya King Cooking Oil,2024-12-09,14,12.0,0.86,0.1
9465905769,Fifi Detergents,chemist,Milimani,-0.1176661,34.7592865,OIL004,cooking_oil,Soya King Cooking Oil,2024-12-09,14,9.6,0.74,0.1
9465905769,Fifi Detergents,chemist,Milimani,-0.1176661,34.7592865,PC001,personal_care,Vaseline Body Lotion,2024-12-23,0,12.0,0.55,0.1
9465905769,Fifi Detergents,chemist,Milimani,-0.1176661,34.7592865,PC002,personal_care,Dove Bar Soap,2024-12-09,14,3.0,0.43,0.5
9465905769,Fifi Detergents,chemist,Milimani,-0.1176661,34.7592865,PC003,personal_care,Colgate Toothpaste,2024-12-16,7,6.1,0.41,0.1
9465905769,Fifi Detergents,chemist,Milimani,-0.1176661,34.7592865,SAN001,sanitary,Always Pads,2024-12-16,7,8.9,0.44,0.1
9465905769,Fifi Detergents,chemist,Milimani,-0.1176661,34.7592865,SAN002,sanitary,Huggies Diapers,2024-12-02,21,2.5,0.45,0.5
9465905769,Fifi Detergents,chemist,Milimani,-0.1176661,34.7592865,SOP001,soap,Omo Detergent,2024-12-09,14,4.0,0.57,0.5
9465905769,Fifi Detergents,chemist,Milimani,-0.1176661,34.7592865,SOP002,soap,Sunlight Bar Soap,2024-12-16,7,8.1,0.56,0.1
9465905769,Fifi Detergents,chemist,Milimani,-0.1176661,34.7592865,SOP003,soap,Bidco Bar Soap,2024-12-23,0,8.0,0.54,0.1
9465905769,Fifi Detergents,chemist,Milimani,-0.1176661,34.7592865,SOP004,soap,Dettol Bar Soap,2024-12-16,7,8.0,0.57,0.1
9465905769,Fifi Detergents,chemist,Milimani,-0.1176661,34.7592865,SUG001,sugar,Mumias Sugar,2024-12-16,7,5.2,0.68,0.5
9465905769,Fifi Detergents,chemist,Milimani,-0.1176661,34.7592865,SUG002,sugar,Mumias Sugar,2024-12-09,14,9.6,0.74,0.1
9465905769,Fifi Detergents,chemist,Milimani,-0.1176661,34.7592865,SUG003,sugar,Nzoia Sugar,2024-12-09,14,4.0,0.57,0.5
9467664683,Cadra,chemist,Manyatta A,-0.0814732,34.7816278,BEV001,beverages,Afia Juice,2024-12-09,14,15.3,1.19,0.1
9467664683,Cadra,chemist,Manyatta A,-0.0814732,34.7816278,BEV002,beverages,Pick n Peel Juice,2024-12-16,7,16.0,1.14,0.1
9467664683,Cadra,chemist,Manyatta A,-0.0814732,34.7816278,BEV003,beverages,Tusker Lager,2024-12-23,0,12.0,0.82,0.1
9467664683,Cadra,chemist,Manyatta A,-0.0814732,34.7816278,BEV004,beverages,Coca-Cola Soda,2024-12-02,21,6.4,1.22,0.5
9467664683,Cadra,chemist,Manyatta A,-0.0814732,34.7816278,FLR001,flour,Jogoo Maize Flour,2024-12-16,7,10.5,1.36,0.5
9467664683,Cadra,chemist,Manyatta A,-0.0814732,34.7816278,FLR002,flour,Jogoo Maize Flour,2024-12-23,0,48.0,1.76,0.1
9467664683,Cadra,chemist,Manyatta A,-0.0814732,34.7816278,FLR003,flour,Pembe Maize Flour,2024-12-09,14,24.9,1.93,0.1
9467664683,Cadra,chemist,Manyatta A,-0.0814732,34.7816278,FLR004,flour,Kabras Maize Flour,2024-12-09,14,14.0,2.0,0.5
9467664683,Cadra,chemist,Manyatta A,-0.0814732,34.7816278,OIL001,cooking_oil,Golden Fry Cooking Oil,2024-12-09,14,10.7,1.6,0.5
9467664683,Cadra,chemist,Manyatta A,-0.0814732,34.7816278,OIL002,cooking_oil,Golden Fry Cooking Oil,2024-12-16,7,35.6,1.77,0.1
9467664683,Cadra,chemist,Manyatta A,-0.0814732,34.7816278,OIL003,cooking_oil,Soya King Cooking Oil,2024-12-16,7,9.4,1.23,0.5
9467664683,Cadra,chemist,Manyatta A,-0.0814732,34.7816278,OIL004,cooking_oil,Soya King Cooking Oil,2024-12-02,21,8.2,1.32,0.5
9467664683,Cadra,chemist,Manyatta A,-0.0814732,34.7816278,PC001,personal_care,Vaseline Body Lotion,2024-12-16,7,10.1,0.7,0.1
9467664683,Cadra,chemist,Manyatta A,-0.0814732,34.7816278,PC002,personal_care,Dove Bar Soap,2024-12-23,0,20.0,0.75,0.1
9467664683,Cadra,chemist,Manyatta A,-0.0814732,34.7816278,PC003,personal_care,Colgate Toothpaste,2024-12-16,7,17.8,0.89,0.1
9467664683,Cadra,chemist,Manyatta A,-0.0814732,34.7816278,SAN001,sanitary,Always Pads,2024-12-02,21,4.6,0.73,0.5
9467664683,Cadra,chemist,Manyatta A,-0.0814732,34.7816278,SAN002,sanitary,Huggies Diapers,2024-12-23,0,10.0,0.68,0.1
9467664683,Cadra,chemist,Manyatta A,-0.0814732,34.7816278,SOP001,soap,Omo Detergent,2024-12-16,7,17.7,0.9,0.1
9467664683,Cadra,chemist,Manyatta A,-0.0814732,34.7816278,SOP002,soap,Sunlight Bar Soap,2024-12-23,0,24.0,1.15,0.1
9467664683,Cadra,chemist,Manyatta A,-0.0814732,34.7816278,SOP003,soap,Bidco Bar Soap,2024-12-16,7,23.9,1.16,0.1
9467664683,Cadra,chemist,Manyatta A,-0.0814732,34.7816278,SOP004,soap,Dettol Bar Soap,2024-12-16,7,15.9,1.15,0.1
9467664683,Cadra,chemist,Manyatta A,-0.0814732,34.7816278,SUG001,sugar,Mumias Sugar,2024-12-09,14,9.7,1.45,0.5
9467664683,Cadra,chemist,Manyatta A,-0.0814732,34.7816278,SUG002,sugar,Mumias Sugar,2024-12-02,21,6.4,1.22,0.5
9467664683,Cadra,chemist,Manyatta A,-0.0814732,34.7816278,SUG003,sugar,Nzoia Sugar,2024-12-16,7,9.3,1.25,0.5
9467664702,Dee Biz,chemist,Milimani,-0.120614,34.754366,BEV001,beverages,Afia Juice,2024-12-09,14,8.2,0.56,0.1
9467664702,Dee Biz,chemist,Milimani,-0.120614,34.754366,BEV002,beverages,Pick n Peel Juice,2024-12-09,14,11.5,0.89,0.1
9467664702,Dee Biz,chemist,Milimani,-0.120614,34.754366,BEV003,beverages,Tusker Lager,2024-12-16,7,8.1,0.56,0.1
9467664702,Dee Biz,chemist,Milimani,-0.120614,34.754366,BEV004,beverages,Coca-Cola Soda,2024-12-23,0,20.0,0.71,0.1
9467664702,Dee Biz,chemist,Milimani,-0.120614,34.754366,FLR001,flour,Jogoo Maize Flour,2024-12-16,7,8.6,1.06,0.5
9467664702,Dee Biz,chemist,Milimani,-0.120614,34.754366,FLR002,flour,Jogoo Maize Flour,2024-12-23,0,21.0,0.91,0.1
9467664702,Dee Biz,chemist,Milimani,-0.120614,34.754366,FLR003,flour,Pembe Maize Flour,2024-12-23,0,36.0,1.29,0.1
9467664702,Dee Biz,chemist,Milimani,-0.120614,34.754366,FLR004,flour,Kabras Maize Flour,2024-12-23,0,27.0,1.29,0.1
9467664702,Dee Biz,chemist,Milimani,-0.120614,34.754366,OIL001,cooking_oil,Golden Fry Cooking Oil,2024-12-02,21,5.1,0.9,0.5
9467664702,Dee Biz,chemist,Milimani,-0.120614,34.754366,OIL002,cooking_oil,Golden Fry Cooking Oil,2024-12-23,0,24.0,0.88,0.1
9467664702,Dee Biz,chemist,Milimani,-0.120614,34.754366,OIL003,cooking_oil,Soya King Cooking Oil,2024-12-16,7,12.3,0.82,0.1
9467664702,Dee Biz,chemist,Milimani,-0.120614,34.754366,OIL004,cooking_oil,Soya King Cooking Oil,2024-12-16,7,14.8,0.74,0.1
9467664702,Dee Biz,chemist,Milimani,-0.120614,34.754366,PC001,personal_care,Vaseline Body Lotion,2024-12-02,21,5.2,0.51,0.5
9467664702,Dee Biz,chemist,Milimani,-0.120614,34.754366,PC002,personal_care,Dove Bar Soap,2024-12-23,0,12.0,0.42,0.1
9467664702,Dee Biz,chemist,Milimani,-0.120614,34.754366,PC003,personal_care,Colgate Toothpaste,2024-12-09,14,8.0,0.57,0.1
9467664702,Dee Biz,chemist,Milimani,-0.120614,34.754366,SAN001,sanitary,Always Pads,2024-12-02,21,2.9,0.43,0.5
9467664702,Dee Biz,chemist,Milimani,-0.120614,34.754366,SAN002,sanitary,Huggies Diapers,2024-12-23,0,9.0,0.41,0.1
9467664702,Dee Biz,chemist,Milimani,-0.120614,34.754366,SOP001,soap,Omo Detergent,2024-12-16,7,4.2,0.55,0.5
9467664702,Dee Biz,chemist,Milimani,-0.120614,34.754366,SOP002,soap,Sunlight Bar Soap,2024-12-16,7,5.8,0.6,0.5
9467664702,Dee Biz,chemist,Milimani,-0.120614,34.754366,SOP003,soap,Bidco Bar Soap,2024-12-23,0,10.0,0.68,0.1
9467664702,Dee Biz,chemist,Milimani,-0.120614,34.754366,SOP004,soap,Dettol Bar Soap,2024-12-02,21,4.2,0.56,0.5
9467664702,Dee Biz,chemist,Milimani,-0.120614,34.754366,SUG001,sugar,Mumias Sugar,2024-12-16,7,5.6,0.62,0.5
9467664702,Dee Biz,chemist,Milimani,-0.120614,34.754366,SUG002,sugar,Mumias Sugar,2024-12-02,21,5.9,1.05,0.5
9467664702,Dee Biz,chemist,Milimani,-0.120614,34.754366,SUG003,sugar,Nzoia Sugar,2024-12-23,0,10.0,0.65,0.1
9467698826,Moniq,chemist,Milimani,-0.1205534,34.7543576,BEV001,beverages,Afia Juice,2024-12-09,14,5.2,0.7,0.5
9467698826,Moniq,chemist,Milimani,-0.1205534,34.7543576,BEV002,beverages,Pick n Peel Juice,2024-12-23,0,18.0,0.87,0.1
9467698826,Moniq,chemist,Milimani,-0.1205534,34.7543576,BEV003,beverages,Tusker Lager,2024-12-09,14,4.8,0.73,0.5
9467698826,Moniq,chemist,Milimani,-0.1205534,34.7543576,BEV004,beverages,Coca-Cola Soda,2024-12-09,14,4.0,0.57,0.5
9467698826,Moniq,chemist,Milimani,-0.1205534,34.7543576,FLR001,flour,Jogoo Maize Flour,2024-12-16,7,11.9,0.87,0.1
9467698826,Moniq,chemist,Milimani,-0.1205534,34.7543576,FLR002,flour,Jogoo Maize Flour,2024-12-23,0,36.0,1.34,0.1
9467698826,Moniq,chemist,Milimani,-0.1205534,34.7543576,FLR003,flour,Pembe Maize Flour,2024-12-23,0,16.0,1.1,0.1
9467698826,Moniq,chemist,Milimani,-0.1205534,34.7543576,FLR004,flour,Kabras Maize Flour,2024-12-16,7,15.8,1.17,0.1
9467698826,Moniq,chemist,Milimani,-0.1205534,34.7543576,OIL001,cooking_oil,Golden Fry Cooking Oil,2024-12-16,7,6.2,0.83,0.5
9467698826,Moniq,chemist,Milimani,-0.1205534,34.7543576,OIL002,cooking_oil,Golden Fry Cooking Oil,2024-12-16,7,12.0,0.85,0.1
9467698826,Moniq,chemist,Milimani,-0.1205534,34.7543576,OIL003,cooking_oil,Soya King Cooking Oil,2024-12-09,14,15.3,1.19,0.1
9467698826,Moniq,chemist,Milimani,-0.1205534,34.7543576,OIL004,cooking_oil,Soya King Cooking Oil,2024-12-23,0,24.0,1.13,0.1
9467698826,Moniq,chemist,Milimani,-0.1205534,34.7543576,PC001,personal_care,Vaseline Body Lotion,2024-12-02,21,3.4,0.6,0.5
9467698826,Moniq,chemist,Milimani,-0.1205534,34.7543576,PC002,personal_care,Dove Bar Soap,2024-12-09,14,3.1,0.42,0.5
9467698826,Moniq,chemist,Milimani,-0.1205534,34.7543576,PC003,personal_care,Colgate Toothpaste,2024-12-23,0,12.0,0.45,0.1
9467698826,Moniq,chemist,Milimani,-0.1205534,34.7543576,SAN001,sanitary,Always Pads,2024-12-16,7,3.1,0.41,0.5
9467698826,Moniq,chemist,Milimani,-0.1205534,34.7543576,SAN002,sanitary,Huggies Diapers,2024-12-16,7,2.1,0.27,0.5
9467698826,Moniq,chemist,Milimani,-0.1205534,34.7543576,SOP001,soap,Omo Detergent,2024-12-23,0,12.0,0.57,0.1
9467698826,Moniq,chemist,Milimani,-0.1205534,34.7543576,SOP002,soap,Sunlight Bar Soap,2024-12-09,14,5.0,0.71,0.5
9467698826,Moniq,chemist,Milimani,-0.1205534,34.7543576,SOP003,soap,Bidco Bar Soap,2024-12-09,14,9.6,0.74,0.1
9467698826,Moniq,chemist,Milimani,-0.1205534,34.7543576,SOP004,soap,Dettol Bar Soap,2024-12-09,14,7.5,0.6,0.1
9467698826,Moniq,chemist,Milimani,-0.1205534,34.7543576,SUG001,sugar,Mumias Sugar,2024-12-16,7,7.5,0.94,0.5
9467698826,Moniq,chemist,Milimani,-0.1205534,34.7543576,SUG002,sugar,Mumias Sugar,2024-12-09,14,6.0,0.86,0.5
9467698826,Moniq,chemist,Milimani,-0.1205534,34.7543576,SUG003,sugar,Nzoia Sugar,2024-12-23,0,28.0,1.03,0.1
9467698836,House,chemist,Nyangienda,-0.1324017,34.743435,BEV001,beverages,Afia Juice,2024-12-16,7,4.6,0.49,0.5
9467698836,House,chemist,Nyangienda,-0.1324017,34.743435,BEV002,beverages,Pick n Peel Juice,2024-12-16,7,8.2,0.55,0.1
9467698836,House,chemist,Nyangienda,-0.1324017,34.743435,BEV003,beverages,Tusker Lager,2024-12-23,0,12.0,0.46,0.1
9467698836,House,chemist,Nyangienda,-0.1324017,34.743435,BEV004,beverages,Coca-Cola Soda,2024-12-09,14,3.4,0.4,0.5
9467698836,House,chemist,Nyangienda,-0.1324017,34.743435,FLR001,flour,Jogoo Maize Flour,2024-12-23,0,12.0,0.8,0.1
9467698836,House,chemist,Nyangienda,-0.1324017,34.743435,FLR002,flour,Jogoo Maize Flour,2024-12-23,0,24.0,0.89,0.1
9467698836,House,chemist,Nyangienda,-0.1324017,34.743435,FLR003,flour,Pembe Maize Flour,2024-12-23,0,12.0,0.78,0.1
9467698836,House,chemist,Nyangienda,-0.1324017,34.743435,FLR004,flour,Kabras Maize Flour,2024-12-16,7,18.2,0.83,0.1
9467698836,House,chemist,Nyangienda,-0.1324017,34.743435,OIL001,cooking_oil,Golden Fry Cooking Oil,2024-12-16,7,4.1,0.55,0.5
9467698836,House,chemist,Nyangienda,-0.1324017,34.743435,OIL002,cooking_oil,Golden Fry Cooking Oil,2024-12-16,7,11.9,0.58,0.1
9467698836,House,chemist,Nyangienda,-0.1324017,34.743435,OIL003,cooking_oil,Soya King Cooking Oil,2024-12-16,7,8.0,0.58,0.1
9467698836,House,chemist,Nyangienda,-0.1324017,34.743435,OIL004,cooking_oil,Soya King Cooking Oil,2024-12-23,0,16.0,0.59,0.1
9467698836,House,chemist,Nyangienda,-0.1324017,34.743435,PC001,personal_care,Vaseline Body Lotion,2024-12-16,7,4.2,0.26,0.1
9467698836,House,chemist,Nyangienda,-0.1324017,34.743435,PC002,personal_care,Dove Bar Soap,2024-12-23,0,4.0,0.28,0.1
9467698836,House,chemist,Nyangienda,-0.1324017,34.743435,PC003,personal_care,Colgate Toothpaste,2024-12-16,7,3.3,0.39,0.5
9467698836,House,chemist,Nyangienda,-0.1324017,34.743435,SAN001,sanitary,Always Pads,2024-12-16,7,2.2,0.26,0.5
9467698836,House,chemist,Nyangienda,-0.1324017,34.743435,SAN002,sanitary,Huggies Diapers,2024-12-23,0,6.0,0.29,0.1
9467698836,House,chemist,Nyangienda,-0.1324017,34.743435,SOP001,soap,Omo Detergent,2024-12-16,7,6.0,0.43,0.1
9467698836,House,chemist,Nyangienda,-0.1324017,34.743435,SOP002,soap,Sunlight Bar Soap,2024-12-09,14,6.2,0.41,0.1
9467698836,House,chemist,Nyangienda,-0.1324017,34.743435,SOP003,soap,Bidco Bar Soap,2024-12-23,0,12.0,0.41,0.1
9467698836,House,chemist,Nyangienda,-0.1324017,34.743435,SOP004,soap,Dettol Bar Soap,2024-12-02,21,3.5,0.4,0.5
9467698836,House,chemist,Nyangienda,-0.1324017,34.743435,SUG001,sugar,Mumias Sugar,2024-12-02,21,4.7,0.54,0.5
9467698836,House,chemist,Nyangienda,-0.1324017,34.743435,SUG002,sugar,Mumias Sugar,2024-12-16,7,9.2,0.4,0.1
9467698836,House,chemist,Nyangienda,-0.1324017,34.743435,SUG003,sugar,Nzoia Sugar,2024-12-09,14,3.0,0.43,0.5
9467698840,Real Fasion,chemist,Northern sublocation,-0.095655,34.7673314,BEV001,beverages,Afia Juice,2024-12-16,7,10.0,0.71,0.1
9467698840,Real Fasion,chemist,Northern sublocation,-0.095655,34.7673314,BEV002,beverages,Pick n Peel Juice,2024-12-09,14,4.0,0.57,0.5
9467698840,Real Fasion,chemist,Northern sublocation,-0.095655,34.7673314,BEV003,beverages,Tusker Lager,2024-12-23,0,16.0,0.59,0.1
9467698840,Real Fasion,chemist,Northern sublocation,-0.095655,34.7673314,BEV004,beverages,Coca-Cola Soda,2024-12-23,0,8.0,0.56,0.1
9467698840,Real Fasion,chemist,Northern sublocation,-0.095655,34.7673314,FLR001,flour,Jogoo Maize Flour,2024-12-16,7,14.0,0.99,0.1
9467698840,Real Fasion,chemist,Northern sublocation,-0.095655,34.7673314,FLR002,flour,Jogoo Maize Flour,2024-12-23,0,28.0,1.03,0.1
9467698840,Real Fasion,chemist,Northern sublocation,-0.095655,34.7673314,FLR003,flour,Pembe Maize Flour,2024-12-23,0,36.0,1.34,0.1
9467698840,Real Fasion,chemist,Northern sublocation,-0.095655,34.7673314,FLR004,flour,Kabras Maize Flour,2024-12-23,0,32.0,1.21,0.1
9467698840,Real Fasion,chemist,Northern sublocation,-0.095655,34.7673314,OIL001,cooking_oil,Golden Fry Cooking Oil,2024-12-23,0,18.0,0.86,0.1
9467698840,Real Fasion,chemist,Northern sublocation,-0.095655,34.7673314,OIL002,cooking_oil,Golden Fry Cooking Oil,2024-12-02,21,5.9,1.05,0.5
9467698840,Real Fasion,chemist,Northern sublocation,-0.095655,34.7673314,OIL003,cooking_oil,Soya King Cooking Oil,2024-12-23,0,20.0,0.75,0.1
9467698840,Real Fasion,chemist,Northern sublocation,-0.095655,34.7673314,OIL004,cooking_oil,Soya King Cooking Oil,2024-12-23,0,28.0,1.04,0.1
9467698840,Real Fasion,chemist,Northern sublocation,-0.095655,34.7673314,PC001,personal_care,Vaseline Body Lotion,2024-12-16,7,3.1,0.41,0.5
9467698840,Real Fasion,chemist,Northern sublocation,-0.095655,34.7673314,PC002,personal_care,Dove Bar Soap,2024-12-23,0,9.0,0.44,0.1
9467698840,Real Fasion,chemist,Northern sublocation,-0.095655,34.7673314,PC003,personal_care,Colgate Toothpaste,2024-12-09,14,2.9,0.44,0.5
9467698840,Real Fasion,chemist,Northern sublocation,-0.095655,34.7673314,SAN001,sanitary,Always Pads,2024-12-02,21,2.5,0.45,0.5
9467698840,Real Fasion,chemist,Northern sublocation,-0.095655,34.7673314,SAN002,sanitary,Huggies Diapers,2024-12-23,0,6.0,0.28,0.1
9467698840,Real Fasion,chemist,Northern sublocation,-0.095655,34.7673314,SOP001,soap,Omo Detergent,2024-12-16,7,11.9,0.59,0.1
9467698840,Real Fasion,chemist,Northern sublocation,-0.095655,34.7673314,SOP002,soap,Sunlight Bar Soap,2024-12-23,0,9.0,0.42,0.1
9467698840,Real Fasion,chemist,Northern sublocation,-0.095655,34.7673314,SOP003,soap,Bidco Bar Soap,2024-12-23,0,9.0,0.43,0.1
9467698840,Real Fasion,chemist,Northern sublocation,-0.095655,34.7673314,SOP004,soap,Dettol Bar Soap,2024-12-09,14,3.9,0.58,0.5
9467698840,Real Fasion,chemist,Northern sublocation,-0.095655,34.7673314,SUG001,sugar,Mumias Sugar,2024-12-23,0,10.0,0.69,0.1
9467698840,Real Fasion,chemist,Northern sublocation,-0.095655,34.7673314,SUG002,sugar,Mumias Sugar,2024-12-23,0,10.0,0.69,0.1
9467698840,Real Fasion,chemist,Northern sublocation,-0.095655,34.7673314,SUG003,sugar,Nzoia Sugar,2024-12-09,14,11.5,0.89,0.1
9467698842,Lilian Oyugi,chemist,Manyatta A,-0.0952358,34.7669469,BEV001,beverages,Afia Juice,2024-12-02,21,4.6,0.73,0.5
9467698842,Lilian Oyugi,chemist,Manyatta A,-0.0952358,34.7669469,BEV002,beverages,Pick n Peel Juice,2024-12-16,7,11.8,0.6,0.1
9467698842,Lilian Oyugi,chemist,Manyatta A,-0.0952358,34.7669469,BEV003,beverages,Tusker Lager,2024-12-16,7,14.7,0.76,0.1
9467698842,Lilian Oyugi,chemist,Manyatta A,-0.0952358,34.7669469,BEV004,beverages,Coca-Cola Soda,2024-12-23,0,20.0,0.75,0.1
9467698842,Lilian Oyugi,chemist,Manyatta A,-0.0952358,34.7669469,FLR001,flour,Jogoo Maize Flour,2024-12-09,14,13.2,1.06,0.1
9467698842,Lilian Oyugi,chemist,Manyatta A,-0.0952358,34.7669469,FLR002,flour,Jogoo Maize Flour,2024-12-16,7,8.4,1.09,0.5
9467698842,Lilian Oyugi,chemist,Manyatta A,-0.0952358,34.7669469,FLR003,flour,Pembe Maize Flour,2024-12-23,0,32.0,1.19,0.1
9467698842,Lilian Oyugi,chemist,Manyatta A,-0.0952358,34.7669469,FLR004,flour,Kabras Maize Flour,2024-12-23,0,32.0,1.19,0.1
9467698842,Lilian Oyugi,chemist,Manyatta A,-0.0952358,34.7669469,OIL001,cooking_oil,Golden Fry Cooking Oil,2024-12-23,0,28.0,1.04,0.1
9467698842,Lilian Oyugi,chemist,Manyatta A,-0.0952358,34.7669469,OIL002,cooking_oil,Golden Fry Cooking Oil,2024-12-23,0,24.0,0.89,0.1
9467698842,Lilian Oyugi,chemist,Manyatta A,-0.0952358,34.7669469,OIL003,cooking_oil,Soya King Cooking Oil,2024-12-23,0,18.0,0.85,0.1
9467698842,Lilian Oyugi,chemist,Manyatta A,-0.0952358,34.7669469,OIL004,cooking_oil,Soya King Cooking Oil,2024-12-23,0,28.0,1.01,0.1
9467698842,Lilian Oyugi,chemist,Manyatta A,-0.0952358,34.7669469,PC001,personal_care,Vaseline Body Lotion,2024-12-16,7,3.1,0.41,0.5
9467698842,Lilian Oyugi,chemist,Manyatta A,-0.0952358,34.7669469,PC002,personal_care,Dove Bar Soap,2024-12-23,0,12.0,0.58,0.1
9467698842,Lilian Oyugi,chemist,Manyatta A,-0.0952358,34.7669469,PC003,personal_care,Colgate Toothpaste,2024-12-16,7,4.2,0.55,0.5
9467698842,Lilian Oyugi,chemist,Manyatta A,-0.0952358,34.7669469,SAN001,sanitary,Always Pads,2024-12-16,7,3.1,0.42,0.5
9467698842,Lilian Oyugi,chemist,Manyatta A,-0.0952358,34.7669469,SAN002,sanitary,Huggies Diapers,2024-12-23,0,9.0,0.42,0.1
9467698842,Lilian Oyugi,chemist,Manyatta A,-0.0952358,34.7669469,SOP001,soap,Omo Detergent,2024-12-23,0,16.0,0.59,0.1
9467698842,Lilian Oyugi,chemist,Manyatta A,-0.0952358,34.7669469,SOP002,soap,Sunlight Bar Soap,2024-12-23,0,12.0,0.45,0.1
9467698842,Lilian Oyugi,chemist,Manyatta A,-0.0952358,34.7669469,SOP003,soap,Bidco Bar Soap,2024-12-16,7,8.0,0.57,0.1
9467698842,Lilian Oyugi,chemist,Manyatta A,-0.0952358,34.7669469,SOP004,soap,Dettol Bar Soap,2024-12-16,7,4.1,0.56,0.5
9467698842,Lilian Oyugi,chemist,Manyatta A,-0.0952358,34.7669469,SUG001,sugar,Mumias Sugar,2024-12-23,0,15.0,0.72,0.1
9467698842,Lilian Oyugi,chemist,Manyatta A,-0.0952358,34.7669469,SUG002,sugar,Mumias Sugar,2024-12-02,21,4.2,0.75,0.5
9467698842,Lilian Oyugi,chemist,Manyatta A,-0.0952358,34.7669469,SUG003,sugar,Nzoia Sugar,2024-12-09,14,11.5,0.89,0.1
9467698844,Brook,chemist,Brilliant,-0.0990553,34.7697439,BEV001,beverages,Afia Juice,2024-12-09,14,5.0,0.71,0.5
9467698844,Brook,chemist,Brilliant,-0.0990553,34.7697439,BEV002,beverages,Pick n Peel Juice,2024-12-02,21,3.2,0.61,0.5
9467698844,Brook,chemist,Brilliant,-0.0990553,34.7697439,BEV003,beverages,Tusker Lager,2024-12-23,0,20.0,0.76,0.1
9467698844,Brook,chemist,Brilliant,-0.0990553,34.7697439,BEV004,beverages,Coca-Cola Soda,2024-12-16,7,9.9,0.72,0.1
9467698844,Brook,chemist,Brilliant,-0.0990553,34.7697439,FLR001,flour,Jogoo Maize Flour,2024-12-02,21,6.4,1.03,0.5
9467698844,Brook,chemist,Brilliant,-0.0990553,34.7697439,FLR002,flour,Jogoo Maize Flour,2024-12-23,0,14.0,0.97,0.1
9467698844,Brook,chemist,Brilliant,-0.0990553,34.7697439,FLR003,flour,Pembe Maize Flour,2024-12-16,7,20.8,1.03,0.1
9467698844,Brook,chemist,Brilliant,-0.0990553,34.7697439,FLR004,flour,Kabras Maize Flour,2024-12-09,14,15.7,1.17,0.1
9467698844,Brook,chemist,Brilliant,-0.0990553,34.7697439,OIL001,cooking_oil,Golden Fry Cooking Oil,2024-12-23,0,10.0,0.69,0.1
9467698844,Brook,chemist,Brilliant,-0.0990553,34.7697439,OIL002,cooking_oil,Golden Fry Cooking Oil,2024-12-02,21,6.4,1.03,0.5
9467698844,Brook,chemist,Brilliant,-0.0990553,34.7697439,OIL003,cooking_oil,Soya King Cooking Oil,2024-12-09,14,6.8,1.02,0.5
9467698844,Brook,chemist,Brilliant,-0.0990553,34.7697439,OIL004,cooking_oil,Soya King Cooking Oil,2024-12-23,0,21.0,0.99,0.1
9467698844,Brook,chemist,Brilliant,-0.0990553,34.7697439,PC001,personal_care,Vaseline Body Lotion,2024-12-09,14,7.7,0.6,0.1
9467698844,Brook,chemist,Brilliant,-0.0990553,34.7697439,PC002,personal_care,Dove Bar Soap,2024-12-09,14,5.7,0.45,0.1
9467698844,Brook,chemist,Brilliant,-0.0990553,34.7697439,PC003,personal_care,Colgate Toothpaste,2024-12-09,14,4.0,0.57,0.5
9467698844,Brook,chemist,Brilliant,-0.0990553,34.7697439,SAN001,sanitary,Always Pads,2024-12-16,7,3.1,0.42,0.5
9467698844,Brook,chemist,Brilliant,-0.0990553,34.7697439,SAN002,sanitary,Huggies Diapers,2024-12-16,7,8.9,0.44,0.1
9467698844,Brook,chemist,Brilliant,-0.0990553,34.7697439,SOP001,soap,Omo Detergent,2024-12-16,7,5.2,0.69,0.5
9467698844,Brook,chemist,Brilliant,-0.0990553,34.7697439,SOP002,soap,Sunlight Bar Soap,2024-12-16,7,9.9,0.72,0.1
9467698844,Brook,chemist,Brilliant,-0.0990553,34.7697439,SOP003,soap,Bidco Bar Soap,2024-12-23,0,16.0,0.59,0.1
9467698844,Brook,chemist,Brilliant,-0.0990553,34.7697439,SOP004,soap,Dettol Bar Soap,2024-12-16,7,11.8,0.6,0.1
9467698844,Brook,chemist,Brilliant,-0.0990553,34.7697439,SUG001,sugar,Mumias Sugar,2024-12-02,21,5.5,0.88,0.5
9467698844,Brook,chemist,Brilliant,-0.0990553,34.7697439,SUG002,sugar,Mumias Sugar,2024-12-16,7,11.9,0.59,0.1
9467698844,Brook,chemist,Brilliant,-0.0990553,34.7697439,SUG003,sugar,Nzoia Sugar,2024-12-16,7,14.7,0.75,0.1
9467698854,Agustin Shop,chemist,Northern sublocation,-0.0956436,34.7673327,BEV001,beverages,Afia Juice,2024-12-16,7,10.1,0.7,0.1
9467698854,Agustin Shop,chemist,Northern sublocation,-0.0956436,34.7673327,BEV002,beverages,Pick n Peel Juice,2024-12-23,0,12.0,0.57,0.1
9467698854,Agustin Shop,chemist,Northern sublocation,-0.0956436,34.7673327,BEV003,beverages,Tusker Lager,2024-12-23,0,20.0,0.75,0.1
9467698854,Agustin Shop,chemist,Northern sublocation,-0.0956436,34.7673327,BEV004,beverages,Coca-Cola Soda,2024-12-23,0,15.0,0.69,0.1
9467698854,Agustin Shop,chemist,Northern sublocation,-0.0956436,34.7673327,FLR001,flour,Jogoo Maize Flour,2024-12-02,21,7.6,1.35,0.5
9467698854,Agustin Shop,chemist,Northern sublocation,-0.0956436,34.7673327,FLR002,flour,Jogoo Maize Flour,2024-12-09,14,15.3,1.19,0.1
9467698854,Agustin Shop,chemist,Northern sublocation,-0.0956436,34.7673327,FLR003,flour,Pembe Maize Flour,2024-12-23,0,32.0,1.19,0.1
9467698854,Agustin Shop,chemist,Northern sublocation,-0.0956436,34.7673327,FLR004,flour,Kabras Maize Flour,2024-12-23,0,32.0,1.19,0.1
9467698854,Agustin Shop,chemist,Northern sublocation,-0.0956436,34.7673327,OIL001,cooking_oil,Golden Fry Cooking Oil,2024-12-23,0,14.0,0.95,0.1
9467698854,Agustin Shop,chemist,Northern sublocation,-0.0956436,34.7673327,OIL002,cooking_oil,Golden Fry Cooking Oil,2024-12-23,0,10.0,0.69,0.1
9467698854,Agustin Shop,chemist,Northern sublocation,-0.0956436,34.7673327,OIL003,cooking_oil,Soya King Cooking Oil,2024-12-23,0,14.0,0.97,0.1
9467698854,Agustin Shop,chemist,Northern sublocation,-0.0956436,34.7673327,OIL004,cooking_oil,Soya King Cooking Oil,2024-12-09,14,11.8,0.87,0.1
9467698854,Agustin Shop,chemist,Northern sublocation,-0.0956436,34.7673327,PC001,personal_care,Vaseline Body Lotion,2024-12-16,7,8.0,0.58,0.1
9467698854,Agustin Shop,chemist,Northern sublocation,-0.0956436,34.7673327,PC002,personal_care,Dove Bar Soap,2024-12-09,14,3.1,0.42,0.5
9467698854,Agustin Shop,chemist,Northern sublocation,-0.0956436,34.7673327,PC003,personal_care,Colgate Toothpaste,2024-12-23,0,16.0,0.6,0.1
9467698854,Agustin Shop,chemist,Northern sublocation,-0.0956436,34.7673327,SAN001,sanitary,Always Pads,2024-12-23,0,6.0,0.41,0.1
9467698854,Agustin Shop,chemist,Northern sublocation,-0.0956436,34.7673327,SAN002,sanitary,Huggies Diapers,2024-12-02,21,2.7,0.44,0.5
9467698854,Agustin Shop,chemist,Northern sublocation,-0.0956436,34.7673327,SOP001,soap,Omo Detergent,2024-12-16,7,6.0,0.43,0.1
9467698854,Agustin Shop,chemist,Northern sublocation,-0.0956436,34.7673327,SOP002,soap,Sunlight Bar Soap,2024-12-16,7,8.1,0.56,0.1
9467698854,Agustin Shop,chemist,Northern sublocation,-0.0956436,34.7673327,SOP003,soap,Bidco Bar Soap,2024-12-23,0,8.0,0.55,0.1
9467698854,Agustin Shop,chemist,Northern sublocation,-0.0956436,34.7673327,SOP004,soap,Dettol Bar Soap,2024-12-23,0,8.0,0.53,0.1
9467698854,Agustin Shop,chemist,Northern sublocation,-0.0956436,34.7673327,SUG001,sugar,Mumias Sugar,2024-12-02,21,5.5,0.88,0.5
9467698854,Agustin Shop,chemist,Northern sublocation,-0.0956436,34.7673327,SUG002,sugar,Mumias Sugar,2024-12-16,7,6.2,0.83,0.5
9467698854,Agustin Shop,chemist,Northern sublocation,-0.0956436,34.7673327,SUG003,sugar,Nzoia Sugar,2024-12-09,14,9.6,0.74,0.1
9467698861,Pheny,chemist,Wadhare,-0.1202091,34.761459,BEV001,beverages,Afia Juice,2024-12-02,21,3.4,0.6,0.5
9467698861,Pheny,chemist,Wadhare,-0.1202091,34.761459,BEV002,beverages,Pick n Peel Juice,2024-12-16,7,14.7,0.76,0.1
9467698861,Pheny,chemist,Wadhare,-0.1202091,34.761459,BEV003,beverages,Tusker Lager,2024-12-16,7,11.9,0.58,0.1
9467698861,Pheny,chemist,Wadhare,-0.1202091,34.761459,BEV004,beverages,Coca-Cola Soda,2024-12-09,14,9.6,0.74,0.1
9467698861,Pheny,chemist,Wadhare,-0.1202091,34.761459,FLR001,flour,Jogoo Maize Flour,2024-12-16,7,6.3,0.82,0.5
9467698861,Pheny,chemist,Wadhare,-0.1202091,34.761459,FLR002,flour,Jogoo Maize Flour,2024-12-09,14,7.0,1.0,0.5
9467698861,Pheny,chemist,Wadhare,-0.1202091,34.761459,FLR003,flour,Pembe Maize Flour,2024-12-16,7,20.8,1.03,0.1
9467698861,Pheny,chemist,Wadhare,-0.1202091,34.761459,FLR004,flour,Kabras Maize Flour,2024-12-23,0,12.0,0.84,0.1
9467698861,Pheny,chemist,Wadhare,-0.1202091,34.761459,OIL001,cooking_oil,Golden Fry Cooking Oil,2024-12-16,7,5.2,0.68,0.5
9467698861,Pheny,chemist,Wadhare,-0.1202091,34.761459,OIL002,cooking_oil,Golden Fry Cooking Oil,2024-12-16,7,12.0,0.85,0.1
9467698861,Pheny,chemist,Wadhare,-0.1202091,34.761459,OIL003,cooking_oil,Soya King Cooking Oil,2024-12-16,7,12.0,0.85,0.1
9467698861,Pheny,chemist,Wadhare,-0.1202091,34.761459,OIL004,cooking_oil,Soya King Cooking Oil,2024-12-23,0,15.0,0.72,0.1
9467698861,Pheny,chemist,Wadhare,-0.1202091,34.761459,PC001,personal_care,Vaseline Body Lotion,2024-12-16,7,4.1,0.55,0.5
9467698861,Pheny,chemist,Wadhare,-0.1202091,34.761459,PC002,personal_care,Dove Bar Soap,2024-12-16,7,3.1,0.41,0.5
9467698861,Pheny,chemist,Wadhare,-0.1202091,34.761459,PC003,personal_care,Colgate Toothpaste,2024-12-23,0,12.0,0.44,0.1
9467698861,Pheny,chemist,Wadhare,-0.1202091,34.761459,SAN001,sanitary,Always Pads,2024-12-23,0,8.0,0.29,0.1
9467698861,Pheny,chemist,Wadhare,-0.1202091,34.761459,SAN002,sanitary,Huggies Diapers,2024-12-16,7,4.0,0.28,0.1
9467698861,Pheny,chemist,Wadhare,-0.1202091,34.761459,SOP001,soap,Omo Detergent,2024-12-16,7,3.1,0.41,0.5
9467698861,Pheny,chemist,Wadhare,-0.1202091,34.761459,SOP002,soap,Sunlight Bar Soap,2024-12-23,0,12.0,0.58,0.1
9467698861,Pheny,chemist,Wadhare,-0.1202091,34.761459,SOP003,soap,Bidco Bar Soap,2024-12-23,0,6.0,0.41,0.1
9467698861,Pheny,chemist,Wadhare,-0.1202091,34.761459,SOP004,soap,Dettol Bar Soap,2024-12-16,7,8.0,0.57,0.1
9467698861,Pheny,chemist,Wadhare,-0.1202091,34.761459,SUG001,sugar,Mumias Sugar,2024-12-16,7,9.9,0.72,0.1
9467698861,Pheny,chemist,Wadhare,-0.1202091,34.761459,SUG002,sugar,Mumias Sugar,2024-12-23,0,10.0,0.68,0.1
9467698861,Pheny,chemist,Wadhare,-0.1202091,34.761459,SUG003,sugar,Nzoia Sugar,2024-12-02,21,3.4,0.6,0.5
9467698871,Eunice,chemist,Nyalenda A,-0.1171852,34.7622201,BEV001,beverages,Afia Juice,2024-12-23,0,10.0,0.67,0.1
9467698871,Eunice,chemist,Nyalenda A,-0.1171852,34.7622201,BEV002,beverages,Pick n Peel Juice,2024-12-23,0,20.0,0.75,0.1
9467698871,Eunice,chemist,Nyalenda A,-0.1171852,34.7622201,BEV003,beverages,Tusker Lager,2024-12-09,14,4.0,0.57,0.5
9467698871,Eunice,chemist,Nyalenda A,-0.1171852,34.7622201,BEV004,beverages,Coca-Cola Soda,2024-12-23,0,20.0,0.72,0.1
9467698871,Eunice,chemist,Nyalenda A,-0.1171852,34.7622201,FLR001,flour,Jogoo Maize Flour,2024-12-23,0,12.0,0.78,0.1
9467698871,Eunice,chemist,Nyalenda A,-0.1171852,34.7622201,FLR002,flour,Jogoo Maize Flour,2024-12-23,0,24.0,1.15,0.1
9467698871,Eunice,chemist,Nyalenda A,-0.1171852,34.7622201,FLR003,flour,Pembe Maize Flour,2024-12-23,0,18.0,0.83,0.1
9467698871,Eunice,chemist,Nyalenda A,-0.1171852,34.7622201,FLR004,flour,Kabras Maize Flour,2024-12-09,14,7.0,1.0,0.5
9467698871,Eunice,chemist,Nyalenda A,-0.1171852,34.7622201,OIL001,cooking_oil,Golden Fry Cooking Oil,2024-12-23,0,18.0,0.86,0.1
9467698871,Eunice,chemist,Nyalenda A,-0.1171852,34.7622201,OIL002,cooking_oil,Golden Fry Cooking Oil,2024-12-23,0,12.0,0.77,0.1
9467698871,Eunice,chemist,Nyalenda A,-0.1171852,34.7622201,OIL003,cooking_oil,Soya King Cooking Oil,2024-12-23,0,24.0,0.82,0.1
9467698871,Eunice,chemist,Nyalenda A,-0.1171852,34.7622201,OIL004,cooking_oil,Soya King Cooking Oil,2024-12-09,14,7.9,0.94,0.5
9467698871,Eunice,chemist,Nyalenda A,-0.1171852,34.7622201,PC001,personal_care,Vaseline Body Lotion,2024-12-23,0,12.0,0.42,0.1
9467698871,Eunice,chemist,Nyalenda A,-0.1171852,34.7622201,PC002,personal_care,Dove Bar Soap,2024-12-02,21,2.5,0.45,0.5
9467698871,Eunice,chemist,Nyalenda A,-0.1171852,34.7622201,PC003,personal_care,Colgate Toothpaste,2024-12-23,0,12.0,0.44,0.1
9467698871,Eunice,chemist,Nyalenda A,-0.1171852,34.7622201,SAN001,sanitary,Always Pads,2024-12-23,0,9.0,0.43,0.1
9467698871,Eunice,chemist,Nyalenda A,-0.1171852,34.7622201,SAN002,sanitary,Huggies Diapers,2024-12-09,14,3.0,0.43,0.5
9467698871,Eunice,chemist,Nyalenda A,-0.1171852,34.7622201,SOP001,soap,Omo Detergent,2024-12-23,0,8.0,0.55,0.1
9467698871,Eunice,chemist,Nyalenda A,-0.1171852,34.7622201,SOP002,soap,Sunlight Bar Soap,2024-12-23,0,9.0,0.43,0.1
9467698871,Eunice,chemist,Nyalenda A,-0.1171852,34.7622201,SOP003,soap,Bidco Bar Soap,2024-12-23,0,16.0,0.57,0.1
9467698871,Eunice,chemist,Nyalenda A,-0.1171852,34.7622201,SOP004,soap,Dettol Bar Soap,2024-12-09,14,3.4,0.4,0.5
9467698871,Eunice,chemist,Nyalenda A,-0.1171852,34.7622201,SUG001,sugar,Mumias Sugar,2024-12-23,0,24.0,0.91,0.1
9467698871,Eunice,chemist,Nyalenda A,-0.1171852,34.7622201,SUG002,sugar,Mumias Sugar,2024-12-23,0,20.0,0.69,0.1
9467698871,Eunice,chemist,Nyalenda A,-0.1171852,34.7622201,SUG003,sugar,Nzoia Sugar,2024-12-23,0,18.0,0.82,0.1
9467698872,Shayla,chemist,Northern sublocation,-0.0957017,34.7671989,BEV001,beverages,Afia Juice,2024-12-16,7,11.9,0.58,0.1
9467698872,Shayla,chemist,Northern sublocation,-0.0957017,34.7671989,BEV002,beverages,Pick n Peel Juice,2024-12-23,0,20.0,0.73,0.1
9467698872,Shayla,chemist,Northern sublocation,-0.0957017,34.7671989,BEV003,beverages,Tusker Lager,2024-12-02,21,4.2,0.75,0.5
9467698872,Shayla,chemist,Northern sublocation,-0.0957017,34.7671989,BEV004,beverages,Coca-Cola Soda,2024-12-23,0,20.0,0.76,0.1
9467698872,Shayla,chemist,Northern sublocation,-0.0957017,34.7671989,FLR001,flour,Jogoo Maize Flour,2024-12-16,7,6.5,0.78,0.5
9467698872,Shayla,chemist,Northern sublocation,-0.0957017,34.7671989,FLR002,flour,Jogoo Maize Flour,2024-12-09,14,18.0,1.29,0.1
9467698872,Shayla,chemist,Northern sublocation,-0.0957017,34.7671989,FLR003,flour,Pembe Maize Flour,2024-12-02,21,8.2,1.32,0.5
9467698872,Shayla,chemist,Northern sublocation,-0.0957017,34.7671989,FLR004,flour,Kabras Maize Flour,2024-12-09,14,11.3,0.91,0.1
9467698872,Shayla,chemist,Northern sublocation,-0.0957017,34.7671989,OIL001,cooking_oil,Golden Fry Cooking Oil,2024-12-23,0,21.0,0.95,0.1
9467698872,Shayla,chemist,Northern sublocation,-0.0957017,34.7671989,OIL002,cooking_oil,Golden Fry Cooking Oil,2024-12-16,7,12.0,0.85,0.1
9467698872,Shayla,chemist,Northern sublocation,-0.0957017,34.7671989,OIL003,cooking_oil,Soya King Cooking Oil,2024-12-16,7,14.8,0.74,0.1
9467698872,Shayla,chemist,Northern sublocation,-0.0957017,34.7671989,OIL004,cooking_oil,Soya King Cooking Oil,2024-12-16,7,14.2,0.97,0.1
9467698872,Shayla,chemist,Northern sublocation,-0.0957017,34.7671989,PC001,personal_care,Vaseline Body Lotion,2024-12-23,0,12.0,0.45,0.1
9467698872,Shayla,chemist,Northern sublocation,-0.0957017,34.7671989,PC002,personal_care,Dove Bar Soap,2024-12-09,14,7.5,0.6,0.1
9467698872,Shayla,chemist,Northern sublocation,-0.0957017,34.7671989,PC003,personal_care,Colgate Toothpaste,2024-12-23,0,6.0,0.41,0.1
9467698872,Shayla,chemist,Northern sublocation,-0.0957017,34.7671989,SAN001,sanitary,Always Pads,2024-12-16,7,4.0,0.29,0.1
9467698872,Shayla,chemist,Northern sublocation,-0.0957017,34.7671989,SAN002,sanitary,Huggies Diapers,2024-12-09,14,2.0,0.29,0.5
9467698872,Shayla,chemist,Northern sublocation,-0.0957017,34.7671989,SOP001,soap,Omo Detergent,2024-12-16,7,5.2,0.69,0.5
9467698872,Shayla,chemist,Northern sublocation,-0.0957017,34.7671989,SOP002,soap,Sunlight Bar Soap,2024-12-02,21,3.7,0.59,0.5
9467698872,Shayla,chemist,Northern sublocation,-0.0957017,34.7671989,SOP003,soap,Bidco Bar Soap,2024-12-23,0,8.0,0.56,0.1
9467698872,Shayla,chemist,Northern sublocation,-0.0957017,34.7671989,SOP004,soap,Dettol Bar Soap,2024-12-02,21,4.6,0.73,0.5
9467698872,Shayla,chemist,Northern sublocation,-0.0957017,34.7671989,SUG001,sugar,Mumias Sugar,2024-12-23,0,12.0,0.83,0.1
9467698872,Shayla,chemist,Northern sublocation,-0.0957017,34.7671989,SUG002,sugar,Mumias Sugar,2024-12-23,0,24.0,0.86,0.1
9467698872,Shayla,chemist,Northern sublocation,-0.0957017,34.7671989,SUG003,sugar,Nzoia Sugar,2024-12-16,7,5.4,0.65,0.5
9467698906,James,chemist,Nyawita sublocation,-0.0786617,34.7691515,BEV001,beverages,Afia Juice,2024-12-02,21,7.3,0.99,0.5
9467698906,James,chemist,Nyawita sublocation,-0.0786617,34.7691515,BEV002,beverages,Pick n Peel Juice,2024-12-09,14,6.8,1.02,0.5
9467698906,James,chemist,Nyawita sublocation,-0.0786617,34.7691515,BEV003,beverages,Tusker Lager,2024-12-09,14,11.8,0.87,0.1
9467698906,James,chemist,Nyawita sublocation,-0.0786617,34.7691515,BEV004,beverages,Coca-Cola Soda,2024-12-23,0,16.0,1.06,0.1
9467698906,James,chemist,Nyawita sublocation,-0.0786617,34.7691515,FLR001,flour,Jogoo Maize Flour,2024-12-09,14,20.7,1.66,0.1
9467698906,James,chemist,Nyawita sublocation,-0.0786617,34.7691515,FLR002,flour,Jogoo Maize Flour,2024-12-02,21,12.5,1.69,0.5
9467698906,James,chemist,Nyawita sublocation,-0.0786617,34.7691515,FLR003,flour,Pembe Maize Flour,2024-12-09,14,26.5,1.82,0.1
9467698906,James,chemist,Nyawita sublocation,-0.0786617,34.7691515,FLR004,flour,Kabras Maize Flour,2024-12-23,0,36.0,1.29,0.1
9467698906,James,chemist,Nyawita sublocation,-0.0786617,34.7691515,OIL001,cooking_oil,Golden Fry Cooking Oil,2024-12-09,14,22.4,1.54,0.1
9467698906,James,chemist,Nyawita sublocation,-0.0786617,34.7691515,OIL002,cooking_oil,Golden Fry Cooking Oil,2024-12-23,0,36.0,1.34,0.1
9467698906,James,chemist,Nyawita sublocation,-0.0786617,34.7691515,OIL003,cooking_oil,Soya King Cooking Oil,2024-12-09,14,16.7,1.1,0.1
9467698906,James,chemist,Nyawita sublocation,-0.0786617,34.7691515,OIL004,cooking_oil,Soya King Cooking Oil,2024-12-02,21,7.6,1.35,0.5
9467698906,James,chemist,Nyawita sublocation,-0.0786617,34.7691515,PC001,personal_care,Vaseline Body Lotion,2024-12-16,7,5.6,0.63,0.5
9467698906,James,chemist,Nyawita sublocation,-0.0786617,34.7691515,PC002,personal_care,Dove Bar Soap,2024-12-16,7,10.2,0.68,0.1
9467698906,James,chemist,Nyawita sublocation,-0.0786617,34.7691515,PC003,personal_care,Colgate Toothpaste,2024-12-16,7,15.0,0.71,0.1
9467698906,James,chemist,Nyawita sublocation,-0.0786617,34.7691515,SAN001,sanitary,Always Pads,2024-12-16,7,4.2,0.55,0.5
9467698906,James,chemist,Nyawita sublocation,-0.0786617,34.7691515,SAN002,sanitary,Huggies Diapers,2024-12-02,21,3.2,0.61,0.5
9467698906,James,chemist,Nyawita sublocation,-0.0786617,34.7691515,SOP001,soap,Omo Detergent,2024-12-09,14,7.2,0.77,0.5
9467698906,James,chemist,Nyawita sublocation,-0.0786617,34.7691515,SOP002,soap,Sunlight Bar Soap,2024-12-23,0,15.0,0.65,0.1
9467698906,James,chemist,Nyawita sublocation,-0.0786617,34.7691515,SOP003,soap,Bidco Bar Soap,2024-12-09,14,7.2,0.77,0.5
9467698906,James,chemist,Nyawita sublocation,-0.0786617,34.7691515,SOP004,soap,Dettol Bar Soap,2024-12-09,14,5.7,0.88,0.5
9467698906,James,chemist,Nyawita sublocation,-0.0786617,34.7691515,SUG001,sugar,Mumias Sugar,2024-12-16,7,16.4,1.09,0.1
9467698906,James,chemist,Nyawita sublocation,-0.0786617,34.7691515,SUG002,sugar,Mumias Sugar,2024-12-23,0,14.0,0.95,0.1
9467698906,James,chemist,Nyawita sublocation,-0.0786617,34.7691515,SUG003,sugar,Nzoia Sugar,2024-12-16,7,16.4,1.09,0.1
9467698918,Mama Gloria Shop,chemist,Nyamasaria,-0.1161411,34.786713,BEV001,beverages,Afia Juice,2024-12-09,14,5.8,0.45,0.1
9467698918,Mama Gloria Shop,chemist,Nyamasaria,-0.1161411,34.786713,BEV002,beverages,Pick n Peel Juice,2024-12-09,14,3.0,0.43,0.5
9467698918,Mama Gloria Shop,chemist,Nyamasaria,-0.1161411,34.786713,BEV003,beverages,Tusker Lager,2024-12-16,7,8.0,0.57,0.1
9467698918,Mama Gloria Shop,chemist,Nyamasaria,-0.1161411,34.786713,BEV004,beverages,Coca-Cola Soda,2024-12-09,14,2.9,0.44,0.5
9467698918,Mama Gloria Shop,chemist,Nyamasaria,-0.1161411,34.786713,FLR001,flour,Jogoo Maize Flour,2024-12-09,14,4.2,0.56,0.5
9467698918,Mama Gloria Shop,chemist,Nyamasaria,-0.1161411,34.786713,FLR002,flour,Jogoo Maize Flour,2024-12-23,0,12.0,0.82,0.1
9467698918,Mama Gloria Shop,chemist,Nyamasaria,-0.1161411,34.786713,FLR003,flour,Pembe Maize Flour,2024-12-23,0,18.0,0.86,0.1
9467698918,Mama Gloria Shop,chemist,Nyamasaria,-0.1161411,34.786713,FLR004,flour,Kabras Maize Flour,2024-12-16,7,6.3,0.82,0.5
9467698918,Mama Gloria Shop,chemist,Nyamasaria,-0.1161411,34.786713,OIL001,cooking_oil,Golden Fry Cooking Oil,2024-12-16,7,9.9,0.72,0.1
9467698918,Mama Gloria Shop,chemist,Nyamasaria,-0.1161411,34.786713,OIL002,cooking_oil,Golden Fry Cooking Oil,2024-12-16,7,10.1,0.7,0.1
9467698918,Mama Gloria Shop,chemist,Nyamasaria,-0.1161411,34.786713,OIL003,cooking_oil,Soya King Cooking Oil,2024-12-02,21,3.7,0.59,0.5
9467698918,Mama Gloria Shop,chemist,Nyamasaria,-0.1161411,34.786713,OIL004,cooking_oil,Soya King Cooking Oil,2024-12-16,7,11.9,0.59,0.1
9467698918,Mama Gloria Shop,chemist,Nyamasaria,-0.1161411,34.786713,PC001,personal_care,Vaseline Body Lotion,2024-12-16,7,2.1,0.27,0.5
9467698918,Mama Gloria Shop,chemist,Nyamasaria,-0.1161411,34.786713,PC002,personal_care,Dove Bar Soap,2024-12-16,7,8.9,0.44,0.1
9467698918,Mama Gloria Shop,chemist,Nyamasaria,-0.1161411,34.786713,PC003,personal_care,Colgate Toothpaste,2024-12-16,7,2.1,0.28,0.5
9467698918,Mama Gloria Shop,chemist,Nyamasaria,-0.1161411,34.786713,SAN001,sanitary,Always Pads,2024-12-16,7,4.1,0.28,0.1
9467698918,Mama Gloria Shop,chemist,Nyamasaria,-0.1161411,34.786713,SAN002,sanitary,Huggies Diapers,2024-12-09,14,2.1,0.28,0.5
9467698918,Mama Gloria Shop,chemist,Nyamasaria,-0.1161411,34.786713,SOP001,soap,Omo Detergent,2024-12-16,7,3.1,0.41,0.5
9467698918,Mama Gloria Shop,chemist,Nyamasaria,-0.1161411,34.786713,SOP002,soap,Sunlight Bar Soap,2024-12-09,14,3.1,0.42,0.5
9467698918,Mama Gloria Shop,chemist,Nyamasaria,-0.1161411,34.786713,SOP003,soap,Bidco Bar Soap,2024-12-16,7,6.0,0.43,0.1
9467698918,Mama Gloria Shop,chemist,Nyamasaria,-0.1161411,34.786713,SOP004,soap,Dettol Bar Soap,2024-12-23,0,12.0,0.45,0.1
9467698918,Mama Gloria Shop,chemist,Nyamasaria,-0.1161411,34.786713,SUG001,sugar,Mumias Sugar,2024-12-09,14,5.9,0.44,0.1
9467698918,Mama Gloria Shop,chemist,Nyamasaria,-0.1161411,34.786713,SUG002,sugar,Mumias Sugar,2024-12-09,14,7.7,0.6,0.1
9467698918,Mama Gloria Shop,chemist,Nyamasaria,-0.1161411,34.786713,SUG003,sugar,Nzoia Sugar,2024-12-09,14,3.0,0.43,0.5
9467698921,Mama Jay,chemist,Wadhare,-0.1189273,34.7598649,BEV001,beverages,Afia Juice,2024-12-23,0,8.0,0.52,0.1
9467698921,Mama Jay,chemist,Wadhare,-0.1189273,34.7598649,BEV002,beverages,Pick n Peel Juice,2024-12-23,0,15.0,0.68,0.1
9467698921,Mama Jay,chemist,Wadhare,-0.1189273,34.7598649,BEV003,beverages,Tusker Lager,2024-12-23,0,8.0,0.52,0.1
9467698921,Mama Jay,chemist,Wadhare,-0.1189273,34.7598649,BEV004,beverages,Coca-Cola Soda,2024-12-23,0,16.0,0.59,0.1
9467698921,Mama Jay,chemist,Wadhare,-0.1189273,34.7598649,FLR001,flour,Jogoo Maize Flour,2024-12-09,14,8.0,1.14,0.5
9467698921,Mama Jay,chemist,Wadhare,-0.1189273,34.7598649,FLR002,flour,Jogoo Maize Flour,2024-12-23,0,24.0,0.89,0.1
9467698921,Mama Jay,chemist,Wadhare,-0.1189273,34.7598649,FLR003,flour,Pembe Maize Flour,2024-12-23,0,24.0,0.89,0.1
9467698921,Mama Jay,chemist,Wadhare,-0.1189273,34.7598649,FLR004,flour,Kabras Maize Flour,2024-12-02,21,6.8,1.2,0.5
9467698921,Mama Jay,chemist,Wadhare,-0.1189273,34.7598649,OIL001,cooking_oil,Golden Fry Cooking Oil,2024-12-23,0,12.0,0.8,0.1
9467698921,Mama Jay,chemist,Wadhare,-0.1189273,34.7598649,OIL002,cooking_oil,Golden Fry Cooking Oil,2024-12-02,21,6.7,0.82,0.5
9467698921,Mama Jay,chemist,Wadhare,-0.1189273,34.7598649,OIL003,cooking_oil,Soya King Cooking Oil,2024-12-23,0,28.0,1.04,0.1
9467698921,Mama Jay,chemist,Wadhare,-0.1189273,34.7598649,OIL004,cooking_oil,Soya King Cooking Oil,2024-12-16,7,12.0,0.85,0.1
9467698921,Mama Jay,chemist,Wadhare,-0.1189273,34.7598649,PC001,personal_care,Vaseline Body Lotion,2024-12-09,14,7.8,0.58,0.1
9467698921,Mama Jay,chemist,Wadhare,-0.1189273,34.7598649,PC002,personal_care,Dove Bar Soap,2024-12-09,14,3.4,0.4,0.5
9467698921,Mama Jay,chemist,Wadhare,-0.1189273,34.7598649,PC003,personal_care,Colgate Toothpaste,2024-12-16,7,6.1,0.41,0.1
9467698921,Mama Jay,chemist,Wadhare,-0.1189273,34.7598649,SAN001,sanitary,Always Pads,2024-12-09,14,6.1,0.42,0.1
9467698921,Mama Jay,chemist,Wadhare,-0.1189273,34.7598649,SAN002,sanitary,Huggies Diapers,2024-12-23,0,9.0,0.41,0.1
9467698921,Mama Jay,chemist,Wadhare,-0.1189273,34.7598649,SOP001,soap,Omo Detergent,2024-12-02,21,4.2,0.56,0.5
9467698921,Mama Jay,chemist,Wadhare,-0.1189273,34.7598649,SOP002,soap,Sunlight Bar Soap,2024-12-16,7,4.3,0.52,0.5
9467698921,Mama Jay,chemist,Wadhare,-0.1189273,34.7598649,SOP003,soap,Bidco Bar Soap,2024-12-09,14,4.7,0.73,0.5
9467698921,Mama Jay,chemist,Wadhare,-0.1189273,34.7598649,SOP004,soap,Dettol Bar Soap,2024-12-09,14,4.3,0.55,0.5
9467698921,Mama Jay,chemist,Wadhare,-0.1189273,34.7598649,SUG001,sugar,Mumias Sugar,2024-12-09,14,9.4,0.76,0.1
9467698921,Mama Jay,chemist,Wadhare,-0.1189273,34.7598649,SUG002,sugar,Mumias Sugar,2024-12-23,0,18.0,0.77,0.1
9467698921,Mama Jay,chemist,Wadhare,-0.1189273,34.7598649,SUG003,sugar,Nzoia Sugar,2024-12-09,14,4.2,0.56,0.5
9467698936,Filida Quick Access,chemist,Milimani,-0.1230309,34.7522629,BEV001,beverages,Afia Juice,2024-12-09,14,4.8,0.73,0.5
9467698936,Filida Quick Access,chemist,Milimani,-0.1230309,34.7522629,BEV002,beverages,Pick n Peel Juice,2024-12-23,0,16.0,0.57,0.1
9467698936,Filida Quick Access,chemist,Milimani,-0.1230309,34.7522629,BEV003,beverages,Tusker Lager,2024-12-02,21,4.2,0.75,0.5
9467698936,Filida Quick Access,chemist,Milimani,-0.1230309,34.7522629,BEV004,beverages,Coca-Cola Soda,2024-12-23,0,12.0,0.55,0.1
9467698936,Filida Quick Access,chemist,Milimani,-0.1230309,34.7522629,FLR001,flour,Jogoo Maize Flour,2024-12-09,14,9.0,1.29,0.5
9467698936,Filida Quick Access,chemist,Milimani,-0.1230309,34.7522629,FLR002,flour,Jogoo Maize Flour,2024-12-09,14,17.6,1.31,0.1
9467698936,Filida Quick Access,chemist,Milimani,-0.1230309,34.7522629,FLR003,flour,Pembe Maize Flour,2024-12-23,0,24.0,1.16,0.1
9467698936,Filida Quick Access,chemist,Milimani,-0.1230309,34.7522629,FLR004,flour,Kabras Maize Flour,2024-12-23,0,21.0,0.99,0.1
9467698936,Filida Quick Access,chemist,Milimani,-0.1230309,34.7522629,OIL001,cooking_oil,Golden Fry Cooking Oil,2024-12-23,0,28.0,1.04,0.1
9467698936,Filida Quick Access,chemist,Milimani,-0.1230309,34.7522629,OIL002,cooking_oil,Golden Fry Cooking Oil,2024-12-23,0,21.0,0.99,0.1
9467698936,Filida Quick Access,chemist,Milimani,-0.1230309,34.7522629,OIL003,cooking_oil,Soya King Cooking Oil,2024-12-23,0,20.0,0.71,0.1
9467698936,Filida Quick Access,chemist,Milimani,-0.1230309,34.7522629,OIL004,cooking_oil,Soya King Cooking Oil,2024-12-09,14,13.7,1.02,0.1
9467698936,Filida Quick Access,chemist,Milimani,-0.1230309,34.7522629,PC001,personal_care,Vaseline Body Lotion,2024-12-09,14,3.0,0.43,0.5
9467698936,Filida Quick Access,chemist,Milimani,-0.1230309,34.7522629,PC002,personal_care,Dove Bar Soap,2024-12-23,0,12.0,0.55,0.1
9467698936,Filida Quick Access,chemist,Milimani,-0.1230309,34.7522629,PC003,personal_care,Colgate Toothpaste,2024-12-23,0,12.0,0.43,0.1
9467698936,Filida Quick Access,chemist,Milimani,-0.1230309,34.7522629,SAN001,sanitary,Always Pads,2024-12-23,0,9.0,0.43,0.1
9467698936,Filida Quick Access,chemist,Milimani,-0.1230309,34.7522629,SAN002,sanitary,Huggies Diapers,2024-12-09,14,3.8,0.3,0.1
9467698936,Filida Quick Access,chemist,Milimani,-0.1230309,34.7522629,SOP001,soap,Omo Detergent,2024-12-23,0,12.0,0.57,0.1
9467698936,Filida Quick Access,chemist,Milimani,-0.1230309,34.7522629,SOP002,soap,Sunlight Bar Soap,2024-12-02,21,4.2,0.75,0.5
9467698936,Filida Quick Access,chemist,Milimani,-0.1230309,34.7522629,SOP003,soap,Bidco Bar Soap,2024-12-23,0,20.0,0.71,0.1
9467698936,Filida Quick Access,chemist,Milimani,-0.1230309,34.7522629,SOP004,soap,Dettol Bar Soap,2024-12-09,14,3.9,0.58,0.5
9467698936,Filida Quick Access,chemist,Milimani,-0.1230309,34.7522629,SUG001,sugar,Mumias Sugar,2024-12-02,21,5.1,0.9,0.5
9467698936,Filida Quick Access,chemist,Milimani,-0.1230309,34.7522629,SUG002,sugar,Mumias Sugar,2024-12-02,21,5.1,0.9,0.5
9467698936,Filida Quick Access,chemist,Milimani,-0.1230309,34.7522629,SUG003,sugar,Nzoia Sugar,2024-12-23,0,15.0,0.71,0.1
9467698939,Stacy,chemist,Manyatta B,-0.0967368,34.7810021,BEV001,beverages,Afia Juice,2024-12-23,0,8.0,0.52,0.1
9467698939,Stacy,chemist,Manyatta B,-0.0967368,34.7810021,BEV002,beverages,Pick n Peel Juice,2024-12-09,14,4.0,0.57,0.5
9467698939,Stacy,chemist,Manyatta B,-0.0967368,34.7810021,BEV003,beverages,Tusker Lager,2024-12-16,7,4.4,0.51,0.5
9467698939,Stacy,chemist,Manyatta B,-0.0967368,34.7810021,BEV004,beverages,Coca-Cola Soda,2024-12-16,7,4.1,0.55,0.5
9467698939,Stacy,chemist,Manyatta B,-0.0967368,34.7810021,FLR001,flour,Jogoo Maize Flour,2024-12-23,0,21.0,0.99,0.1
9467698939,Stacy,chemist,Manyatta B,-0.0967368,34.7810021,FLR002,flour,Jogoo Maize Flour,2024-12-09,14,7.0,1.0,0.5
9467698939,Stacy,chemist,Manyatta B,-0.0967368,34.7810021,FLR003,flour,Pembe Maize Flour,2024-12-23,0,12.0,0.8,0.1
9467698939,Stacy,chemist,Manyatta B,-0.0967368,34.7810021,FLR004,flour,Kabras Maize Flour,2024-12-23,0,14.0,0.86,0.1
9467698939,Stacy,chemist,Manyatta B,-0.0967368,34.7810021,OIL001,cooking_oil,Golden Fry Cooking Oil,2024-12-23,0,24.0,0.91,0.1
9467698939,Stacy,chemist,Manyatta B,-0.0967368,34.7810021,OIL002,cooking_oil,Golden Fry Cooking Oil,2024-12-23,0,20.0,0.67,0.1
9467698939,Stacy,chemist,Manyatta B,-0.0967368,34.7810021,OIL003,cooking_oil,Soya King Cooking Oil,2024-12-09,14,7.7,0.6,0.1
9467698939,Stacy,chemist,Manyatta B,-0.0967368,34.7810021,OIL004,cooking_oil,Soya King Cooking Oil,2024-12-23,0,20.0,0.69,0.1
9467698939,Stacy,chemist,Manyatta B,-0.0967368,34.7810021,PC001,personal_care,Vaseline Body Lotion,2024-12-16,7,8.0,0.57,0.1
9467698939,Stacy,chemist,Manyatta B,-0.0967368,34.7810021,PC002,personal_care,Dove Bar Soap,2024-12-09,14,6.2,0.42,0.1
9467698939,Stacy,chemist,Manyatta B,-0.0967368,34.7810021,PC003,personal_care,Colgate Toothpaste,2024-12-23,0,6.0,0.41,0.1
9467698939,Stacy,chemist,Manyatta B,-0.0967368,34.7810021,SAN001,sanitary,Always Pads,2024-12-02,21,1.8,0.29,0.5
9467698939,Stacy,chemist,Manyatta B,-0.0967368,34.7810021,SAN002,sanitary,Huggies Diapers,2024-12-23,0,4.0,0.26,0.1
9467698939,Stacy,chemist,Manyatta B,-0.0967368,34.7810021,SOP001,soap,Omo Detergent,2024-12-02,21,3.7,0.59,0.5
9467698939,Stacy,chemist,Manyatta B,-0.0967368,34.7810021,SOP002,soap,Sunlight Bar Soap,2024-12-09,14,3.5,0.39,0.5
9467698939,Stacy,chemist,Manyatta B,-0.0967368,34.7810021,SOP003,soap,Bidco Bar Soap,2024-12-16,7,8.1,0.55,0.1
9467698939,Stacy,chemist,Manyatta B,-0.0967368,34.7810021,SOP004,soap,Dettol Bar Soap,2024-12-16,7,12.2,0.55,0.1
9467698939,Stacy,chemist,Manyatta B,-0.0967368,34.7810021,SUG001,sugar,Mumias Sugar,2024-12-23,0,24.0,0.84,0.1
9467698939,Stacy,chemist,Manyatta B,-0.0967368,34.7810021,SUG002,sugar,Mumias Sugar,2024-12-16,7,10.2,0.68,0.1
9467698939,Stacy,chemist,Manyatta B,-0.0967368,34.7810021,SUG003,sugar,Nzoia Sugar,2024-12-16,7,12.3,0.82,0.1
9467698955,Jesca Shop,chemist,Southern sublocation,-0.1130299,34.765803,BEV001,beverages,Afia Juice,2024-12-09,14,7.7,0.6,0.1
9467698955,Jesca Shop,chemist,Southern sublocation,-0.1130299,34.765803,BEV002,beverages,Pick n Peel Juice,2024-12-16,7,5.2,0.68,0.5
9467698955,Jesca Shop,chemist,Southern sublocation,-0.1130299,34.765803,BEV003,beverages,Tusker Lager,2024-12-02,21,3.9,0.57,0.5
9467698955,Jesca Shop,chemist,Southern sublocation,-0.1130299,34.765803,BEV004,beverages,Coca-Cola Soda,2024-12-23,0,9.0,0.43,0.1
9467698955,Jesca Shop,chemist,Southern sublocation,-0.1130299,34.765803,FLR001,flour,Jogoo Maize Flour,2024-12-16,7,17.7,0.9,0.1
9467698955,Jesca Shop,chemist,Southern sublocation,-0.1130299,34.765803,FLR002,flour,Jogoo Maize Flour,2024-12-02,21,4.2,0.75,0.5
9467698955,Jesca Shop,chemist,Southern sublocation,-0.1130299,34.765803,FLR003,flour,Pembe Maize Flour,2024-12-02,21,8.8,0.92,0.5
9467698955,Jesca Shop,chemist,Southern sublocation,-0.1130299,34.765803,FLR004,flour,Kabras Maize Flour,2024-12-09,14,6.7,0.8,0.5
9467698955,Jesca Shop,chemist,Southern sublocation,-0.1130299,34.765803,OIL001,cooking_oil,Golden Fry Cooking Oil,2024-12-23,0,12.0,0.77,0.1
9467698955,Jesca Shop,chemist,Southern sublocation,-0.1130299,34.765803,OIL002,cooking_oil,Golden Fry Cooking Oil,2024-12-23,0,18.0,0.83,0.1
9467698955,Jesca Shop,chemist,Southern sublocation,-0.1130299,34.765803,OIL003,cooking_oil,Soya King Cooking Oil,2024-12-09,14,4.3,0.55,0.5
9467698955,Jesca Shop,chemist,Southern sublocation,-0.1130299,34.765803,OIL004,cooking_oil,Soya King Cooking Oil,2024-12-16,7,17.7,0.9,0.1
9467698955,Jesca Shop,chemist,Southern sublocation,-0.1130299,34.765803,PC001,personal_care,Vaseline Body Lotion,2024-12-02,21,1.8,0.29,0.5
9467698955,Jesca Shop,chemist,Southern sublocation,-0.1130299,34.765803,PC002,personal_care,Dove Bar Soap,2024-12-16,7,2.1,0.28,0.5
9467698955,Jesca Shop,chemist,Southern sublocation,-0.1130299,34.765803,PC003,personal_care,Colgate Toothpaste,2024-12-02,21,1.8,0.29,0.5
9467698955,Jesca Shop,chemist,Southern sublocation,-0.1130299,34.765803,SAN001,sanitary,Always Pads,2024-12-02,21,2.5,0.45,0.5
9467698955,Jesca Shop,chemist,Southern sublocation,-0.1130299,34.765803,SAN002,sanitary,Huggies Diapers,2024-12-23,0,6.0,0.42,0.1
9467698955,Jesca Shop,chemist,Southern sublocation,-0.1130299,34.765803,SOP001,soap,Omo Detergent,2024-12-02,21,2.5,0.45,0.5
9467698955,Jesca Shop,chemist,Southern sublocation,-0.1130299,34.765803,SOP002,soap,Sunlight Bar Soap,2024-12-23,0,9.0,0.38,0.1
9467698955,Jesca Shop,chemist,Southern sublocation,-0.1130299,34.765803,SOP003,soap,Bidco Bar Soap,2024-12-09,14,4.0,0.57,0.5
9467698955,Jesca Shop,chemist,Southern sublocation,-0.1130299,34.765803,SOP004,soap,Dettol Bar Soap,2024-12-09,14,5.8,0.45,0.1
9467698955,Jesca Shop,chemist,Southern sublocation,-0.1130299,34.765803,SUG001,sugar,Mumias Sugar,2024-12-09,14,9.8,0.73,0.1
9467698955,Jesca Shop,chemist,Southern sublocation,-0.1130299,34.765803,SUG002,sugar,Mumias Sugar,2024-12-09,14,9.6,0.74,0.1
9467698955,Jesca Shop,chemist,Southern sublocation,-0.1130299,34.765803,SUG003,sugar,Nzoia Sugar,2024-12-02,21,5.2,0.7,0.5
9467698969,Joseph,chemist,Manyatta B,-0.0992005,34.7804817,BEV001,beverages,Afia Juice,2024-12-23,0,16.0,0.59,0.1
9467698969,Joseph,chemist,Manyatta B,-0.0992005,34.7804817,BEV002,beverages,Pick n Peel Juice,2024-12-09,14,7.7,0.6,0.1
9467698969,Joseph,chemist,Manyatta B,-0.0992005,34.7804817,BEV003,beverages,Tusker Lager,2024-12-16,7,10.0,0.71,0.1
9467698969,Joseph,chemist,Manyatta B,-0.0992005,34.7804817,BEV004,beverages,Coca-Cola Soda,2024-12-16,7,8.0,0.58,0.1
9467698969,Joseph,chemist,Manyatta B,-0.0992005,34.7804817,FLR001,flour,Jogoo Maize Flour,2024-12-16,7,17.8,0.89,0.1
9467698969,Joseph,chemist,Manyatta B,-0.0992005,34.7804817,FLR002,flour,Jogoo Maize Flour,2024-12-16,7,14.7,0.76,0.1
9467698969,Joseph,chemist,Manyatta B,-0.0992005,34.7804817,FLR003,flour,Pembe Maize Flour,2024-12-23,0,12.0,0.82,0.1
9467698969,Joseph,chemist,Manyatta B,-0.0992005,34.7804817,FLR004,flour,Kabras Maize Flour,2024-12-16,7,17.9,0.87,0.1
9467698969,Joseph,chemist,Manyatta B,-0.0992005,34.7804817,OIL001,cooking_oil,Golden Fry Cooking Oil,2024-12-23,0,10.0,0.69,0.1
9467698969,Joseph,chemist,Manyatta B,-0.0992005,34.7804817,OIL002,cooking_oil,Golden Fry Cooking Oil,2024-12-23,0,12.0,0.83,0.1
9467698969,Joseph,chemist,Manyatta B,-0.0992005,34.7804817,OIL003,cooking_oil,Soya King Cooking Oil,2024-12-23,0,24.0,0.89,0.1
9467698969,Joseph,chemist,Manyatta B,-0.0992005,34.7804817,OIL004,cooking_oil,Soya King Cooking Oil,2024-12-09,14,9.6,0.74,0.1
9467698969,Joseph,chemist,Manyatta B,-0.0992005,34.7804817,PC001,personal_care,Vaseline Body Lotion,2024-12-16,7,6.0,0.43,0.1
9467698969,Joseph,chemist,Manyatta B,-0.0992005,34.7804817,PC002,personal_care,Dove Bar Soap,2024-12-16,7,11.9,0.59,0.1
9467698969,Joseph,chemist,Manyatta B,-0.0992005,34.7804817,PC003,personal_care,Colgate Toothpaste,2024-12-23,0,9.0,0.43,0.1
9467698969,Joseph,chemist,Manyatta B,-0.0992005,34.7804817,SAN001,sanitary,Always Pads,2024-12-09,14,5.6,0.46,0.1
9467698969,Joseph,chemist,Manyatta B,-0.0992005,34.7804817,SAN002,sanitary,Huggies Diapers,2024-12-09,14,2.1,0.28,0.5
9467698969,Joseph,chemist,Manyatta B,-0.0992005,34.7804817,SOP001,soap,Omo Detergent,2024-12-09,14,3.0,0.43,0.5
9467698969,Joseph,chemist,Manyatta B,-0.0992005,34.7804817,SOP002,soap,Sunlight Bar Soap,2024-12-16,7,3.1,0.41,0.5
9467698969,Joseph,chemist,Manyatta B,-0.0992005,34.7804817,SOP003,soap,Bidco Bar Soap,2024-12-23,0,8.0,0.55,0.1
9467698969,Joseph,chemist,Manyatta B,-0.0992005,34.7804817,SOP004,soap,Dettol Bar Soap,2024-12-09,14,7.7,0.6,0.1
9467698969,Joseph,chemist,Manyatta B,-0.0992005,34.7804817,SUG001,sugar,Mumias Sugar,2024-12-09,14,9.6,0.74,0.1
9467698969,Joseph,chemist,Manyatta B,-0.0992005,34.7804817,SUG002,sugar,Mumias Sugar,2024-12-16,7,4.1,0.55,0.5
9467698969,Joseph,chemist,Manyatta B,-0.0992005,34.7804817,SUG003,sugar,Nzoia Sugar,2024-12-16,7,17.8,0.89,0.1
9467698984,Jannet Shop,chemist,Kasule sublocation,-0.0779769,34.7920643,BEV001,beverages,Afia Juice,2024-12-23,0,16.0,0.59,0.1
9467698984,Jannet Shop,chemist,Kasule sublocation,-0.0779769,34.7920643,BEV002,beverages,Pick n Peel Juice,2024-12-09,14,5.7,0.45,0.1
9467698984,Jannet Shop,chemist,Kasule sublocation,-0.0779769,34.7920643,BEV003,beverages,Tusker Lager,2024-12-16,7,8.8,0.45,0.1
9467698984,Jannet Shop,chemist,Kasule sublocation,-0.0779769,34.7920643,BEV004,beverages,Coca-Cola Soda,2024-12-09,14,4.3,0.55,0.5
9467698984,Jannet Shop,chemist,Kasule sublocation,-0.0779769,34.7920643,FLR001,flour,Jogoo Maize Flour,2024-12-23,0,20.0,0.75,0.1
9467698984,Jannet Shop,chemist,Kasule sublocation,-0.0779769,34.7920643,FLR002,flour,Jogoo Maize Flour,2024-12-23,0,15.0,0.71,0.1
9467698984,Jannet Shop,chemist,Kasule sublocation,-0.0779769,34.7920643,FLR003,flour,Pembe Maize Flour,2024-12-23,0,20.0,0.72,0.1
9467698984,Jannet Shop,chemist,Kasule sublocation,-0.0779769,34.7920643,FLR004,flour,Kabras Maize Flour,2024-12-23,0,10.0,0.66,0.1
9467698984,Jannet Shop,chemist,Kasule sublocation,-0.0779769,34.7920643,OIL001,cooking_oil,Golden Fry Cooking Oil,2024-12-23,0,8.0,0.55,0.1
9467698984,Jannet Shop,chemist,Kasule sublocation,-0.0779769,34.7920643,OIL002,cooking_oil,Golden Fry Cooking Oil,2024-12-23,0,12.0,0.57,0.1
9467698984,Jannet Shop,chemist,Kasule sublocation,-0.0779769,34.7920643,OIL003,cooking_oil,Soya King Cooking Oil,2024-12-09,14,3.0,0.43,0.5
9467698984,Jannet Shop,chemist,Kasule sublocation,-0.0779769,34.7920643,OIL004,cooking_oil,Soya King Cooking Oil,2024-12-02,21,5.2,0.7,0.5
9467698984,Jannet Shop,chemist,Kasule sublocation,-0.0779769,34.7920643,PC001,personal_care,Vaseline Body Lotion,2024-12-23,0,6.0,0.28,0.1
9467698984,Jannet Shop,chemist,Kasule sublocation,-0.0779769,34.7920643,PC002,personal_care,Dove Bar Soap,2024-12-02,21,1.7,0.3,0.5
9467698984,Jannet Shop,chemist,Kasule sublocation,-0.0779769,34.7920643,PC003,personal_care,Colgate Toothpaste,2024-12-16,7,4.0,0.29,0.1
9467698984,Jannet Shop,chemist,Kasule sublocation,-0.0779769,34.7920643,SAN001,sanitary,Always Pads,2024-12-16,7,2.1,0.28,0.5
9467698984,Jannet Shop,chemist,Kasule sublocation,-0.0779769,34.7920643,SAN002,sanitary,Huggies Diapers,2024-12-09,14,2.2,0.27,0.5
9467698984,Jannet Shop,chemist,Kasule sublocation,-0.0779769,34.7920643,SOP001,soap,Omo Detergent,2024-12-23,0,12.0,0.45,0.1
9467698984,Jannet Shop,chemist,Kasule sublocation,-0.0779769,34.7920643,SOP002,soap,Sunlight Bar Soap,2024-12-23,0,4.0,0.28,0.1
9467698984,Jannet Shop,chemist,Kasule sublocation,-0.0779769,34.7920643,SOP003,soap,Bidco Bar Soap,2024-12-16,7,3.3,0.39,0.5
9467698984,Jannet Shop,chemist,Kasule sublocation,-0.0779769,34.7920643,SOP004,soap,Dettol Bar Soap,2024-12-16,7,9.0,0.43,0.1
9467698984,Jannet Shop,chemist,Kasule sublocation,-0.0779769,34.7920643,SUG001,sugar,Mumias Sugar,2024-12-16,7,8.1,0.56,0.1
9467698984,Jannet Shop,chemist,Kasule sublocation,-0.0779769,34.7920643,SUG002,sugar,Mumias Sugar,2024-12-16,7,4.2,0.55,0.5
9467698984,Jannet Shop,chemist,Kasule sublocation,-0.0779769,34.7920643,SUG003,sugar,Nzoia Sugar,2024-12-23,0,12.0,0.57,0.1
9467698989,Flevicks Complex Shop,chemist,West Kajulu location,-0.0607037,34.7806516,BEV001,beverages,Afia Juice,2024-12-16,7,4.3,0.52,0.5
9467698989,Flevicks Complex Shop,chemist,West Kajulu location,-0.0607037,34.7806516,BEV002,beverages,Pick n Peel Juice,2024-12-23,0,12.0,0.55,0.1
9467698989,Flevicks Complex Shop,chemist,West Kajulu location,-0.0607037,34.7806516,BEV003,beverages,Tusker Lager,2024-12-09,14,3.2,0.41,0.5
9467698989,Flevicks Complex Shop,chemist,West Kajulu location,-0.0607037,34.7806516,BEV004,beverages,Coca-Cola Soda,2024-12-23,0,9.0,0.41,0.1
9467698989,Flevicks Complex Shop,chemist,West Kajulu location,-0.0607037,34.7806516,FLR001,flour,Jogoo Maize Flour,2024-12-09,14,6.2,0.84,0.5
9467698989,Flevicks Complex Shop,chemist,West Kajulu location,-0.0607037,34.7806516,FLR002,flour,Jogoo Maize Flour,2024-12-23,0,21.0,0.95,0.1
9467698989,Flevicks Complex Shop,chemist,West Kajulu location,-0.0607037,34.7806516,FLR003,flour,Pembe Maize Flour,2024-12-23,0,24.0,0.83,0.1
9467698989,Flevicks Complex Shop,chemist,West Kajulu location,-0.0607037,34.7806516,FLR004,flour,Kabras Maize Flour,2024-12-23,0,15.0,0.71,0.1
9467698989,Flevicks Complex Shop,chemist,West Kajulu location,-0.0607037,34.7806516,OIL001,cooking_oil,Golden Fry Cooking Oil,2024-12-23,0,16.0,0.57,0.1
9467698989,Flevicks Complex Shop,chemist,West Kajulu location,-0.0607037,34.7806516,OIL002,cooking_oil,Golden Fry Cooking Oil,2024-12-23,0,12.0,0.54,0.1
9467698989,Flevicks Complex Shop,chemist,West Kajulu location,-0.0607037,34.7806516,OIL003,cooking_oil,Soya King Cooking Oil,2024-12-16,7,6.9,0.73,0.5
9467698989,Flevicks Complex Shop,chemist,West Kajulu location,-0.0607037,34.7806516,OIL004,cooking_oil,Soya King Cooking Oil,2024-12-23,0,15.0,0.69,0.1
9467698989,Flevicks Complex Shop,chemist,West Kajulu location,-0.0607037,34.7806516,PC001,personal_care,Vaseline Body Lotion,2024-12-02,21,3.1,0.42,0.5
9467698989,Flevicks Complex Shop,chemist,West Kajulu location,-0.0607037,34.7806516,PC002,personal_care,Dove Bar Soap,2024-12-16,7,9.1,0.41,0.1
9467698989,Flevicks Complex Shop,chemist,West Kajulu location,-0.0607037,34.7806516,PC003,personal_care,Colgate Toothpaste,2024-12-02,21,1.7,0.3,0.5
9467698989,Flevicks Complex Shop,chemist,West Kajulu location,-0.0607037,34.7806516,SAN001,sanitary,Always Pads,2024-12-09,14,3.8,0.3,0.1
9467698989,Flevicks Complex Shop,chemist,West Kajulu location,-0.0607037,34.7806516,SAN002,sanitary,Huggies Diapers,2024-12-02,21,2.5,0.26,0.5
9467698989,Flevicks Complex Shop,chemist,West Kajulu location,-0.0607037,34.7806516,SOP001,soap,Omo Detergent,2024-12-09,14,8.2,0.56,0.1
9467698989,Flevicks Complex Shop,chemist,West Kajulu location,-0.0607037,34.7806516,SOP002,soap,Sunlight Bar Soap,2024-12-23,0,12.0,0.41,0.1
9467698989,Flevicks Complex Shop,chemist,West Kajulu location,-0.0607037,34.7806516,SOP003,soap,Bidco Bar Soap,2024-12-23,0,12.0,0.42,0.1
9467698989,Flevicks Complex Shop,chemist,West Kajulu location,-0.0607037,34.7806516,SOP004,soap,Dettol Bar Soap,2024-12-02,21,2.7,0.44,0.5
9467698989,Flevicks Complex Shop,chemist,West Kajulu location,-0.0607037,34.7806516,SUG001,sugar,Mumias Sugar,2024-12-16,7,10.4,0.65,0.1
9467698989,Flevicks Complex Shop,chemist,West Kajulu location,-0.0607037,34.7806516,SUG002,sugar,Mumias Sugar,2024-12-16,7,15.0,0.71,0.1
9467698989,Flevicks Complex Shop,chemist,West Kajulu location,-0.0607037,34.7806516,SUG003,sugar,Nzoia Sugar,2024-12-09,14,5.0,0.71,0.5
9467698996,Monroe Beauty Shop,chemist,Manyatta A,-0.0890568,34.7701046,BEV001,beverages,Afia Juice,2024-12-23,0,8.0,0.55,0.1
9467698996,Monroe Beauty Shop,chemist,Manyatta A,-0.0890568,34.7701046,BEV002,beverages,Pick n Peel Juice,2024-12-02,21,3.7,0.59,0.5
9467698996,Monroe Beauty Shop,chemist,Manyatta A,-0.0890568,34.7701046,BEV003,beverages,Tusker Lager,2024-12-23,0,16.0,0.6,0.1
9467698996,Monroe Beauty Shop,chemist,Manyatta A,-0.0890568,34.7701046,BEV004,beverages,Coca-Cola Soda,2024-12-23,0,20.0,0.75,0.1
9467698996,Monroe Beauty Shop,chemist,Manyatta A,-0.0890568,34.7701046,FLR001,flour,Jogoo Maize Flour,2024-12-23,0,14.0,0.97,0.1
9467698996,Monroe Beauty Shop,chemist,Manyatta A,-0.0890568,34.7701046,FLR002,flour,Jogoo Maize Flour,2024-12-16,7,14.7,0.75,0.1
9467698996,Monroe Beauty Shop,chemist,Manyatta A,-0.0890568,34.7701046,FLR003,flour,Pembe Maize Flour,2024-12-16,7,5.2,0.68,0.5
9467698996,Monroe Beauty Shop,chemist,Manyatta A,-0.0890568,34.7701046,FLR004,flour,Kabras Maize Flour,2024-12-02,21,5.5,0.88,0.5
9467698996,Monroe Beauty Shop,chemist,Manyatta A,-0.0890568,34.7701046,OIL001,cooking_oil,Golden Fry Cooking Oil,2024-12-23,0,12.0,0.82,0.1
9467698996,Monroe Beauty Shop,chemist,Manyatta A,-0.0890568,34.7701046,OIL002,cooking_oil,Golden Fry Cooking Oil,2024-12-16,7,4.2,0.55,0.5
9467698996,Monroe Beauty Shop,chemist,Manyatta A,-0.0890568,34.7701046,OIL003,cooking_oil,Soya King Cooking Oil,2024-12-16,7,9.9,0.72,0.1
9467698996,Monroe Beauty Shop,chemist,Manyatta A,-0.0890568,34.7701046,OIL004,cooking_oil,Soya King Cooking Oil,2024-12-23,0,24.0,0.88,0.1
9467698996,Monroe Beauty Shop,chemist,Manyatta A,-0.0890568,34.7701046,PC001,personal_care,Vaseline Body Lotion,2024-12-09,14,3.0,0.43,0.5
9467698996,Monroe Beauty Shop,chemist,Manyatta A,-0.0890568,34.7701046,PC002,personal_care,Dove Bar Soap,2024-12-09,14,1.9,0.29,0.5
9467698996,Monroe Beauty Shop,chemist,Manyatta A,-0.0890568,34.7701046,PC003,personal_care,Colgate Toothpaste,2024-12-16,7,8.8,0.46,0.1
9467698996,Monroe Beauty Shop,chemist,Manyatta A,-0.0890568,34.7701046,SAN001,sanitary,Always Pads,2024-12-09,14,2.0,0.29,0.5
9467698996,Monroe Beauty Shop,chemist,Manyatta A,-0.0890568,34.7701046,SAN002,sanitary,Huggies Diapers,2024-12-23,0,4.0,0.28,0.1
9467698996,Monroe Beauty Shop,chemist,Manyatta A,-0.0890568,34.7701046,SOP001,soap,Omo Detergent,2024-12-09,14,3.1,0.42,0.5
9467698996,Monroe Beauty Shop,chemist,Manyatta A,-0.0890568,34.7701046,SOP002,soap,Sunlight Bar Soap,2024-12-09,14,5.9,0.44,0.1
9467698996,Monroe Beauty Shop,chemist,Manyatta A,-0.0890568,34.7701046,SOP003,soap,Bidco Bar Soap,2024-12-16,7,4.3,0.53,0.5
9467698996,Monroe Beauty Shop,chemist,Manyatta A,-0.0890568,34.7701046,SOP004,soap,Dettol Bar Soap,2024-12-09,14,5.6,0.46,0.1
9467698996,Monroe Beauty Shop,chemist,Manyatta A,-0.0890568,34.7701046,SUG001,sugar,Mumias Sugar,2024-12-09,14,4.2,0.56,0.5
9467698996,Monroe Beauty Shop,chemist,Manyatta A,-0.0890568,34.7701046,SUG002,sugar,Mumias Sugar,2024-12-23,0,16.0,0.6,0.1
9467698996,Monroe Beauty Shop,chemist,Manyatta A,-0.0890568,34.7701046,SUG003,sugar,Nzoia Sugar,2024-12-16,7,11.8,0.6,0.1
9467699005,Kibos Sugar And Allied Industries,chemist,Southern sublocation,-0.1038568,34.7576471,BEV001,beverages,Afia Juice,2024-12-16,7,8.0,0.57,0.1
9467699005,Kibos Sugar And Allied Industries,chemist,Southern sublocation,-0.1038568,34.7576471,BEV002,beverages,Pick n Peel Juice,2024-12-02,21,3.2,0.61,0.5
9467699005,Kibos Sugar And Allied Industries,chemist,Southern sublocation,-0.1038568,34.7576471,BEV003,beverages,Tusker Lager,2024-12-16,7,3.3,0.39,0.5
9467699005,Kibos Sugar And Allied Industries,chemist,Southern sublocation,-0.1038568,34.7576471,BEV004,beverages,Coca-Cola Soda,2024-12-02,21,3.7,0.59,0.5
9467699005,Kibos Sugar And Allied Industries,chemist,Southern sublocation,-0.1038568,34.7576471,FLR001,flour,Jogoo Maize Flour,2024-12-23,0,12.0,0.82,0.1
9467699005,Kibos Sugar And Allied Industries,chemist,Southern sublocation,-0.1038568,34.7576471,FLR002,flour,Jogoo Maize Flour,2024-12-09,14,5.8,0.87,0.5
9467699005,Kibos Sugar And Allied Industries,chemist,Southern sublocation,-0.1038568,34.7576471,FLR003,flour,Pembe Maize Flour,2024-12-23,0,10.0,0.68,0.1
9467699005,Kibos Sugar And Allied Industries,chemist,Southern sublocation,-0.1038568,34.7576471,FLR004,flour,Kabras Maize Flour,2024-12-23,0,24.0,0.89,0.1
9467699005,Kibos Sugar And Allied Industries,chemist,Southern sublocation,-0.1038568,34.7576471,OIL001,cooking_oil,Golden Fry Cooking Oil,2024-12-23,0,12.0,0.82,0.1
9467699005,Kibos Sugar And Allied Industries,chemist,Southern sublocation,-0.1038568,34.7576471,OIL002,cooking_oil,Golden Fry Cooking Oil,2024-12-23,0,8.0,0.55,0.1
9467699005,Kibos Sugar And Allied Industries,chemist,Southern sublocation,-0.1038568,34.7576471,OIL003,cooking_oil,Soya King Cooking Oil,2024-12-09,14,4.8,0.73,0.5
9467699005,Kibos Sugar And Allied Industries,chemist,Southern sublocation,-0.1038568,34.7576471,OIL004,cooking_oil,Soya King Cooking Oil,2024-12-23,0,20.0,0.72,0.1
9467699005,Kibos Sugar And Allied Industries,chemist,Southern sublocation,-0.1038568,34.7576471,PC001,personal_care,Vaseline Body Lotion,2024-12-16,7,6.0,0.43,0.1
9467699005,Kibos Sugar And Allied Industries,chemist,Southern sublocation,-0.1038568,34.7576471,PC002,personal_care,Dove Bar Soap,2024-12-16,7,6.0,0.43,0.1
9467699005,Kibos Sugar And Allied Industries,chemist,Southern sublocation,-0.1038568,34.7576471,PC003,personal_care,Colgate Toothpaste,2024-12-09,14,5.8,0.45,0.1
9467699005,Kibos Sugar And Allied Industries,chemist,Southern sublocation,-0.1038568,34.7576471,SAN001,sanitary,Always Pads,2024-12-16,7,6.0,0.29,0.1
9467699005,Kibos Sugar And Allied Industries,chemist,Southern sublocation,-0.1038568,34.7576471,SAN002,sanitary,Huggies Diapers,2024-12-02,21,2.7,0.44,0.5
9467699005,Kibos Sugar And Allied Industries,chemist,Southern sublocation,-0.1038568,34.7576471,SOP001,soap,Omo Detergent,2024-12-23,0,9.0,0.41,0.1
9467699005,Kibos Sugar And Allied Industries,chemist,Southern sublocation,-0.1038568,34.7576471,SOP002,soap,Sunlight Bar Soap,2024-12-16,7,6.0,0.43,0.1
9467699005,Kibos Sugar And Allied Industries,chemist,Southern sublocation,-0.1038568,34.7576471,SOP003,soap,Bidco Bar Soap,2024-12-02,21,2.7,0.44,0.5
9467699005,Kibos Sugar And Allied Industries,chemist,Southern sublocation,-0.1038568,34.7576471,SOP004,soap,Dettol Bar Soap,2024-12-16,7,4.3,0.52,0.5
9467699005,Kibos Sugar And Allied Industries,chemist,Southern sublocation,-0.1038568,34.7576471,SUG001,sugar,Mumias Sugar,2024-12-16,7,15.0,0.71,0.1
9467699005,Kibos Sugar And Allied Industries,chemist,Southern sublocation,-0.1038568,34.7576471,SUG002,sugar,Mumias Sugar,2024-12-16,7,4.3,0.53,0.5
9467699005,Kibos Sugar And Allied Industries,chemist,Southern sublocation,-0.1038568,34.7576471,SUG003,sugar,Nzoia Sugar,2024-12-23,0,10.0,0.68,0.1
9467699012,Bether,chemist,Nyalenda A,-0.1150767,34.7647999,BEV001,beverages,Afia Juice,2024-12-23,0,8.0,0.55,0.1
9467699012,Bether,chemist,Nyalenda A,-0.1150767,34.7647999,BEV002,beverages,Pick n Peel Juice,2024-12-02,21,4.2,0.75,0.5
9467699012,Bether,chemist,Nyalenda A,-0.1150767,34.7647999,BEV003,beverages,Tusker Lager,2024-12-09,14,4.2,0.56,0.5
9467699012,Bether,chemist,Nyalenda A,-0.1150767,34.7647999,BEV004,beverages,Coca-Cola Soda,2024-12-16,7,5.2,0.68,0.5
9467699012,Bether,chemist,Nyalenda A,-0.1150767,34.7647999,FLR001,flour,Jogoo Maize Flour,2024-12-23,0,28.0,1.04,0.1
9467699012,Bether,chemist,Nyalenda A,-0.1150767,34.7647999,FLR002,flour,Jogoo Maize Flour,2024-12-23,0,18.0,0.85,0.1
9467699012,Bether,chemist,Nyalenda A,-0.1150767,34.7647999,FLR003,flour,Pembe Maize Flour,2024-12-23,0,12.0,0.83,0.1
9467699012,Bether,chemist,Nyalenda A,-0.1150767,34.7647999,FLR004,flour,Kabras Maize Flour,2024-12-16,7,13.9,1.01,0.1
9467699012,Bether,chemist,Nyalenda A,-0.1150767,34.7647999,OIL001,cooking_oil,Golden Fry Cooking Oil,2024-12-02,21,5.1,0.9,0.5
9467699012,Bether,chemist,Nyalenda A,-0.1150767,34.7647999,OIL002,cooking_oil,Golden Fry Cooking Oil,2024-12-09,14,6.6,1.03,0.5
9467699012,Bether,chemist,Nyalenda A,-0.1150767,34.7647999,OIL003,cooking_oil,Soya King Cooking Oil,2024-12-09,14,7.0,1.0,0.5
9467699012,Bether,chemist,Nyalenda A,-0.1150767,34.7647999,OIL004,cooking_oil,Soya King Cooking Oil,2024-12-23,0,10.0,0.69,0.1
9467699012,Bether,chemist,Nyalenda A,-0.1150767,34.7647999,PC001,personal_care,Vaseline Body Lotion,2024-12-16,7,6.1,0.42,0.1
9467699012,Bether,chemist,Nyalenda A,-0.1150767,34.7647999,PC002,personal_care,Dove Bar Soap,2024-12-23,0,12.0,0.57,0.1
9467699012,Bether,chemist,Nyalenda A,-0.1150767,34.7647999,PC003,personal_care,Colgate Toothpaste,2024-12-09,14,2.9,0.44,0.5
9467699012,Bether,chemist,Nyalenda A,-0.1150767,34.7647999,SAN001,sanitary,Always Pads,2024-12-23,0,12.0,0.45,0.1
9467699012,Bether,chemist,Nyalenda A,-0.1150767,34.7647999,SAN002,sanitary,Huggies Diapers,2024-12-09,14,2.0,0.29,0.5
9467699012,Bether,chemist,Nyalenda A,-0.1150767,34.7647999,SOP001,soap,Omo Detergent,2024-12-02,21,3.7,0.59,0.5
9467699012,Bether,chemist,Nyalenda A,-0.1150767,34.7647999,SOP002,soap,Sunlight Bar Soap,2024-12-02,21,3.2,0.61,0.5
9467699012,Bether,chemist,Nyalenda A,-0.1150767,34.7647999,SOP003,soap,Bidco Bar Soap,2024-12-23,0,6.0,0.41,0.1
9467699012,Bether,chemist,Nyalenda A,-0.1150767,34.7647999,SOP004,soap,Dettol Bar Soap,2024-12-23,0,16.0,0.6,0.1
9467699012,Bether,chemist,Nyalenda A,-0.1150767,34.7647999,SUG001,sugar,Mumias Sugar,2024-12-09,14,7.5,0.6,0.1
9467699012,Bether,chemist,Nyalenda A,-0.1150767,34.7647999,SUG002,sugar,Mumias Sugar,2024-12-02,21,5.1,0.9,0.5
9467699012,Bether,chemist,Nyalenda A,-0.1150767,34.7647999,SUG003,sugar,Nzoia Sugar,2024-12-16,7,6.3,0.82,0.5
10559137642,Chandarana FoodPlus,supermarket,Southern sublocation,-0.1068974,34.7520682,BEV001,beverages,Afia Juice,2024-12-09,14,12.6,1.89,0.5
10559137642,Chandarana FoodPlus,supermarket,Southern sublocation,-0.1068974,34.7520682,BEV002,beverages,Pick n Peel Juice,2024-12-16,7,10.9,1.31,0.5
10559137642,Chandarana FoodPlus,supermarket,Southern sublocation,-0.1068974,34.7520682,BEV003,beverages,Tusker Lager,2024-12-02,21,11.9,1.91,0.5
10559137642,Chandarana FoodPlus,supermarket,Southern sublocation,-0.1068974,34.7520682,BEV004,beverages,Coca-Cola Soda,2024-12-09,14,18.8,1.51,0.1
10559137642,Chandarana FoodPlus,supermarket,Southern sublocation,-0.1068974,34.7520682,FLR001,flour,Jogoo Maize Flour,2024-12-16,7,44.2,2.25,0.1
10559137642,Chandarana FoodPlus,supermarket,Southern sublocation,-0.1068974,34.7520682,FLR002,flour,Jogoo Maize Flour,2024-12-16,7,23.0,3.0,0.5
10559137642,Chandarana FoodPlus,supermarket,Southern sublocation,-0.1068974,34.7520682,FLR003,flour,Pembe Maize Flour,2024-12-23,0,64.0,2.35,0.1
10559137642,Chandarana FoodPlus,supermarket,Southern sublocation,-0.1068974,34.7520682,FLR004,flour,Kabras Maize Flour,2024-12-16,7,38.1,2.7,0.1
10559137642,Chandarana FoodPlus,supermarket,Southern sublocation,-0.1068974,34.7520682,OIL001,cooking_oil,Golden Fry Cooking Oil,2024-12-02,21,12.8,2.25,0.5
10559137642,Chandarana FoodPlus,supermarket,Southern sublocation,-0.1068974,34.7520682,OIL002,cooking_oil,Golden Fry Cooking Oil,2024-12-23,0,72.0,2.68,0.1
10559137642,Chandarana FoodPlus,supermarket,Southern sublocation,-0.1068974,34.7520682,OIL003,cooking_oil,Soya King Cooking Oil,2024-12-23,0,64.0,2.26,0.1
10559137642,Chandarana FoodPlus,supermarket,Southern sublocation,-0.1068974,34.7520682,OIL004,cooking_oil,Soya King Cooking Oil,2024-12-09,14,18.4,2.33,0.5
10559137642,Chandarana FoodPlus,supermarket,Southern sublocation,-0.1068974,34.7520682,PC001,personal_care,Vaseline Body Lotion,2024-12-16,7,16.4,1.09,0.1
10559137642,Chandarana FoodPlus,supermarket,Southern sublocation,-0.1068974,34.7520682,PC002,personal_care,Dove Bar Soap,2024-12-09,14,18.4,1.26,0.1
10559137642,Chandarana FoodPlus,supermarket,Southern sublocation,-0.1068974,34.7520682,PC003,personal_care,Colgate Toothpaste,2024-12-16,7,20.6,1.06,0.1
10559137642,Chandarana FoodPlus,supermarket,Southern sublocation,-0.1068974,34.7520682,SAN001,sanitary,Always Pads,2024-12-16,7,21.2,0.97,0.1
10559137642,Chandarana FoodPlus,supermarket,Southern sublocation,-0.1068974,34.7520682,SAN002,sanitary,Huggies Diapers,2024-12-09,14,12.0,0.86,0.1
10559137642,Chandarana FoodPlus,supermarket,Southern sublocation,-0.1068974,34.7520682,SOP001,soap,Omo Detergent,2024-12-23,0,36.0,1.72,0.1
10559137642,Chandarana FoodPlus,supermarket,Southern sublocation,-0.1068974,34.7520682,SOP002,soap,Sunlight Bar Soap,2024-12-16,7,8.7,1.05,0.5
10559137642,Chandarana FoodPlus,supermarket,Southern sublocation,-0.1068974,34.7520682,SOP003,soap,Bidco Bar Soap,2024-12-16,7,29.5,1.5,0.1
10559137642,Chandarana FoodPlus,supermarket,Southern sublocation,-0.1068974,34.7520682,SOP004,soap,Dettol Bar Soap,2024-12-23,0,30.0,1.36,0.1
10559137642,Chandarana FoodPlus,supermarket,Southern sublocation,-0.1068974,34.7520682,SUG001,sugar,Mumias Sugar,2024-12-09,14,29.5,2.18,0.1
10559137642,Chandarana FoodPlus,supermarket,Southern sublocation,-0.1068974,34.7520682,SUG002,sugar,Mumias Sugar,2024-12-09,14,12.0,1.71,0.5
10559137642,Chandarana FoodPlus,supermarket,Southern sublocation,-0.1068974,34.7520682,SUG003,sugar,Nzoia Sugar,2024-12-16,7,44.8,2.16,0.1
10579036149,Micromed Pharmacy,chemist,Nyawita sublocation,-0.0830038,34.774878,BEV001,beverages,Afia Juice,2024-12-02,21,8.5,1.5,0.5
10579036149,Micromed Pharmacy,chemist,Nyawita sublocation,-0.0830038,34.774878,BEV002,beverages,Pick n Peel Juice,2024-12-16,7,20.8,1.03,0.1
10579036149,Micromed Pharmacy,chemist,Nyawita sublocation,-0.0830038,34.774878,BEV003,beverages,Tusker Lager,2024-12-09,14,9.8,1.23,0.5
10579036149,Micromed Pharmacy,chemist,Nyawita sublocation,-0.0830038,34.774878,BEV004,beverages,Coca-Cola Soda,2024-12-09,14,11.7,1.3,0.5
10579036149,Micromed Pharmacy,chemist,Nyawita sublocation,-0.0830038,34.774878,FLR001,flour,Jogoo Maize Flour,2024-12-23,0,24.0,1.59,0.1
10579036149,Micromed Pharmacy,chemist,Nyawita sublocation,-0.0830038,34.774878,FLR002,flour,Jogoo Maize Flour,2024-12-09,14,15.0,2.14,0.5
10579036149,Micromed Pharmacy,chemist,Nyawita sublocation,-0.0830038,34.774878,FLR003,flour,Pembe Maize Flour,2024-12-09,14,13.7,1.81,0.5
10579036149,Micromed Pharmacy,chemist,Nyawita sublocation,-0.0830038,34.774878,FLR004,flour,Kabras Maize Flour,2024-12-16,7,32.4,1.65,0.1
10579036149,Micromed Pharmacy,chemist,Nyawita sublocation,-0.0830038,34.774878,OIL001,cooking_oil,Golden Fry Cooking Oil,2024-12-23,0,26.0,1.79,0.1
10579036149,Micromed Pharmacy,chemist,Nyawita sublocation,-0.0830038,34.774878,OIL002,cooking_oil,Golden Fry Cooking Oil,2024-12-16,7,26.5,1.35,0.1
10579036149,Micromed Pharmacy,chemist,Nyawita sublocation,-0.0830038,34.774878,OIL003,cooking_oil,Soya King Cooking Oil,2024-12-09,14,9.0,1.29,0.5
10579036149,Micromed Pharmacy,chemist,Nyawita sublocation,-0.0830038,34.774878,OIL004,cooking_oil,Soya King Cooking Oil,2024-12-09,14,19.2,1.49,0.1
10579036149,Micromed Pharmacy,chemist,Nyawita sublocation,-0.0830038,34.774878,PC001,personal_care,Vaseline Body Lotion,2024-12-09,14,5.2,0.7,0.5
10579036149,Micromed Pharmacy,chemist,Nyawita sublocation,-0.0830038,34.774878,PC002,personal_care,Dove Bar Soap,2024-12-23,0,20.0,0.73,0.1
10579036149,Micromed Pharmacy,chemist,Nyawita sublocation,-0.0830038,34.774878,PC003,personal_care,Colgate Toothpaste,2024-12-23,0,20.0,0.75,0.1
10579036149,Micromed Pharmacy,chemist,Nyawita sublocation,-0.0830038,34.774878,SAN001,sanitary,Always Pads,2024-12-16,7,12.0,0.57,0.1
10579036149,Micromed Pharmacy,chemist,Nyawita sublocation,-0.0830038,34.774878,SAN002,sanitary,Huggies Diapers,2024-12-16,7,14.9,0.72,0.1
10579036149,Micromed Pharmacy,chemist,Nyawita sublocation,-0.0830038,34.774878,SOP001,soap,Omo Detergent,2024-12-23,0,32.0,1.15,0.1
10579036149,Micromed Pharmacy,chemist,Nyawita sublocation,-0.0830038,34.774878,SOP002,soap,Sunlight Bar Soap,2024-12-23,0,28.0,1.04,0.1
10579036149,Micromed Pharmacy,chemist,Nyawita sublocation,-0.0830038,34.774878,SOP003,soap,Bidco Bar Soap,2024-12-09,14,13.2,1.06,0.1
10579036149,Micromed Pharmacy,chemist,Nyawita sublocation,-0.0830038,34.774878,SOP004,soap,Dettol Bar Soap,2024-12-16,7,13.9,1.01,0.1
10579036149,Micromed Pharmacy,chemist,Nyawita sublocation,-0.0830038,34.774878,SUG001,sugar,Mumias Sugar,2024-12-23,0,40.0,1.47,0.1
10579036149,Micromed Pharmacy,chemist,Nyawita sublocation,-0.0830038,34.774878,SUG002,sugar,Mumias Sugar,2024-12-09,14,15.7,1.17,0.1
10579036149,Micromed Pharmacy,chemist,Nyawita sublocation,-0.0830038,34.774878,SUG003,sugar,Nzoia Sugar,2024-12-09,14,11.9,1.51,0.5
10588857558,Roastiez butchery,butcher,Industrial Area,-0.0929534,34.7638524,BEV001,beverages,Afia Juice,2024-12-23,0,6.0,0.28,0.1
10588857558,Roastiez butchery,butcher,Industrial Area,-0.0929534,34.7638524,BEV002,beverages,Pick n Peel Juice,2024-12-09,14,2.1,0.28,0.5
10588857558,Roastiez butchery,butcher,Industrial Area,-0.0929534,34.7638524,BEV003,beverages,Tusker Lager,2024-12-23,0,4.0,0.28,0.1
10588857558,Roastiez butchery,butcher,Industrial Area,-0.0929534,34.7638524,BEV004,beverages,Coca-Cola Soda,2024-12-23,0,6.0,0.29,0.1
10588857558,Roastiez butchery,butcher,Industrial Area,-0.0929534,34.7638524,FLR001,flour,Jogoo Maize Flour,2024-12-02,21,1.8,0.29,0.5
10588857558,Roastiez butchery,butcher,Industrial Area,-0.0929534,34.7638524,FLR002,flour,Jogoo Maize Flour,2024-12-16,7,3.1,0.41,0.5
10588857558,Roastiez butchery,butcher,Industrial Area,-0.0929534,34.7638524,FLR003,flour,Pembe Maize Flour,2024-12-16,7,6.1,0.42,0.1
10588857558,Roastiez butchery,butcher,Industrial Area,-0.0929534,34.7638524,FLR004,flour,Kabras Maize Flour,2024-12-16,7,8.9,0.44,0.1
10588857558,Roastiez butchery,butcher,Industrial Area,-0.0929534,34.7638524,OIL001,cooking_oil,Golden Fry Cooking Oil,2024-12-02,21,1.7,0.3,0.5
10588857558,Roastiez butchery,butcher,Industrial Area,-0.0929534,34.7638524,OIL002,cooking_oil,Golden Fry Cooking Oil,2024-12-09,14,3.8,0.3,0.1
10588857558,Roastiez butchery,butcher,Industrial Area,-0.0929534,34.7638524,OIL003,cooking_oil,Soya King Cooking Oil,2024-12-16,7,6.1,0.41,0.1
10588857558,Roastiez butchery,butcher,Industrial Area,-0.0929534,34.7638524,OIL004,cooking_oil,Soya King Cooking Oil,2024-12-23,0,6.0,0.41,0.1
10588857558,Roastiez butchery,butcher,Industrial Area,-0.0929534,34.7638524,PC001,personal_care,Vaseline Body Lotion,2024-12-16,7,4.0,0.29,0.1
10588857558,Roastiez butchery,butcher,Industrial Area,-0.0929534,34.7638524,PC002,personal_care,Dove Bar Soap,2024-12-02,21,0.9,0.15,0.5
10588857558,Roastiez butchery,butcher,Industrial Area,-0.0929534,34.7638524,PC003,personal_care,Colgate Toothpaste,2024-12-16,7,2.0,0.14,0.1
10588857558,Roastiez butchery,butcher,Industrial Area,-0.0929534,34.7638524,SAN001,sanitary,Always Pads,2024-12-16,7,2.0,0.14,0.1
10588857558,Roastiez butchery,butcher,Industrial Area,-0.0929534,34.7638524,SAN002,sanitary,Huggies Diapers,2024-12-09,14,2.0,0.15,0.1
10588857558,Roastiez butchery,butcher,Industrial Area,-0.0929534,34.7638524,SOP001,soap,Omo Detergent,2024-12-09,14,2.0,0.29,0.5
10588857558,Roastiez butchery,butcher,Industrial Area,-0.0929534,34.7638524,SOP002,soap,Sunlight Bar Soap,2024-12-23,0,2.0,0.14,0.1
10588857558,Roastiez butchery,butcher,Industrial Area,-0.0929534,34.7638524,SOP003,soap,Bidco Bar Soap,2024-12-23,0,3.0,0.14,0.1
10588857558,Roastiez butchery,butcher,Industrial Area,-0.0929534,34.7638524,SOP004,soap,Dettol Bar Soap,2024-12-16,7,6.0,0.29,0.1
10588857558,Roastiez butchery,butcher,Industrial Area,-0.0929534,34.7638524,SUG001,sugar,Mumias Sugar,2024-12-09,14,3.8,0.3,0.1
10588857558,Roastiez butchery,butcher,Industrial Area,-0.0929534,34.7638524,SUG002,sugar,Mumias Sugar,2024-12-09,14,3.8,0.3,0.1
10588857558,Roastiez butchery,butcher,Industrial Area,-0.0929534,34.7638524,SUG003,sugar,Nzoia Sugar,2024-12-16,7,2.1,0.28,0.5
10588857559,Platinum Liquor World,alcohol,Bandari sublocation,-0.0928839,34.7637912,BEV001,beverages,Afia Juice,2024-12-16,7,11.9,0.59,0.1
10588857559,Platinum Liquor World,alcohol,Bandari sublocation,-0.0928839,34.7637912,BEV002,beverages,Pick n Peel Juice,2024-12-23,0,8.0,0.54,0.1
10588857559,Platinum Liquor World,alcohol,Bandari sublocation,-0.0928839,34.7637912,BEV003,beverages,Tusker Lager,2024-12-16,7,4.1,0.55,0.5
10588857559,Platinum Liquor World,alcohol,Bandari sublocation,-0.0928839,34.7637912,BEV004,beverages,Coca-Cola Soda,2024-12-16,7,4.3,0.52,0.5
10588857559,Platinum Liquor World,alcohol,Bandari sublocation,-0.0928839,34.7637912,FLR001,flour,Jogoo Maize Flour,2024-12-09,14,12.2,0.84,0.1
10588857559,Platinum Liquor World,alcohol,Bandari sublocation,-0.0928839,34.7637912,FLR002,flour,Jogoo Maize Flour,2024-12-09,14,7.7,1.16,0.5
10588857559,Platinum Liquor World,alcohol,Bandari sublocation,-0.0928839,34.7637912,FLR003,flour,Pembe Maize Flour,2024-12-09,14,9.0,1.07,0.5
10588857559,Platinum Liquor World,alcohol,Bandari sublocation,-0.0928839,34.7637912,FLR004,flour,Kabras Maize Flour,2024-12-16,7,9.8,1.18,0.5
10588857559,Platinum Liquor World,alcohol,Bandari sublocation,-0.0928839,34.7637912,OIL001,cooking_oil,Golden Fry Cooking Oil,2024-12-16,7,17.8,0.89,0.1
10588857559,Platinum Liquor World,alcohol,Bandari sublocation,-0.0928839,34.7637912,OIL002,cooking_oil,Golden Fry Cooking Oil,2024-12-16,7,9.9,0.72,0.1
10588857559,Platinum Liquor World,alcohol,Bandari sublocation,-0.0928839,34.7637912,OIL003,cooking_oil,Soya King Cooking Oil,2024-12-23,0,20.0,0.73,0.1
10588857559,Platinum Liquor World,alcohol,Bandari sublocation,-0.0928839,34.7637912,OIL004,cooking_oil,Soya King Cooking Oil,2024-12-16,7,14.5,0.94,0.1
10588857559,Platinum Liquor World,alcohol,Bandari sublocation,-0.0928839,34.7637912,PC001,personal_care,Vaseline Body Lotion,2024-12-09,14,5.7,0.45,0.1
10588857559,Platinum Liquor World,alcohol,Bandari sublocation,-0.0928839,34.7637912,PC002,personal_care,Dove Bar Soap,2024-12-16,7,6.1,0.42,0.1
10588857559,Platinum Liquor World,alcohol,Bandari sublocation,-0.0928839,34.7637912,PC003,personal_care,Colgate Toothpaste,2024-12-23,0,16.0,0.57,0.1
10588857559,Platinum Liquor World,alcohol,Bandari sublocation,-0.0928839,34.7637912,SAN001,sanitary,Always Pads,2024-12-16,7,8.9,0.44,0.1
10588857559,Platinum Liquor World,alcohol,Bandari sublocation,-0.0928839,34.7637912,SAN002,sanitary,Huggies Diapers,2024-12-23,0,6.0,0.29,0.1
10588857559,Platinum Liquor World,alcohol,Bandari sublocation,-0.0928839,34.7637912,SOP001,soap,Omo Detergent,2024-12-23,0,20.0,0.72,0.1
10588857559,Platinum Liquor World,alcohol,Bandari sublocation,-0.0928839,34.7637912,SOP002,soap,Sunlight Bar Soap,2024-12-02,21,4.2,0.56,0.5
10588857559,Platinum Liquor World,alcohol,Bandari sublocation,-0.0928839,34.7637912,SOP003,soap,Bidco Bar Soap,2024-12-16,7,8.0,0.57,0.1
10588857559,Platinum Liquor World,alcohol,Bandari sublocation,-0.0928839,34.7637912,SOP004,soap,Dettol Bar Soap,2024-12-16,7,14.8,0.74,0.1
10588857559,Platinum Liquor World,alcohol,Bandari sublocation,-0.0928839,34.7637912,SUG001,sugar,Mumias Sugar,2024-12-23,0,24.0,0.89,0.1
10588857559,Platinum Liquor World,alcohol,Bandari sublocation,-0.0928839,34.7637912,SUG002,sugar,Mumias Sugar,2024-12-23,0,12.0,0.78,0.1
10588857559,Platinum Liquor World,alcohol,Bandari sublocation,-0.0928839,34.7637912,SUG003,sugar,Nzoia Sugar,2024-12-02,21,5.2,0.7,0.5
10718898100,Nyawita,unclassified,Nyawita sublocation,-0.0781062,34.7727546,BEV001,beverages,Afia Juice,2024-12-23,0,4.0,0.27,0.1
10718898100,Nyawita,unclassified,Nyawita sublocation,-0.0781062,34.7727546,BEV002,beverages,Pick n Peel Juice,2024-12-23,0,9.0,0.41,0.1
10718898100,Nyawita,unclassified,Nyawita sublocation,-0.0781062,34.7727546,BEV003,beverages,Tusker Lager,2024-12-23,0,4.0,0.26,0.1
10718898100,Nyawita,unclassified,Nyawita sublocation,-0.0781062,34.7727546,BEV004,beverages,Coca-Cola Soda,2024-12-23,0,6.0,0.27,0.1
10718898100,Nyawita,unclassified,Nyawita sublocation,-0.0781062,34.7727546,FLR001,flour,Jogoo Maize Flour,2024-12-23,0,6.0,0.4,0.1
10718898100,Nyawita,unclassified,Nyawita sublocation,-0.0781062,34.7727546,FLR002,flour,Jogoo Maize Flour,2024-12-23,0,12.0,0.55,0.1
10718898100,Nyawita,unclassified,Nyawita sublocation,-0.0781062,34.7727546,FLR003,flour,Pembe Maize Flour,2024-12-09,14,3.1,0.42,0.5
10718898100,Nyawita,unclassified,Nyawita sublocation,-0.0781062,34.7727546,FLR004,flour,Kabras Maize Flour,2024-12-23,0,12.0,0.57,0.1
10718898100,Nyawita,unclassified,Nyawita sublocation,-0.0781062,34.7727546,OIL001,cooking_oil,Golden Fry Cooking Oil,2024-12-23,0,12.0,0.44,0.1
10718898100,Nyawita,unclassified,Nyawita sublocation,-0.0781062,34.7727546,OIL002,cooking_oil,Golden Fry Cooking Oil,2024-12-23,0,6.0,0.41,0.1
10718898100,Nyawita,unclassified,Nyawita sublocation,-0.0781062,34.7727546,OIL003,cooking_oil,Soya King Cooking Oil,2024-12-23,0,8.0,0.28,0.1
10718898100,Nyawita,unclassified,Nyawita sublocation,-0.0781062,34.7727546,OIL004,cooking_oil,Soya King Cooking Oil,2024-12-23,0,8.0,0.51,0.1
10718898100,Nyawita,unclassified,Nyawita sublocation,-0.0781062,34.7727546,PC001,personal_care,Vaseline Body Lotion,2024-12-23,0,8.0,0.28,0.1
10718898100,Nyawita,unclassified,Nyawita sublocation,-0.0781062,34.7727546,PC002,personal_care,Dove Bar Soap,2024-12-09,14,1.9,0.15,0.1
10718898100,Nyawita,unclassified,Nyawita sublocation,-0.0781062,34.7727546,PC003,personal_care,Colgate Toothpaste,2024-12-23,0,6.0,0.27,0.1
10718898100,Nyawita,unclassified,Nyawita sublocation,-0.0781062,34.7727546,SAN001,sanitary,Always Pads,2024-12-23,0,3.0,0.14,0.1
10718898100,Nyawita,unclassified,Nyawita sublocation,-0.0781062,34.7727546,SAN002,sanitary,Huggies Diapers,2024-12-23,0,3.0,0.13,0.1
10718898100,Nyawita,unclassified,Nyawita sublocation,-0.0781062,34.7727546,SOP001,soap,Omo Detergent,2024-12-23,0,6.0,0.27,0.1
10718898100,Nyawita,unclassified,Nyawita sublocation,-0.0781062,34.7727546,SOP002,soap,Sunlight Bar Soap,2024-12-23,0,4.0,0.24,0.1
10718898100,Nyawita,unclassified,Nyawita sublocation,-0.0781062,34.7727546,SOP003,soap,Bidco Bar Soap,2024-12-23,0,6.0,0.28,0.1
10718898100,Nyawita,unclassified,Nyawita sublocation,-0.0781062,34.7727546,SOP004,soap,Dettol Bar Soap,2024-12-02,21,1.5,0.31,0.5
10718898100,Nyawita,unclassified,Nyawita sublocation,-0.0781062,34.7727546,SUG001,sugar,Mumias Sugar,2024-12-23,0,12.0,0.43,0.1
10718898100,Nyawita,unclassified,Nyawita sublocation,-0.0781062,34.7727546,SUG002,sugar,Mumias Sugar,2024-12-23,0,6.0,0.29,0.1
10718898100,Nyawita,unclassified,Nyawita sublocation,-0.0781062,34.7727546,SUG003,sugar,Nzoia Sugar,2024-12-23,0,4.0,0.27,0.1
10860047051,Bukuga Market,unclassified,,0.0349866,34.691672,BEV001,beverages,Afia Juice,2024-12-02,21,1.0,0.14,0.5
10860047051,Bukuga Market,unclassified,,0.0349866,34.691672,BEV002,beverages,Pick n Peel Juice,2024-12-23,0,3.0,0.14,0.1
10860047051,Bukuga Market,unclassified,,0.0349866,34.691672,BEV003,beverages,Tusker Lager,2024-12-23,0,3.0,0.14,0.1
10860047051,Bukuga Market,unclassified,,0.0349866,34.691672,BEV004,beverages,Coca-Cola Soda,2024-12-02,21,0.9,0.15,0.5
10860047051,Bukuga Market,unclassified,,0.0349866,34.691672,FLR001,flour,Jogoo Maize Flour,2024-12-23,0,4.0,0.27,0.1
10860047051,Bukuga Market,unclassified,,0.0349866,34.691672,FLR002,flour,Jogoo Maize Flour,2024-12-16,7,4.0,0.29,0.1
10860047051,Bukuga Market,unclassified,,0.0349866,34.691672,FLR003,flour,Pembe Maize Flour,2024-12-23,0,6.0,0.29,0.1
10860047051,Bukuga Market,unclassified,,0.0349866,34.691672,FLR004,flour,Kabras Maize Flour,2024-12-16,7,4.0,0.28,0.1
10860047051,Bukuga Market,unclassified,,0.0349866,34.691672,OIL001,cooking_oil,Golden Fry Cooking Oil,2024-12-09,14,2.1,0.28,0.5
10860047051,Bukuga Market,unclassified,,0.0349866,34.691672,OIL002,cooking_oil,Golden Fry Cooking Oil,2024-12-09,14,3.8,0.3,0.1
10860047051,Bukuga Market,unclassified,,0.0349866,34.691672,OIL003,cooking_oil,Soya King Cooking Oil,2024-12-09,14,4.2,0.27,0.1
10860047051,Bukuga Market,unclassified,,0.0349866,34.691672,OIL004,cooking_oil,Soya King Cooking Oil,2024-12-16,7,5.9,0.3,0.1
10860047051,Bukuga Market,unclassified,,0.0349866,34.691672,PC001,personal_care,Vaseline Body Lotion,2024-12-02,21,0.9,0.15,0.5
10860047051,Bukuga Market,unclassified,,0.0349866,34.691672,PC002,personal_care,Dove Bar Soap,2024-12-02,21,1.0,0.14,0.5
10860047051,Bukuga Market,unclassified,,0.0349866,34.691672,PC003,personal_care,Colgate Toothpaste,2024-12-16,7,1.1,0.13,0.5
10860047051,Bukuga Market,unclassified,,0.0349866,34.691672,SAN001,sanitary,Always Pads,2024-12-16,7,2.0,0.14,0.1
10860047051,Bukuga Market,unclassified,,0.0349866,34.691672,SAN002,sanitary,Huggies Diapers,2024-12-23,0,3.0,0.14,0.1
10860047051,Bukuga Market,unclassified,,0.0349866,34.691672,SOP001,soap,Omo Detergent,2024-12-16,7,2.0,0.14,0.1
10860047051,Bukuga Market,unclassified,,0.0349866,34.691672,SOP002,soap,Sunlight Bar Soap,2024-12-09,14,2.0,0.14,0.1
10860047051,Bukuga Market,unclassified,,0.0349866,34.691672,SOP003,soap,Bidco Bar Soap,2024-12-16,7,2.0,0.14,0.1
10860047051,Bukuga Market,unclassified,,0.0349866,34.691672,SOP004,soap,Dettol Bar Soap,2024-12-09,14,1.9,0.15,0.1
10860047051,Bukuga Market,unclassified,,0.0349866,34.691672,SUG001,sugar,Mumias Sugar,2024-12-09,14,1.0,0.15,0.5
10860047051,Bukuga Market,unclassified,,0.0349866,34.691672,SUG002,sugar,Mumias Sugar,2024-12-23,0,4.0,0.27,0.1
10860047051,Bukuga Market,unclassified,,0.0349866,34.691672,SUG003,sugar,Nzoia Sugar,2024-12-09,14,1.0,0.14,0.5
10898735238,Carrefour,supermarket,Northern sublocation,-0.0983258,34.7625758,BEV001,beverages,Afia Juice,2024-12-09,14,11.0,1.57,0.5
10898735238,Carrefour,supermarket,Northern sublocation,-0.0983258,34.7625758,BEV002,beverages,Pick n Peel Juice,2024-12-09,14,9.0,1.29,0.5
10898735238,Carrefour,supermarket,Northern sublocation,-0.0983258,34.7625758,BEV003,beverages,Tusker Lager,2024-12-16,7,18.4,1.23,0.1
10898735238,Carrefour,supermarket,Northern sublocation,-0.0983258,34.7625758,BEV004,beverages,Coca-Cola Soda,2024-12-02,21,10.8,1.58,0.5
10898735238,Carrefour,supermarket,Northern sublocation,-0.0983258,34.7625758,FLR001,flour,Jogoo Maize Flour,2024-12-09,14,18.4,2.33,0.5
10898735238,Carrefour,supermarket,Northern sublocation,-0.0983258,34.7625758,FLR002,flour,Jogoo Maize Flour,2024-12-23,0,64.0,2.35,0.1
10898735238,Carrefour,supermarket,Northern sublocation,-0.0983258,34.7625758,FLR003,flour,Pembe Maize Flour,2024-12-09,14,32.0,2.29,0.1
10898735238,Carrefour,supermarket,Northern sublocation,-0.0983258,34.7625758,FLR004,flour,Kabras Maize Flour,2024-12-09,14,32.7,2.24,0.1
10898735238,Carrefour,supermarket,Northern sublocation,-0.0983258,34.7625758,OIL001,cooking_oil,Golden Fry Cooking Oil,2024-12-09,14,19.3,2.05,0.5
10898735238,Carrefour,supermarket,Northern sublocation,-0.0983258,34.7625758,OIL002,cooking_oil,Golden Fry Cooking Oil,2024-12-23,0,26.0,1.77,0.1
10898735238,Carrefour,supermarket,Northern sublocation,-0.0983258,34.7625758,OIL003,cooking_oil,Soya King Cooking Oil,2024-12-09,14,30.7,2.38,0.1
10898735238,Carrefour,supermarket,Northern sublocation,-0.0983258,34.7625758,OIL004,cooking_oil,Soya King Cooking Oil,2024-12-16,7,23.9,1.73,0.1
10898735238,Carrefour,supermarket,Northern sublocation,-0.0983258,34.7625758,PC001,personal_care,Vaseline Body Lotion,2024-12-23,0,14.0,0.91,0.1
10898735238,Carrefour,supermarket,Northern sublocation,-0.0983258,34.7625758,PC002,personal_care,Dove Bar Soap,2024-12-16,7,7.3,0.95,0.5
10898735238,Carrefour,supermarket,Northern sublocation,-0.0983258,34.7625758,PC003,personal_care,Colgate Toothpaste,2024-12-23,0,21.0,0.91,0.1
10898735238,Carrefour,supermarket,Northern sublocation,-0.0983258,34.7625758,SAN001,sanitary,Always Pads,2024-12-23,0,24.0,0.89,0.1
10898735238,Carrefour,supermarket,Northern sublocation,-0.0983258,34.7625758,SAN002,sanitary,Huggies Diapers,2024-12-09,14,12.0,0.86,0.1
10898735238,Carrefour,supermarket,Northern sublocation,-0.0983258,34.7625758,SOP001,soap,Omo Detergent,2024-12-16,7,14.7,0.9,0.1
10898735238,Carrefour,supermarket,Northern sublocation,-0.0983258,34.7625758,SOP002,soap,Sunlight Bar Soap,2024-12-23,0,27.0,1.24,0.1
10898735238,Carrefour,supermarket,Northern sublocation,-0.0983258,34.7625758,SOP003,soap,Bidco Bar Soap,2024-12-09,14,23.3,1.48,0.1
10898735238,Carrefour,supermarket,Northern sublocation,-0.0983258,34.7625758,SOP004,soap,Dettol Bar Soap,2024-12-09,14,9.3,1.05,0.5
10898735238,Carrefour,supermarket,Northern sublocation,-0.0983258,34.7625758,SUG001,sugar,Mumias Sugar,2024-12-09,14,14.6,1.74,0.5
10898735238,Carrefour,supermarket,Northern sublocation,-0.0983258,34.7625758,SUG002,sugar,Mumias Sugar,2024-12-09,14,15.2,1.92,0.5
10898735238,Carrefour,supermarket,Northern sublocation,-0.0983258,34.7625758,SUG003,sugar,Nzoia Sugar,2024-12-23,0,24.0,1.53,0.1
10898822430,Carrefour,supermarket,Southern sublocation,-0.104131,34.7527208,BEV001,beverages,Afia Juice,2024-12-16,7,32.9,1.59,0.1
10898822430,Carrefour,supermarket,Southern sublocation,-0.104131,34.7527208,BEV002,beverages,Pick n Peel Juice,2024-12-23,0,30.0,2.01,0.1
10898822430,Carrefour,supermarket,Southern sublocation,-0.104131,34.7527208,BEV003,beverages,Tusker Lager,2024-12-02,21,11.8,1.72,0.5
10898822430,Carrefour,supermarket,Southern sublocation,-0.104131,34.7527208,BEV004,beverages,Coca-Cola Soda,2024-12-16,7,12.5,1.64,0.5
10898822430,Carrefour,supermarket,Southern sublocation,-0.104131,34.7527208,FLR001,flour,Jogoo Maize Flour,2024-12-16,7,24.0,3.14,0.5
10898822430,Carrefour,supermarket,Southern sublocation,-0.104131,34.7527208,FLR002,flour,Jogoo Maize Flour,2024-12-09,14,21.1,2.78,0.5
10898822430,Carrefour,supermarket,Southern sublocation,-0.104131,34.7527208,FLR003,flour,Pembe Maize Flour,2024-12-23,0,100.0,3.53,0.1
10898822430,Carrefour,supermarket,Southern sublocation,-0.104131,34.7527208,FLR004,flour,Kabras Maize Flour,2024-12-02,21,18.3,2.94,0.5
10898822430,Carrefour,supermarket,Southern sublocation,-0.104131,34.7527208,OIL001,cooking_oil,Golden Fry Cooking Oil,2024-12-23,0,64.0,2.41,0.1
10898822430,Carrefour,supermarket,Southern sublocation,-0.104131,34.7527208,OIL002,cooking_oil,Golden Fry Cooking Oil,2024-12-16,7,17.8,2.32,0.5
10898822430,Carrefour,supermarket,Southern sublocation,-0.104131,34.7527208,OIL003,cooking_oil,Soya King Cooking Oil,2024-12-23,0,36.0,2.48,0.1
10898822430,Carrefour,supermarket,Southern sublocation,-0.104131,34.7527208,OIL004,cooking_oil,Soya King Cooking Oil,2024-12-16,7,56.4,2.81,0.1
10898822430,Carrefour,supermarket,Southern sublocation,-0.104131,34.7527208,PC001,personal_care,Vaseline Body Lotion,2024-12-16,7,20.1,1.42,0.1
10898822430,Carrefour,supermarket,Southern sublocation,-0.104131,34.7527208,PC002,personal_care,Dove Bar Soap,2024-12-23,0,22.0,1.52,0.1
10898822430,Carrefour,supermarket,Southern sublocation,-0.104131,34.7527208,PC003,personal_care,Colgate Toothpaste,2024-12-16,7,32.9,1.59,0.1
10898822430,Carrefour,supermarket,Southern sublocation,-0.104131,34.7527208,SAN001,sanitary,Always Pads,2024-12-02,21,5.9,0.86,0.5
10898822430,Carrefour,supermarket,Southern sublocation,-0.104131,34.7527208,SAN002,sanitary,Huggies Diapers,2024-12-23,0,18.0,1.15,0.1
10898822430,Carrefour,supermarket,Southern sublocation,-0.104131,34.7527208,SOP001,soap,Omo Detergent,2024-12-16,7,12.4,1.66,0.5
10898822430,Carrefour,supermarket,Southern sublocation,-0.104131,34.7527208,SOP002,soap,Sunlight Bar Soap,2024-12-16,7,11.3,1.52,0.5
10898822430,Carrefour,supermarket,Southern sublocation,-0.104131,34.7527208,SOP003,soap,Bidco Bar Soap,2024-12-02,21,9.8,1.44,0.5
10898822430,Carrefour,supermarket,Southern sublocation,-0.104131,34.7527208,SOP004,soap,Dettol Bar Soap,2024-12-23,0,52.0,1.87,0.1
10898822430,Carrefour,supermarket,Southern sublocation,-0.104131,34.7527208,SUG001,sugar,Mumias Sugar,2024-12-02,21,20.2,2.46,0.5
10898822430,Carrefour,supermarket,Southern sublocation,-0.104131,34.7527208,SUG002,sugar,Mumias Sugar,2024-12-02,21,11.9,1.91,0.5
10898822430,Carrefour,supermarket,Southern sublocation,-0.104131,34.7527208,SUG003,sugar,Nzoia Sugar,2024-12-23,0,60.0,2.24,0.1
10898822431,Beyond Fruits,greengrocer,Southern sublocation,-0.1039848,34.7526448,BEV001,beverages,Afia Juice,2024-12-23,0,4.0,0.26,0.1
10898822431,Beyond Fruits,greengrocer,Southern sublocation,-0.1039848,34.7526448,BEV002,beverages,Pick n Peel Juice,2024-12-16,7,4.0,0.28,0.1
10898822431,Beyond Fruits,greengrocer,Southern sublocation,-0.1039848,34.7526448,BEV003,beverages,Tusker Lager,2024-12-09,14,3.8,0.3,0.1
10898822431,Beyond Fruits,greengrocer,Southern sublocation,-0.1039848,34.7526448,BEV004,beverages,Coca-Cola Soda,2024-12-02,21,1.7,0.3,0.5
10898822431,Beyond Fruits,greengrocer,Southern sublocation,-0.1039848,34.7526448,FLR001,flour,Jogoo Maize Flour,2024-12-23,0,12.0,0.43,0.1
10898822431,Beyond Fruits,greengrocer,Southern sublocation,-0.1039848,34.7526448,FLR002,flour,Jogoo Maize Flour,2024-12-23,0,8.0,0.54,0.1
10898822431,Beyond Fruits,greengrocer,Southern sublocation,-0.1039848,34.7526448,FLR003,flour,Pembe Maize Flour,2024-12-09,14,7.7,0.6,0.1
10898822431,Beyond Fruits,greengrocer,Southern sublocation,-0.1039848,34.7526448,FLR004,flour,Kabras Maize Flour,2024-12-09,14,3.4,0.4,0.5
10898822431,Beyond Fruits,greengrocer,Southern sublocation,-0.1039848,34.7526448,OIL001,cooking_oil,Golden Fry Cooking Oil,2024-12-23,0,12.0,0.45,0.1
10898822431,Beyond Fruits,greengrocer,Southern sublocation,-0.1039848,34.7526448,OIL002,cooking_oil,Golden Fry Cooking Oil,2024-12-02,21,2.5,0.45,0.5
10898822431,Beyond Fruits,greengrocer,Southern sublocation,-0.1039848,34.7526448,OIL003,cooking_oil,Soya King Cooking Oil,2024-12-16,7,2.1,0.27,0.5
10898822431,Beyond Fruits,greengrocer,Southern sublocation,-0.1039848,34.7526448,OIL004,cooking_oil,Soya King Cooking Oil,2024-12-16,7,9.0,0.43,0.1
10898822431,Beyond Fruits,greengrocer,Southern sublocation,-0.1039848,34.7526448,PC001,personal_care,Vaseline Body Lotion,2024-12-23,0,2.0,0.14,0.1
10898822431,Beyond Fruits,greengrocer,Southern sublocation,-0.1039848,34.7526448,PC002,personal_care,Dove Bar Soap,2024-12-16,7,2.1,0.28,0.5
10898822431,Beyond Fruits,greengrocer,Southern sublocation,-0.1039848,34.7526448,PC003,personal_care,Colgate Toothpaste,2024-12-09,14,1.9,0.15,0.1
10898822431,Beyond Fruits,greengrocer,Southern sublocation,-0.1039848,34.7526448,SAN001,sanitary,Always Pads,2024-12-16,7,1.0,0.14,0.5
10898822431,Beyond Fruits,greengrocer,Southern sublocation,-0.1039848,34.7526448,SAN002,sanitary,Huggies Diapers,2024-12-16,7,1.0,0.14,0.5
10898822431,Beyond Fruits,greengrocer,Southern sublocation,-0.1039848,34.7526448,SOP001,soap,Omo Detergent,2024-12-16,7,4.1,0.27,0.1
10898822431,Beyond Fruits,greengrocer,Southern sublocation,-0.1039848,34.7526448,SOP002,soap,Sunlight Bar Soap,2024-12-09,14,2.0,0.29,0.5
10898822431,Beyond Fruits,greengrocer,Southern sublocation,-0.1039848,34.7526448,SOP003,soap,Bidco Bar Soap,2024-12-09,14,4.0,0.29,0.1
10898822431,Beyond Fruits,greengrocer,Southern sublocation,-0.1039848,34.7526448,SOP004,soap,Dettol Bar Soap,2024-12-16,7,1.0,0.14,0.5
10898822431,Beyond Fruits,greengrocer,Southern sublocation,-0.1039848,34.7526448,SUG001,sugar,Mumias Sugar,2024-12-16,7,4.0,0.29,0.1
10898822431,Beyond Fruits,greengrocer,Southern sublocation,-0.1039848,34.7526448,SUG002,sugar,Mumias Sugar,2024-12-02,21,2.5,0.45,0.5
10898822431,Beyond Fruits,greengrocer,Southern sublocation,-0.1039848,34.7526448,SUG003,sugar,Nzoia Sugar,2024-12-16,7,4.1,0.28,0.1
10921144544,Prafulla enterprises Ltd.,wholesale,Bandari sublocation,-0.0975036,34.7501618,BEV001,beverages,Afia Juice,2024-12-23,0,56.0,2.11,0.1
10921144544,Prafulla enterprises Ltd.,wholesale,Bandari sublocation,-0.0975036,34.7501618,BEV002,beverages,Pick n Peel Juice,2024-12-02,21,12.8,2.06,0.5
10921144544,Prafulla enterprises Ltd.,wholesale,Bandari sublocation,-0.0975036,34.7501618,BEV003,beverages,Tusker Lager,2024-12-02,21,11.9,1.91,0.5
10921144544,Prafulla enterprises Ltd.,wholesale,Bandari sublocation,-0.0975036,34.7501618,BEV004,beverages,Coca-Cola Soda,2024-12-16,7,41.3,2.1,0.1
10921144544,Prafulla enterprises Ltd.,wholesale,Bandari sublocation,-0.0975036,34.7501618,FLR001,flour,Jogoo Maize Flour,2024-12-16,7,28.2,3.68,0.5
10921144544,Prafulla enterprises Ltd.,wholesale,Bandari sublocation,-0.0975036,34.7501618,FLR002,flour,Jogoo Maize Flour,2024-12-09,14,57.5,4.46,0.1
10921144544,Prafulla enterprises Ltd.,wholesale,Bandari sublocation,-0.0975036,34.7501618,FLR003,flour,Pembe Maize Flour,2024-12-16,7,23.9,2.88,0.5
10921144544,Prafulla enterprises Ltd.,wholesale,Bandari sublocation,-0.0975036,34.7501618,FLR004,flour,Kabras Maize Flour,2024-12-16,7,77.1,3.84,0.1
10921144544,Prafulla enterprises Ltd.,wholesale,Bandari sublocation,-0.0975036,34.7501618,OIL001,cooking_oil,Golden Fry Cooking Oil,2024-12-09,14,21.1,2.78,0.5
10921144544,Prafulla enterprises Ltd.,wholesale,Bandari sublocation,-0.0975036,34.7501618,OIL002,cooking_oil,Golden Fry Cooking Oil,2024-12-16,7,25.0,3.01,0.5
10921144544,Prafulla enterprises Ltd.,wholesale,Bandari sublocation,-0.0975036,34.7501618,OIL003,cooking_oil,Soya King Cooking Oil,2024-12-23,0,80.0,3.02,0.1
10921144544,Prafulla enterprises Ltd.,wholesale,Bandari sublocation,-0.0975036,34.7501618,OIL004,cooking_oil,Soya King Cooking Oil,2024-12-09,14,17.4,2.61,0.5
10921144544,Prafulla enterprises Ltd.,wholesale,Bandari sublocation,-0.0975036,34.7501618,PC001,personal_care,Vaseline Body Lotion,2024-12-23,0,36.0,1.63,0.1
10921144544,Prafulla enterprises Ltd.,wholesale,Bandari sublocation,-0.0975036,34.7501618,PC002,personal_care,Dove Bar Soap,2024-12-23,0,20.0,1.38,0.1
10921144544,Prafulla enterprises Ltd.,wholesale,Bandari sublocation,-0.0975036,34.7501618,PC003,personal_care,Colgate Toothpaste,2024-12-02,21,11.5,1.55,0.5
10921144544,Prafulla enterprises Ltd.,wholesale,Bandari sublocation,-0.0975036,34.7501618,SAN001,sanitary,Always Pads,2024-12-09,14,9.0,1.29,0.5
10921144544,Prafulla enterprises Ltd.,wholesale,Bandari sublocation,-0.0975036,34.7501618,SAN002,sanitary,Huggies Diapers,2024-12-16,7,24.2,1.11,0.1
10921144544,Prafulla enterprises Ltd.,wholesale,Bandari sublocation,-0.0975036,34.7501618,SOP001,soap,Omo Detergent,2024-12-09,14,23.0,1.79,0.1
10921144544,Prafulla enterprises Ltd.,wholesale,Bandari sublocation,-0.0975036,34.7501618,SOP002,soap,Sunlight Bar Soap,2024-12-23,0,32.0,2.12,0.1
10921144544,Prafulla enterprises Ltd.,wholesale,Bandari sublocation,-0.0975036,34.7501618,SOP003,soap,Bidco Bar Soap,2024-12-23,0,64.0,2.39,0.1
10921144544,Prafulla enterprises Ltd.,wholesale,Bandari sublocation,-0.0975036,34.7501618,SOP004,soap,Dettol Bar Soap,2024-12-23,0,45.0,2.12,0.1
10921144544,Prafulla enterprises Ltd.,wholesale,Bandari sublocation,-0.0975036,34.7501618,SUG001,sugar,Mumias Sugar,2024-12-16,7,50.1,2.55,0.1
10921144544,Prafulla enterprises Ltd.,wholesale,Bandari sublocation,-0.0975036,34.7501618,SUG002,sugar,Mumias Sugar,2024-12-16,7,19.6,2.63,0.5
10921144544,Prafulla enterprises Ltd.,wholesale,Bandari sublocation,-0.0975036,34.7501618,SUG003,sugar,Nzoia Sugar,2024-12-16,7,38.1,2.7,0.1
10921245484,Bachulal popatlal,gas,Bandari sublocation,-0.096264,34.7518993,BEV001,beverages,Afia Juice,2024-12-09,14,7.3,0.98,0.5
10921245484,Bachulal popatlal,gas,Bandari sublocation,-0.096264,34.7518993,BEV002,beverages,Pick n Peel Juice,2024-12-23,0,14.0,0.95,0.1
10921245484,Bachulal popatlal,gas,Bandari sublocation,-0.096264,34.7518993,BEV003,beverages,Tusker Lager,2024-12-02,21,4.6,0.73,0.5
10921245484,Bachulal popatlal,gas,Bandari sublocation,-0.096264,34.7518993,BEV004,beverages,Coca-Cola Soda,2024-12-16,7,20.8,1.03,0.1
10921245484,Bachulal popatlal,gas,Bandari sublocation,-0.096264,34.7518993,FLR001,flour,Jogoo Maize Flour,2024-12-02,21,9.1,1.47,0.5
10921245484,Bachulal popatlal,gas,Bandari sublocation,-0.096264,34.7518993,FLR002,flour,Jogoo Maize Flour,2024-12-23,0,36.0,1.34,0.1
10921245484,Bachulal popatlal,gas,Bandari sublocation,-0.096264,34.7518993,FLR003,flour,Pembe Maize Flour,2024-12-16,7,20.5,1.36,0.1
10921245484,Bachulal popatlal,gas,Bandari sublocation,-0.096264,34.7518993,FLR004,flour,Kabras Maize Flour,2024-12-09,14,22.0,1.57,0.1
10921245484,Bachulal popatlal,gas,Bandari sublocation,-0.096264,34.7518993,OIL001,cooking_oil,Golden Fry Cooking Oil,2024-12-23,0,32.0,1.16,0.1
10921245484,Bachulal popatlal,gas,Bandari sublocation,-0.096264,34.7518993,OIL002,cooking_oil,Golden Fry Cooking Oil,2024-12-09,14,9.5,1.25,0.5
10921245484,Bachulal popatlal,gas,Bandari sublocation,-0.096264,34.7518993,OIL003,cooking_oil,Soya King Cooking Oil,2024-12-23,0,36.0,1.34,0.1
10921245484,Bachulal popatlal,gas,Bandari sublocation,-0.096264,34.7518993,OIL004,cooking_oil,Soya King Cooking Oil,2024-12-16,7,23.7,1.18,0.1
10921245484,Bachulal popatlal,gas,Bandari sublocation,-0.096264,34.7518993,PC001,personal_care,Vaseline Body Lotion,2024-12-16,7,10.0,0.71,0.1
10921245484,Bachulal popatlal,gas,Bandari sublocation,-0.096264,34.7518993,PC002,personal_care,Dove Bar Soap,2024-12-16,7,14.9,0.72,0.1
10921245484,Bachulal popatlal,gas,Bandari sublocation,-0.096264,34.7518993,PC003,personal_care,Colgate Toothpaste,2024-12-09,14,4.0,0.57,0.5
10921245484,Bachulal popatlal,gas,Bandari sublocation,-0.096264,34.7518993,SAN001,sanitary,Always Pads,2024-12-02,21,3.7,0.59,0.5
10921245484,Bachulal popatlal,gas,Bandari sublocation,-0.096264,34.7518993,SAN002,sanitary,Huggies Diapers,2024-12-09,14,3.9,0.58,0.5
10921245484,Bachulal popatlal,gas,Bandari sublocation,-0.096264,34.7518993,SOP001,soap,Omo Detergent,2024-12-09,14,10.2,0.7,0.1
10921245484,Bachulal popatlal,gas,Bandari sublocation,-0.096264,34.7518993,SOP002,soap,Sunlight Bar Soap,2024-12-16,7,5.2,0.69,0.5
10921245484,Bachulal popatlal,gas,Bandari sublocation,-0.096264,34.7518993,SOP003,soap,Bidco Bar Soap,2024-12-23,0,18.0,0.86,0.1
10921245484,Bachulal popatlal,gas,Bandari sublocation,-0.096264,34.7518993,SOP004,soap,Dettol Bar Soap,2024-12-02,21,5.1,0.9,0.5
10921245484,Bachulal popatlal,gas,Bandari sublocation,-0.096264,34.7518993,SUG001,sugar,Mumias Sugar,2024-12-02,21,5.5,0.88,0.5
10921245484,Bachulal popatlal,gas,Bandari sublocation,-0.096264,34.7518993,SUG002,sugar,Mumias Sugar,2024-12-23,0,18.0,0.87,0.1
10921245484,Bachulal popatlal,gas,Bandari sublocation,-0.096264,34.7518993,SUG003,sugar,Nzoia Sugar,2024-12-09,14,8.0,1.14,0.5
10921245485,Mjengo Supermart,wholesale,Bandari sublocation,-0.0961663,34.7520166,BEV001,beverages,Afia Juice,2024-12-02,21,16.7,2.44,0.5
10921245485,Mjengo Supermart,wholesale,Bandari sublocation,-0.0961663,34.7520166,BEV002,beverages,Pick n Peel Juice,2024-12-23,0,32.0,2.21,0.1
10921245485,Mjengo Supermart,wholesale,Bandari sublocation,-0.0961663,34.7520166,BEV003,beverages,Tusker Lager,2024-12-16,7,56.4,2.81,0.1
10921245485,Mjengo Supermart,wholesale,Bandari sublocation,-0.0961663,34.7520166,BEV004,beverages,Coca-Cola Soda,2024-12-02,21,13.6,2.4,0.5
10921245485,Mjengo Supermart,wholesale,Bandari sublocation,-0.0961663,34.7520166,FLR001,flour,Jogoo Maize Flour,2024-12-23,0,93.0,4.45,0.1
10921245485,Mjengo Supermart,wholesale,Bandari sublocation,-0.0961663,34.7520166,FLR002,flour,Jogoo Maize Flour,2024-12-09,14,26.9,3.22,0.5
10921245485,Mjengo Supermart,wholesale,Bandari sublocation,-0.0961663,34.7520166,FLR003,flour,Pembe Maize Flour,2024-12-09,14,29.0,4.14,0.5
10921245485,Mjengo Supermart,wholesale,Bandari sublocation,-0.0961663,34.7520166,FLR004,flour,Kabras Maize Flour,2024-12-16,7,55.7,4.04,0.1
10921245485,Mjengo Supermart,wholesale,Bandari sublocation,-0.0961663,34.7520166,OIL001,cooking_oil,Golden Fry Cooking Oil,2024-12-23,0,100.0,3.73,0.1
10921245485,Mjengo Supermart,wholesale,Bandari sublocation,-0.0961663,34.7520166,OIL002,cooking_oil,Golden Fry Cooking Oil,2024-12-23,0,50.0,3.26,0.1
10921245485,Mjengo Supermart,wholesale,Bandari sublocation,-0.0961663,34.7520166,OIL003,cooking_oil,Soya King Cooking Oil,2024-12-23,0,38.0,2.62,0.1
10921245485,Mjengo Supermart,wholesale,Bandari sublocation,-0.0961663,34.7520166,OIL004,cooking_oil,Soya King Cooking Oil,2024-12-09,14,21.9,2.94,0.5
10921245485,Mjengo Supermart,wholesale,Bandari sublocation,-0.0961663,34.7520166,PC001,personal_care,Vaseline Body Lotion,2024-12-16,7,41.3,2.1,0.1
10921245485,Mjengo Supermart,wholesale,Bandari sublocation,-0.0961663,34.7520166,PC002,personal_care,Dove Bar Soap,2024-12-16,7,28.1,1.99,0.1
10921245485,Mjengo Supermart,wholesale,Bandari sublocation,-0.0961663,34.7520166,PC003,personal_care,Colgate Toothpaste,2024-12-16,7,10.2,1.4,0.5
10921245485,Mjengo Supermart,wholesale,Bandari sublocation,-0.0961663,34.7520166,SAN001,sanitary,Always Pads,2024-12-09,14,10.0,1.43,0.5
10921245485,Mjengo Supermart,wholesale,Bandari sublocation,-0.0961663,34.7520166,SAN002,sanitary,Huggies Diapers,2024-12-16,7,8.2,1.11,0.5
10921245485,Mjengo Supermart,wholesale,Bandari sublocation,-0.0961663,34.7520166,SOP001,soap,Omo Detergent,2024-12-16,7,44.5,2.22,0.1
10921245485,Mjengo Supermart,wholesale,Bandari sublocation,-0.0961663,34.7520166,SOP002,soap,Sunlight Bar Soap,2024-12-09,14,13.5,1.82,0.5
10921245485,Mjengo Supermart,wholesale,Bandari sublocation,-0.0961663,34.7520166,SOP003,soap,Bidco Bar Soap,2024-12-16,7,15.2,1.83,0.5
10921245485,Mjengo Supermart,wholesale,Bandari sublocation,-0.0961663,34.7520166,SOP004,soap,Dettol Bar Soap,2024-12-16,7,32.5,2.22,0.1
10921245485,Mjengo Supermart,wholesale,Bandari sublocation,-0.0961663,34.7520166,SUG001,sugar,Mumias Sugar,2024-12-09,14,17.4,2.61,0.5
10921245485,Mjengo Supermart,wholesale,Bandari sublocation,-0.0961663,34.7520166,SUG002,sugar,Mumias Sugar,2024-12-23,0,51.0,2.31,0.1
10921245485,Mjengo Supermart,wholesale,Bandari sublocation,-0.0961663,34.7520166,SUG003,sugar,Nzoia Sugar,2024-12-16,7,50.4,2.51,0.1
10921245494,U shop,wholesale,Bandari sublocation,-0.0951773,34.7526606,BEV001,beverages,Afia Juice,2024-12-23,0,48.0,2.17,0.1
10921245494,U shop,wholesale,Bandari sublocation,-0.0951773,34.7526606,BEV002,beverages,Pick n Peel Juice,2024-12-02,21,17.7,2.39,0.5
10921245494,U shop,wholesale,Bandari sublocation,-0.0951773,34.7526606,BEV003,beverages,Tusker Lager,2024-12-23,0,64.0,2.26,0.1
10921245494,U shop,wholesale,Bandari sublocation,-0.0951773,34.7526606,BEV004,beverages,Coca-Cola Soda,2024-12-23,0,64.0,2.3,0.1
10921245494,U shop,wholesale,Bandari sublocation,-0.0951773,34.7526606,FLR001,flour,Jogoo Maize Flour,2024-12-16,7,81.7,3.76,0.1
10921245494,U shop,wholesale,Bandari sublocation,-0.0951773,34.7526606,FLR002,flour,Jogoo Maize Flour,2024-12-02,21,21.9,3.53,0.5
10921245494,U shop,wholesale,Bandari sublocation,-0.0951773,34.7526606,FLR003,flour,Pembe Maize Flour,2024-12-16,7,60.5,3.79,0.1
10921245494,U shop,wholesale,Bandari sublocation,-0.0951773,34.7526606,FLR004,flour,Kabras Maize Flour,2024-12-16,7,54.2,3.84,0.1
10921245494,U shop,wholesale,Bandari sublocation,-0.0951773,34.7526606,OIL001,cooking_oil,Golden Fry Cooking Oil,2024-12-16,7,28.1,3.12,0.5
10921245494,U shop,wholesale,Bandari sublocation,-0.0951773,34.7526606,OIL002,cooking_oil,Golden Fry Cooking Oil,2024-12-16,7,67.8,3.45,0.1
10921245494,U shop,wholesale,Bandari sublocation,-0.0951773,34.7526606,OIL003,cooking_oil,Soya King Cooking Oil,2024-12-09,14,47.9,3.72,0.1
10921245494,U shop,wholesale,Bandari sublocation,-0.0951773,34.7526606,OIL004,cooking_oil,Soya King Cooking Oil,2024-12-09,14,37.2,2.77,0.1
10921245494,U shop,wholesale,Bandari sublocation,-0.0951773,34.7526606,PC001,personal_care,Vaseline Body Lotion,2024-12-23,0,28.0,1.83,0.1
10921245494,U shop,wholesale,Bandari sublocation,-0.0951773,34.7526606,PC002,personal_care,Dove Bar Soap,2024-12-09,14,11.4,1.33,0.5
10921245494,U shop,wholesale,Bandari sublocation,-0.0951773,34.7526606,PC003,personal_care,Colgate Toothpaste,2024-12-23,0,48.0,1.72,0.1
10921245494,U shop,wholesale,Bandari sublocation,-0.0951773,34.7526606,SAN001,sanitary,Always Pads,2024-12-23,0,32.0,1.19,0.1
10921245494,U shop,wholesale,Bandari sublocation,-0.0951773,34.7526606,SAN002,sanitary,Huggies Diapers,2024-12-23,0,32.0,1.13,0.1
10921245494,U shop,wholesale,Bandari sublocation,-0.0951773,34.7526606,SOP001,soap,Omo Detergent,2024-12-16,7,42.1,1.99,0.1
10921245494,U shop,wholesale,Bandari sublocation,-0.0951773,34.7526606,SOP002,soap,Sunlight Bar Soap,2024-12-16,7,14.4,1.94,0.5
10921245494,U shop,wholesale,Bandari sublocation,-0.0951773,34.7526606,SOP003,soap,Bidco Bar Soap,2024-12-02,21,13.7,2.01,0.5
10921245494,U shop,wholesale,Bandari sublocation,-0.0951773,34.7526606,SOP004,soap,Dettol Bar Soap,2024-12-23,0,32.0,2.21,0.1
10921245494,U shop,wholesale,Bandari sublocation,-0.0951773,34.7526606,SUG001,sugar,Mumias Sugar,2024-12-16,7,17.4,2.09,0.5
10921245494,U shop,wholesale,Bandari sublocation,-0.0951773,34.7526606,SUG002,sugar,Mumias Sugar,2024-12-02,21,18.7,3.3,0.5
10921245494,U shop,wholesale,Bandari sublocation,-0.0951773,34.7526606,SUG003,sugar,Nzoia Sugar,2024-12-09,14,42.9,2.94,0.1
10921245495,Healthy U,supermarket,Southern sublocation,-0.1042203,34.752035,BEV001,beverages,Afia Juice,2024-12-09,14,11.6,1.74,0.5
10921245495,Healthy U,supermarket,Southern sublocation,-0.1042203,34.752035,BEV002,beverages,Pick n Peel Juice,2024-12-09,14,12.0,1.71,0.5
10921245495,Healthy U,supermarket,Southern sublocation,-0.1042203,34.752035,BEV003,beverages,Tusker Lager,2024-12-23,0,40.0,1.49,0.1
10921245495,Healthy U,supermarket,Southern sublocation,-0.1042203,34.752035,BEV004,beverages,Coca-Cola Soda,2024-12-02,21,12.5,1.69,0.5
10921245495,Healthy U,supermarket,Southern sublocation,-0.1042203,34.752035,FLR001,flour,Jogoo Maize Flour,2024-12-02,21,16.7,2.44,0.5
10921245495,Healthy U,supermarket,Southern sublocation,-0.1042203,34.752035,FLR002,flour,Jogoo Maize Flour,2024-12-16,7,23.2,2.69,0.5
10921245495,Healthy U,supermarket,Southern sublocation,-0.1042203,34.752035,FLR003,flour,Pembe Maize Flour,2024-12-16,7,37.8,2.74,0.1
10921245495,Healthy U,supermarket,Southern sublocation,-0.1042203,34.752035,FLR004,flour,Kabras Maize Flour,2024-12-16,7,46.7,3.19,0.1
10921245495,Healthy U,supermarket,Southern sublocation,-0.1042203,34.752035,OIL001,cooking_oil,Golden Fry Cooking Oil,2024-12-16,7,13.4,1.8,0.5
10921245495,Healthy U,supermarket,Southern sublocation,-0.1042203,34.752035,OIL002,cooking_oil,Golden Fry Cooking Oil,2024-12-23,0,72.0,2.54,0.1
10921245495,Healthy U,supermarket,Southern sublocation,-0.1042203,34.752035,OIL003,cooking_oil,Soya King Cooking Oil,2024-12-23,0,76.0,2.83,0.1
10921245495,Healthy U,supermarket,Southern sublocation,-0.1042203,34.752035,OIL004,cooking_oil,Soya King Cooking Oil,2024-12-23,0,72.0,2.64,0.1
10921245495,Healthy U,supermarket,Southern sublocation,-0.1042203,34.752035,PC001,personal_care,Vaseline Body Lotion,2024-12-16,7,29.7,1.48,0.1
10921245495,Healthy U,supermarket,Southern sublocation,-0.1042203,34.752035,PC002,personal_care,Dove Bar Soap,2024-12-23,0,20.0,1.36,0.1
10921245495,Healthy U,supermarket,Southern sublocation,-0.1042203,34.752035,PC003,personal_care,Colgate Toothpaste,2024-12-02,21,8.5,1.5,0.5
10921245495,Healthy U,supermarket,Southern sublocation,-0.1042203,34.752035,SAN001,sanitary,Always Pads,2024-12-09,14,14.0,1.0,0.1
10921245495,Healthy U,supermarket,Southern sublocation,-0.1042203,34.752035,SAN002,sanitary,Huggies Diapers,2024-12-16,7,8.7,1.05,0.5
10921245495,Healthy U,supermarket,Southern sublocation,-0.1042203,34.752035,SOP001,soap,Omo Detergent,2024-12-16,7,32.4,1.65,0.1
10921245495,Healthy U,supermarket,Southern sublocation,-0.1042203,34.752035,SOP002,soap,Sunlight Bar Soap,2024-12-16,7,19.9,1.44,0.1
10921245495,Healthy U,supermarket,Southern sublocation,-0.1042203,34.752035,SOP003,soap,Bidco Bar Soap,2024-12-02,21,9.8,1.44,0.5
10921245495,Healthy U,supermarket,Southern sublocation,-0.1042203,34.752035,SOP004,soap,Dettol Bar Soap,2024-12-16,7,18.4,1.23,0.1
10921245495,Healthy U,supermarket,Southern sublocation,-0.1042203,34.752035,SUG001,sugar,Mumias Sugar,2024-12-09,14,15.0,2.14,0.5
10921245495,Healthy U,supermarket,Southern sublocation,-0.1042203,34.752035,SUG002,sugar,Mumias Sugar,2024-12-16,7,17.7,2.05,0.5
10921245495,Healthy U,supermarket,Southern sublocation,-0.1042203,34.752035,SUG003,sugar,Nzoia Sugar,2024-12-16,7,28.1,1.99,0.1
10928805131,Sunbake Enterprises,wholesale,Bandari sublocation,-0.0909562,34.7565784,BEV001,beverages,Afia Juice,2024-12-09,14,23.0,1.79,0.1
10928805131,Sunbake Enterprises,wholesale,Bandari sublocation,-0.0909562,34.7565784,BEV002,beverages,Pick n Peel Juice,2024-12-16,7,20.1,1.42,0.1
10928805131,Sunbake Enterprises,wholesale,Bandari sublocation,-0.0909562,34.7565784,BEV003,beverages,Tusker Lager,2024-12-09,14,10.0,1.43,0.5
10928805131,Sunbake Enterprises,wholesale,Bandari sublocation,-0.0909562,34.7565784,BEV004,beverages,Coca-Cola Soda,2024-12-02,21,8.2,1.32,0.5
10928805131,Sunbake Enterprises,wholesale,Bandari sublocation,-0.0909562,34.7565784,FLR001,flour,Jogoo Maize Flour,2024-12-16,7,50.1,2.55,0.1
10928805131,Sunbake Enterprises,wholesale,Bandari sublocation,-0.0909562,34.7565784,FLR002,flour,Jogoo Maize Flour,2024-12-23,0,38.0,2.52,0.1
10928805131,Sunbake Enterprises,wholesale,Bandari sublocation,-0.0909562,34.7565784,FLR003,flour,Pembe Maize Flour,2024-12-23,0,68.0,2.44,0.1
10928805131,Sunbake Enterprises,wholesale,Bandari sublocation,-0.0909562,34.7565784,FLR004,flour,Kabras Maize Flour,2024-12-23,0,64.0,2.35,0.1
10928805131,Sunbake Enterprises,wholesale,Bandari sublocation,-0.0909562,34.7565784,OIL001,cooking_oil,Golden Fry Cooking Oil,2024-12-09,14,15.0,2.14,0.5
10928805131,Sunbake Enterprises,wholesale,Bandari sublocation,-0.0909562,34.7565784,OIL002,cooking_oil,Golden Fry Cooking Oil,2024-12-23,0,32.0,2.21,0.1
10928805131,Sunbake Enterprises,wholesale,Bandari sublocation,-0.0909562,34.7565784,OIL003,cooking_oil,Soya King Cooking Oil,2024-12-23,0,36.0,1.66,0.1
10928805131,Sunbake Enterprises,wholesale,Bandari sublocation,-0.0909562,34.7565784,OIL004,cooking_oil,Soya King Cooking Oil,2024-12-16,7,22.1,1.56,0.1
10928805131,Sunbake Enterprises,wholesale,Bandari sublocation,-0.0909562,34.7565784,PC001,personal_care,Vaseline Body Lotion,2024-12-09,14,18.4,1.26,0.1
10928805131,Sunbake Enterprises,wholesale,Bandari sublocation,-0.0909562,34.7565784,PC002,personal_care,Dove Bar Soap,2024-12-23,0,28.0,1.04,0.1
10928805131,Sunbake Enterprises,wholesale,Bandari sublocation,-0.0909562,34.7565784,PC003,personal_care,Colgate Toothpaste,2024-12-23,0,16.0,1.04,0.1
10928805131,Sunbake Enterprises,wholesale,Bandari sublocation,-0.0909562,34.7565784,SAN001,sanitary,Always Pads,2024-12-09,14,14.0,1.0,0.1
10928805131,Sunbake Enterprises,wholesale,Bandari sublocation,-0.0909562,34.7565784,SAN002,sanitary,Huggies Diapers,2024-12-02,21,6.4,1.03,0.5
10928805131,Sunbake Enterprises,wholesale,Bandari sublocation,-0.0909562,34.7565784,SOP001,soap,Omo Detergent,2024-12-16,7,18.2,1.25,0.1
10928805131,Sunbake Enterprises,wholesale,Bandari sublocation,-0.0909562,34.7565784,SOP002,soap,Sunlight Bar Soap,2024-12-16,7,8.7,1.05,0.5
10928805131,Sunbake Enterprises,wholesale,Bandari sublocation,-0.0909562,34.7565784,SOP003,soap,Bidco Bar Soap,2024-12-16,7,14.0,0.99,0.1
10928805131,Sunbake Enterprises,wholesale,Bandari sublocation,-0.0909562,34.7565784,SOP004,soap,Dettol Bar Soap,2024-12-23,0,16.0,1.06,0.1
10928805131,Sunbake Enterprises,wholesale,Bandari sublocation,-0.0909562,34.7565784,SUG001,sugar,Mumias Sugar,2024-12-16,7,25.9,1.88,0.1
10928805131,Sunbake Enterprises,wholesale,Bandari sublocation,-0.0909562,34.7565784,SUG002,sugar,Mumias Sugar,2024-12-16,7,14.3,1.96,0.5
10928805131,Sunbake Enterprises,wholesale,Bandari sublocation,-0.0909562,34.7565784,SUG003,sugar,Nzoia Sugar,2024-12-09,14,13.5,1.82,0.5
10928805132,Nyanza Sugar & produce Ltd,farm,Bandari sublocation,-0.09146,34.756338,BEV001,beverages,Afia Juice,2024-12-16,7,4.1,0.27,0.1
10928805132,Nyanza Sugar & produce Ltd,farm,Bandari sublocation,-0.09146,34.756338,BEV002,beverages,Pick n Peel Juice,2024-12-23,0,8.0,0.29,0.1
10928805132,Nyanza Sugar & produce Ltd,farm,Bandari sublocation,-0.09146,34.756338,BEV003,beverages,Tusker Lager,2024-12-16,7,4.1,0.27,0.1
10928805132,Nyanza Sugar & produce Ltd,farm,Bandari sublocation,-0.09146,34.756338,BEV004,beverages,Coca-Cola Soda,2024-12-16,7,2.1,0.13,0.1
10928805132,Nyanza Sugar & produce Ltd,farm,Bandari sublocation,-0.09146,34.756338,FLR001,flour,Jogoo Maize Flour,2024-12-23,0,9.0,0.42,0.1
10928805132,Nyanza Sugar & produce Ltd,farm,Bandari sublocation,-0.09146,34.756338,FLR002,flour,Jogoo Maize Flour,2024-12-16,7,6.0,0.28,0.1
10928805132,Nyanza Sugar & produce Ltd,farm,Bandari sublocation,-0.09146,34.756338,FLR003,flour,Pembe Maize Flour,2024-12-23,0,12.0,0.45,0.1
10928805132,Nyanza Sugar & produce Ltd,farm,Bandari sublocation,-0.09146,34.756338,FLR004,flour,Kabras Maize Flour,2024-12-16,7,2.2,0.26,0.5
10928805132,Nyanza Sugar & produce Ltd,farm,Bandari sublocation,-0.09146,34.756338,OIL001,cooking_oil,Golden Fry Cooking Oil,2024-12-16,7,6.1,0.28,0.1
10928805132,Nyanza Sugar & produce Ltd,farm,Bandari sublocation,-0.09146,34.756338,OIL002,cooking_oil,Golden Fry Cooking Oil,2024-12-23,0,8.0,0.29,0.1
10928805132,Nyanza Sugar & produce Ltd,farm,Bandari sublocation,-0.09146,34.756338,OIL003,cooking_oil,Soya King Cooking Oil,2024-12-16,7,4.2,0.26,0.1
10928805132,Nyanza Sugar & produce Ltd,farm,Bandari sublocation,-0.09146,34.756338,OIL004,cooking_oil,Soya King Cooking Oil,2024-12-16,7,2.2,0.25,0.5
10928805132,Nyanza Sugar & produce Ltd,farm,Bandari sublocation,-0.09146,34.756338,PC001,personal_care,Vaseline Body Lotion,2024-12-16,7,2.1,0.13,0.1
10928805132,Nyanza Sugar & produce Ltd,farm,Bandari sublocation,-0.09146,34.756338,PC002,personal_care,Dove Bar Soap,2024-12-16,7,2.1,0.13,0.1
10928805132,Nyanza Sugar & produce Ltd,farm,Bandari sublocation,-0.09146,34.756338,PC003,personal_care,Colgate Toothpaste,2024-12-16,7,2.0,0.14,0.1
10928805132,Nyanza Sugar & produce Ltd,farm,Bandari sublocation,-0.09146,34.756338,SAN001,sanitary,Always Pads,2024-12-16,7,1.1,0.12,0.5
10928805132,Nyanza Sugar & produce Ltd,farm,Bandari sublocation,-0.09146,34.756338,SAN002,sanitary,Huggies Diapers,2024-12-16,7,1.0,0.14,0.5
10928805132,Nyanza Sugar & produce Ltd,farm,Bandari sublocation,-0.09146,34.756338,SOP001,soap,Omo Detergent,2024-12-16,7,6.1,0.28,0.1
10928805132,Nyanza Sugar & produce Ltd,farm,Bandari sublocation,-0.09146,34.756338,SOP002,soap,Sunlight Bar Soap,2024-12-23,0,6.0,0.29,0.1
10928805132,Nyanza Sugar & produce Ltd,farm,Bandari sublocation,-0.09146,34.756338,SOP003,soap,Bidco Bar Soap,2024-12-16,7,3.0,0.14,0.1
10928805132,Nyanza Sugar & produce Ltd,farm,Bandari sublocation,-0.09146,34.756338,SOP004,soap,Dettol Bar Soap,2024-12-16,7,1.1,0.13,0.5
10928805132,Nyanza Sugar & produce Ltd,farm,Bandari sublocation,-0.09146,34.756338,SUG001,sugar,Mumias Sugar,2024-12-16,7,2.1,0.27,0.5
10928805132,Nyanza Sugar & produce Ltd,farm,Bandari sublocation,-0.09146,34.756338,SUG002,sugar,Mumias Sugar,2024-12-16,7,4.2,0.26,0.1
10928805132,Nyanza Sugar & produce Ltd,farm,Bandari sublocation,-0.09146,34.756338,SUG003,sugar,Nzoia Sugar,2024-12-16,7,4.0,0.28,0.1
10928805133,Kenya Wine Agencies Ltd,alcohol,Bandari sublocation,-0.091586,34.756267,BEV001,beverages,Afia Juice,2024-12-09,14,8.2,0.56,0.1
10928805133,Kenya Wine Agencies Ltd,alcohol,Bandari sublocation,-0.091586,34.756267,BEV002,beverages,Pick n Peel Juice,2024-12-16,7,4.2,0.55,0.5
10928805133,Kenya Wine Agencies Ltd,alcohol,Bandari sublocation,-0.091586,34.756267,BEV003,beverages,Tusker Lager,2024-12-23,0,16.0,0.59,0.1
10928805133,Kenya Wine Agencies Ltd,alcohol,Bandari sublocation,-0.091586,34.756267,BEV004,beverages,Coca-Cola Soda,2024-12-16,7,5.4,0.65,0.5
10928805133,Kenya Wine Agencies Ltd,alcohol,Bandari sublocation,-0.091586,34.756267,FLR001,flour,Jogoo Maize Flour,2024-12-16,7,21.0,0.99,0.1
10928805133,Kenya Wine Agencies Ltd,alcohol,Bandari sublocation,-0.091586,34.756267,FLR002,flour,Jogoo Maize Flour,2024-12-16,7,7.3,0.95,0.5
10928805133,Kenya Wine Agencies Ltd,alcohol,Bandari sublocation,-0.091586,34.756267,FLR003,flour,Pembe Maize Flour,2024-12-09,14,11.5,0.89,0.1
10928805133,Kenya Wine Agencies Ltd,alcohol,Bandari sublocation,-0.091586,34.756267,FLR004,flour,Kabras Maize Flour,2024-12-23,0,15.0,0.72,0.1
10928805133,Kenya Wine Agencies Ltd,alcohol,Bandari sublocation,-0.091586,34.756267,OIL001,cooking_oil,Golden Fry Cooking Oil,2024-12-23,0,20.0,0.75,0.1
10928805133,Kenya Wine Agencies Ltd,alcohol,Bandari sublocation,-0.091586,34.756267,OIL002,cooking_oil,Golden Fry Cooking Oil,2024-12-09,14,11.3,0.91,0.1
10928805133,Kenya Wine Agencies Ltd,alcohol,Bandari sublocation,-0.091586,34.756267,OIL003,cooking_oil,Soya King Cooking Oil,2024-12-23,0,10.0,0.67,0.1
10928805133,Kenya Wine Agencies Ltd,alcohol,Bandari sublocation,-0.091586,34.756267,OIL004,cooking_oil,Soya King Cooking Oil,2024-12-16,7,10.0,0.71,0.1
10928805133,Kenya Wine Agencies Ltd,alcohol,Bandari sublocation,-0.091586,34.756267,PC001,personal_care,Vaseline Body Lotion,2024-12-16,7,6.0,0.28,0.1
10928805133,Kenya Wine Agencies Ltd,alcohol,Bandari sublocation,-0.091586,34.756267,PC002,personal_care,Dove Bar Soap,2024-12-16,7,3.3,0.39,0.5
10928805133,Kenya Wine Agencies Ltd,alcohol,Bandari sublocation,-0.091586,34.756267,PC003,personal_care,Colgate Toothpaste,2024-12-16,7,9.0,0.43,0.1
10928805133,Kenya Wine Agencies Ltd,alcohol,Bandari sublocation,-0.091586,34.756267,SAN001,sanitary,Always Pads,2024-12-16,7,6.0,0.29,0.1
10928805133,Kenya Wine Agencies Ltd,alcohol,Bandari sublocation,-0.091586,34.756267,SAN002,sanitary,Huggies Diapers,2024-12-23,0,6.0,0.28,0.1
10928805133,Kenya Wine Agencies Ltd,alcohol,Bandari sublocation,-0.091586,34.756267,SOP001,soap,Omo Detergent,2024-12-02,21,2.9,0.43,0.5
10928805133,Kenya Wine Agencies Ltd,alcohol,Bandari sublocation,-0.091586,34.756267,SOP002,soap,Sunlight Bar Soap,2024-12-16,7,6.0,0.43,0.1
10928805133,Kenya Wine Agencies Ltd,alcohol,Bandari sublocation,-0.091586,34.756267,SOP003,soap,Bidco Bar Soap,2024-12-09,14,6.0,0.43,0.1
10928805133,Kenya Wine Agencies Ltd,alcohol,Bandari sublocation,-0.091586,34.756267,SOP004,soap,Dettol Bar Soap,2024-12-09,14,7.5,0.6,0.1
10928805133,Kenya Wine Agencies Ltd,alcohol,Bandari sublocation,-0.091586,34.756267,SUG001,sugar,Mumias Sugar,2024-12-23,0,16.0,0.55,0.1
10928805133,Kenya Wine Agencies Ltd,alcohol,Bandari sublocation,-0.091586,34.756267,SUG002,sugar,Mumias Sugar,2024-12-23,0,8.0,0.53,0.1
10928805133,Kenya Wine Agencies Ltd,alcohol,Bandari sublocation,-0.091586,34.756267,SUG003,sugar,Nzoia Sugar,2024-12-09,14,7.5,0.6,0.1
10928935692,Mawele Wines & Spirits,alcohol,Bandari sublocation,-0.0979224,34.7512343,BEV001,beverages,Afia Juice,2024-12-16,7,12.0,0.85,0.1
10928935692,Mawele Wines & Spirits,alcohol,Bandari sublocation,-0.0979224,34.7512343,BEV002,beverages,Pick n Peel Juice,2024-12-16,7,11.9,0.87,0.1
10928935692,Mawele Wines & Spirits,alcohol,Bandari sublocation,-0.0979224,34.7512343,BEV003,beverages,Tusker Lager,2024-12-23,0,28.0,1.03,0.1
10928935692,Mawele Wines & Spirits,alcohol,Bandari sublocation,-0.0979224,34.7512343,BEV004,beverages,Coca-Cola Soda,2024-12-16,7,20.6,1.05,0.1
10928935692,Mawele Wines & Spirits,alcohol,Bandari sublocation,-0.0979224,34.7512343,FLR001,flour,Jogoo Maize Flour,2024-12-16,7,29.7,1.48,0.1
10928935692,Mawele Wines & Spirits,alcohol,Bandari sublocation,-0.0979224,34.7512343,FLR002,flour,Jogoo Maize Flour,2024-12-09,14,20.7,1.66,0.1
10928935692,Mawele Wines & Spirits,alcohol,Bandari sublocation,-0.0979224,34.7512343,FLR003,flour,Pembe Maize Flour,2024-12-16,7,10.5,1.36,0.5
10928935692,Mawele Wines & Spirits,alcohol,Bandari sublocation,-0.0979224,34.7512343,FLR004,flour,Kabras Maize Flour,2024-12-16,7,10.6,1.34,0.5
10928935692,Mawele Wines & Spirits,alcohol,Bandari sublocation,-0.0979224,34.7512343,OIL001,cooking_oil,Golden Fry Cooking Oil,2024-12-23,0,14.0,0.97,0.1
10928935692,Mawele Wines & Spirits,alcohol,Bandari sublocation,-0.0979224,34.7512343,OIL002,cooking_oil,Golden Fry Cooking Oil,2024-12-16,7,17.9,1.3,0.1
10928935692,Mawele Wines & Spirits,alcohol,Bandari sublocation,-0.0979224,34.7512343,OIL003,cooking_oil,Soya King Cooking Oil,2024-12-09,14,8.0,1.14,0.5
10928935692,Mawele Wines & Spirits,alcohol,Bandari sublocation,-0.0979224,34.7512343,OIL004,cooking_oil,Soya King Cooking Oil,2024-12-02,21,7.3,1.18,0.5
10928935692,Mawele Wines & Spirits,alcohol,Bandari sublocation,-0.0979224,34.7512343,PC001,personal_care,Vaseline Body Lotion,2024-12-16,7,5.2,0.68,0.5
10928935692,Mawele Wines & Spirits,alcohol,Bandari sublocation,-0.0979224,34.7512343,PC002,personal_care,Dove Bar Soap,2024-12-16,7,10.0,0.71,0.1
10928935692,Mawele Wines & Spirits,alcohol,Bandari sublocation,-0.0979224,34.7512343,PC003,personal_care,Colgate Toothpaste,2024-12-16,7,5.2,0.68,0.5
10928935692,Mawele Wines & Spirits,alcohol,Bandari sublocation,-0.0979224,34.7512343,SAN001,sanitary,Always Pads,2024-12-09,14,2.9,0.44,0.5
10928935692,Mawele Wines & Spirits,alcohol,Bandari sublocation,-0.0979224,34.7512343,SAN002,sanitary,Huggies Diapers,2024-12-23,0,9.0,0.43,0.1
10928935692,Mawele Wines & Spirits,alcohol,Bandari sublocation,-0.0979224,34.7512343,SOP001,soap,Omo Detergent,2024-12-23,0,24.0,0.88,0.1
10928935692,Mawele Wines & Spirits,alcohol,Bandari sublocation,-0.0979224,34.7512343,SOP002,soap,Sunlight Bar Soap,2024-12-16,7,11.9,0.87,0.1
10928935692,Mawele Wines & Spirits,alcohol,Bandari sublocation,-0.0979224,34.7512343,SOP003,soap,Bidco Bar Soap,2024-12-16,7,14.8,0.74,0.1
10928935692,Mawele Wines & Spirits,alcohol,Bandari sublocation,-0.0979224,34.7512343,SOP004,soap,Dettol Bar Soap,2024-12-16,7,12.0,0.85,0.1
10928935692,Mawele Wines & Spirits,alcohol,Bandari sublocation,-0.0979224,34.7512343,SUG001,sugar,Mumias Sugar,2024-12-09,14,6.0,0.86,0.5
10928935692,Mawele Wines & Spirits,alcohol,Bandari sublocation,-0.0979224,34.7512343,SUG002,sugar,Mumias Sugar,2024-12-16,7,7.2,0.97,0.5
10928935692,Mawele Wines & Spirits,alcohol,Bandari sublocation,-0.0979224,34.7512343,SUG003,sugar,Nzoia Sugar,2024-12-02,21,7.3,1.18,0.5
10928935693,Paul Packaging Items,wholesale,Bandari sublocation,-0.0979792,34.7512878,BEV001,beverages,Afia Juice,2024-12-09,14,20.0,2.86,0.5
10928935693,Paul Packaging Items,wholesale,Bandari sublocation,-0.0979792,34.7512878,BEV002,beverages,Pick n Peel Juice,2024-12-09,14,28.8,2.23,0.1
10928935693,Paul Packaging Items,wholesale,Bandari sublocation,-0.0979792,34.7512878,BEV003,beverages,Tusker Lager,2024-12-09,14,32.6,2.53,0.1
10928935693,Paul Packaging Items,wholesale,Bandari sublocation,-0.0979792,34.7512878,BEV004,beverages,Coca-Cola Soda,2024-12-09,14,26.4,2.12,0.1
10928935693,Paul Packaging Items,wholesale,Bandari sublocation,-0.0979792,34.7512878,FLR001,flour,Jogoo Maize Flour,2024-12-16,7,55.7,4.04,0.1
10928935693,Paul Packaging Items,wholesale,Bandari sublocation,-0.0979792,34.7512878,FLR002,flour,Jogoo Maize Flour,2024-12-16,7,56.2,3.98,0.1
10928935693,Paul Packaging Items,wholesale,Bandari sublocation,-0.0979792,34.7512878,FLR003,flour,Pembe Maize Flour,2024-12-23,0,63.0,3.05,0.1
10928935693,Paul Packaging Items,wholesale,Bandari sublocation,-0.0979792,34.7512878,FLR004,flour,Kabras Maize Flour,2024-12-09,14,47.9,3.72,0.1
10928935693,Paul Packaging Items,wholesale,Bandari sublocation,-0.0979792,34.7512878,OIL001,cooking_oil,Golden Fry Cooking Oil,2024-12-09,14,33.3,2.48,0.1
10928935693,Paul Packaging Items,wholesale,Bandari sublocation,-0.0979792,34.7512878,OIL002,cooking_oil,Golden Fry Cooking Oil,2024-12-23,0,60.0,2.83,0.1
10928935693,Paul Packaging Items,wholesale,Bandari sublocation,-0.0979792,34.7512878,OIL003,cooking_oil,Soya King Cooking Oil,2024-12-09,14,26.0,3.5,0.5
10928935693,Paul Packaging Items,wholesale,Bandari sublocation,-0.0979792,34.7512878,OIL004,cooking_oil,Soya King Cooking Oil,2024-12-02,21,20.4,3.6,0.5
10928935693,Paul Packaging Items,wholesale,Bandari sublocation,-0.0979792,34.7512878,PC001,personal_care,Vaseline Body Lotion,2024-12-16,7,14.6,1.91,0.5
10928935693,Paul Packaging Items,wholesale,Bandari sublocation,-0.0979792,34.7512878,PC002,personal_care,Dove Bar Soap,2024-12-02,21,11.1,1.95,0.5
10928935693,Paul Packaging Items,wholesale,Bandari sublocation,-0.0979792,34.7512878,PC003,personal_care,Colgate Toothpaste,2024-12-09,14,20.7,1.66,0.1
10928935693,Paul Packaging Items,wholesale,Bandari sublocation,-0.0979792,34.7512878,SAN001,sanitary,Always Pads,2024-12-23,0,36.0,1.34,0.1
10928935693,Paul Packaging Items,wholesale,Bandari sublocation,-0.0979792,34.7512878,SAN002,sanitary,Huggies Diapers,2024-12-16,7,26.7,1.33,0.1
10928935693,Paul Packaging Items,wholesale,Bandari sublocation,-0.0979792,34.7512878,SOP001,soap,Omo Detergent,2024-12-16,7,47.5,2.36,0.1
10928935693,Paul Packaging Items,wholesale,Bandari sublocation,-0.0979792,34.7512878,SOP002,soap,Sunlight Bar Soap,2024-12-16,7,23.9,1.73,0.1
10928935693,Paul Packaging Items,wholesale,Bandari sublocation,-0.0979792,34.7512878,SOP003,soap,Bidco Bar Soap,2024-12-16,7,41.1,2.13,0.1
10928935693,Paul Packaging Items,wholesale,Bandari sublocation,-0.0979792,34.7512878,SOP004,soap,Dettol Bar Soap,2024-12-09,14,25.5,1.9,0.1
10928935693,Paul Packaging Items,wholesale,Bandari sublocation,-0.0979792,34.7512878,SUG001,sugar,Mumias Sugar,2024-12-23,0,57.0,2.73,0.1
10928935693,Paul Packaging Items,wholesale,Bandari sublocation,-0.0979792,34.7512878,SUG002,sugar,Mumias Sugar,2024-12-23,0,36.0,2.48,0.1
10928935693,Paul Packaging Items,wholesale,Bandari sublocation,-0.0979792,34.7512878,SUG003,sugar,Nzoia Sugar,2024-12-23,0,68.0,2.49,0.1
10928935695,Unknown,kiosk,Bandari sublocation,-0.0980372,34.7550798,BEV001,beverages,Afia Juice,2024-12-23,0,4.0,0.28,0.1
10928935695,Unknown,kiosk,Bandari sublocation,-0.0980372,34.7550798,BEV002,beverages,Pick n Peel Juice,2024-12-16,7,2.1,0.27,0.5
10928935695,Unknown,kiosk,Bandari sublocation,-0.0980372,34.7550798,BEV003,beverages,Tusker Lager,2024-12-23,0,9.0,0.42,0.1
10928935695,Unknown,kiosk,Bandari sublocation,-0.0980372,34.7550798,BEV004,beverages,Coca-Cola Soda,2024-12-02,21,1.7,0.3,0.5
10928935695,Unknown,kiosk,Bandari sublocation,-0.0980372,34.7550798,FLR001,flour,Jogoo Maize Flour,2024-12-09,14,4.2,0.56,0.5
10928935695,Unknown,kiosk,Bandari sublocation,-0.0980372,34.7550798,FLR002,flour,Jogoo Maize Flour,2024-12-23,0,9.0,0.42,0.1
10928935695,Unknown,kiosk,Bandari sublocation,-0.0980372,34.7550798,FLR003,flour,Pembe Maize Flour,2024-12-02,21,3.7,0.59,0.5
10928935695,Unknown,kiosk,Bandari sublocation,-0.0980372,34.7550798,FLR004,flour,Kabras Maize Flour,2024-12-16,7,8.1,0.56,0.1
10928935695,Unknown,kiosk,Bandari sublocation,-0.0980372,34.7550798,OIL001,cooking_oil,Golden Fry Cooking Oil,2024-12-09,14,4.2,0.56,0.5
10928935695,Unknown,kiosk,Bandari sublocation,-0.0980372,34.7550798,OIL002,cooking_oil,Golden Fry Cooking Oil,2024-12-23,0,16.0,0.59,0.1
10928935695,Unknown,kiosk,Bandari sublocation,-0.0980372,34.7550798,OIL003,cooking_oil,Soya King Cooking Oil,2024-12-23,0,12.0,0.44,0.1
10928935695,Unknown,kiosk,Bandari sublocation,-0.0980372,34.7550798,OIL004,cooking_oil,Soya King Cooking Oil,2024-12-23,0,9.0,0.43,0.1
10928935695,Unknown,kiosk,Bandari sublocation,-0.0980372,34.7550798,PC001,personal_care,Vaseline Body Lotion,2024-12-23,0,4.0,0.27,0.1
10928935695,Unknown,kiosk,Bandari sublocation,-0.0980372,34.7550798,PC002,personal_care,Dove Bar Soap,2024-12-23,0,4.0,0.27,0.1
10928935695,Unknown,kiosk,Bandari sublocation,-0.0980372,34.7550798,PC003,personal_care,Colgate Toothpaste,2024-12-02,21,1.8,0.29,0.5
10928935695,Unknown,kiosk,Bandari sublocation,-0.0980372,34.7550798,SAN001,sanitary,Always Pads,2024-12-09,14,3.8,0.3,0.1
10928935695,Unknown,kiosk,Bandari sublocation,-0.0980372,34.7550798,SAN002,sanitary,Huggies Diapers,2024-12-16,7,5.9,0.3,0.1
10928935695,Unknown,kiosk,Bandari sublocation,-0.0980372,34.7550798,SOP001,soap,Omo Detergent,2024-12-23,0,6.0,0.41,0.1
10928935695,Unknown,kiosk,Bandari sublocation,-0.0980372,34.7550798,SOP002,soap,Sunlight Bar Soap,2024-12-23,0,6.0,0.29,0.1
10928935695,Unknown,kiosk,Bandari sublocation,-0.0980372,34.7550798,SOP003,soap,Bidco Bar Soap,2024-12-16,7,5.9,0.3,0.1
10928935695,Unknown,kiosk,Bandari sublocation,-0.0980372,34.7550798,SOP004,soap,Dettol Bar Soap,2024-12-02,21,1.8,0.29,0.5
10928935695,Unknown,kiosk,Bandari sublocation,-0.0980372,34.7550798,SUG001,sugar,Mumias Sugar,2024-12-02,21,2.5,0.45,0.5
10928935695,Unknown,kiosk,Bandari sublocation,-0.0980372,34.7550798,SUG002,sugar,Mumias Sugar,2024-12-16,7,3.2,0.4,0.5
10928935695,Unknown,kiosk,Bandari sublocation,-0.0980372,34.7550798,SUG003,sugar,Nzoia Sugar,2024-12-23,0,4.0,0.27,0.1
10928935696,Apechem Agrovet,agrarian,Bandari sublocation,-0.0979593,34.7550042,BEV001,beverages,Afia Juice,2024-12-23,0,10.0,0.62,0.1
10928935696,Apechem Agrovet,agrarian,Bandari sublocation,-0.0979593,34.7550042,BEV002,beverages,Pick n Peel Juice,2024-12-09,14,6.0,0.64,0.5
10928935696,Apechem Agrovet,agrarian,Bandari sublocation,-0.0979593,34.7550042,BEV003,beverages,Tusker Lager,2024-12-16,7,10.3,0.67,0.1
10928935696,Apechem Agrovet,agrarian,Bandari sublocation,-0.0979593,34.7550042,BEV004,beverages,Coca-Cola Soda,2024-12-16,7,5.6,0.62,0.5
10928935696,Apechem Agrovet,agrarian,Bandari sublocation,-0.0979593,34.7550042,FLR001,flour,Jogoo Maize Flour,2024-12-16,7,8.7,1.05,0.5
10928935696,Apechem Agrovet,agrarian,Bandari sublocation,-0.0979593,34.7550042,FLR002,flour,Jogoo Maize Flour,2024-12-23,0,22.0,1.32,0.1
10928935696,Apechem Agrovet,agrarian,Bandari sublocation,-0.0979593,34.7550042,FLR003,flour,Pembe Maize Flour,2024-12-23,0,32.0,1.09,0.1
10928935696,Apechem Agrovet,agrarian,Bandari sublocation,-0.0979593,34.7550042,FLR004,flour,Kabras Maize Flour,2024-12-16,7,10.5,1.07,0.5
10928935696,Apechem Agrovet,agrarian,Bandari sublocation,-0.0979593,34.7550042,OIL001,cooking_oil,Golden Fry Cooking Oil,2024-12-16,7,16.4,1.09,0.1
10928935696,Apechem Agrovet,agrarian,Bandari sublocation,-0.0979593,34.7550042,OIL002,cooking_oil,Golden Fry Cooking Oil,2024-12-02,21,10.4,1.03,0.5
10928935696,Apechem Agrovet,agrarian,Bandari sublocation,-0.0979593,34.7550042,OIL003,cooking_oil,Soya King Cooking Oil,2024-12-23,0,27.0,1.17,0.1
10928935696,Apechem Agrovet,agrarian,Bandari sublocation,-0.0979593,34.7550042,OIL004,cooking_oil,Soya King Cooking Oil,2024-12-16,7,19.1,1.12,0.1
10928935696,Apechem Agrovet,agrarian,Bandari sublocation,-0.0979593,34.7550042,PC001,personal_care,Vaseline Body Lotion,2024-12-23,0,8.0,0.52,0.1
10928935696,Apechem Agrovet,agrarian,Bandari sublocation,-0.0979593,34.7550042,PC002,personal_care,Dove Bar Soap,2024-12-09,14,5.5,0.47,0.5
10928935696,Apechem Agrovet,agrarian,Bandari sublocation,-0.0979593,34.7550042,PC003,personal_care,Colgate Toothpaste,2024-12-09,14,8.0,0.57,0.1
10928935696,Apechem Agrovet,agrarian,Bandari sublocation,-0.0979593,34.7550042,SAN001,sanitary,Always Pads,2024-12-16,7,9.4,0.38,0.1
10928935696,Apechem Agrovet,agrarian,Bandari sublocation,-0.0979593,34.7550042,SAN002,sanitary,Huggies Diapers,2024-12-16,7,12.0,0.57,0.1
10928935696,Apechem Agrovet,agrarian,Bandari sublocation,-0.0979593,34.7550042,SOP001,soap,Omo Detergent,2024-12-09,14,6.7,0.6,0.5
10928935696,Apechem Agrovet,agrarian,Bandari sublocation,-0.0979593,34.7550042,SOP002,soap,Sunlight Bar Soap,2024-12-02,21,7.0,0.81,0.5
10928935696,Apechem Agrovet,agrarian,Bandari sublocation,-0.0979593,34.7550042,SOP003,soap,Bidco Bar Soap,2024-12-09,14,9.8,0.73,0.1
10928935696,Apechem Agrovet,agrarian,Bandari sublocation,-0.0979593,34.7550042,SOP004,soap,Dettol Bar Soap,2024-12-02,21,5.9,0.67,0.5
10928935696,Apechem Agrovet,agrarian,Bandari sublocation,-0.0979593,34.7550042,SUG001,sugar,Mumias Sugar,2024-12-16,7,22.0,0.86,0.1
10928935696,Apechem Agrovet,agrarian,Bandari sublocation,-0.0979593,34.7550042,SUG002,sugar,Mumias Sugar,2024-12-16,7,16.8,1.02,0.1
10928935696,Apechem Agrovet,agrarian,Bandari sublocation,-0.0979593,34.7550042,SUG003,sugar,Nzoia Sugar,2024-12-23,0,28.0,0.95,0.1
10928935961,Salpro Kisumu Ltd,wholesale,Bandari sublocation,-0.0981696,34.7516986,BEV001,beverages,Afia Juice,2024-12-16,7,39.8,2.89,0.1
10928935961,Salpro Kisumu Ltd,wholesale,Bandari sublocation,-0.0981696,34.7516986,BEV002,beverages,Pick n Peel Juice,2024-12-02,21,17.0,3.0,0.5
10928935961,Salpro Kisumu Ltd,wholesale,Bandari sublocation,-0.0981696,34.7516986,BEV003,beverages,Tusker Lager,2024-12-23,0,30.0,1.96,0.1
10928935961,Salpro Kisumu Ltd,wholesale,Bandari sublocation,-0.0981696,34.7516986,BEV004,beverages,Coca-Cola Soda,2024-12-23,0,36.0,2.48,0.1
10928935961,Salpro Kisumu Ltd,wholesale,Bandari sublocation,-0.0981696,34.7516986,FLR001,flour,Jogoo Maize Flour,2024-12-16,7,44.1,3.12,0.1
10928935961,Salpro Kisumu Ltd,wholesale,Bandari sublocation,-0.0981696,34.7516986,FLR002,flour,Jogoo Maize Flour,2024-12-23,0,50.0,3.45,0.1
10928935961,Salpro Kisumu Ltd,wholesale,Bandari sublocation,-0.0981696,34.7516986,FLR003,flour,Pembe Maize Flour,2024-12-16,7,88.5,4.5,0.1
10928935961,Salpro Kisumu Ltd,wholesale,Bandari sublocation,-0.0981696,34.7516986,FLR004,flour,Kabras Maize Flour,2024-12-16,7,76.7,3.9,0.1
10928935961,Salpro Kisumu Ltd,wholesale,Bandari sublocation,-0.0981696,34.7516986,OIL001,cooking_oil,Golden Fry Cooking Oil,2024-12-16,7,24.3,2.82,0.5
10928935961,Salpro Kisumu Ltd,wholesale,Bandari sublocation,-0.0981696,34.7516986,OIL002,cooking_oil,Golden Fry Cooking Oil,2024-12-02,21,17.0,3.0,0.5
10928935961,Salpro Kisumu Ltd,wholesale,Bandari sublocation,-0.0981696,34.7516986,OIL003,cooking_oil,Soya King Cooking Oil,2024-12-23,0,57.0,2.68,0.1
10928935961,Salpro Kisumu Ltd,wholesale,Bandari sublocation,-0.0981696,34.7516986,OIL004,cooking_oil,Soya King Cooking Oil,2024-12-02,21,21.9,3.53,0.5
10928935961,Salpro Kisumu Ltd,wholesale,Bandari sublocation,-0.0981696,34.7516986,PC001,personal_care,Vaseline Body Lotion,2024-12-23,0,52.0,1.84,0.1
10928935961,Salpro Kisumu Ltd,wholesale,Bandari sublocation,-0.0981696,34.7516986,PC002,personal_care,Dove Bar Soap,2024-12-23,0,26.0,1.7,0.1
10928935961,Salpro Kisumu Ltd,wholesale,Bandari sublocation,-0.0981696,34.7516986,PC003,personal_care,Colgate Toothpaste,2024-12-09,14,10.0,1.43,0.5
10928935961,Salpro Kisumu Ltd,wholesale,Bandari sublocation,-0.0981696,34.7516986,SAN001,sanitary,Always Pads,2024-12-16,7,29.5,1.5,0.1
10928935961,Salpro Kisumu Ltd,wholesale,Bandari sublocation,-0.0981696,34.7516986,SAN002,sanitary,Huggies Diapers,2024-12-09,14,17.6,1.31,0.1
10928935961,Salpro Kisumu Ltd,wholesale,Bandari sublocation,-0.0981696,34.7516986,SOP001,soap,Omo Detergent,2024-12-23,0,60.0,2.24,0.1
10928935961,Salpro Kisumu Ltd,wholesale,Bandari sublocation,-0.0981696,34.7516986,SOP002,soap,Sunlight Bar Soap,2024-12-16,7,14.1,1.7,0.5
10928935961,Salpro Kisumu Ltd,wholesale,Bandari sublocation,-0.0981696,34.7516986,SOP003,soap,Bidco Bar Soap,2024-12-23,0,60.0,2.18,0.1
10928935961,Salpro Kisumu Ltd,wholesale,Bandari sublocation,-0.0981696,34.7516986,SOP004,soap,Dettol Bar Soap,2024-12-23,0,39.0,1.77,0.1
10928935961,Salpro Kisumu Ltd,wholesale,Bandari sublocation,-0.0981696,34.7516986,SUG001,sugar,Mumias Sugar,2024-12-23,0,32.0,2.17,0.1
10928935961,Salpro Kisumu Ltd,wholesale,Bandari sublocation,-0.0981696,34.7516986,SUG002,sugar,Mumias Sugar,2024-12-16,7,44.1,3.12,0.1
10928935961,Salpro Kisumu Ltd,wholesale,Bandari sublocation,-0.0981696,34.7516986,SUG003,sugar,Nzoia Sugar,2024-12-23,0,48.0,2.3,0.1
10931608141,Boom Mart,supermarket,Migosi,-0.078952,34.7843248,BEV001,beverages,Afia Juice,2024-12-16,7,55.7,4.04,0.1
10931608141,Boom Mart,supermarket,Migosi,-0.078952,34.7843248,BEV002,beverages,Pick n Peel Juice,2024-12-02,21,23.8,3.82,0.5
10931608141,Boom Mart,supermarket,Migosi,-0.078952,34.7843248,BEV003,beverages,Tusker Lager,2024-12-09,14,54.6,4.38,0.1
10931608141,Boom Mart,supermarket,Migosi,-0.078952,34.7843248,BEV004,beverages,Coca-Cola Soda,2024-12-16,7,23.0,3.0,0.5
10931608141,Boom Mart,supermarket,Migosi,-0.078952,34.7843248,FLR001,flour,Jogoo Maize Flour,2024-12-23,0,80.0,5.59,0.1
10931608141,Boom Mart,supermarket,Migosi,-0.078952,34.7843248,FLR002,flour,Jogoo Maize Flour,2024-12-23,0,120.0,5.74,0.1
10931608141,Boom Mart,supermarket,Migosi,-0.078952,34.7843248,FLR003,flour,Pembe Maize Flour,2024-12-02,21,36.6,5.88,0.5
10931608141,Boom Mart,supermarket,Migosi,-0.078952,34.7843248,FLR004,flour,Kabras Maize Flour,2024-12-02,21,39.3,6.32,0.5
10931608141,Boom Mart,supermarket,Migosi,-0.078952,34.7843248,OIL001,cooking_oil,Golden Fry Cooking Oil,2024-12-02,21,26.3,4.65,0.5
10931608141,Boom Mart,supermarket,Migosi,-0.078952,34.7843248,OIL002,cooking_oil,Golden Fry Cooking Oil,2024-12-02,21,31.4,5.55,0.5
10931608141,Boom Mart,supermarket,Migosi,-0.078952,34.7843248,OIL003,cooking_oil,Soya King Cooking Oil,2024-12-09,14,31.0,4.43,0.5
10931608141,Boom Mart,supermarket,Migosi,-0.078952,34.7843248,OIL004,cooking_oil,Soya King Cooking Oil,2024-12-09,14,59.4,4.61,0.1
10931608141,Boom Mart,supermarket,Migosi,-0.078952,34.7843248,PC001,personal_care,Vaseline Body Lotion,2024-12-09,14,17.0,2.43,0.5
10931608141,Boom Mart,supermarket,Migosi,-0.078952,34.7843248,PC002,personal_care,Dove Bar Soap,2024-12-23,0,51.0,2.44,0.1
10931608141,Boom Mart,supermarket,Migosi,-0.078952,34.7843248,PC003,personal_care,Colgate Toothpaste,2024-12-23,0,63.0,3.01,0.1
10931608141,Boom Mart,supermarket,Migosi,-0.078952,34.7843248,SAN001,sanitary,Always Pads,2024-12-09,14,13.6,2.03,0.5
10931608141,Boom Mart,supermarket,Migosi,-0.078952,34.7843248,SAN002,sanitary,Huggies Diapers,2024-12-02,21,14.5,2.55,0.5
10931608141,Boom Mart,supermarket,Migosi,-0.078952,34.7843248,SOP001,soap,Omo Detergent,2024-12-23,0,48.0,3.35,0.1
10931608141,Boom Mart,supermarket,Migosi,-0.078952,34.7843248,SOP002,soap,Sunlight Bar Soap,2024-12-02,21,19.5,3.45,0.5
10931608141,Boom Mart,supermarket,Migosi,-0.078952,34.7843248,SOP003,soap,Bidco Bar Soap,2024-12-16,7,68.2,3.4,0.1
10931608141,Boom Mart,supermarket,Migosi,-0.078952,34.7843248,SOP004,soap,Dettol Bar Soap,2024-12-23,0,75.0,3.63,0.1
10931608141,Boom Mart,supermarket,Migosi,-0.078952,34.7843248,SUG001,sugar,Mumias Sugar,2024-12-09,14,55.6,4.32,0.1
10931608141,Boom Mart,supermarket,Migosi,-0.078952,34.7843248,SUG002,sugar,Mumias Sugar,2024-12-16,7,33.0,4.43,0.5
10931608141,Boom Mart,supermarket,Migosi,-0.078952,34.7843248,SUG003,sugar,Nzoia Sugar,2024-12-09,14,55.6,4.32,0.1
10931608142,Unknown,alcohol,,-0.0804934,34.7845008,BEV001,beverages,Afia Juice,2024-12-02,21,6.8,1.2,0.5
10931608142,Unknown,alcohol,,-0.0804934,34.7845008,BEV002,beverages,Pick n Peel Juice,2024-12-23,0,24.0,1.12,0.1
10931608142,Unknown,alcohol,,-0.0804934,34.7845008,BEV003,beverages,Tusker Lager,2024-12-23,0,28.0,1.04,0.1
10931608142,Unknown,alcohol,,-0.0804934,34.7845008,BEV004,beverages,Coca-Cola Soda,2024-12-23,0,36.0,1.34,0.1
10931608142,Unknown,alcohol,,-0.0804934,34.7845008,FLR001,flour,Jogoo Maize Flour,2024-12-09,14,19.2,1.49,0.1
10931608142,Unknown,alcohol,,-0.0804934,34.7845008,FLR002,flour,Jogoo Maize Flour,2024-12-23,0,44.0,1.64,0.1
10931608142,Unknown,alcohol,,-0.0804934,34.7845008,FLR003,flour,Pembe Maize Flour,2024-12-09,14,24.9,1.93,0.1
10931608142,Unknown,alcohol,,-0.0804934,34.7845008,FLR004,flour,Kabras Maize Flour,2024-12-23,0,36.0,1.72,0.1
10931608142,Unknown,alcohol,,-0.0804934,34.7845008,OIL001,cooking_oil,Golden Fry Cooking Oil,2024-12-23,0,20.0,1.3,0.1
10931608142,Unknown,alcohol,,-0.0804934,34.7845008,OIL002,cooking_oil,Golden Fry Cooking Oil,2024-12-23,0,40.0,1.41,0.1
10931608142,Unknown,alcohol,,-0.0804934,34.7845008,OIL003,cooking_oil,Soya King Cooking Oil,2024-12-23,0,48.0,1.7,0.1
10931608142,Unknown,alcohol,,-0.0804934,34.7845008,OIL004,cooking_oil,Soya King Cooking Oil,2024-12-23,0,36.0,1.66,0.1
10931608142,Unknown,alcohol,,-0.0804934,34.7845008,PC001,personal_care,Vaseline Body Lotion,2024-12-23,0,10.0,0.65,0.1
10931608142,Unknown,alcohol,,-0.0804934,34.7845008,PC002,personal_care,Dove Bar Soap,2024-12-23,0,20.0,0.75,0.1
10931608142,Unknown,alcohol,,-0.0804934,34.7845008,PC003,personal_care,Colgate Toothpaste,2024-12-23,0,10.0,0.69,0.1
10931608142,Unknown,alcohol,,-0.0804934,34.7845008,SAN001,sanitary,Always Pads,2024-12-23,0,20.0,0.71,0.1
10931608142,Unknown,alcohol,,-0.0804934,34.7845008,SAN002,sanitary,Huggies Diapers,2024-12-02,21,3.0,0.62,0.5
10931608142,Unknown,alcohol,,-0.0804934,34.7845008,SOP001,soap,Omo Detergent,2024-12-09,14,11.5,0.89,0.1
10931608142,Unknown,alcohol,,-0.0804934,34.7845008,SOP002,soap,Sunlight Bar Soap,2024-12-23,0,18.0,0.84,0.1
10931608142,Unknown,alcohol,,-0.0804934,34.7845008,SOP003,soap,Bidco Bar Soap,2024-12-23,0,20.0,0.73,0.1
10931608142,Unknown,alcohol,,-0.0804934,34.7845008,SOP004,soap,Dettol Bar Soap,2024-12-23,0,12.0,0.84,0.1
10931608142,Unknown,alcohol,,-0.0804934,34.7845008,SUG001,sugar,Mumias Sugar,2024-12-23,0,40.0,1.41,0.1
10931608142,Unknown,alcohol,,-0.0804934,34.7845008,SUG002,sugar,Mumias Sugar,2024-12-02,21,9.1,1.47,0.5
10931608142,Unknown,alcohol,,-0.0804934,34.7845008,SUG003,sugar,Nzoia Sugar,2024-12-02,21,7.6,1.35,0.5
10931608143,Unknown,alcohol,,-0.0805919,34.7845031,BEV001,beverages,Afia Juice,2024-12-16,7,21.0,0.99,0.1
10931608143,Unknown,alcohol,,-0.0805919,34.7845031,BEV002,beverages,Pick n Peel Juice,2024-12-09,14,8.2,0.92,0.5
10931608143,Unknown,alcohol,,-0.0805919,34.7845031,BEV003,beverages,Tusker Lager,2024-12-16,7,14.0,0.99,0.1
10931608143,Unknown,alcohol,,-0.0805919,34.7845031,BEV004,beverages,Coca-Cola Soda,2024-12-16,7,18.2,0.83,0.1
10931608143,Unknown,alcohol,,-0.0805919,34.7845031,FLR001,flour,Jogoo Maize Flour,2024-12-09,14,23.6,1.74,0.1
10931608143,Unknown,alcohol,,-0.0805919,34.7845031,FLR002,flour,Jogoo Maize Flour,2024-12-23,0,20.0,1.38,0.1
10931608143,Unknown,alcohol,,-0.0805919,34.7845031,FLR003,flour,Pembe Maize Flour,2024-12-16,7,22.7,1.47,0.1
10931608143,Unknown,alcohol,,-0.0805919,34.7845031,FLR004,flour,Kabras Maize Flour,2024-12-09,14,23.0,1.79,0.1
10931608143,Unknown,alcohol,,-0.0805919,34.7845031,OIL001,cooking_oil,Golden Fry Cooking Oil,2024-12-23,0,33.0,1.49,0.1
10931608143,Unknown,alcohol,,-0.0805919,34.7845031,OIL002,cooking_oil,Golden Fry Cooking Oil,2024-12-16,7,21.9,1.59,0.1
10931608143,Unknown,alcohol,,-0.0805919,34.7845031,OIL003,cooking_oil,Soya King Cooking Oil,2024-12-16,7,16.0,1.14,0.1
10931608143,Unknown,alcohol,,-0.0805919,34.7845031,OIL004,cooking_oil,Soya King Cooking Oil,2024-12-23,0,36.0,1.29,0.1
10931608143,Unknown,alcohol,,-0.0805919,34.7845031,PC001,personal_care,Vaseline Body Lotion,2024-12-09,14,6.0,0.86,0.5
10931608143,Unknown,alcohol,,-0.0805919,34.7845031,PC002,personal_care,Dove Bar Soap,2024-12-16,7,7.8,0.89,0.5
10931608143,Unknown,alcohol,,-0.0805919,34.7845031,PC003,personal_care,Colgate Toothpaste,2024-12-23,0,12.0,0.72,0.1
10931608143,Unknown,alcohol,,-0.0805919,34.7845031,SAN001,sanitary,Always Pads,2024-12-09,14,8.8,0.51,0.1
10931608143,Unknown,alcohol,,-0.0805919,34.7845031,SAN002,sanitary,Huggies Diapers,2024-12-09,14,10.0,0.71,0.1
10931608143,Unknown,alcohol,,-0.0805919,34.7845031,SOP001,soap,Omo Detergent,2024-12-16,7,18.2,0.83,0.1
10931608143,Unknown,alcohol,,-0.0805919,34.7845031,SOP002,soap,Sunlight Bar Soap,2024-12-09,14,11.3,0.91,0.1
10931608143,Unknown,alcohol,,-0.0805919,34.7845031,SOP003,soap,Bidco Bar Soap,2024-12-16,7,12.3,0.82,0.1
10931608143,Unknown,alcohol,,-0.0805919,34.7845031,SOP004,soap,Dettol Bar Soap,2024-12-23,0,12.0,0.83,0.1
10931608143,Unknown,alcohol,,-0.0805919,34.7845031,SUG001,sugar,Mumias Sugar,2024-12-09,14,18.4,1.26,0.1
10931608143,Unknown,alcohol,,-0.0805919,34.7845031,SUG002,sugar,Mumias Sugar,2024-12-09,14,12.0,1.28,0.5
10931608143,Unknown,alcohol,,-0.0805919,34.7845031,SUG003,sugar,Nzoia Sugar,2024-12-16,7,10.7,1.33,0.5
10931608144,Unknown,alcohol,,-0.0799828,34.7850046,BEV001,beverages,Afia Juice,2024-12-23,0,32.0,1.09,0.1
10931608144,Unknown,alcohol,,-0.0799828,34.7850046,BEV002,beverages,Pick n Peel Juice,2024-12-02,21,8.8,1.29,0.5
10931608144,Unknown,alcohol,,-0.0799828,34.7850046,BEV003,beverages,Tusker Lager,2024-12-09,14,8.7,1.1,0.5
10931608144,Unknown,alcohol,,-0.0799828,34.7850046,BEV004,beverages,Coca-Cola Soda,2024-12-16,7,7.2,0.97,0.5
10931608144,Unknown,alcohol,,-0.0799828,34.7850046,FLR001,flour,Jogoo Maize Flour,2024-12-09,14,28.6,1.96,0.1
10931608144,Unknown,alcohol,,-0.0799828,34.7850046,FLR002,flour,Jogoo Maize Flour,2024-12-23,0,48.0,1.63,0.1
10931608144,Unknown,alcohol,,-0.0799828,34.7850046,FLR003,flour,Pembe Maize Flour,2024-12-16,7,28.6,1.91,0.1
10931608144,Unknown,alcohol,,-0.0799828,34.7850046,FLR004,flour,Kabras Maize Flour,2024-12-09,14,14.6,1.74,0.5
10931608144,Unknown,alcohol,,-0.0799828,34.7850046,OIL001,cooking_oil,Golden Fry Cooking Oil,2024-12-02,21,10.2,1.8,0.5
10931608144,Unknown,alcohol,,-0.0799828,34.7850046,OIL002,cooking_oil,Golden Fry Cooking Oil,2024-12-23,0,44.0,1.55,0.1
10931608144,Unknown,alcohol,,-0.0799828,34.7850046,OIL003,cooking_oil,Soya King Cooking Oil,2024-12-16,7,22.1,1.56,0.1
10931608144,Unknown,alcohol,,-0.0799828,34.7850046,OIL004,cooking_oil,Soya King Cooking Oil,2024-12-23,0,40.0,1.44,0.1
10931608144,Unknown,alcohol,,-0.0799828,34.7850046,PC001,personal_care,Vaseline Body Lotion,2024-12-23,0,12.0,0.83,0.1
10931608144,Unknown,alcohol,,-0.0799828,34.7850046,PC002,personal_care,Dove Bar Soap,2024-12-16,7,6.3,0.82,0.5
10931608144,Unknown,alcohol,,-0.0799828,34.7850046,PC003,personal_care,Colgate Toothpaste,2024-12-23,0,20.0,0.71,0.1
10931608144,Unknown,alcohol,,-0.0799828,34.7850046,SAN001,sanitary,Always Pads,2024-12-23,0,12.0,0.57,0.1
10931608144,Unknown,alcohol,,-0.0799828,34.7850046,SAN002,sanitary,Huggies Diapers,2024-12-23,0,6.0,0.41,0.1
10931608144,Unknown,alcohol,,-0.0799828,34.7850046,SOP001,soap,Omo Detergent,2024-12-02,21,7.3,0.99,0.5
10931608144,Unknown,alcohol,,-0.0799828,34.7850046,SOP002,soap,Sunlight Bar Soap,2024-12-16,7,5.5,0.64,0.5
10931608144,Unknown,alcohol,,-0.0799828,34.7850046,SOP003,soap,Bidco Bar Soap,2024-12-23,0,24.0,0.88,0.1
10931608144,Unknown,alcohol,,-0.0799828,34.7850046,SOP004,soap,Dettol Bar Soap,2024-12-16,7,24.2,1.11,0.1
10931608144,Unknown,alcohol,,-0.0799828,34.7850046,SUG001,sugar,Mumias Sugar,2024-12-09,14,7.9,0.94,0.5
10931608144,Unknown,alcohol,,-0.0799828,34.7850046,SUG002,sugar,Mumias Sugar,2024-12-02,21,8.2,1.32,0.5
10931608144,Unknown,alcohol,,-0.0799828,34.7850046,SUG003,sugar,Nzoia Sugar,2024-12-23,0,32.0,1.19,0.1
10931690117,Famaroma Enterprises,kiosk,West Kajulu location,-0.0581451,34.7848082,BEV001,beverages,Afia Juice,2024-12-16,7,1.0,0.14,0.5
10931690117,Famaroma Enterprises,kiosk,West Kajulu location,-0.0581451,34.7848082,BEV002,beverages,Pick n Peel Juice,2024-12-16,7,4.0,0.28,0.1
10931690117,Famaroma Enterprises,kiosk,West Kajulu location,-0.0581451,34.7848082,BEV003,beverages,Tusker Lager,2024-12-23,0,4.0,0.15,0.1
10931690117,Famaroma Enterprises,kiosk,West Kajulu location,-0.0581451,34.7848082,BEV004,beverages,Coca-Cola Soda,2024-12-09,14,2.2,0.27,0.5
10931690117,Famaroma Enterprises,kiosk,West Kajulu location,-0.0581451,34.7848082,FLR001,flour,Jogoo Maize Flour,2024-12-23,0,9.0,0.43,0.1
10931690117,Famaroma Enterprises,kiosk,West Kajulu location,-0.0581451,34.7848082,FLR002,flour,Jogoo Maize Flour,2024-12-09,14,5.7,0.45,0.1
10931690117,Famaroma Enterprises,kiosk,West Kajulu location,-0.0581451,34.7848082,FLR003,flour,Pembe Maize Flour,2024-12-09,14,3.8,0.3,0.1
10931690117,Famaroma Enterprises,kiosk,West Kajulu location,-0.0581451,34.7848082,FLR004,flour,Kabras Maize Flour,2024-12-23,0,4.0,0.28,0.1
10931690117,Famaroma Enterprises,kiosk,West Kajulu location,-0.0581451,34.7848082,OIL001,cooking_oil,Golden Fry Cooking Oil,2024-12-09,14,2.0,0.29,0.5
10931690117,Famaroma Enterprises,kiosk,West Kajulu location,-0.0581451,34.7848082,OIL002,cooking_oil,Golden Fry Cooking Oil,2024-12-16,7,5.9,0.3,0.1
10931690117,Famaroma Enterprises,kiosk,West Kajulu location,-0.0581451,34.7848082,OIL003,cooking_oil,Soya King Cooking Oil,2024-12-23,0,4.0,0.27,0.1
10931690117,Famaroma Enterprises,kiosk,West Kajulu location,-0.0581451,34.7848082,OIL004,cooking_oil,Soya King Cooking Oil,2024-12-23,0,4.0,0.26,0.1
10931690117,Famaroma Enterprises,kiosk,West Kajulu location,-0.0581451,34.7848082,PC001,personal_care,Vaseline Body Lotion,2024-12-16,7,2.0,0.14,0.1
10931690117,Famaroma Enterprises,kiosk,West Kajulu location,-0.0581451,34.7848082,PC002,personal_care,Dove Bar Soap,2024-12-23,0,3.0,0.14,0.1
10931690117,Famaroma Enterprises,kiosk,West Kajulu location,-0.0581451,34.7848082,PC003,personal_care,Colgate Toothpaste,2024-12-02,21,0.9,0.15,0.5
10931690117,Famaroma Enterprises,kiosk,West Kajulu location,-0.0581451,34.7848082,SAN001,sanitary,Always Pads,2024-12-09,14,2.0,0.15,0.1
10931690117,Famaroma Enterprises,kiosk,West Kajulu location,-0.0581451,34.7848082,SAN002,sanitary,Huggies Diapers,2024-12-23,0,2.0,0.13,0.1
10931690117,Famaroma Enterprises,kiosk,West Kajulu location,-0.0581451,34.7848082,SOP001,soap,Omo Detergent,2024-12-23,0,4.0,0.15,0.1
10931690117,Famaroma Enterprises,kiosk,West Kajulu location,-0.0581451,34.7848082,SOP002,soap,Sunlight Bar Soap,2024-12-23,0,3.0,0.14,0.1
10931690117,Famaroma Enterprises,kiosk,West Kajulu location,-0.0581451,34.7848082,SOP003,soap,Bidco Bar Soap,2024-12-16,7,3.0,0.15,0.1
10931690117,Famaroma Enterprises,kiosk,West Kajulu location,-0.0581451,34.7848082,SOP004,soap,Dettol Bar Soap,2024-12-16,7,2.0,0.14,0.1
10931690117,Famaroma Enterprises,kiosk,West Kajulu location,-0.0581451,34.7848082,SUG001,sugar,Mumias Sugar,2024-12-16,7,2.9,0.15,0.1
10931690117,Famaroma Enterprises,kiosk,West Kajulu location,-0.0581451,34.7848082,SUG002,sugar,Mumias Sugar,2024-12-16,7,2.1,0.28,0.5
10931690117,Famaroma Enterprises,kiosk,West Kajulu location,-0.0581451,34.7848082,SUG003,sugar,Nzoia Sugar,2024-12-23,0,4.0,0.28,0.1
10931690118,Singo Butchery,butcher,West Kajulu location,-0.0612725,34.7798423,BEV001,beverages,Afia Juice,2024-12-23,0,8.0,0.3,0.1
10931690118,Singo Butchery,butcher,West Kajulu location,-0.0612725,34.7798423,BEV002,beverages,Pick n Peel Juice,2024-12-16,7,5.9,0.3,0.1
10931690118,Singo Butchery,butcher,West Kajulu location,-0.0612725,34.7798423,BEV003,beverages,Tusker Lager,2024-12-16,7,3.0,0.14,0.1
10931690118,Singo Butchery,butcher,West Kajulu location,-0.0612725,34.7798423,BEV004,beverages,Coca-Cola Soda,2024-12-23,0,2.0,0.14,0.1
10931690118,Singo Butchery,butcher,West Kajulu location,-0.0612725,34.7798423,FLR001,flour,Jogoo Maize Flour,2024-12-09,14,2.0,0.29,0.5
10931690118,Singo Butchery,butcher,West Kajulu location,-0.0612725,34.7798423,FLR002,flour,Jogoo Maize Flour,2024-12-23,0,9.0,0.43,0.1
10931690118,Singo Butchery,butcher,West Kajulu location,-0.0612725,34.7798423,FLR003,flour,Pembe Maize Flour,2024-12-16,7,4.0,0.28,0.1
10931690118,Singo Butchery,butcher,West Kajulu location,-0.0612725,34.7798423,FLR004,flour,Kabras Maize Flour,2024-12-16,7,2.2,0.26,0.5
10931690118,Singo Butchery,butcher,West Kajulu location,-0.0612725,34.7798423,OIL001,cooking_oil,Golden Fry Cooking Oil,2024-12-16,7,5.9,0.3,0.1
10931690118,Singo Butchery,butcher,West Kajulu location,-0.0612725,34.7798423,OIL002,cooking_oil,Golden Fry Cooking Oil,2024-12-23,0,4.0,0.26,0.1
10931690118,Singo Butchery,butcher,West Kajulu location,-0.0612725,34.7798423,OIL003,cooking_oil,Soya King Cooking Oil,2024-12-16,7,4.0,0.29,0.1
10931690118,Singo Butchery,butcher,West Kajulu location,-0.0612725,34.7798423,OIL004,cooking_oil,Soya King Cooking Oil,2024-12-16,7,2.2,0.26,0.5
10931690118,Singo Butchery,butcher,West Kajulu location,-0.0612725,34.7798423,PC001,personal_care,Vaseline Body Lotion,2024-12-16,7,3.0,0.14,0.1
10931690118,Singo Butchery,butcher,West Kajulu location,-0.0612725,34.7798423,PC002,personal_care,Dove Bar Soap,2024-12-09,14,1.1,0.13,0.5
10931690118,Singo Butchery,butcher,West Kajulu location,-0.0612725,34.7798423,PC003,personal_care,Colgate Toothpaste,2024-12-23,0,2.0,0.14,0.1
10931690118,Singo Butchery,butcher,West Kajulu location,-0.0612725,34.7798423,SAN001,sanitary,Always Pads,2024-12-16,7,2.0,0.14,0.1
10931690118,Singo Butchery,butcher,West Kajulu location,-0.0612725,34.7798423,SAN002,sanitary,Huggies Diapers,2024-12-09,14,1.1,0.13,0.5
10931690118,Singo Butchery,butcher,West Kajulu location,-0.0612725,34.7798423,SOP001,soap,Omo Detergent,2024-12-09,14,2.0,0.14,0.1
10931690118,Singo Butchery,butcher,West Kajulu location,-0.0612725,34.7798423,SOP002,soap,Sunlight Bar Soap,2024-12-09,14,2.0,0.15,0.1
10931690118,Singo Butchery,butcher,West Kajulu location,-0.0612725,34.7798423,SOP003,soap,Bidco Bar Soap,2024-12-16,7,1.0,0.14,0.5
10931690118,Singo Butchery,butcher,West Kajulu location,-0.0612725,34.7798423,SOP004,soap,Dettol Bar Soap,2024-12-09,14,1.0,0.14,0.5
10931690118,Singo Butchery,butcher,West Kajulu location,-0.0612725,34.7798423,SUG001,sugar,Mumias Sugar,2024-12-16,7,4.1,0.27,0.1
10931690118,Singo Butchery,butcher,West Kajulu location,-0.0612725,34.7798423,SUG002,sugar,Mumias Sugar,2024-12-23,0,6.0,0.29,0.1
10931690118,Singo Butchery,butcher,West Kajulu location,-0.0612725,34.7798423,SUG003,sugar,Nzoia Sugar,2024-12-16,7,5.9,0.3,0.1
10933997337,Jossy G Traders Shop,kiosk,Manyatta A,-0.0838278,34.7747072,BEV001,beverages,Afia Juice,2024-12-16,7,3.3,0.38,0.5
10933997337,Jossy G Traders Shop,kiosk,Manyatta A,-0.0838278,34.7747072,BEV002,beverages,Pick n Peel Juice,2024-12-23,0,9.0,0.42,0.1
10933997337,Jossy G Traders Shop,kiosk,Manyatta A,-0.0838278,34.7747072,BEV003,beverages,Tusker Lager,2024-12-16,7,4.1,0.55,0.5
10933997337,Jossy G Traders Shop,kiosk,Manyatta A,-0.0838278,34.7747072,BEV004,beverages,Coca-Cola Soda,2024-12-23,0,9.0,0.42,0.1
10933997337,Jossy G Traders Shop,kiosk,Manyatta A,-0.0838278,34.7747072,FLR001,flour,Jogoo Maize Flour,2024-12-02,21,4.8,0.91,0.5
10933997337,Jossy G Traders Shop,kiosk,Manyatta A,-0.0838278,34.7747072,FLR002,flour,Jogoo Maize Flour,2024-12-02,21,5.5,0.88,0.5
10933997337,Jossy G Traders Shop,kiosk,Manyatta A,-0.0838278,34.7747072,FLR003,flour,Pembe Maize Flour,2024-12-09,14,6.2,0.84,0.5
10933997337,Jossy G Traders Shop,kiosk,Manyatta A,-0.0838278,34.7747072,FLR004,flour,Kabras Maize Flour,2024-12-23,0,12.0,0.8,0.1
10933997337,Jossy G Traders Shop,kiosk,Manyatta A,-0.0838278,34.7747072,OIL001,cooking_oil,Golden Fry Cooking Oil,2024-12-09,14,9.8,0.73,0.1
10933997337,Jossy G Traders Shop,kiosk,Manyatta A,-0.0838278,34.7747072,OIL002,cooking_oil,Golden Fry Cooking Oil,2024-12-16,7,8.0,0.58,0.1
10933997337,Jossy G Traders Shop,kiosk,Manyatta A,-0.0838278,34.7747072,OIL003,cooking_oil,Soya King Cooking Oil,2024-12-02,21,4.0,0.76,0.5
10933997337,Jossy G Traders Shop,kiosk,Manyatta A,-0.0838278,34.7747072,OIL004,cooking_oil,Soya King Cooking Oil,2024-12-16,7,10.0,0.71,0.1
10933997337,Jossy G Traders Shop,kiosk,Manyatta A,-0.0838278,34.7747072,PC001,personal_care,Vaseline Body Lotion,2024-12-09,14,2.0,0.29,0.5
10933997337,Jossy G Traders Shop,kiosk,Manyatta A,-0.0838278,34.7747072,PC002,personal_care,Dove Bar Soap,2024-12-16,7,2.1,0.27,0.5
10933997337,Jossy G Traders Shop,kiosk,Manyatta A,-0.0838278,34.7747072,PC003,personal_care,Colgate Toothpaste,2024-12-09,14,2.2,0.27,0.5
10933997337,Jossy G Traders Shop,kiosk,Manyatta A,-0.0838278,34.7747072,SAN001,sanitary,Always Pads,2024-12-23,0,6.0,0.28,0.1
10933997337,Jossy G Traders Shop,kiosk,Manyatta A,-0.0838278,34.7747072,SAN002,sanitary,Huggies Diapers,2024-12-23,0,8.0,0.28,0.1
10933997337,Jossy G Traders Shop,kiosk,Manyatta A,-0.0838278,34.7747072,SOP001,soap,Omo Detergent,2024-12-09,14,2.9,0.44,0.5
10933997337,Jossy G Traders Shop,kiosk,Manyatta A,-0.0838278,34.7747072,SOP002,soap,Sunlight Bar Soap,2024-12-23,0,12.0,0.42,0.1
10933997337,Jossy G Traders Shop,kiosk,Manyatta A,-0.0838278,34.7747072,SOP003,soap,Bidco Bar Soap,2024-12-23,0,6.0,0.41,0.1
10933997337,Jossy G Traders Shop,kiosk,Manyatta A,-0.0838278,34.7747072,SOP004,soap,Dettol Bar Soap,2024-12-02,21,2.5,0.45,0.5
10933997337,Jossy G Traders Shop,kiosk,Manyatta A,-0.0838278,34.7747072,SUG001,sugar,Mumias Sugar,2024-12-23,0,16.0,0.6,0.1
10933997337,Jossy G Traders Shop,kiosk,Manyatta A,-0.0838278,34.7747072,SUG002,sugar,Mumias Sugar,2024-12-09,14,8.2,0.56,0.1
10933997337,Jossy G Traders Shop,kiosk,Manyatta A,-0.0838278,34.7747072,SUG003,sugar,Nzoia Sugar,2024-12-16,7,12.0,0.57,0.1
10933997344,wema feeds,agrarian,Manyatta A,-0.0833781,34.7750547,BEV001,beverages,Afia Juice,2024-12-02,21,7.3,1.18,0.5
10933997344,wema feeds,agrarian,Manyatta A,-0.0833781,34.7750547,BEV002,beverages,Pick n Peel Juice,2024-12-09,14,9.7,1.45,0.5
10933997344,wema feeds,agrarian,Manyatta A,-0.0833781,34.7750547,BEV003,beverages,Tusker Lager,2024-12-16,7,23.7,1.18,0.1
10933997344,wema feeds,agrarian,Manyatta A,-0.0833781,34.7750547,BEV004,beverages,Coca-Cola Soda,2024-12-02,21,8.3,1.13,0.5
10933997344,wema feeds,agrarian,Manyatta A,-0.0833781,34.7750547,FLR001,flour,Jogoo Maize Flour,2024-12-23,0,30.0,2.04,0.1
10933997344,wema feeds,agrarian,Manyatta A,-0.0833781,34.7750547,FLR002,flour,Jogoo Maize Flour,2024-12-09,14,31.3,2.33,0.1
10933997344,wema feeds,agrarian,Manyatta A,-0.0833781,34.7750547,FLR003,flour,Pembe Maize Flour,2024-12-23,0,64.0,2.39,0.1
10933997344,wema feeds,agrarian,Manyatta A,-0.0833781,34.7750547,FLR004,flour,Kabras Maize Flour,2024-12-23,0,26.0,1.7,0.1
10933997344,wema feeds,agrarian,Manyatta A,-0.0833781,34.7750547,OIL001,cooking_oil,Golden Fry Cooking Oil,2024-12-16,7,35.6,1.77,0.1
10933997344,wema feeds,agrarian,Manyatta A,-0.0833781,34.7750547,OIL002,cooking_oil,Golden Fry Cooking Oil,2024-12-23,0,44.0,1.61,0.1
10933997344,wema feeds,agrarian,Manyatta A,-0.0833781,34.7750547,OIL003,cooking_oil,Soya King Cooking Oil,2024-12-23,0,44.0,1.64,0.1
10933997344,wema feeds,agrarian,Manyatta A,-0.0833781,34.7750547,OIL004,cooking_oil,Soya King Cooking Oil,2024-12-23,0,20.0,1.38,0.1
10933997344,wema feeds,agrarian,Manyatta A,-0.0833781,34.7750547,PC001,personal_care,Vaseline Body Lotion,2024-12-16,7,7.3,0.95,0.5
10933997344,wema feeds,agrarian,Manyatta A,-0.0833781,34.7750547,PC002,personal_care,Dove Bar Soap,2024-12-09,14,5.4,0.68,0.5
10933997344,wema feeds,agrarian,Manyatta A,-0.0833781,34.7750547,PC003,personal_care,Colgate Toothpaste,2024-12-23,0,14.0,0.98,0.1
10933997344,wema feeds,agrarian,Manyatta A,-0.0833781,34.7750547,SAN001,sanitary,Always Pads,2024-12-16,7,4.2,0.55,0.5
10933997344,wema feeds,agrarian,Manyatta A,-0.0833781,34.7750547,SAN002,sanitary,Huggies Diapers,2024-12-16,7,10.2,0.68,0.1
10933997344,wema feeds,agrarian,Manyatta A,-0.0833781,34.7750547,SOP001,soap,Omo Detergent,2024-12-09,14,8.7,1.1,0.5
10933997344,wema feeds,agrarian,Manyatta A,-0.0833781,34.7750547,SOP002,soap,Sunlight Bar Soap,2024-12-23,0,28.0,1.06,0.1
10933997344,wema feeds,agrarian,Manyatta A,-0.0833781,34.7750547,SOP003,soap,Bidco Bar Soap,2024-12-02,21,5.5,0.88,0.5
10933997344,wema feeds,agrarian,Manyatta A,-0.0833781,34.7750547,SOP004,soap,Dettol Bar Soap,2024-12-09,14,15.7,1.17,0.1
10933997344,wema feeds,agrarian,Manyatta A,-0.0833781,34.7750547,SUG001,sugar,Mumias Sugar,2024-12-23,0,24.0,1.15,0.1
10933997344,wema feeds,agrarian,Manyatta A,-0.0833781,34.7750547,SUG002,sugar,Mumias Sugar,2024-12-16,7,23.9,1.73,0.1
10933997344,wema feeds,agrarian,Manyatta A,-0.0833781,34.7750547,SUG003,sugar,Nzoia Sugar,2024-12-16,7,32.9,1.59,0.1
10933997347,Wise choice Kenya bakeries,bakery,Manyatta A,-0.0833423,34.7751861,BEV001,beverages,Afia Juice,2024-12-16,7,9.3,1.25,0.5
10933997347,Wise choice Kenya bakeries,bakery,Manyatta A,-0.0833423,34.7751861,BEV002,beverages,Pick n Peel Juice,2024-12-23,0,20.0,1.38,0.1
10933997347,Wise choice Kenya bakeries,bakery,Manyatta A,-0.0833423,34.7751861,BEV003,beverages,Tusker Lager,2024-12-09,14,15.3,1.19,0.1
10933997347,Wise choice Kenya bakeries,bakery,Manyatta A,-0.0833423,34.7751861,BEV004,beverages,Coca-Cola Soda,2024-12-23,0,36.0,1.34,0.1
10933997347,Wise choice Kenya bakeries,bakery,Manyatta A,-0.0833423,34.7751861,FLR001,flour,Jogoo Maize Flour,2024-12-16,7,32.1,2.27,0.1
10933997347,Wise choice Kenya bakeries,bakery,Manyatta A,-0.0833423,34.7751861,FLR002,flour,Jogoo Maize Flour,2024-12-23,0,26.0,1.79,0.1
10933997347,Wise choice Kenya bakeries,bakery,Manyatta A,-0.0833423,34.7751861,FLR003,flour,Pembe Maize Flour,2024-12-02,21,10.2,1.8,0.5
10933997347,Wise choice Kenya bakeries,bakery,Manyatta A,-0.0833423,34.7751861,FLR004,flour,Kabras Maize Flour,2024-12-16,7,28.1,1.99,0.1
10933997347,Wise choice Kenya bakeries,bakery,Manyatta A,-0.0833423,34.7751861,OIL001,cooking_oil,Golden Fry Cooking Oil,2024-12-02,21,9.1,1.47,0.5
10933997347,Wise choice Kenya bakeries,bakery,Manyatta A,-0.0833423,34.7751861,OIL002,cooking_oil,Golden Fry Cooking Oil,2024-12-02,21,10.2,1.8,0.5
10933997347,Wise choice Kenya bakeries,bakery,Manyatta A,-0.0833423,34.7751861,OIL003,cooking_oil,Soya King Cooking Oil,2024-12-23,0,39.0,1.87,0.1
10933997347,Wise choice Kenya bakeries,bakery,Manyatta A,-0.0833423,34.7751861,OIL004,cooking_oil,Soya King Cooking Oil,2024-12-09,14,12.5,1.68,0.5
10933997347,Wise choice Kenya bakeries,bakery,Manyatta A,-0.0833423,34.7751861,PC001,personal_care,Vaseline Body Lotion,2024-12-09,14,11.5,0.89,0.1
10933997347,Wise choice Kenya bakeries,bakery,Manyatta A,-0.0833423,34.7751861,PC002,personal_care,Dove Bar Soap,2024-12-16,7,6.2,0.83,0.5
10933997347,Wise choice Kenya bakeries,bakery,Manyatta A,-0.0833423,34.7751861,PC003,personal_care,Colgate Toothpaste,2024-12-09,14,7.0,1.0,0.5
10933997347,Wise choice Kenya bakeries,bakery,Manyatta A,-0.0833423,34.7751861,SAN001,sanitary,Always Pads,2024-12-23,0,10.0,0.69,0.1
10933997347,Wise choice Kenya bakeries,bakery,Manyatta A,-0.0833423,34.7751861,SAN002,sanitary,Huggies Diapers,2024-12-23,0,8.0,0.54,0.1
10933997347,Wise choice Kenya bakeries,bakery,Manyatta A,-0.0833423,34.7751861,SOP001,soap,Omo Detergent,2024-12-02,21,7.6,1.35,0.5
10933997347,Wise choice Kenya bakeries,bakery,Manyatta A,-0.0833423,34.7751861,SOP002,soap,Sunlight Bar Soap,2024-12-16,7,26.7,1.33,0.1
10933997347,Wise choice Kenya bakeries,bakery,Manyatta A,-0.0833423,34.7751861,SOP003,soap,Bidco Bar Soap,2024-12-23,0,36.0,1.34,0.1
10933997347,Wise choice Kenya bakeries,bakery,Manyatta A,-0.0833423,34.7751861,SOP004,soap,Dettol Bar Soap,2024-12-16,7,7.3,0.95,0.5
10933997347,Wise choice Kenya bakeries,bakery,Manyatta A,-0.0833423,34.7751861,SUG001,sugar,Mumias Sugar,2024-12-09,14,15.3,1.19,0.1
10933997347,Wise choice Kenya bakeries,bakery,Manyatta A,-0.0833423,34.7751861,SUG002,sugar,Mumias Sugar,2024-12-16,7,19.9,1.44,0.1
10933997347,Wise choice Kenya bakeries,bakery,Manyatta A,-0.0833423,34.7751861,SUG003,sugar,Nzoia Sugar,2024-12-23,0,27.0,1.31,0.1
10933997348,Kosogo wines and spitits,alcohol,Manyatta A,-0.0833314,34.7752213,BEV001,beverages,Afia Juice,2024-12-16,7,14.0,0.99,0.1
10933997348,Kosogo wines and spitits,alcohol,Manyatta A,-0.0833314,34.7752213,BEV002,beverages,Pick n Peel Juice,2024-12-23,0,20.0,1.36,0.1
10933997348,Kosogo wines and spitits,alcohol,Manyatta A,-0.0833314,34.7752213,BEV003,beverages,Tusker Lager,2024-12-02,21,6.8,1.2,0.5
10933997348,Kosogo wines and spitits,alcohol,Manyatta A,-0.0833314,34.7752213,BEV004,beverages,Coca-Cola Soda,2024-12-23,0,36.0,1.32,0.1
10933997348,Kosogo wines and spitits,alcohol,Manyatta A,-0.0833314,34.7752213,FLR001,flour,Jogoo Maize Flour,2024-12-23,0,48.0,2.33,0.1
10933997348,Kosogo wines and spitits,alcohol,Manyatta A,-0.0833314,34.7752213,FLR002,flour,Jogoo Maize Flour,2024-12-16,7,38.3,1.95,0.1
10933997348,Kosogo wines and spitits,alcohol,Manyatta A,-0.0833314,34.7752213,FLR003,flour,Pembe Maize Flour,2024-12-09,14,13.0,1.86,0.5
10933997348,Kosogo wines and spitits,alcohol,Manyatta A,-0.0833314,34.7752213,FLR004,flour,Kabras Maize Flour,2024-12-16,7,30.1,2.13,0.1
10933997348,Kosogo wines and spitits,alcohol,Manyatta A,-0.0833314,34.7752213,OIL001,cooking_oil,Golden Fry Cooking Oil,2024-12-23,0,22.0,1.52,0.1
10933997348,Kosogo wines and spitits,alcohol,Manyatta A,-0.0833314,34.7752213,OIL002,cooking_oil,Golden Fry Cooking Oil,2024-12-09,14,12.0,1.71,0.5
10933997348,Kosogo wines and spitits,alcohol,Manyatta A,-0.0833314,34.7752213,OIL003,cooking_oil,Soya King Cooking Oil,2024-12-16,7,35.4,1.8,0.1
10933997348,Kosogo wines and spitits,alcohol,Manyatta A,-0.0833314,34.7752213,OIL004,cooking_oil,Soya King Cooking Oil,2024-12-09,14,25.5,1.9,0.1
10933997348,Kosogo wines and spitits,alcohol,Manyatta A,-0.0833314,34.7752213,PC001,personal_care,Vaseline Body Lotion,2024-12-23,0,18.0,0.85,0.1
10933997348,Kosogo wines and spitits,alcohol,Manyatta A,-0.0833314,34.7752213,PC002,personal_care,Dove Bar Soap,2024-12-16,7,6.2,0.83,0.5
10933997348,Kosogo wines and spitits,alcohol,Manyatta A,-0.0833314,34.7752213,PC003,personal_care,Colgate Toothpaste,2024-12-09,14,6.2,0.84,0.5
10933997348,Kosogo wines and spitits,alcohol,Manyatta A,-0.0833314,34.7752213,SAN001,sanitary,Always Pads,2024-12-23,0,15.0,0.72,0.1
10933997348,Kosogo wines and spitits,alcohol,Manyatta A,-0.0833314,34.7752213,SAN002,sanitary,Huggies Diapers,2024-12-16,7,11.9,0.87,0.1
10933997348,Kosogo wines and spitits,alcohol,Manyatta A,-0.0833314,34.7752213,SOP001,soap,Omo Detergent,2024-12-16,7,26.5,1.35,0.1
10933997348,Kosogo wines and spitits,alcohol,Manyatta A,-0.0833314,34.7752213,SOP002,soap,Sunlight Bar Soap,2024-12-23,0,24.0,0.89,0.1
10933997348,Kosogo wines and spitits,alcohol,Manyatta A,-0.0833314,34.7752213,SOP003,soap,Bidco Bar Soap,2024-12-23,0,14.0,0.97,0.1
10933997348,Kosogo wines and spitits,alcohol,Manyatta A,-0.0833314,34.7752213,SOP004,soap,Dettol Bar Soap,2024-12-23,0,18.0,1.26,0.1
10933997348,Kosogo wines and spitits,alcohol,Manyatta A,-0.0833314,34.7752213,SUG001,sugar,Mumias Sugar,2024-12-23,0,32.0,1.17,0.1
10933997348,Kosogo wines and spitits,alcohol,Manyatta A,-0.0833314,34.7752213,SUG002,sugar,Mumias Sugar,2024-12-16,7,24.1,1.7,0.1
10933997348,Kosogo wines and spitits,alcohol,Manyatta A,-0.0833314,34.7752213,SUG003,sugar,Nzoia Sugar,2024-12-09,14,23.0,1.79,0.1
10933997354,Fricada Liquor baze,alcohol,Manyatta A,-0.0832826,34.7753358,BEV001,beverages,Afia Juice,2024-12-16,7,29.5,1.5,0.1
10933997354,Fricada Liquor baze,alcohol,Manyatta A,-0.0832826,34.7753358,BEV002,beverages,Pick n Peel Juice,2024-12-16,7,19.9,1.44,0.1
10933997354,Fricada Liquor baze,alcohol,Manyatta A,-0.0832826,34.7753358,BEV003,beverages,Tusker Lager,2024-12-23,0,27.0,1.27,0.1
10933997354,Fricada Liquor baze,alcohol,Manyatta A,-0.0832826,34.7753358,BEV004,beverages,Coca-Cola Soda,2024-12-16,7,23.9,1.15,0.1
10933997354,Fricada Liquor baze,alcohol,Manyatta A,-0.0832826,34.7753358,FLR001,flour,Jogoo Maize Flour,2024-12-09,14,30.6,2.1,0.1
10933997354,Fricada Liquor baze,alcohol,Manyatta A,-0.0832826,34.7753358,FLR002,flour,Jogoo Maize Flour,2024-12-16,7,22.1,1.56,0.1
10933997354,Fricada Liquor baze,alcohol,Manyatta A,-0.0832826,34.7753358,FLR003,flour,Pembe Maize Flour,2024-12-23,0,45.0,2.12,0.1
10933997354,Fricada Liquor baze,alcohol,Manyatta A,-0.0832826,34.7753358,FLR004,flour,Kabras Maize Flour,2024-12-09,14,14.1,1.78,0.5
10933997354,Fricada Liquor baze,alcohol,Manyatta A,-0.0832826,34.7753358,OIL001,cooking_oil,Golden Fry Cooking Oil,2024-12-09,14,24.5,1.97,0.1
10933997354,Fricada Liquor baze,alcohol,Manyatta A,-0.0832826,34.7753358,OIL002,cooking_oil,Golden Fry Cooking Oil,2024-12-23,0,39.0,1.87,0.1
10933997354,Fricada Liquor baze,alcohol,Manyatta A,-0.0832826,34.7753358,OIL003,cooking_oil,Soya King Cooking Oil,2024-12-23,0,26.0,1.74,0.1
10933997354,Fricada Liquor baze,alcohol,Manyatta A,-0.0832826,34.7753358,OIL004,cooking_oil,Soya King Cooking Oil,2024-12-16,7,38.3,1.95,0.1
10933997354,Fricada Liquor baze,alcohol,Manyatta A,-0.0832826,34.7753358,PC001,personal_care,Vaseline Body Lotion,2024-12-16,7,14.8,0.74,0.1
10933997354,Fricada Liquor baze,alcohol,Manyatta A,-0.0832826,34.7753358,PC002,personal_care,Dove Bar Soap,2024-12-16,7,12.2,0.83,0.1
10933997354,Fricada Liquor baze,alcohol,Manyatta A,-0.0832826,34.7753358,PC003,personal_care,Colgate Toothpaste,2024-12-02,21,5.1,0.9,0.5
10933997354,Fricada Liquor baze,alcohol,Manyatta A,-0.0832826,34.7753358,SAN001,sanitary,Always Pads,2024-12-23,0,16.0,0.6,0.1
10933997354,Fricada Liquor baze,alcohol,Manyatta A,-0.0832826,34.7753358,SAN002,sanitary,Huggies Diapers,2024-12-16,7,8.0,0.58,0.1
10933997354,Fricada Liquor baze,alcohol,Manyatta A,-0.0832826,34.7753358,SOP001,soap,Omo Detergent,2024-12-09,14,7.0,1.0,0.5
10933997354,Fricada Liquor baze,alcohol,Manyatta A,-0.0832826,34.7753358,SOP002,soap,Sunlight Bar Soap,2024-12-16,7,16.2,1.11,0.1
10933997354,Fricada Liquor baze,alcohol,Manyatta A,-0.0832826,34.7753358,SOP003,soap,Bidco Bar Soap,2024-12-09,14,13.7,1.02,0.1
10933997354,Fricada Liquor baze,alcohol,Manyatta A,-0.0832826,34.7753358,SOP004,soap,Dettol Bar Soap,2024-12-16,7,9.6,1.2,0.5
10933997354,Fricada Liquor baze,alcohol,Manyatta A,-0.0832826,34.7753358,SUG001,sugar,Mumias Sugar,2024-12-23,0,24.0,1.16,0.1
10933997354,Fricada Liquor baze,alcohol,Manyatta A,-0.0832826,34.7753358,SUG002,sugar,Mumias Sugar,2024-12-09,14,8.0,1.14,0.5
10933997354,Fricada Liquor baze,alcohol,Manyatta A,-0.0832826,34.7753358,SUG003,sugar,Nzoia Sugar,2024-12-02,21,10.4,1.41,0.5
10933998079,Y&M wines and spirits,alcohol,Migosi,-0.0816187,34.7796458,BEV001,beverages,Afia Juice,2024-12-09,14,0.8,1.37,0.75
10933998079,Y&M wines and spirits,alcohol,Migosi,-0.0816187,34.7796458,BEV002,beverages,Pick n Peel Juice,2024-12-16,7,8.4,1.09,0.5
10933998079,Y&M wines and spirits,alcohol,Migosi,-0.0816187,34.7796458,BEV003,beverages,Tusker Lager,2024-12-16,7,17.9,1.3,0.1
10933998079,Y&M wines and spirits,alcohol,Migosi,-0.0816187,34.7796458,BEV004,beverages,Coca-Cola Soda,2024-12-16,7,9.4,1.23,0.5
10933998079,Y&M wines and spirits,alcohol,Migosi,-0.0816187,34.7796458,FLR001,flour,Jogoo Maize Flour,2024-12-09,14,1.7,1.88,0.75
10933998079,Y&M wines and spirits,alcohol,Migosi,-0.0816187,34.7796458,FLR002,flour,Jogoo Maize Flour,2024-12-02,21,-0.2,1.72,1.0
10933998079,Y&M wines and spirits,alcohol,Migosi,-0.0816187,34.7796458,FLR003,flour,Pembe Maize Flour,2024-12-16,7,15.7,2.05,0.5
10933998079,Y&M wines and spirits,alcohol,Migosi,-0.0816187,34.7796458,FLR004,flour,Kabras Maize Flour,2024-12-16,7,35.6,1.77,0.1
10933998079,Y&M wines and spirits,alcohol,Migosi,-0.0816187,34.7796458,OIL001,cooking_oil,Golden Fry Cooking Oil,2024-12-02,21,0.6,1.97,0.75
10933998079,Y&M wines and spirits,alcohol,Migosi,-0.0816187,34.7796458,OIL002,cooking_oil,Golden Fry Cooking Oil,2024-12-09,14,20.4,1.68,0.1
10933998079,Y&M wines and spirits,alcohol,Migosi,-0.0816187,34.7796458,OIL003,cooking_oil,Soya King Cooking Oil,2024-12-16,7,35.6,1.77,0.1
10933998079,Y&M wines and spirits,alcohol,Migosi,-0.0816187,34.7796458,OIL004,cooking_oil,Soya King Cooking Oil,2024-12-02,21,8.5,1.5,0.5
10933998079,Y&M wines and spirits,alcohol,Migosi,-0.0816187,34.7796458,PC001,personal_care,Vaseline Body Lotion,2024-11-25,28,-1.7,1.06,1.0
10933998079,Y&M wines and spirits,alcohol,Migosi,-0.0816187,34.7796458,PC002,personal_care,Dove Bar Soap,2024-11-25,28,-1.8,0.92,1.0
10933998079,Y&M wines and spirits,alcohol,Migosi,-0.0816187,34.7796458,PC003,personal_care,Colgate Toothpaste,2024-12-09,14,0.5,0.82,0.75
10933998079,Y&M wines and spirits,alcohol,Migosi,-0.0816187,34.7796458,SAN001,sanitary,Always Pads,2024-12-16,7,8.3,0.53,0.1
10933998079,Y&M wines and spirits,alcohol,Migosi,-0.0816187,34.7796458,SAN002,sanitary,Huggies Diapers,2024-11-25,28,-0.8,0.74,1.0
10933998079,Y&M wines and spirits,alcohol,Migosi,-0.0816187,34.7796458,SOP001,soap,Omo Detergent,2024-12-09,14,1.5,1.18,0.75
10933998079,Y&M wines and spirits,alcohol,Migosi,-0.0816187,34.7796458,SOP002,soap,Sunlight Bar Soap,2024-12-02,21,8.2,1.32,0.5
10933998079,Y&M wines and spirits,alcohol,Migosi,-0.0816187,34.7796458,SOP003,soap,Bidco Bar Soap,2024-12-16,7,23.7,1.18,0.1
10933998079,Y&M wines and spirits,alcohol,Migosi,-0.0816187,34.7796458,SOP004,soap,Dettol Bar Soap,2024-11-25,28,-1.7,1.06,1.0
10933998079,Y&M wines and spirits,alcohol,Migosi,-0.0816187,34.7796458,SUG001,sugar,Mumias Sugar,2024-12-02,21,7.6,1.35,0.5
10933998079,Y&M wines and spirits,alcohol,Migosi,-0.0816187,34.7796458,SUG002,sugar,Mumias Sugar,2024-11-25,28,-2.4,1.51,1.0
10933998079,Y&M wines and spirits,alcohol,Migosi,-0.0816187,34.7796458,SUG003,sugar,Nzoia Sugar,2024-12-02,21,0.5,1.69,0.75
10936324381,Yurop butchery,butcher,Nyawita sublocation,-0.084615,34.7731527,BEV001,beverages,Afia Juice,2024-12-23,0,12.0,0.45,0.1
10936324381,Yurop butchery,butcher,Nyawita sublocation,-0.084615,34.7731527,BEV002,beverages,Pick n Peel Juice,2024-12-16,7,3.1,0.41,0.5
10936324381,Yurop butchery,butcher,Nyawita sublocation,-0.084615,34.7731527,BEV003,beverages,Tusker Lager,2024-12-23,0,12.0,0.45,0.1
10936324381,Yurop butchery,butcher,Nyawita sublocation,-0.084615,34.7731527,BEV004,beverages,Coca-Cola Soda,2024-12-23,0,12.0,0.45,0.1
10936324381,Yurop butchery,butcher,Nyawita sublocation,-0.084615,34.7731527,FLR001,flour,Jogoo Maize Flour,2024-12-23,0,24.0,0.89,0.1
10936324381,Yurop butchery,butcher,Nyawita sublocation,-0.084615,34.7731527,FLR002,flour,Jogoo Maize Flour,2024-12-23,0,12.0,0.83,0.1
10936324381,Yurop butchery,butcher,Nyawita sublocation,-0.084615,34.7731527,FLR003,flour,Pembe Maize Flour,2024-12-02,21,4.6,0.73,0.5
10936324381,Yurop butchery,butcher,Nyawita sublocation,-0.084615,34.7731527,FLR004,flour,Kabras Maize Flour,2024-12-23,0,24.0,0.89,0.1
10936324381,Yurop butchery,butcher,Nyawita sublocation,-0.084615,34.7731527,OIL001,cooking_oil,Golden Fry Cooking Oil,2024-12-09,14,7.7,0.6,0.1
10936324381,Yurop butchery,butcher,Nyawita sublocation,-0.084615,34.7731527,OIL002,cooking_oil,Golden Fry Cooking Oil,2024-12-02,21,3.7,0.59,0.5
10936324381,Yurop butchery,butcher,Nyawita sublocation,-0.084615,34.7731527,OIL003,cooking_oil,Soya King Cooking Oil,2024-12-16,7,14.9,0.72,0.1
10936324381,Yurop butchery,butcher,Nyawita sublocation,-0.084615,34.7731527,OIL004,cooking_oil,Soya King Cooking Oil,2024-12-02,21,3.7,0.59,0.5
10936324381,Yurop butchery,butcher,Nyawita sublocation,-0.084615,34.7731527,PC001,personal_care,Vaseline Body Lotion,2024-12-16,7,4.0,0.29,0.1
10936324381,Yurop butchery,butcher,Nyawita sublocation,-0.084615,34.7731527,PC002,personal_care,Dove Bar Soap,2024-12-16,7,2.1,0.28,0.5
10936324381,Yurop butchery,butcher,Nyawita sublocation,-0.084615,34.7731527,PC003,personal_care,Colgate Toothpaste,2024-12-02,21,1.7,0.3,0.5
10936324381,Yurop butchery,butcher,Nyawita sublocation,-0.084615,34.7731527,SAN001,sanitary,Always Pads,2024-12-09,14,1.9,0.29,0.5
10936324381,Yurop butchery,butcher,Nyawita sublocation,-0.084615,34.7731527,SAN002,sanitary,Huggies Diapers,2024-12-23,0,6.0,0.29,0.1
10936324381,Yurop butchery,butcher,Nyawita sublocation,-0.084615,34.7731527,SOP001,soap,Omo Detergent,2024-12-23,0,9.0,0.43,0.1
10936324381,Yurop butchery,butcher,Nyawita sublocation,-0.084615,34.7731527,SOP002,soap,Sunlight Bar Soap,2024-12-16,7,8.8,0.45,0.1
10936324381,Yurop butchery,butcher,Nyawita sublocation,-0.084615,34.7731527,SOP003,soap,Bidco Bar Soap,2024-12-16,7,5.9,0.3,0.1
10936324381,Yurop butchery,butcher,Nyawita sublocation,-0.084615,34.7731527,SOP004,soap,Dettol Bar Soap,2024-12-16,7,8.9,0.44,0.1
10936324381,Yurop butchery,butcher,Nyawita sublocation,-0.084615,34.7731527,SUG001,sugar,Mumias Sugar,2024-12-02,21,3.7,0.59,0.5
10936324381,Yurop butchery,butcher,Nyawita sublocation,-0.084615,34.7731527,SUG002,sugar,Mumias Sugar,2024-12-23,0,16.0,0.6,0.1
10936324381,Yurop butchery,butcher,Nyawita sublocation,-0.084615,34.7731527,SUG003,sugar,Nzoia Sugar,2024-12-02,21,3.4,0.6,0.5
10936324384,Unknown,kiosk,Nyawita sublocation,-0.0846984,34.7730737,BEV001,beverages,Afia Juice,2024-12-09,14,5.7,0.45,0.1
10936324384,Unknown,kiosk,Nyawita sublocation,-0.0846984,34.7730737,BEV002,beverages,Pick n Peel Juice,2024-12-23,0,9.0,0.42,0.1
10936324384,Unknown,kiosk,Nyawita sublocation,-0.0846984,34.7730737,BEV003,beverages,Tusker Lager,2024-12-16,7,11.8,0.6,0.1
10936324384,Unknown,kiosk,Nyawita sublocation,-0.0846984,34.7730737,BEV004,beverages,Coca-Cola Soda,2024-12-23,0,12.0,0.44,0.1
10936324384,Unknown,kiosk,Nyawita sublocation,-0.0846984,34.7730737,FLR001,flour,Jogoo Maize Flour,2024-12-16,7,17.8,0.89,0.1
10936324384,Unknown,kiosk,Nyawita sublocation,-0.0846984,34.7730737,FLR002,flour,Jogoo Maize Flour,2024-12-09,14,6.0,0.86,0.5
10936324384,Unknown,kiosk,Nyawita sublocation,-0.0846984,34.7730737,FLR003,flour,Pembe Maize Flour,2024-12-16,7,11.9,0.87,0.1
10936324384,Unknown,kiosk,Nyawita sublocation,-0.0846984,34.7730737,FLR004,flour,Kabras Maize Flour,2024-12-09,14,9.6,0.74,0.1
10936324384,Unknown,kiosk,Nyawita sublocation,-0.0846984,34.7730737,OIL001,cooking_oil,Golden Fry Cooking Oil,2024-12-16,7,9.0,0.43,0.1
10936324384,Unknown,kiosk,Nyawita sublocation,-0.0846984,34.7730737,OIL002,cooking_oil,Golden Fry Cooking Oil,2024-12-02,21,3.7,0.59,0.5
10936324384,Unknown,kiosk,Nyawita sublocation,-0.0846984,34.7730737,OIL003,cooking_oil,Soya King Cooking Oil,2024-12-16,7,5.2,0.69,0.5
10936324384,Unknown,kiosk,Nyawita sublocation,-0.0846984,34.7730737,OIL004,cooking_oil,Soya King Cooking Oil,2024-12-02,21,4.0,0.76,0.5
10936324384,Unknown,kiosk,Nyawita sublocation,-0.0846984,34.7730737,PC001,personal_care,Vaseline Body Lotion,2024-12-23,0,4.0,0.27,0.1
10936324384,Unknown,kiosk,Nyawita sublocation,-0.0846984,34.7730737,PC002,personal_care,Dove Bar Soap,2024-12-23,0,6.0,0.28,0.1
10936324384,Unknown,kiosk,Nyawita sublocation,-0.0846984,34.7730737,PC003,personal_care,Colgate Toothpaste,2024-12-16,7,2.1,0.27,0.5
10936324384,Unknown,kiosk,Nyawita sublocation,-0.0846984,34.7730737,SAN001,sanitary,Always Pads,2024-12-16,7,2.1,0.28,0.5
10936324384,Unknown,kiosk,Nyawita sublocation,-0.0846984,34.7730737,SAN002,sanitary,Huggies Diapers,2024-12-23,0,8.0,0.3,0.1
10936324384,Unknown,kiosk,Nyawita sublocation,-0.0846984,34.7730737,SOP001,soap,Omo Detergent,2024-12-23,0,4.0,0.27,0.1
10936324384,Unknown,kiosk,Nyawita sublocation,-0.0846984,34.7730737,SOP002,soap,Sunlight Bar Soap,2024-12-09,14,3.8,0.3,0.1
10936324384,Unknown,kiosk,Nyawita sublocation,-0.0846984,34.7730737,SOP003,soap,Bidco Bar Soap,2024-12-23,0,9.0,0.43,0.1
10936324384,Unknown,kiosk,Nyawita sublocation,-0.0846984,34.7730737,SOP004,soap,Dettol Bar Soap,2024-12-16,7,3.0,0.43,0.5
10936324384,Unknown,kiosk,Nyawita sublocation,-0.0846984,34.7730737,SUG001,sugar,Mumias Sugar,2024-12-02,21,2.5,0.45,0.5
10936324384,Unknown,kiosk,Nyawita sublocation,-0.0846984,34.7730737,SUG002,sugar,Mumias Sugar,2024-12-16,7,4.2,0.55,0.5
10936324384,Unknown,kiosk,Nyawita sublocation,-0.0846984,34.7730737,SUG003,sugar,Nzoia Sugar,2024-12-23,0,8.0,0.56,0.1
10936324385,Unknown,kiosk,Nyawita sublocation,-0.0846984,34.7730489,BEV001,beverages,Afia Juice,2024-12-23,0,9.0,0.41,0.1
10936324385,Unknown,kiosk,Nyawita sublocation,-0.0846984,34.7730489,BEV002,beverages,Pick n Peel Juice,2024-12-09,14,5.9,0.44,0.1
10936324385,Unknown,kiosk,Nyawita sublocation,-0.0846984,34.7730489,BEV003,beverages,Tusker Lager,2024-12-23,0,9.0,0.41,0.1
10936324385,Unknown,kiosk,Nyawita sublocation,-0.0846984,34.7730489,BEV004,beverages,Coca-Cola Soda,2024-12-23,0,8.0,0.55,0.1
10936324385,Unknown,kiosk,Nyawita sublocation,-0.0846984,34.7730489,FLR001,flour,Jogoo Maize Flour,2024-12-23,0,20.0,0.71,0.1
10936324385,Unknown,kiosk,Nyawita sublocation,-0.0846984,34.7730489,FLR002,flour,Jogoo Maize Flour,2024-12-23,0,10.0,0.69,0.1
10936324385,Unknown,kiosk,Nyawita sublocation,-0.0846984,34.7730489,FLR003,flour,Pembe Maize Flour,2024-12-23,0,10.0,0.67,0.1
10936324385,Unknown,kiosk,Nyawita sublocation,-0.0846984,34.7730489,FLR004,flour,Kabras Maize Flour,2024-12-09,14,5.2,0.7,0.5
10936324385,Unknown,kiosk,Nyawita sublocation,-0.0846984,34.7730489,OIL001,cooking_oil,Golden Fry Cooking Oil,2024-12-09,14,4.2,0.56,0.5
10936324385,Unknown,kiosk,Nyawita sublocation,-0.0846984,34.7730489,OIL002,cooking_oil,Golden Fry Cooking Oil,2024-12-02,21,3.7,0.59,0.5
10936324385,Unknown,kiosk,Nyawita sublocation,-0.0846984,34.7730489,OIL003,cooking_oil,Soya King Cooking Oil,2024-12-23,0,16.0,0.57,0.1
10936324385,Unknown,kiosk,Nyawita sublocation,-0.0846984,34.7730489,OIL004,cooking_oil,Soya King Cooking Oil,2024-12-02,21,3.7,0.59,0.5
10936324385,Unknown,kiosk,Nyawita sublocation,-0.0846984,34.7730489,PC001,personal_care,Vaseline Body Lotion,2024-12-23,0,6.0,0.28,0.1
10936324385,Unknown,kiosk,Nyawita sublocation,-0.0846984,34.7730489,PC002,personal_care,Dove Bar Soap,2024-12-23,0,6.0,0.41,0.1
10936324385,Unknown,kiosk,Nyawita sublocation,-0.0846984,34.7730489,PC003,personal_care,Colgate Toothpaste,2024-12-09,14,2.0,0.29,0.5
10936324385,Unknown,kiosk,Nyawita sublocation,-0.0846984,34.7730489,SAN001,sanitary,Always Pads,2024-12-23,0,4.0,0.28,0.1
10936324385,Unknown,kiosk,Nyawita sublocation,-0.0846984,34.7730489,SAN002,sanitary,Huggies Diapers,2024-12-23,0,4.0,0.26,0.1
10936324385,Unknown,kiosk,Nyawita sublocation,-0.0846984,34.7730489,SOP001,soap,Omo Detergent,2024-12-09,14,3.8,0.3,0.1
10936324385,Unknown,kiosk,Nyawita sublocation,-0.0846984,34.7730489,SOP002,soap,Sunlight Bar Soap,2024-12-02,21,2.7,0.44,0.5
10936324385,Unknown,kiosk,Nyawita sublocation,-0.0846984,34.7730489,SOP003,soap,Bidco Bar Soap,2024-12-23,0,6.0,0.4,0.1
10936324385,Unknown,kiosk,Nyawita sublocation,-0.0846984,34.7730489,SOP004,soap,Dettol Bar Soap,2024-12-23,0,9.0,0.41,0.1
10936324385,Unknown,kiosk,Nyawita sublocation,-0.0846984,34.7730489,SUG001,sugar,Mumias Sugar,2024-12-23,0,12.0,0.57,0.1
10936324385,Unknown,kiosk,Nyawita sublocation,-0.0846984,34.7730489,SUG002,sugar,Mumias Sugar,2024-12-02,21,2.5,0.45,0.5
10936324385,Unknown,kiosk,Nyawita sublocation,-0.0846984,34.7730489,SUG003,sugar,Nzoia Sugar,2024-12-23,0,8.0,0.55,0.1
10936335484,Unknown,kiosk,Manyatta A,-0.0800925,34.7842398,BEV001,beverages,Afia Juice,2024-12-09,14,7.7,0.6,0.1
10936335484,Unknown,kiosk,Manyatta A,-0.0800925,34.7842398,BEV002,beverages,Pick n Peel Juice,2024-11-25,28,-0.7,0.45,1.0
10936335484,Unknown,kiosk,Manyatta A,-0.0800925,34.7842398,BEV003,beverages,Tusker Lager,2024-12-02,21,2.7,0.44,0.5
10936335484,Unknown,kiosk,Manyatta A,-0.0800925,34.7842398,BEV004,beverages,Coca-Cola Soda,2024-12-09,14,3.0,0.43,0.5
10936335484,Unknown,kiosk,Manyatta A,-0.0800925,34.7842398,FLR001,flour,Jogoo Maize Flour,2024-12-16,7,14.8,0.74,0.1
10936335484,Unknown,kiosk,Manyatta A,-0.0800925,34.7842398,FLR002,flour,Jogoo Maize Flour,2024-12-09,14,11.3,0.91,0.1
10936335484,Unknown,kiosk,Manyatta A,-0.0800925,34.7842398,FLR003,flour,Pembe Maize Flour,2024-12-09,14,5.2,0.7,0.5
10936335484,Unknown,kiosk,Manyatta A,-0.0800925,34.7842398,FLR004,flour,Kabras Maize Flour,2024-12-09,14,7.5,0.6,0.1
10936335484,Unknown,kiosk,Manyatta A,-0.0800925,34.7842398,OIL001,cooking_oil,Golden Fry Cooking Oil,2024-12-09,14,4.0,0.57,0.5
10936335484,Unknown,kiosk,Manyatta A,-0.0800925,34.7842398,OIL002,cooking_oil,Golden Fry Cooking Oil,2024-12-09,14,7.7,0.6,0.1
10936335484,Unknown,kiosk,Manyatta A,-0.0800925,34.7842398,OIL003,cooking_oil,Soya King Cooking Oil,2024-12-16,7,8.0,0.57,0.1
10936335484,Unknown,kiosk,Manyatta A,-0.0800925,34.7842398,OIL004,cooking_oil,Soya King Cooking Oil,2024-12-16,7,4.1,0.55,0.5
10936335484,Unknown,kiosk,Manyatta A,-0.0800925,34.7842398,PC001,personal_care,Vaseline Body Lotion,2024-12-16,7,5.9,0.3,0.1
10936335484,Unknown,kiosk,Manyatta A,-0.0800925,34.7842398,PC002,personal_care,Dove Bar Soap,2024-12-16,7,2.1,0.27,0.5
10936335484,Unknown,kiosk,Manyatta A,-0.0800925,34.7842398,PC003,personal_care,Colgate Toothpaste,2024-12-09,14,3.8,0.3,0.1
10936335484,Unknown,kiosk,Manyatta A,-0.0800925,34.7842398,SAN001,sanitary,Always Pads,2024-11-25,28,-0.3,0.3,1.0
10936335484,Unknown,kiosk,Manyatta A,-0.0800925,34.7842398,SAN002,sanitary,Huggies Diapers,2024-12-16,7,2.1,0.27,0.5
10936335484,Unknown,kiosk,Manyatta A,-0.0800925,34.7842398,SOP001,soap,Omo Detergent,2024-12-09,14,2.0,0.29,0.5
10936335484,Unknown,kiosk,Manyatta A,-0.0800925,34.7842398,SOP002,soap,Sunlight Bar Soap,2024-12-16,7,3.1,0.42,0.5
10936335484,Unknown,kiosk,Manyatta A,-0.0800925,34.7842398,SOP003,soap,Bidco Bar Soap,2024-12-16,7,6.0,0.29,0.1
10936335484,Unknown,kiosk,Manyatta A,-0.0800925,34.7842398,SOP004,soap,Dettol Bar Soap,2024-12-16,7,4.0,0.28,0.1
10936335484,Unknown,kiosk,Manyatta A,-0.0800925,34.7842398,SUG001,sugar,Mumias Sugar,2024-12-16,7,4.2,0.55,0.5
10936335484,Unknown,kiosk,Manyatta A,-0.0800925,34.7842398,SUG002,sugar,Mumias Sugar,2024-12-09,14,2.9,0.44,0.5
10936335484,Unknown,kiosk,Manyatta A,-0.0800925,34.7842398,SUG003,sugar,Nzoia Sugar,2024-12-16,7,4.1,0.55,0.5
10936335485,Unknown,kiosk,Manyatta A,-0.0801022,34.7841911,BEV001,beverages,Afia Juice,2024-12-16,7,4.2,0.54,0.5
10936335485,Unknown,kiosk,Manyatta A,-0.0801022,34.7841911,BEV002,beverages,Pick n Peel Juice,2024-12-16,7,8.9,0.45,0.1
10936335485,Unknown,kiosk,Manyatta A,-0.0801022,34.7841911,BEV003,beverages,Tusker Lager,2024-12-02,21,2.9,0.43,0.5
10936335485,Unknown,kiosk,Manyatta A,-0.0801022,34.7841911,BEV004,beverages,Coca-Cola Soda,2024-12-16,7,3.1,0.41,0.5
10936335485,Unknown,kiosk,Manyatta A,-0.0801022,34.7841911,FLR001,flour,Jogoo Maize Flour,2024-12-09,14,7.6,0.6,0.1
10936335485,Unknown,kiosk,Manyatta A,-0.0801022,34.7841911,FLR002,flour,Jogoo Maize Flour,2024-12-23,0,10.0,0.69,0.1
10936335485,Unknown,kiosk,Manyatta A,-0.0801022,34.7841911,FLR003,flour,Pembe Maize Flour,2024-12-02,21,5.3,0.89,0.5
10936335485,Unknown,kiosk,Manyatta A,-0.0801022,34.7841911,FLR004,flour,Kabras Maize Flour,2024-12-16,7,4.1,0.56,0.5
10936335485,Unknown,kiosk,Manyatta A,-0.0801022,34.7841911,OIL001,cooking_oil,Golden Fry Cooking Oil,2024-12-09,14,7.8,0.59,0.1
10936335485,Unknown,kiosk,Manyatta A,-0.0801022,34.7841911,OIL002,cooking_oil,Golden Fry Cooking Oil,2024-12-16,7,3.1,0.41,0.5
10936335485,Unknown,kiosk,Manyatta A,-0.0801022,34.7841911,OIL003,cooking_oil,Soya King Cooking Oil,2024-12-16,7,8.1,0.56,0.1
10936335485,Unknown,kiosk,Manyatta A,-0.0801022,34.7841911,OIL004,cooking_oil,Soya King Cooking Oil,2024-12-02,21,3.3,0.61,0.5
10936335485,Unknown,kiosk,Manyatta A,-0.0801022,34.7841911,PC001,personal_care,Vaseline Body Lotion,2024-12-23,0,4.0,0.28,0.1
10936335485,Unknown,kiosk,Manyatta A,-0.0801022,34.7841911,PC002,personal_care,Dove Bar Soap,2024-12-09,14,2.1,0.28,0.5
10936335485,Unknown,kiosk,Manyatta A,-0.0801022,34.7841911,PC003,personal_care,Colgate Toothpaste,2024-12-16,7,4.0,0.29,0.1
10936335485,Unknown,kiosk,Manyatta A,-0.0801022,34.7841911,SAN001,sanitary,Always Pads,2024-12-23,0,6.0,0.29,0.1
10936335485,Unknown,kiosk,Manyatta A,-0.0801022,34.7841911,SAN002,sanitary,Huggies Diapers,2024-12-23,0,8.0,0.3,0.1
10936335485,Unknown,kiosk,Manyatta A,-0.0801022,34.7841911,SOP001,soap,Omo Detergent,2024-12-02,21,1.8,0.3,0.5
10936335485,Unknown,kiosk,Manyatta A,-0.0801022,34.7841911,SOP002,soap,Sunlight Bar Soap,2024-12-16,7,6.0,0.43,0.1
10936335485,Unknown,kiosk,Manyatta A,-0.0801022,34.7841911,SOP003,soap,Bidco Bar Soap,2024-12-23,0,8.0,0.3,0.1
10936335485,Unknown,kiosk,Manyatta A,-0.0801022,34.7841911,SOP004,soap,Dettol Bar Soap,2024-12-09,14,3.9,0.29,0.1
10936335485,Unknown,kiosk,Manyatta A,-0.0801022,34.7841911,SUG001,sugar,Mumias Sugar,2024-12-02,21,3.3,0.61,0.5
10936335485,Unknown,kiosk,Manyatta A,-0.0801022,34.7841911,SUG002,sugar,Mumias Sugar,2024-12-09,14,7.6,0.6,0.1
10936335485,Unknown,kiosk,Manyatta A,-0.0801022,34.7841911,SUG003,sugar,Nzoia Sugar,2024-12-23,0,12.0,0.58,0.1
10936335486,Unknown,kiosk,Manyatta A,-0.0801254,34.7841498,BEV001,beverages,Afia Juice,2024-12-16,7,9.0,0.43,0.1
10936335486,Unknown,kiosk,Manyatta A,-0.0801254,34.7841498,BEV002,beverages,Pick n Peel Juice,2024-12-23,0,12.0,0.41,0.1
10936335486,Unknown,kiosk,Manyatta A,-0.0801254,34.7841498,BEV003,beverages,Tusker Lager,2024-12-16,7,8.8,0.46,0.1
10936335486,Unknown,kiosk,Manyatta A,-0.0801254,34.7841498,BEV004,beverages,Coca-Cola Soda,2024-12-09,14,6.0,0.43,0.1
10936335486,Unknown,kiosk,Manyatta A,-0.0801254,34.7841498,FLR001,flour,Jogoo Maize Flour,2024-12-16,7,4.2,0.55,0.5
10936335486,Unknown,kiosk,Manyatta A,-0.0801254,34.7841498,FLR002,flour,Jogoo Maize Flour,2024-12-23,0,12.0,0.58,0.1
10936335486,Unknown,kiosk,Manyatta A,-0.0801254,34.7841498,FLR003,flour,Pembe Maize Flour,2024-12-23,0,12.0,0.84,0.1
10936335486,Unknown,kiosk,Manyatta A,-0.0801254,34.7841498,FLR004,flour,Kabras Maize Flour,2024-12-23,0,15.0,0.72,0.1
10936335486,Unknown,kiosk,Manyatta A,-0.0801254,34.7841498,OIL001,cooking_oil,Golden Fry Cooking Oil,2024-12-09,14,8.0,0.57,0.1
10936335486,Unknown,kiosk,Manyatta A,-0.0801254,34.7841498,OIL002,cooking_oil,Golden Fry Cooking Oil,2024-12-02,21,5.0,0.52,0.5
10936335486,Unknown,kiosk,Manyatta A,-0.0801254,34.7841498,OIL003,cooking_oil,Soya King Cooking Oil,2024-12-16,7,6.1,0.41,0.1
10936335486,Unknown,kiosk,Manyatta A,-0.0801254,34.7841498,OIL004,cooking_oil,Soya King Cooking Oil,2024-12-16,7,9.9,0.72,0.1
10936335486,Unknown,kiosk,Manyatta A,-0.0801254,34.7841498,PC001,personal_care,Vaseline Body Lotion,2024-12-02,21,2.5,0.45,0.5
10936335486,Unknown,kiosk,Manyatta A,-0.0801254,34.7841498,PC002,personal_care,Dove Bar Soap,2024-12-16,7,2.3,0.24,0.5
10936335486,Unknown,kiosk,Manyatta A,-0.0801254,34.7841498,PC003,personal_care,Colgate Toothpaste,2024-12-02,21,2.3,0.27,0.5
10936335486,Unknown,kiosk,Manyatta A,-0.0801254,34.7841498,SAN001,sanitary,Always Pads,2024-12-16,7,2.1,0.28,0.5
10936335486,Unknown,kiosk,Manyatta A,-0.0801254,34.7841498,SAN002,sanitary,Huggies Diapers,2024-12-09,14,2.2,0.27,0.5
10936335486,Unknown,kiosk,Manyatta A,-0.0801254,34.7841498,SOP001,soap,Omo Detergent,2024-12-16,7,3.3,0.39,0.5
10936335486,Unknown,kiosk,Manyatta A,-0.0801254,34.7841498,SOP002,soap,Sunlight Bar Soap,2024-12-09,14,2.0,0.29,0.5
10936335486,Unknown,kiosk,Manyatta A,-0.0801254,34.7841498,SOP003,soap,Bidco Bar Soap,2024-12-09,14,5.8,0.45,0.1
10936335486,Unknown,kiosk,Manyatta A,-0.0801254,34.7841498,SOP004,soap,Dettol Bar Soap,2024-12-23,0,12.0,0.44,0.1
10936335486,Unknown,kiosk,Manyatta A,-0.0801254,34.7841498,SUG001,sugar,Mumias Sugar,2024-12-09,14,3.4,0.4,0.5
10936335486,Unknown,kiosk,Manyatta A,-0.0801254,34.7841498,SUG002,sugar,Mumias Sugar,2024-12-09,14,7.5,0.6,0.1
10936335486,Unknown,kiosk,Manyatta A,-0.0801254,34.7841498,SUG003,sugar,Nzoia Sugar,2024-12-09,14,5.8,0.45,0.1
10936335487,Unknown,kiosk,Manyatta A,-0.0800816,34.7842897,BEV001,beverages,Afia Juice,2024-12-16,7,8.0,0.57,0.1
10936335487,Unknown,kiosk,Manyatta A,-0.0800816,34.7842897,BEV002,beverages,Pick n Peel Juice,2024-12-16,7,3.1,0.41,0.5
10936335487,Unknown,kiosk,Manyatta A,-0.0800816,34.7842897,BEV003,beverages,Tusker Lager,2024-12-23,0,12.0,0.57,0.1
10936335487,Unknown,kiosk,Manyatta A,-0.0800816,34.7842897,BEV004,beverages,Coca-Cola Soda,2024-12-16,7,3.1,0.41,0.5
10936335487,Unknown,kiosk,Manyatta A,-0.0800816,34.7842897,FLR001,flour,Jogoo Maize Flour,2024-12-16,7,5.2,0.68,0.5
10936335487,Unknown,kiosk,Manyatta A,-0.0800816,34.7842897,FLR002,flour,Jogoo Maize Flour,2024-12-23,0,12.0,0.54,0.1
10936335487,Unknown,kiosk,Manyatta A,-0.0800816,34.7842897,FLR003,flour,Pembe Maize Flour,2024-12-16,7,11.9,0.87,0.1
10936335487,Unknown,kiosk,Manyatta A,-0.0800816,34.7842897,FLR004,flour,Kabras Maize Flour,2024-12-16,7,4.1,0.56,0.5
10936335487,Unknown,kiosk,Manyatta A,-0.0800816,34.7842897,OIL001,cooking_oil,Golden Fry Cooking Oil,2024-12-16,7,14.9,0.72,0.1
10936335487,Unknown,kiosk,Manyatta A,-0.0800816,34.7842897,OIL002,cooking_oil,Golden Fry Cooking Oil,2024-12-09,14,4.0,0.57,0.5
10936335487,Unknown,kiosk,Manyatta A,-0.0800816,34.7842897,OIL003,cooking_oil,Soya King Cooking Oil,2024-12-16,7,6.0,0.43,0.1
10936335487,Unknown,kiosk,Manyatta A,-0.0800816,34.7842897,OIL004,cooking_oil,Soya King Cooking Oil,2024-12-16,7,4.1,0.55,0.5
10936335487,Unknown,kiosk,Manyatta A,-0.0800816,34.7842897,PC001,personal_care,Vaseline Body Lotion,2024-12-16,7,2.1,0.27,0.5
10936335487,Unknown,kiosk,Manyatta A,-0.0800816,34.7842897,PC002,personal_care,Dove Bar Soap,2024-12-23,0,8.0,0.28,0.1
10936335487,Unknown,kiosk,Manyatta A,-0.0800816,34.7842897,PC003,personal_care,Colgate Toothpaste,2024-12-16,7,5.9,0.3,0.1
10936335487,Unknown,kiosk,Manyatta A,-0.0800816,34.7842897,SAN001,sanitary,Always Pads,2024-12-23,0,4.0,0.28,0.1
10936335487,Unknown,kiosk,Manyatta A,-0.0800816,34.7842897,SAN002,sanitary,Huggies Diapers,2024-12-16,7,3.0,0.14,0.1
10936335487,Unknown,kiosk,Manyatta A,-0.0800816,34.7842897,SOP001,soap,Omo Detergent,2024-12-23,0,4.0,0.26,0.1
10936335487,Unknown,kiosk,Manyatta A,-0.0800816,34.7842897,SOP002,soap,Sunlight Bar Soap,2024-12-02,21,1.7,0.3,0.5
10936335487,Unknown,kiosk,Manyatta A,-0.0800816,34.7842897,SOP003,soap,Bidco Bar Soap,2024-12-16,7,2.1,0.28,0.5
10936335487,Unknown,kiosk,Manyatta A,-0.0800816,34.7842897,SOP004,soap,Dettol Bar Soap,2024-12-16,7,6.0,0.43,0.1
10936335487,Unknown,kiosk,Manyatta A,-0.0800816,34.7842897,SUG001,sugar,Mumias Sugar,2024-12-23,0,9.0,0.42,0.1
10936335487,Unknown,kiosk,Manyatta A,-0.0800816,34.7842897,SUG002,sugar,Mumias Sugar,2024-12-16,7,11.9,0.59,0.1
10936335487,Unknown,kiosk,Manyatta A,-0.0800816,34.7842897,SUG003,sugar,Nzoia Sugar,2024-12-23,0,8.0,0.54,0.1
10936347161,Fourems holdings,kiosk,Manyatta A,-0.0820743,34.7786704,BEV001,beverages,Afia Juice,2024-12-23,0,12.0,0.42,0.1
10936347161,Fourems holdings,kiosk,Manyatta A,-0.0820743,34.7786704,BEV002,beverages,Pick n Peel Juice,2024-12-09,14,2.0,0.29,0.5
10936347161,Fourems holdings,kiosk,Manyatta A,-0.0820743,34.7786704,BEV003,beverages,Tusker Lager,2024-12-16,7,6.1,0.41,0.1
10936347161,Fourems holdings,kiosk,Manyatta A,-0.0820743,34.7786704,BEV004,beverages,Coca-Cola Soda,2024-12-23,0,9.0,0.41,0.1
10936347161,Fourems holdings,kiosk,Manyatta A,-0.0820743,34.7786704,FLR001,flour,Jogoo Maize Flour,2024-12-23,0,15.0,0.72,0.1
10936347161,Fourems holdings,kiosk,Manyatta A,-0.0820743,34.7786704,FLR002,flour,Jogoo Maize Flour,2024-12-09,14,4.5,0.54,0.5
10936347161,Fourems holdings,kiosk,Manyatta A,-0.0820743,34.7786704,FLR003,flour,Pembe Maize Flour,2024-12-02,21,4.2,0.75,0.5
10936347161,Fourems holdings,kiosk,Manyatta A,-0.0820743,34.7786704,FLR004,flour,Kabras Maize Flour,2024-12-23,0,8.0,0.53,0.1
10936347161,Fourems holdings,kiosk,Manyatta A,-0.0820743,34.7786704,OIL001,cooking_oil,Golden Fry Cooking Oil,2024-12-09,14,3.2,0.41,0.5
10936347161,Fourems holdings,kiosk,Manyatta A,-0.0820743,34.7786704,OIL002,cooking_oil,Golden Fry Cooking Oil,2024-12-16,7,3.1,0.41,0.5
10936347161,Fourems holdings,kiosk,Manyatta A,-0.0820743,34.7786704,OIL003,cooking_oil,Soya King Cooking Oil,2024-12-16,7,4.2,0.55,0.5
10936347161,Fourems holdings,kiosk,Manyatta A,-0.0820743,34.7786704,OIL004,cooking_oil,Soya King Cooking Oil,2024-12-09,14,5.8,0.45,0.1
10936347161,Fourems holdings,kiosk,Manyatta A,-0.0820743,34.7786704,PC001,personal_care,Vaseline Body Lotion,2024-12-16,7,2.2,0.26,0.5
10936347161,Fourems holdings,kiosk,Manyatta A,-0.0820743,34.7786704,PC002,personal_care,Dove Bar Soap,2024-12-02,21,2.0,0.29,0.5
10936347161,Fourems holdings,kiosk,Manyatta A,-0.0820743,34.7786704,PC003,personal_care,Colgate Toothpaste,2024-12-23,0,8.0,0.3,0.1
10936347161,Fourems holdings,kiosk,Manyatta A,-0.0820743,34.7786704,SAN001,sanitary,Always Pads,2024-12-23,0,4.0,0.26,0.1
10936347161,Fourems holdings,kiosk,Manyatta A,-0.0820743,34.7786704,SAN002,sanitary,Huggies Diapers,2024-12-16,7,4.0,0.29,0.1
10936347161,Fourems holdings,kiosk,Manyatta A,-0.0820743,34.7786704,SOP001,soap,Omo Detergent,2024-12-09,14,3.8,0.3,0.1
10936347161,Fourems holdings,kiosk,Manyatta A,-0.0820743,34.7786704,SOP002,soap,Sunlight Bar Soap,2024-12-16,7,2.1,0.27,0.5
10936347161,Fourems holdings,kiosk,Manyatta A,-0.0820743,34.7786704,SOP003,soap,Bidco Bar Soap,2024-12-23,0,12.0,0.45,0.1
10936347161,Fourems holdings,kiosk,Manyatta A,-0.0820743,34.7786704,SOP004,soap,Dettol Bar Soap,2024-12-16,7,2.1,0.27,0.5
10936347161,Fourems holdings,kiosk,Manyatta A,-0.0820743,34.7786704,SUG001,sugar,Mumias Sugar,2024-12-02,21,3.9,0.57,0.5
10936347161,Fourems holdings,kiosk,Manyatta A,-0.0820743,34.7786704,SUG002,sugar,Mumias Sugar,2024-12-09,14,5.7,0.45,0.1
10936347161,Fourems holdings,kiosk,Manyatta A,-0.0820743,34.7786704,SUG003,sugar,Nzoia Sugar,2024-12-23,0,6.0,0.39,0.1
10936347165,Unknown,butcher,Migosi,-0.0818571,34.7788406,BEV001,beverages,Afia Juice,2024-12-23,0,9.0,0.41,0.1
10936347165,Unknown,butcher,Migosi,-0.0818571,34.7788406,BEV002,beverages,Pick n Peel Juice,2024-12-23,0,6.0,0.39,0.1
10936347165,Unknown,butcher,Migosi,-0.0818571,34.7788406,BEV003,beverages,Tusker Lager,2024-12-09,14,5.8,0.45,0.1
10936347165,Unknown,butcher,Migosi,-0.0818571,34.7788406,BEV004,beverages,Coca-Cola Soda,2024-12-09,14,5.6,0.46,0.1
10936347165,Unknown,butcher,Migosi,-0.0818571,34.7788406,FLR001,flour,Jogoo Maize Flour,2024-12-23,0,16.0,0.6,0.1
10936347165,Unknown,butcher,Migosi,-0.0818571,34.7788406,FLR002,flour,Jogoo Maize Flour,2024-12-02,21,4.6,0.73,0.5
10936347165,Unknown,butcher,Migosi,-0.0818571,34.7788406,FLR003,flour,Pembe Maize Flour,2024-12-16,7,8.0,0.57,0.1
10936347165,Unknown,butcher,Migosi,-0.0818571,34.7788406,FLR004,flour,Kabras Maize Flour,2024-12-02,21,3.7,0.58,0.5
10936347165,Unknown,butcher,Migosi,-0.0818571,34.7788406,OIL001,cooking_oil,Golden Fry Cooking Oil,2024-12-23,0,6.0,0.41,0.1
10936347165,Unknown,butcher,Migosi,-0.0818571,34.7788406,OIL002,cooking_oil,Golden Fry Cooking Oil,2024-12-23,0,16.0,0.57,0.1
10936347165,Unknown,butcher,Migosi,-0.0818571,34.7788406,OIL003,cooking_oil,Soya King Cooking Oil,2024-12-16,7,6.1,0.42,0.1
10936347165,Unknown,butcher,Migosi,-0.0818571,34.7788406,OIL004,cooking_oil,Soya King Cooking Oil,2024-12-02,21,2.5,0.45,0.5
10936347165,Unknown,butcher,Migosi,-0.0818571,34.7788406,PC001,personal_care,Vaseline Body Lotion,2024-12-23,0,8.0,0.28,0.1
10936347165,Unknown,butcher,Migosi,-0.0818571,34.7788406,PC002,personal_care,Dove Bar Soap,2024-12-16,7,5.9,0.3,0.1
10936347165,Unknown,butcher,Migosi,-0.0818571,34.7788406,PC003,personal_care,Colgate Toothpaste,2024-12-16,7,4.0,0.28,0.1
10936347165,Unknown,butcher,Migosi,-0.0818571,34.7788406,SAN001,sanitary,Always Pads,2024-12-09,14,2.0,0.29,0.5
10936347165,Unknown,butcher,Migosi,-0.0818571,34.7788406,SAN002,sanitary,Huggies Diapers,2024-12-16,7,5.9,0.3,0.1
10936347165,Unknown,butcher,Migosi,-0.0818571,34.7788406,SOP001,soap,Omo Detergent,2024-12-16,7,2.1,0.28,0.5
10936347165,Unknown,butcher,Migosi,-0.0818571,34.7788406,SOP002,soap,Sunlight Bar Soap,2024-12-16,7,3.1,0.41,0.5
10936347165,Unknown,butcher,Migosi,-0.0818571,34.7788406,SOP003,soap,Bidco Bar Soap,2024-12-23,0,4.0,0.27,0.1
10936347165,Unknown,butcher,Migosi,-0.0818571,34.7788406,SOP004,soap,Dettol Bar Soap,2024-12-16,7,6.0,0.29,0.1
10936347165,Unknown,butcher,Migosi,-0.0818571,34.7788406,SUG001,sugar,Mumias Sugar,2024-12-09,14,3.0,0.43,0.5
10936347165,Unknown,butcher,Migosi,-0.0818571,34.7788406,SUG002,sugar,Mumias Sugar,2024-12-16,7,6.1,0.42,0.1
10936347165,Unknown,butcher,Migosi,-0.0818571,34.7788406,SUG003,sugar,Nzoia Sugar,2024-12-16,7,6.1,0.41,0.1
10936347166,sawa sawa wines & Spirits,alcohol,Migosi,-0.0790444,34.7845388,BEV001,beverages,Afia Juice,2024-12-09,14,17.2,1.34,0.1
10936347166,sawa sawa wines & Spirits,alcohol,Migosi,-0.0790444,34.7845388,BEV002,beverages,Pick n Peel Juice,2024-12-02,21,8.5,1.5,0.5
10936347166,sawa sawa wines & Spirits,alcohol,Migosi,-0.0790444,34.7845388,BEV003,beverages,Tusker Lager,2024-12-09,14,17.2,1.34,0.1
10936347166,sawa sawa wines & Spirits,alcohol,Migosi,-0.0790444,34.7845388,BEV004,beverages,Coca-Cola Soda,2024-12-23,0,20.0,1.38,0.1
10936347166,sawa sawa wines & Spirits,alcohol,Migosi,-0.0790444,34.7845388,FLR001,flour,Jogoo Maize Flour,2024-12-16,7,14.4,1.94,0.5
10936347166,sawa sawa wines & Spirits,alcohol,Migosi,-0.0790444,34.7845388,FLR002,flour,Jogoo Maize Flour,2024-12-23,0,60.0,2.26,0.1
10936347166,sawa sawa wines & Spirits,alcohol,Migosi,-0.0790444,34.7845388,FLR003,flour,Pembe Maize Flour,2024-12-02,21,12.8,2.25,0.5
10936347166,sawa sawa wines & Spirits,alcohol,Migosi,-0.0790444,34.7845388,FLR004,flour,Kabras Maize Flour,2024-12-16,7,47.2,2.4,0.1
10936347166,sawa sawa wines & Spirits,alcohol,Migosi,-0.0790444,34.7845388,OIL001,cooking_oil,Golden Fry Cooking Oil,2024-12-09,14,10.4,1.4,0.5
10936347166,sawa sawa wines & Spirits,alcohol,Migosi,-0.0790444,34.7845388,OIL002,cooking_oil,Golden Fry Cooking Oil,2024-12-09,14,24.9,1.93,0.1
10936347166,sawa sawa wines & Spirits,alcohol,Migosi,-0.0790444,34.7845388,OIL003,cooking_oil,Soya King Cooking Oil,2024-12-23,0,28.0,1.9,0.1
10936347166,sawa sawa wines & Spirits,alcohol,Migosi,-0.0790444,34.7845388,OIL004,cooking_oil,Soya King Cooking Oil,2024-12-16,7,13.4,1.8,0.5
10936347166,sawa sawa wines & Spirits,alcohol,Migosi,-0.0790444,34.7845388,PC001,personal_care,Vaseline Body Lotion,2024-12-09,14,15.3,1.19,0.1
10936347166,sawa sawa wines & Spirits,alcohol,Migosi,-0.0790444,34.7845388,PC002,personal_care,Dove Bar Soap,2024-12-09,14,8.0,1.14,0.5
10936347166,sawa sawa wines & Spirits,alcohol,Migosi,-0.0790444,34.7845388,PC003,personal_care,Colgate Toothpaste,2024-12-16,7,20.8,1.03,0.1
10936347166,sawa sawa wines & Spirits,alcohol,Migosi,-0.0790444,34.7845388,SAN001,sanitary,Always Pads,2024-12-16,7,9.9,0.72,0.1
10936347166,sawa sawa wines & Spirits,alcohol,Migosi,-0.0790444,34.7845388,SAN002,sanitary,Huggies Diapers,2024-12-02,21,5.5,0.88,0.5
10936347166,sawa sawa wines & Spirits,alcohol,Migosi,-0.0790444,34.7845388,SOP001,soap,Omo Detergent,2024-12-09,14,10.0,1.43,0.5
10936347166,sawa sawa wines & Spirits,alcohol,Migosi,-0.0790444,34.7845388,SOP002,soap,Sunlight Bar Soap,2024-12-02,21,7.6,1.35,0.5
10936347166,sawa sawa wines & Spirits,alcohol,Migosi,-0.0790444,34.7845388,SOP003,soap,Bidco Bar Soap,2024-12-16,7,8.4,1.09,0.5
10936347166,sawa sawa wines & Spirits,alcohol,Migosi,-0.0790444,34.7845388,SOP004,soap,Dettol Bar Soap,2024-12-16,7,8.2,1.11,0.5
10936347166,sawa sawa wines & Spirits,alcohol,Migosi,-0.0790444,34.7845388,SUG001,sugar,Mumias Sugar,2024-12-23,0,22.0,1.52,0.1
10936347166,sawa sawa wines & Spirits,alcohol,Migosi,-0.0790444,34.7845388,SUG002,sugar,Mumias Sugar,2024-12-23,0,30.0,1.44,0.1
10936347166,sawa sawa wines & Spirits,alcohol,Migosi,-0.0790444,34.7845388,SUG003,sugar,Nzoia Sugar,2024-12-16,7,9.3,1.25,0.5
10936347167,Hills mount super butchery,butcher,Migosi,-0.0791118,34.7844936,BEV001,beverages,Afia Juice,2024-12-16,7,12.0,0.57,0.1
10936347167,Hills mount super butchery,butcher,Migosi,-0.0791118,34.7844936,BEV002,beverages,Pick n Peel Juice,2024-12-16,7,12.0,0.57,0.1
10936347167,Hills mount super butchery,butcher,Migosi,-0.0791118,34.7844936,BEV003,beverages,Tusker Lager,2024-12-23,0,9.0,0.39,0.1
10936347167,Hills mount super butchery,butcher,Migosi,-0.0791118,34.7844936,BEV004,beverages,Coca-Cola Soda,2024-12-16,7,11.8,0.6,0.1
10936347167,Hills mount super butchery,butcher,Migosi,-0.0791118,34.7844936,FLR001,flour,Jogoo Maize Flour,2024-12-23,0,18.0,0.86,0.1
10936347167,Hills mount super butchery,butcher,Migosi,-0.0791118,34.7844936,FLR002,flour,Jogoo Maize Flour,2024-12-23,0,12.0,0.78,0.1
10936347167,Hills mount super butchery,butcher,Migosi,-0.0791118,34.7844936,FLR003,flour,Pembe Maize Flour,2024-12-16,7,6.6,0.77,0.5
10936347167,Hills mount super butchery,butcher,Migosi,-0.0791118,34.7844936,FLR004,flour,Kabras Maize Flour,2024-12-09,14,9.6,0.74,0.1
10936347167,Hills mount super butchery,butcher,Migosi,-0.0791118,34.7844936,OIL001,cooking_oil,Golden Fry Cooking Oil,2024-12-23,0,16.0,0.6,0.1
10936347167,Hills mount super butchery,butcher,Migosi,-0.0791118,34.7844936,OIL002,cooking_oil,Golden Fry Cooking Oil,2024-12-09,14,5.4,0.68,0.5
10936347167,Hills mount super butchery,butcher,Migosi,-0.0791118,34.7844936,OIL003,cooking_oil,Soya King Cooking Oil,2024-12-16,7,10.2,0.68,0.1
10936347167,Hills mount super butchery,butcher,Migosi,-0.0791118,34.7844936,OIL004,cooking_oil,Soya King Cooking Oil,2024-12-09,14,7.5,0.6,0.1
10936347167,Hills mount super butchery,butcher,Migosi,-0.0791118,34.7844936,PC001,personal_care,Vaseline Body Lotion,2024-12-02,21,2.5,0.45,0.5
10936347167,Hills mount super butchery,butcher,Migosi,-0.0791118,34.7844936,PC002,personal_care,Dove Bar Soap,2024-12-16,7,9.0,0.43,0.1
10936347167,Hills mount super butchery,butcher,Migosi,-0.0791118,34.7844936,PC003,personal_care,Colgate Toothpaste,2024-12-23,0,12.0,0.44,0.1
10936347167,Hills mount super butchery,butcher,Migosi,-0.0791118,34.7844936,SAN001,sanitary,Always Pads,2024-12-02,21,1.7,0.3,0.5
10936347167,Hills mount super butchery,butcher,Migosi,-0.0791118,34.7844936,SAN002,sanitary,Huggies Diapers,2024-12-23,0,8.0,0.28,0.1
10936347167,Hills mount super butchery,butcher,Migosi,-0.0791118,34.7844936,SOP001,soap,Omo Detergent,2024-12-16,7,11.9,0.59,0.1
10936347167,Hills mount super butchery,butcher,Migosi,-0.0791118,34.7844936,SOP002,soap,Sunlight Bar Soap,2024-12-16,7,6.0,0.43,0.1
10936347167,Hills mount super butchery,butcher,Migosi,-0.0791118,34.7844936,SOP003,soap,Bidco Bar Soap,2024-12-09,14,3.2,0.42,0.5
10936347167,Hills mount super butchery,butcher,Migosi,-0.0791118,34.7844936,SOP004,soap,Dettol Bar Soap,2024-12-23,0,12.0,0.44,0.1
10936347167,Hills mount super butchery,butcher,Migosi,-0.0791118,34.7844936,SUG001,sugar,Mumias Sugar,2024-12-23,0,15.0,0.68,0.1
10936347167,Hills mount super butchery,butcher,Migosi,-0.0791118,34.7844936,SUG002,sugar,Mumias Sugar,2024-12-23,0,10.0,0.65,0.1
10936347167,Hills mount super butchery,butcher,Migosi,-0.0791118,34.7844936,SUG003,sugar,Nzoia Sugar,2024-12-02,21,5.2,0.7,0.5
10936347171,oyoma butchery,butcher,Migosi,-0.0792236,34.7844412,BEV001,beverages,Afia Juice,2024-12-09,14,3.0,0.43,0.5
10936347171,oyoma butchery,butcher,Migosi,-0.0792236,34.7844412,BEV002,beverages,Pick n Peel Juice,2024-12-16,7,6.0,0.43,0.1
10936347171,oyoma butchery,butcher,Migosi,-0.0792236,34.7844412,BEV003,beverages,Tusker Lager,2024-12-02,21,3.4,0.6,0.5
10936347171,oyoma butchery,butcher,Migosi,-0.0792236,34.7844412,BEV004,beverages,Coca-Cola Soda,2024-12-02,21,2.4,0.46,0.5
10936347171,oyoma butchery,butcher,Migosi,-0.0792236,34.7844412,FLR001,flour,Jogoo Maize Flour,2024-12-09,14,11.5,0.89,0.1
10936347171,oyoma butchery,butcher,Migosi,-0.0792236,34.7844412,FLR002,flour,Jogoo Maize Flour,2024-12-09,14,11.8,0.87,0.1
10936347171,oyoma butchery,butcher,Migosi,-0.0792236,34.7844412,FLR003,flour,Pembe Maize Flour,2024-12-02,21,4.8,0.91,0.5
10936347171,oyoma butchery,butcher,Migosi,-0.0792236,34.7844412,FLR004,flour,Kabras Maize Flour,2024-12-02,21,5.1,0.9,0.5
10936347171,oyoma butchery,butcher,Migosi,-0.0792236,34.7844412,OIL001,cooking_oil,Golden Fry Cooking Oil,2024-12-16,7,11.8,0.6,0.1
10936347171,oyoma butchery,butcher,Migosi,-0.0792236,34.7844412,OIL002,cooking_oil,Golden Fry Cooking Oil,2024-12-16,7,8.0,0.58,0.1
10936347171,oyoma butchery,butcher,Migosi,-0.0792236,34.7844412,OIL003,cooking_oil,Soya King Cooking Oil,2024-12-16,7,17.8,0.89,0.1
10936347171,oyoma butchery,butcher,Migosi,-0.0792236,34.7844412,OIL004,cooking_oil,Soya King Cooking Oil,2024-12-23,0,20.0,0.73,0.1
10936347171,oyoma butchery,butcher,Migosi,-0.0792236,34.7844412,PC001,personal_care,Vaseline Body Lotion,2024-12-23,0,4.0,0.27,0.1
10936347171,oyoma butchery,butcher,Migosi,-0.0792236,34.7844412,PC002,personal_care,Dove Bar Soap,2024-12-02,21,1.8,0.29,0.5
10936347171,oyoma butchery,butcher,Migosi,-0.0792236,34.7844412,PC003,personal_care,Colgate Toothpaste,2024-12-16,7,4.0,0.28,0.1
10936347171,oyoma butchery,butcher,Migosi,-0.0792236,34.7844412,SAN001,sanitary,Always Pads,2024-12-16,7,4.0,0.28,0.1
10936347171,oyoma butchery,butcher,Migosi,-0.0792236,34.7844412,SAN002,sanitary,Huggies Diapers,2024-12-16,7,5.9,0.3,0.1
10936347171,oyoma butchery,butcher,Migosi,-0.0792236,34.7844412,SOP001,soap,Omo Detergent,2024-12-02,21,2.5,0.45,0.5
10936347171,oyoma butchery,butcher,Migosi,-0.0792236,34.7844412,SOP002,soap,Sunlight Bar Soap,2024-12-16,7,9.0,0.43,0.1
10936347171,oyoma butchery,butcher,Migosi,-0.0792236,34.7844412,SOP003,soap,Bidco Bar Soap,2024-12-16,7,8.0,0.58,0.1
10936347171,oyoma butchery,butcher,Migosi,-0.0792236,34.7844412,SOP004,soap,Dettol Bar Soap,2024-12-16,7,6.0,0.43,0.1
10936347171,oyoma butchery,butcher,Migosi,-0.0792236,34.7844412,SUG001,sugar,Mumias Sugar,2024-12-09,14,4.2,0.56,0.5
10936347171,oyoma butchery,butcher,Migosi,-0.0792236,34.7844412,SUG002,sugar,Mumias Sugar,2024-12-09,14,7.7,0.6,0.1
10936347171,oyoma butchery,butcher,Migosi,-0.0792236,34.7844412,SUG003,sugar,Nzoia Sugar,2024-12-09,14,4.0,0.57,0.5
10936347173,Unknown,agrarian,Migosi,-0.0793168,34.7844421,BEV001,beverages,Afia Juice,2024-12-23,0,27.0,1.29,0.1
10936347173,Unknown,agrarian,Migosi,-0.0793168,34.7844421,BEV002,beverages,Pick n Peel Juice,2024-12-23,0,24.0,1.13,0.1
10936347173,Unknown,agrarian,Migosi,-0.0793168,34.7844421,BEV003,beverages,Tusker Lager,2024-12-09,14,10.4,1.4,0.5
10936347173,Unknown,agrarian,Migosi,-0.0793168,34.7844421,BEV004,beverages,Coca-Cola Soda,2024-12-09,14,17.2,1.34,0.1
10936347173,Unknown,agrarian,Migosi,-0.0793168,34.7844421,FLR001,flour,Jogoo Maize Flour,2024-12-09,14,12.0,1.71,0.5
10936347173,Unknown,agrarian,Migosi,-0.0793168,34.7844421,FLR002,flour,Jogoo Maize Flour,2024-12-09,14,27.9,2.3,0.1
10936347173,Unknown,agrarian,Migosi,-0.0793168,34.7844421,FLR003,flour,Pembe Maize Flour,2024-12-16,7,24.1,1.7,0.1
10936347173,Unknown,agrarian,Migosi,-0.0793168,34.7844421,FLR004,flour,Kabras Maize Flour,2024-12-02,21,12.8,1.87,0.5
10936347173,Unknown,agrarian,Migosi,-0.0793168,34.7844421,OIL001,cooking_oil,Golden Fry Cooking Oil,2024-12-23,0,24.0,1.57,0.1
10936347173,Unknown,agrarian,Migosi,-0.0793168,34.7844421,OIL002,cooking_oil,Golden Fry Cooking Oil,2024-12-09,14,14.0,2.0,0.5
10936347173,Unknown,agrarian,Migosi,-0.0793168,34.7844421,OIL003,cooking_oil,Soya King Cooking Oil,2024-12-16,7,11.3,1.52,0.5
10936347173,Unknown,agrarian,Migosi,-0.0793168,34.7844421,OIL004,cooking_oil,Soya King Cooking Oil,2024-12-16,7,13.6,1.77,0.5
10936347173,Unknown,agrarian,Migosi,-0.0793168,34.7844421,PC001,personal_care,Vaseline Body Lotion,2024-12-23,0,16.0,1.02,0.1
10936347173,Unknown,agrarian,Migosi,-0.0793168,34.7844421,PC002,personal_care,Dove Bar Soap,2024-12-16,7,12.0,0.85,0.1
10936347173,Unknown,agrarian,Migosi,-0.0793168,34.7844421,PC003,personal_care,Colgate Toothpaste,2024-12-23,0,14.0,0.93,0.1
10936347173,Unknown,agrarian,Migosi,-0.0793168,34.7844421,SAN001,sanitary,Always Pads,2024-12-16,7,10.0,0.71,0.1
10936347173,Unknown,agrarian,Migosi,-0.0793168,34.7844421,SAN002,sanitary,Huggies Diapers,2024-12-09,14,5.4,0.68,0.5
10936347173,Unknown,agrarian,Migosi,-0.0793168,34.7844421,SOP001,soap,Omo Detergent,2024-12-16,7,7.6,0.91,0.5
10936347173,Unknown,agrarian,Migosi,-0.0793168,34.7844421,SOP002,soap,Sunlight Bar Soap,2024-12-02,21,7.2,1.37,0.5
10936347173,Unknown,agrarian,Migosi,-0.0793168,34.7844421,SOP003,soap,Bidco Bar Soap,2024-12-16,7,8.1,1.12,0.5
10936347173,Unknown,agrarian,Migosi,-0.0793168,34.7844421,SOP004,soap,Dettol Bar Soap,2024-12-09,14,13.4,1.04,0.1
10936347173,Unknown,agrarian,Migosi,-0.0793168,34.7844421,SUG001,sugar,Mumias Sugar,2024-12-09,14,18.8,1.51,0.1
10936347173,Unknown,agrarian,Migosi,-0.0793168,34.7844421,SUG002,sugar,Mumias Sugar,2024-12-16,7,22.1,1.56,0.1
10936347173,Unknown,agrarian,Migosi,-0.0793168,34.7844421,SUG003,sugar,Nzoia Sugar,2024-12-23,0,22.0,1.54,0.1
10936347180,Unknown,butcher,,-0.0802617,34.7844952,BEV001,beverages,Afia Juice,2024-12-23,0,6.0,0.41,0.1
10936347180,Unknown,butcher,,-0.0802617,34.7844952,BEV002,beverages,Pick n Peel Juice,2024-12-16,7,8.9,0.44,0.1
10936347180,Unknown,butcher,,-0.0802617,34.7844952,BEV003,beverages,Tusker Lager,2024-12-09,14,3.0,0.43,0.5
10936347180,Unknown,butcher,,-0.0802617,34.7844952,BEV004,beverages,Coca-Cola Soda,2024-12-16,7,6.0,0.43,0.1
10936347180,Unknown,butcher,,-0.0802617,34.7844952,FLR001,flour,Jogoo Maize Flour,2024-12-23,0,10.0,0.69,0.1
10936347180,Unknown,butcher,,-0.0802617,34.7844952,FLR002,flour,Jogoo Maize Flour,2024-12-16,7,5.3,0.67,0.5
10936347180,Unknown,butcher,,-0.0802617,34.7844952,FLR003,flour,Pembe Maize Flour,2024-12-16,7,6.3,0.82,0.5
10936347180,Unknown,butcher,,-0.0802617,34.7844952,FLR004,flour,Kabras Maize Flour,2024-12-16,7,6.2,0.83,0.5
10936347180,Unknown,butcher,,-0.0802617,34.7844952,OIL001,cooking_oil,Golden Fry Cooking Oil,2024-12-16,7,8.0,0.57,0.1
10936347180,Unknown,butcher,,-0.0802617,34.7844952,OIL002,cooking_oil,Golden Fry Cooking Oil,2024-12-16,7,6.0,0.43,0.1
10936347180,Unknown,butcher,,-0.0802617,34.7844952,OIL003,cooking_oil,Soya King Cooking Oil,2024-12-09,14,4.8,0.73,0.5
10936347180,Unknown,butcher,,-0.0802617,34.7844952,OIL004,cooking_oil,Soya King Cooking Oil,2024-12-16,7,6.0,0.43,0.1
10936347180,Unknown,butcher,,-0.0802617,34.7844952,PC001,personal_care,Vaseline Body Lotion,2024-12-16,7,5.9,0.3,0.1
10936347180,Unknown,butcher,,-0.0802617,34.7844952,PC002,personal_care,Dove Bar Soap,2024-12-09,14,2.0,0.29,0.5
10936347180,Unknown,butcher,,-0.0802617,34.7844952,PC003,personal_care,Colgate Toothpaste,2024-12-16,7,2.1,0.28,0.5
10936347180,Unknown,butcher,,-0.0802617,34.7844952,SAN001,sanitary,Always Pads,2024-12-09,14,2.1,0.28,0.5
10936347180,Unknown,butcher,,-0.0802617,34.7844952,SAN002,sanitary,Huggies Diapers,2024-12-23,0,4.0,0.28,0.1
10936347180,Unknown,butcher,,-0.0802617,34.7844952,SOP001,soap,Omo Detergent,2024-12-16,7,2.1,0.28,0.5
10936347180,Unknown,butcher,,-0.0802617,34.7844952,SOP002,soap,Sunlight Bar Soap,2024-12-09,14,3.0,0.43,0.5
10936347180,Unknown,butcher,,-0.0802617,34.7844952,SOP003,soap,Bidco Bar Soap,2024-12-02,21,2.5,0.45,0.5
10936347180,Unknown,butcher,,-0.0802617,34.7844952,SOP004,soap,Dettol Bar Soap,2024-12-16,7,8.8,0.46,0.1
10936347180,Unknown,butcher,,-0.0802617,34.7844952,SUG001,sugar,Mumias Sugar,2024-12-16,7,3.1,0.42,0.5
10936347180,Unknown,butcher,,-0.0802617,34.7844952,SUG002,sugar,Mumias Sugar,2024-12-23,0,8.0,0.54,0.1
10936347180,Unknown,butcher,,-0.0802617,34.7844952,SUG003,sugar,Nzoia Sugar,2024-12-09,14,7.5,0.6,0.1
10936347185,Johns Liquor,alcohol,,-0.079985,34.784734,BEV001,beverages,Afia Juice,2024-12-23,0,28.0,0.99,0.1
10936347185,Johns Liquor,alcohol,,-0.079985,34.784734,BEV002,beverages,Pick n Peel Juice,2024-12-02,21,7.1,1.19,0.5
10936347185,Johns Liquor,alcohol,,-0.079985,34.784734,BEV003,beverages,Tusker Lager,2024-12-23,0,21.0,0.99,0.1
10936347185,Johns Liquor,alcohol,,-0.079985,34.784734,BEV004,beverages,Coca-Cola Soda,2024-12-16,7,26.5,1.36,0.1
10936347185,Johns Liquor,alcohol,,-0.079985,34.784734,FLR001,flour,Jogoo Maize Flour,2024-12-23,0,40.0,1.45,0.1
10936347185,Johns Liquor,alcohol,,-0.079985,34.784734,FLR002,flour,Jogoo Maize Flour,2024-12-16,7,32.5,1.64,0.1
10936347185,Johns Liquor,alcohol,,-0.079985,34.784734,FLR003,flour,Pembe Maize Flour,2024-12-23,0,42.0,1.99,0.1
10936347185,Johns Liquor,alcohol,,-0.079985,34.784734,FLR004,flour,Kabras Maize Flour,2024-12-09,14,13.4,1.83,0.5
10936347185,Johns Liquor,alcohol,,-0.079985,34.784734,OIL001,cooking_oil,Golden Fry Cooking Oil,2024-12-16,7,12.3,1.67,0.5
10936347185,Johns Liquor,alcohol,,-0.079985,34.784734,OIL002,cooking_oil,Golden Fry Cooking Oil,2024-12-16,7,27.0,1.29,0.1
10936347185,Johns Liquor,alcohol,,-0.079985,34.784734,OIL003,cooking_oil,Soya King Cooking Oil,2024-12-16,7,24.7,1.61,0.1
10936347185,Johns Liquor,alcohol,,-0.079985,34.784734,OIL004,cooking_oil,Soya King Cooking Oil,2024-12-23,0,33.0,1.5,0.1
10936347185,Johns Liquor,alcohol,,-0.079985,34.784734,PC001,personal_care,Vaseline Body Lotion,2024-12-23,0,24.0,0.89,0.1
10936347185,Johns Liquor,alcohol,,-0.079985,34.784734,PC002,personal_care,Dove Bar Soap,2024-12-09,14,9.7,0.73,0.1
10936347185,Johns Liquor,alcohol,,-0.079985,34.784734,PC003,personal_care,Colgate Toothpaste,2024-12-16,7,12.0,0.86,0.1
10936347185,Johns Liquor,alcohol,,-0.079985,34.784734,SAN001,sanitary,Always Pads,2024-12-02,21,3.3,0.61,0.5
10936347185,Johns Liquor,alcohol,,-0.079985,34.784734,SAN002,sanitary,Huggies Diapers,2024-12-16,7,5.3,0.67,0.5
10936347185,Johns Liquor,alcohol,,-0.079985,34.784734,SOP001,soap,Omo Detergent,2024-12-09,14,6.9,1.01,0.5
10936347185,Johns Liquor,alcohol,,-0.079985,34.784734,SOP002,soap,Sunlight Bar Soap,2024-12-23,0,21.0,0.94,0.1
10936347185,Johns Liquor,alcohol,,-0.079985,34.784734,SOP003,soap,Bidco Bar Soap,2024-12-09,14,14.2,0.99,0.1
10936347185,Johns Liquor,alcohol,,-0.079985,34.784734,SOP004,soap,Dettol Bar Soap,2024-12-23,0,28.0,1.03,0.1
10936347185,Johns Liquor,alcohol,,-0.079985,34.784734,SUG001,sugar,Mumias Sugar,2024-12-16,7,11.0,1.28,0.5
10936347185,Johns Liquor,alcohol,,-0.079985,34.784734,SUG002,sugar,Mumias Sugar,2024-12-16,7,8.3,1.1,0.5
10936347185,Johns Liquor,alcohol,,-0.079985,34.784734,SUG003,sugar,Nzoia Sugar,2024-12-02,21,9.2,1.28,0.5
10936347186,chicken shop,farm,,-0.080018,34.7846405,BEV001,beverages,Afia Juice,2024-12-16,7,11.9,0.59,0.1
10936347186,chicken shop,farm,,-0.080018,34.7846405,BEV002,beverages,Pick n Peel Juice,2024-12-16,7,11.8,0.6,0.1
10936347186,chicken shop,farm,,-0.080018,34.7846405,BEV003,beverages,Tusker Lager,2024-12-16,7,12.1,0.56,0.1
10936347186,chicken shop,farm,,-0.080018,34.7846405,BEV004,beverages,Coca-Cola Soda,2024-12-09,14,4.2,0.56,0.5
10936347186,chicken shop,farm,,-0.080018,34.7846405,FLR001,flour,Jogoo Maize Flour,2024-12-23,0,10.0,0.68,0.1
10936347186,chicken shop,farm,,-0.080018,34.7846405,FLR002,flour,Jogoo Maize Flour,2024-12-23,0,12.0,0.83,0.1
10936347186,chicken shop,farm,,-0.080018,34.7846405,FLR003,flour,Pembe Maize Flour,2024-12-09,14,6.5,0.82,0.5
10936347186,chicken shop,farm,,-0.080018,34.7846405,FLR004,flour,Kabras Maize Flour,2024-12-23,0,15.0,0.72,0.1
10936347186,chicken shop,farm,,-0.080018,34.7846405,OIL001,cooking_oil,Golden Fry Cooking Oil,2024-12-16,7,5.4,0.66,0.5
10936347186,chicken shop,farm,,-0.080018,34.7846405,OIL002,cooking_oil,Golden Fry Cooking Oil,2024-12-09,14,7.7,0.6,0.1
10936347186,chicken shop,farm,,-0.080018,34.7846405,OIL003,cooking_oil,Soya King Cooking Oil,2024-12-16,7,11.9,0.59,0.1
10936347186,chicken shop,farm,,-0.080018,34.7846405,OIL004,cooking_oil,Soya King Cooking Oil,2024-12-16,7,14.9,0.72,0.1
10936347186,chicken shop,farm,,-0.080018,34.7846405,PC001,personal_care,Vaseline Body Lotion,2024-12-09,14,3.9,0.29,0.1
10936347186,chicken shop,farm,,-0.080018,34.7846405,PC002,personal_care,Dove Bar Soap,2024-12-16,7,4.0,0.29,0.1
10936347186,chicken shop,farm,,-0.080018,34.7846405,PC003,personal_care,Colgate Toothpaste,2024-12-16,7,8.8,0.45,0.1
10936347186,chicken shop,farm,,-0.080018,34.7846405,SAN001,sanitary,Always Pads,2024-12-16,7,4.1,0.27,0.1
10936347186,chicken shop,farm,,-0.080018,34.7846405,SAN002,sanitary,Huggies Diapers,2024-12-09,14,2.2,0.27,0.5
10936347186,chicken shop,farm,,-0.080018,34.7846405,SOP001,soap,Omo Detergent,2024-12-16,7,5.9,0.3,0.1
10936347186,chicken shop,farm,,-0.080018,34.7846405,SOP002,soap,Sunlight Bar Soap,2024-12-23,0,6.0,0.41,0.1
10936347186,chicken shop,farm,,-0.080018,34.7846405,SOP003,soap,Bidco Bar Soap,2024-12-16,7,8.9,0.44,0.1
10936347186,chicken shop,farm,,-0.080018,34.7846405,SOP004,soap,Dettol Bar Soap,2024-12-16,7,6.0,0.43,0.1
10936347186,chicken shop,farm,,-0.080018,34.7846405,SUG001,sugar,Mumias Sugar,2024-12-16,7,4.2,0.55,0.5
10936347186,chicken shop,farm,,-0.080018,34.7846405,SUG002,sugar,Mumias Sugar,2024-12-23,0,16.0,0.6,0.1
10936347186,chicken shop,farm,,-0.080018,34.7846405,SUG003,sugar,Nzoia Sugar,2024-12-16,7,4.3,0.52,0.5
10936347187,Emmy John's Gas center,gas,,-0.0800042,34.7846771,BEV001,beverages,Afia Juice,2024-12-16,7,14.3,0.95,0.1
10936347187,Emmy John's Gas center,gas,,-0.0800042,34.7846771,BEV002,beverages,Pick n Peel Juice,2024-12-16,7,7.5,0.93,0.5
10936347187,Emmy John's Gas center,gas,,-0.0800042,34.7846771,BEV003,beverages,Tusker Lager,2024-12-02,21,6.3,0.84,0.5
10936347187,Emmy John's Gas center,gas,,-0.0800042,34.7846771,BEV004,beverages,Coca-Cola Soda,2024-12-16,7,14.5,0.94,0.1
10936347187,Emmy John's Gas center,gas,,-0.0800042,34.7846771,FLR001,flour,Jogoo Maize Flour,2024-12-09,14,28.6,1.96,0.1
10936347187,Emmy John's Gas center,gas,,-0.0800042,34.7846771,FLR002,flour,Jogoo Maize Flour,2024-12-02,21,12.5,1.69,0.5
10936347187,Emmy John's Gas center,gas,,-0.0800042,34.7846771,FLR003,flour,Pembe Maize Flour,2024-12-09,14,13.0,1.86,0.5
10936347187,Emmy John's Gas center,gas,,-0.0800042,34.7846771,FLR004,flour,Kabras Maize Flour,2024-12-09,14,22.0,1.57,0.1
10936347187,Emmy John's Gas center,gas,,-0.0800042,34.7846771,OIL001,cooking_oil,Golden Fry Cooking Oil,2024-12-16,7,10.3,1.1,0.5
10936347187,Emmy John's Gas center,gas,,-0.0800042,34.7846771,OIL002,cooking_oil,Golden Fry Cooking Oil,2024-12-09,14,12.3,1.48,0.5
10936347187,Emmy John's Gas center,gas,,-0.0800042,34.7846771,OIL003,cooking_oil,Soya King Cooking Oil,2024-12-16,7,24.3,1.67,0.1
10936347187,Emmy John's Gas center,gas,,-0.0800042,34.7846771,OIL004,cooking_oil,Soya King Cooking Oil,2024-12-16,7,22.1,1.56,0.1
10936347187,Emmy John's Gas center,gas,,-0.0800042,34.7846771,PC001,personal_care,Vaseline Body Lotion,2024-12-23,0,12.0,0.53,0.1
10936347187,Emmy John's Gas center,gas,,-0.0800042,34.7846771,PC002,personal_care,Dove Bar Soap,2024-12-16,7,15.3,0.67,0.1
10936347187,Emmy John's Gas center,gas,,-0.0800042,34.7846771,PC003,personal_care,Colgate Toothpaste,2024-12-16,7,12.3,0.82,0.1
10936347187,Emmy John's Gas center,gas,,-0.0800042,34.7846771,SAN001,sanitary,Always Pads,2024-12-16,7,4.2,0.55,0.5
10936347187,Emmy John's Gas center,gas,,-0.0800042,34.7846771,SAN002,sanitary,Huggies Diapers,2024-12-02,21,4.2,0.56,0.5
10936347187,Emmy John's Gas center,gas,,-0.0800042,34.7846771,SOP001,soap,Omo Detergent,2024-12-16,7,8.7,1.05,0.5
10936347187,Emmy John's Gas center,gas,,-0.0800042,34.7846771,SOP002,soap,Sunlight Bar Soap,2024-12-16,7,7.5,0.93,0.5
10936347187,Emmy John's Gas center,gas,,-0.0800042,34.7846771,SOP003,soap,Bidco Bar Soap,2024-12-23,0,14.0,0.91,0.1
10936347187,Emmy John's Gas center,gas,,-0.0800042,34.7846771,SOP004,soap,Dettol Bar Soap,2024-12-02,21,5.1,0.9,0.5
10936347187,Emmy John's Gas center,gas,,-0.0800042,34.7846771,SUG001,sugar,Mumias Sugar,2024-12-23,0,27.0,1.12,0.1
10936347187,Emmy John's Gas center,gas,,-0.0800042,34.7846771,SUG002,sugar,Mumias Sugar,2024-12-02,21,7.9,1.15,0.5
10936347187,Emmy John's Gas center,gas,,-0.0800042,34.7846771,SUG003,sugar,Nzoia Sugar,2024-12-16,7,16.7,1.05,0.1
10936347188,Geno pork & Chicken,butcher,Manyatta A,-0.0799266,34.7842408,BEV001,beverages,Afia Juice,2024-12-16,7,4.2,0.55,0.5
10936347188,Geno pork & Chicken,butcher,Manyatta A,-0.0799266,34.7842408,BEV002,beverages,Pick n Peel Juice,2024-12-16,7,3.1,0.42,0.5
10936347188,Geno pork & Chicken,butcher,Manyatta A,-0.0799266,34.7842408,BEV003,beverages,Tusker Lager,2024-12-16,7,6.0,0.43,0.1
10936347188,Geno pork & Chicken,butcher,Manyatta A,-0.0799266,34.7842408,BEV004,beverages,Coca-Cola Soda,2024-12-02,21,3.1,0.42,0.5
10936347188,Geno pork & Chicken,butcher,Manyatta A,-0.0799266,34.7842408,FLR001,flour,Jogoo Maize Flour,2024-12-16,7,4.3,0.52,0.5
10936347188,Geno pork & Chicken,butcher,Manyatta A,-0.0799266,34.7842408,FLR002,flour,Jogoo Maize Flour,2024-12-16,7,15.0,0.71,0.1
10936347188,Geno pork & Chicken,butcher,Manyatta A,-0.0799266,34.7842408,FLR003,flour,Pembe Maize Flour,2024-12-02,21,4.9,0.72,0.5
10936347188,Geno pork & Chicken,butcher,Manyatta A,-0.0799266,34.7842408,FLR004,flour,Kabras Maize Flour,2024-12-23,0,15.0,0.68,0.1
10936347188,Geno pork & Chicken,butcher,Manyatta A,-0.0799266,34.7842408,OIL001,cooking_oil,Golden Fry Cooking Oil,2024-12-23,0,9.0,0.42,0.1
10936347188,Geno pork & Chicken,butcher,Manyatta A,-0.0799266,34.7842408,OIL002,cooking_oil,Golden Fry Cooking Oil,2024-12-23,0,16.0,0.6,0.1
10936347188,Geno pork & Chicken,butcher,Manyatta A,-0.0799266,34.7842408,OIL003,cooking_oil,Soya King Cooking Oil,2024-12-16,7,12.0,0.57,0.1
10936347188,Geno pork & Chicken,butcher,Manyatta A,-0.0799266,34.7842408,OIL004,cooking_oil,Soya King Cooking Oil,2024-12-16,7,12.1,0.56,0.1
10936347188,Geno pork & Chicken,butcher,Manyatta A,-0.0799266,34.7842408,PC001,personal_care,Vaseline Body Lotion,2024-12-02,21,1.8,0.29,0.5
10936347188,Geno pork & Chicken,butcher,Manyatta A,-0.0799266,34.7842408,PC002,personal_care,Dove Bar Soap,2024-12-23,0,9.0,0.42,0.1
10936347188,Geno pork & Chicken,butcher,Manyatta A,-0.0799266,34.7842408,PC003,personal_care,Colgate Toothpaste,2024-12-02,21,2.1,0.28,0.5
10936347188,Geno pork & Chicken,butcher,Manyatta A,-0.0799266,34.7842408,SAN001,sanitary,Always Pads,2024-12-02,21,2.1,0.28,0.5
10936347188,Geno pork & Chicken,butcher,Manyatta A,-0.0799266,34.7842408,SAN002,sanitary,Huggies Diapers,2024-12-09,14,3.8,0.3,0.1
10936347188,Geno pork & Chicken,butcher,Manyatta A,-0.0799266,34.7842408,SOP001,soap,Omo Detergent,2024-12-16,7,3.2,0.4,0.5
10936347188,Geno pork & Chicken,butcher,Manyatta A,-0.0799266,34.7842408,SOP002,soap,Sunlight Bar Soap,2024-12-16,7,6.1,0.28,0.1
10936347188,Geno pork & Chicken,butcher,Manyatta A,-0.0799266,34.7842408,SOP003,soap,Bidco Bar Soap,2024-12-16,7,8.8,0.45,0.1
10936347188,Geno pork & Chicken,butcher,Manyatta A,-0.0799266,34.7842408,SOP004,soap,Dettol Bar Soap,2024-12-09,14,4.0,0.29,0.1
10936347188,Geno pork & Chicken,butcher,Manyatta A,-0.0799266,34.7842408,SUG001,sugar,Mumias Sugar,2024-12-02,21,2.5,0.45,0.5
10936347188,Geno pork & Chicken,butcher,Manyatta A,-0.0799266,34.7842408,SUG002,sugar,Mumias Sugar,2024-12-16,7,3.1,0.41,0.5
10936347188,Geno pork & Chicken,butcher,Manyatta A,-0.0799266,34.7842408,SUG003,sugar,Nzoia Sugar,2024-12-23,0,9.0,0.41,0.1
10936384848,Nancyto wines & Spirits,alcohol,,-0.0799089,34.7849246,BEV001,beverages,Afia Juice,2024-12-09,14,7.0,1.0,0.5
10936384848,Nancyto wines & Spirits,alcohol,,-0.0799089,34.7849246,BEV002,beverages,Pick n Peel Juice,2024-12-16,7,8.4,1.09,0.5
10936384848,Nancyto wines & Spirits,alcohol,,-0.0799089,34.7849246,BEV003,beverages,Tusker Lager,2024-12-16,7,24.2,1.11,0.1
10936384848,Nancyto wines & Spirits,alcohol,,-0.0799089,34.7849246,BEV004,beverages,Coca-Cola Soda,2024-12-16,7,16.0,1.14,0.1
10936384848,Nancyto wines & Spirits,alcohol,,-0.0799089,34.7849246,FLR001,flour,Jogoo Maize Flour,2024-12-09,14,14.0,2.0,0.5
10936384848,Nancyto wines & Spirits,alcohol,,-0.0799089,34.7849246,FLR002,flour,Jogoo Maize Flour,2024-12-23,0,39.0,1.79,0.1
10936384848,Nancyto wines & Spirits,alcohol,,-0.0799089,34.7849246,FLR003,flour,Pembe Maize Flour,2024-12-09,14,21.1,1.64,0.1
10936384848,Nancyto wines & Spirits,alcohol,,-0.0799089,34.7849246,FLR004,flour,Kabras Maize Flour,2024-12-16,7,19.8,1.46,0.1
10936384848,Nancyto wines & Spirits,alcohol,,-0.0799089,34.7849246,OIL001,cooking_oil,Golden Fry Cooking Oil,2024-12-23,0,40.0,1.45,0.1
10936384848,Nancyto wines & Spirits,alcohol,,-0.0799089,34.7849246,OIL002,cooking_oil,Golden Fry Cooking Oil,2024-12-23,0,18.0,1.19,0.1
10936384848,Nancyto wines & Spirits,alcohol,,-0.0799089,34.7849246,OIL003,cooking_oil,Soya King Cooking Oil,2024-12-09,14,16.4,1.11,0.1
10936384848,Nancyto wines & Spirits,alcohol,,-0.0799089,34.7849246,OIL004,cooking_oil,Soya King Cooking Oil,2024-12-09,14,18.4,1.26,0.1
10936384848,Nancyto wines & Spirits,alcohol,,-0.0799089,34.7849246,PC001,personal_care,Vaseline Body Lotion,2024-12-23,0,12.0,0.78,0.1
10936384848,Nancyto wines & Spirits,alcohol,,-0.0799089,34.7849246,PC002,personal_care,Dove Bar Soap,2024-12-23,0,10.0,0.65,0.1
10936384848,Nancyto wines & Spirits,alcohol,,-0.0799089,34.7849246,PC003,personal_care,Colgate Toothpaste,2024-12-16,7,15.3,0.67,0.1
10936384848,Nancyto wines & Spirits,alcohol,,-0.0799089,34.7849246,SAN001,sanitary,Always Pads,2024-12-23,0,16.0,0.57,0.1
10936384848,Nancyto wines & Spirits,alcohol,,-0.0799089,34.7849246,SAN002,sanitary,Huggies Diapers,2024-12-16,7,10.0,0.71,0.1
10936384848,Nancyto wines & Spirits,alcohol,,-0.0799089,34.7849246,SOP001,soap,Omo Detergent,2024-12-16,7,15.0,0.71,0.1
10936384848,Nancyto wines & Spirits,alcohol,,-0.0799089,34.7849246,SOP002,soap,Sunlight Bar Soap,2024-12-23,0,24.0,0.86,0.1
10936384848,Nancyto wines & Spirits,alcohol,,-0.0799089,34.7849246,SOP003,soap,Bidco Bar Soap,2024-12-02,21,6.4,1.03,0.5
10936384848,Nancyto wines & Spirits,alcohol,,-0.0799089,34.7849246,SOP004,soap,Dettol Bar Soap,2024-12-16,7,12.2,0.83,0.1
10936384848,Nancyto wines & Spirits,alcohol,,-0.0799089,34.7849246,SUG001,sugar,Mumias Sugar,2024-12-02,21,8.2,1.32,0.5
10936384848,Nancyto wines & Spirits,alcohol,,-0.0799089,34.7849246,SUG002,sugar,Mumias Sugar,2024-12-16,7,9.4,1.23,0.5
10936384848,Nancyto wines & Spirits,alcohol,,-0.0799089,34.7849246,SUG003,sugar,Nzoia Sugar,2024-12-23,0,28.0,1.02,0.1
10936497880,ziwani butchery,butcher,Lolwe,-0.0742888,34.7815067,BEV001,beverages,Afia Juice,2024-12-16,7,6.0,0.43,0.1
10936497880,ziwani butchery,butcher,Lolwe,-0.0742888,34.7815067,BEV002,beverages,Pick n Peel Juice,2024-12-16,7,6.0,0.43,0.1
10936497880,ziwani butchery,butcher,Lolwe,-0.0742888,34.7815067,BEV003,beverages,Tusker Lager,2024-12-02,21,1.7,0.3,0.5
10936497880,ziwani butchery,butcher,Lolwe,-0.0742888,34.7815067,BEV004,beverages,Coca-Cola Soda,2024-12-16,7,3.1,0.41,0.5
10936497880,ziwani butchery,butcher,Lolwe,-0.0742888,34.7815067,FLR001,flour,Jogoo Maize Flour,2024-12-16,7,5.2,0.68,0.5
10936497880,ziwani butchery,butcher,Lolwe,-0.0742888,34.7815067,FLR002,flour,Jogoo Maize Flour,2024-12-16,7,14.7,0.75,0.1
10936497880,ziwani butchery,butcher,Lolwe,-0.0742888,34.7815067,FLR003,flour,Pembe Maize Flour,2024-12-16,7,4.1,0.55,0.5
10936497880,ziwani butchery,butcher,Lolwe,-0.0742888,34.7815067,FLR004,flour,Kabras Maize Flour,2024-12-16,7,10.0,0.71,0.1
10936497880,ziwani butchery,butcher,Lolwe,-0.0742888,34.7815067,OIL001,cooking_oil,Golden Fry Cooking Oil,2024-12-23,0,16.0,0.6,0.1
10936497880,ziwani butchery,butcher,Lolwe,-0.0742888,34.7815067,OIL002,cooking_oil,Golden Fry Cooking Oil,2024-12-02,21,2.5,0.45,0.5
10936497880,ziwani butchery,butcher,Lolwe,-0.0742888,34.7815067,OIL003,cooking_oil,Soya King Cooking Oil,2024-12-16,7,11.9,0.59,0.1
10936497880,ziwani butchery,butcher,Lolwe,-0.0742888,34.7815067,OIL004,cooking_oil,Soya King Cooking Oil,2024-12-16,7,5.9,0.44,0.1
10936497880,ziwani butchery,butcher,Lolwe,-0.0742888,34.7815067,PC001,personal_care,Vaseline Body Lotion,2024-12-23,0,6.0,0.29,0.1
10936497880,ziwani butchery,butcher,Lolwe,-0.0742888,34.7815067,PC002,personal_care,Dove Bar Soap,2024-12-23,0,8.0,0.3,0.1
10936497880,ziwani butchery,butcher,Lolwe,-0.0742888,34.7815067,PC003,personal_care,Colgate Toothpaste,2024-12-16,7,2.1,0.28,0.5
10936497880,ziwani butchery,butcher,Lolwe,-0.0742888,34.7815067,SAN001,sanitary,Always Pads,2024-12-23,0,4.0,0.28,0.1
10936497880,ziwani butchery,butcher,Lolwe,-0.0742888,34.7815067,SAN002,sanitary,Huggies Diapers,2024-12-09,14,1.9,0.29,0.5
10936497880,ziwani butchery,butcher,Lolwe,-0.0742888,34.7815067,SOP001,soap,Omo Detergent,2024-12-16,7,2.1,0.28,0.5
10936497880,ziwani butchery,butcher,Lolwe,-0.0742888,34.7815067,SOP002,soap,Sunlight Bar Soap,2024-12-16,7,6.0,0.43,0.1
10936497880,ziwani butchery,butcher,Lolwe,-0.0742888,34.7815067,SOP003,soap,Bidco Bar Soap,2024-12-23,0,8.0,0.3,0.1
10936497880,ziwani butchery,butcher,Lolwe,-0.0742888,34.7815067,SOP004,soap,Dettol Bar Soap,2024-12-23,0,12.0,0.44,0.1
10936497880,ziwani butchery,butcher,Lolwe,-0.0742888,34.7815067,SUG001,sugar,Mumias Sugar,2024-12-16,7,3.1,0.42,0.5
10936497880,ziwani butchery,butcher,Lolwe,-0.0742888,34.7815067,SUG002,sugar,Mumias Sugar,2024-12-16,7,8.8,0.45,0.1
10936497880,ziwani butchery,butcher,Lolwe,-0.0742888,34.7815067,SUG003,sugar,Nzoia Sugar,2024-12-02,21,2.7,0.44,0.5
10936497881,Unknown,greengrocer,Lolwe,-0.0745244,34.7818231,BEV001,beverages,Afia Juice,2024-12-23,0,6.0,0.41,0.1
10936497881,Unknown,greengrocer,Lolwe,-0.0745244,34.7818231,BEV002,beverages,Pick n Peel Juice,2024-12-23,0,4.0,0.28,0.1
10936497881,Unknown,greengrocer,Lolwe,-0.0745244,34.7818231,BEV003,beverages,Tusker Lager,2024-12-16,7,6.0,0.43,0.1
10936497881,Unknown,greengrocer,Lolwe,-0.0745244,34.7818231,BEV004,beverages,Coca-Cola Soda,2024-12-09,14,2.9,0.44,0.5
10936497881,Unknown,greengrocer,Lolwe,-0.0745244,34.7818231,FLR001,flour,Jogoo Maize Flour,2024-12-02,21,3.2,0.61,0.5
10936497881,Unknown,greengrocer,Lolwe,-0.0745244,34.7818231,FLR002,flour,Jogoo Maize Flour,2024-12-16,7,8.0,0.58,0.1
10936497881,Unknown,greengrocer,Lolwe,-0.0745244,34.7818231,FLR003,flour,Pembe Maize Flour,2024-12-16,7,4.2,0.55,0.5
10936497881,Unknown,greengrocer,Lolwe,-0.0745244,34.7818231,FLR004,flour,Kabras Maize Flour,2024-12-09,14,9.6,0.74,0.1
10936497881,Unknown,greengrocer,Lolwe,-0.0745244,34.7818231,OIL001,cooking_oil,Golden Fry Cooking Oil,2024-12-23,0,9.0,0.43,0.1
10936497881,Unknown,greengrocer,Lolwe,-0.0745244,34.7818231,OIL002,cooking_oil,Golden Fry Cooking Oil,2024-12-23,0,12.0,0.43,0.1
10936497881,Unknown,greengrocer,Lolwe,-0.0745244,34.7818231,OIL003,cooking_oil,Soya King Cooking Oil,2024-12-02,21,2.5,0.45,0.5
10936497881,Unknown,greengrocer,Lolwe,-0.0745244,34.7818231,OIL004,cooking_oil,Soya King Cooking Oil,2024-12-09,14,3.9,0.58,0.5
10936497881,Unknown,greengrocer,Lolwe,-0.0745244,34.7818231,PC001,personal_care,Vaseline Body Lotion,2024-12-09,14,3.8,0.3,0.1
10936497881,Unknown,greengrocer,Lolwe,-0.0745244,34.7818231,PC002,personal_care,Dove Bar Soap,2024-12-16,7,5.9,0.3,0.1
10936497881,Unknown,greengrocer,Lolwe,-0.0745244,34.7818231,PC003,personal_care,Colgate Toothpaste,2024-12-16,7,5.9,0.3,0.1
10936497881,Unknown,greengrocer,Lolwe,-0.0745244,34.7818231,SAN001,sanitary,Always Pads,2024-12-16,7,1.0,0.14,0.5
10936497881,Unknown,greengrocer,Lolwe,-0.0745244,34.7818231,SAN002,sanitary,Huggies Diapers,2024-12-23,0,8.0,0.3,0.1
10936497881,Unknown,greengrocer,Lolwe,-0.0745244,34.7818231,SOP001,soap,Omo Detergent,2024-12-23,0,6.0,0.28,0.1
10936497881,Unknown,greengrocer,Lolwe,-0.0745244,34.7818231,SOP002,soap,Sunlight Bar Soap,2024-12-09,14,5.9,0.44,0.1
10936497881,Unknown,greengrocer,Lolwe,-0.0745244,34.7818231,SOP003,soap,Bidco Bar Soap,2024-12-23,0,8.0,0.29,0.1
10936497881,Unknown,greengrocer,Lolwe,-0.0745244,34.7818231,SOP004,soap,Dettol Bar Soap,2024-12-09,14,5.8,0.45,0.1
10936497881,Unknown,greengrocer,Lolwe,-0.0745244,34.7818231,SUG001,sugar,Mumias Sugar,2024-12-23,0,12.0,0.44,0.1
10936497881,Unknown,greengrocer,Lolwe,-0.0745244,34.7818231,SUG002,sugar,Mumias Sugar,2024-12-23,0,12.0,0.44,0.1
10936497881,Unknown,greengrocer,Lolwe,-0.0745244,34.7818231,SUG003,sugar,Nzoia Sugar,2024-12-16,7,6.0,0.43,0.1
10936497882,Unknown,greengrocer,Lolwe,-0.0745712,34.7818599,BEV001,beverages,Afia Juice,2024-12-09,14,3.2,0.41,0.5
10936497882,Unknown,greengrocer,Lolwe,-0.0745712,34.7818599,BEV002,beverages,Pick n Peel Juice,2024-12-09,14,3.1,0.42,0.5
10936497882,Unknown,greengrocer,Lolwe,-0.0745712,34.7818599,BEV003,beverages,Tusker Lager,2024-12-23,0,6.0,0.39,0.1
10936497882,Unknown,greengrocer,Lolwe,-0.0745712,34.7818599,BEV004,beverages,Coca-Cola Soda,2024-12-23,0,12.0,0.44,0.1
10936497882,Unknown,greengrocer,Lolwe,-0.0745712,34.7818599,FLR001,flour,Jogoo Maize Flour,2024-12-09,14,8.2,0.56,0.1
10936497882,Unknown,greengrocer,Lolwe,-0.0745712,34.7818599,FLR002,flour,Jogoo Maize Flour,2024-12-02,21,5.2,0.7,0.5
10936497882,Unknown,greengrocer,Lolwe,-0.0745712,34.7818599,FLR003,flour,Pembe Maize Flour,2024-12-16,7,4.2,0.55,0.5
10936497882,Unknown,greengrocer,Lolwe,-0.0745712,34.7818599,FLR004,flour,Kabras Maize Flour,2024-12-09,14,9.4,0.76,0.1
10936497882,Unknown,greengrocer,Lolwe,-0.0745712,34.7818599,OIL001,cooking_oil,Golden Fry Cooking Oil,2024-12-16,7,3.1,0.42,0.5
10936497882,Unknown,greengrocer,Lolwe,-0.0745712,34.7818599,OIL002,cooking_oil,Golden Fry Cooking Oil,2024-12-09,14,7.5,0.6,0.1
10936497882,Unknown,greengrocer,Lolwe,-0.0745712,34.7818599,OIL003,cooking_oil,Soya King Cooking Oil,2024-12-23,0,8.0,0.55,0.1
10936497882,Unknown,greengrocer,Lolwe,-0.0745712,34.7818599,OIL004,cooking_oil,Soya King Cooking Oil,2024-12-02,21,2.4,0.46,0.5
10936497882,Unknown,greengrocer,Lolwe,-0.0745712,34.7818599,PC001,personal_care,Vaseline Body Lotion,2024-12-16,7,5.9,0.3,0.1
10936497882,Unknown,greengrocer,Lolwe,-0.0745712,34.7818599,PC002,personal_care,Dove Bar Soap,2024-12-02,21,1.7,0.3,0.5
10936497882,Unknown,greengrocer,Lolwe,-0.0745712,34.7818599,PC003,personal_care,Colgate Toothpaste,2024-12-23,0,4.0,0.28,0.1
10936497882,Unknown,greengrocer,Lolwe,-0.0745712,34.7818599,SAN001,sanitary,Always Pads,2024-12-23,0,4.0,0.27,0.1
10936497882,Unknown,greengrocer,Lolwe,-0.0745712,34.7818599,SAN002,sanitary,Huggies Diapers,2024-12-16,7,2.0,0.14,0.1
10936497882,Unknown,greengrocer,Lolwe,-0.0745712,34.7818599,SOP001,soap,Omo Detergent,2024-12-23,0,6.0,0.42,0.1
10936497882,Unknown,greengrocer,Lolwe,-0.0745712,34.7818599,SOP002,soap,Sunlight Bar Soap,2024-12-23,0,8.0,0.29,0.1
10936497882,Unknown,greengrocer,Lolwe,-0.0745712,34.7818599,SOP003,soap,Bidco Bar Soap,2024-12-16,7,9.0,0.43,0.1
10936497882,Unknown,greengrocer,Lolwe,-0.0745712,34.7818599,SOP004,soap,Dettol Bar Soap,2024-12-16,7,4.0,0.28,0.1
10936497882,Unknown,greengrocer,Lolwe,-0.0745712,34.7818599,SUG001,sugar,Mumias Sugar,2024-12-02,21,3.4,0.6,0.5
10936497882,Unknown,greengrocer,Lolwe,-0.0745712,34.7818599,SUG002,sugar,Mumias Sugar,2024-12-23,0,12.0,0.54,0.1
10936497882,Unknown,greengrocer,Lolwe,-0.0745712,34.7818599,SUG003,sugar,Nzoia Sugar,2024-12-23,0,8.0,0.53,0.1
10936507299,Unknown,butcher,Lolwe,-0.0745583,34.7816688,BEV001,beverages,Afia Juice,2024-12-02,21,2.5,0.45,0.5
10936507299,Unknown,butcher,Lolwe,-0.0745583,34.7816688,BEV002,beverages,Pick n Peel Juice,2024-12-23,0,9.0,0.41,0.1
10936507299,Unknown,butcher,Lolwe,-0.0745583,34.7816688,BEV003,beverages,Tusker Lager,2024-12-09,14,3.2,0.41,0.5
10936507299,Unknown,butcher,Lolwe,-0.0745583,34.7816688,BEV004,beverages,Coca-Cola Soda,2024-12-09,14,6.1,0.42,0.1
10936507299,Unknown,butcher,Lolwe,-0.0745583,34.7816688,FLR001,flour,Jogoo Maize Flour,2024-12-16,7,4.2,0.55,0.5
10936507299,Unknown,butcher,Lolwe,-0.0745583,34.7816688,FLR002,flour,Jogoo Maize Flour,2024-12-23,0,10.0,0.65,0.1
10936507299,Unknown,butcher,Lolwe,-0.0745583,34.7816688,FLR003,flour,Pembe Maize Flour,2024-12-16,7,14.9,0.72,0.1
10936507299,Unknown,butcher,Lolwe,-0.0745583,34.7816688,FLR004,flour,Kabras Maize Flour,2024-12-16,7,10.1,0.7,0.1
10936507299,Unknown,butcher,Lolwe,-0.0745583,34.7816688,OIL001,cooking_oil,Golden Fry Cooking Oil,2024-12-16,7,6.1,0.42,0.1
10936507299,Unknown,butcher,Lolwe,-0.0745583,34.7816688,OIL002,cooking_oil,Golden Fry Cooking Oil,2024-12-09,14,5.8,0.45,0.1
10936507299,Unknown,butcher,Lolwe,-0.0745583,34.7816688,OIL003,cooking_oil,Soya King Cooking Oil,2024-12-16,7,8.0,0.58,0.1
10936507299,Unknown,butcher,Lolwe,-0.0745583,34.7816688,OIL004,cooking_oil,Soya King Cooking Oil,2024-12-23,0,8.0,0.5,0.1
10936507299,Unknown,butcher,Lolwe,-0.0745583,34.7816688,PC001,personal_care,Vaseline Body Lotion,2024-12-23,0,8.0,0.28,0.1
10936507299,Unknown,butcher,Lolwe,-0.0745583,34.7816688,PC002,personal_care,Dove Bar Soap,2024-12-23,0,4.0,0.27,0.1
10936507299,Unknown,butcher,Lolwe,-0.0745583,34.7816688,PC003,personal_care,Colgate Toothpaste,2024-12-23,0,4.0,0.28,0.1
10936507299,Unknown,butcher,Lolwe,-0.0745583,34.7816688,SAN001,sanitary,Always Pads,2024-12-16,7,4.1,0.27,0.1
10936507299,Unknown,butcher,Lolwe,-0.0745583,34.7816688,SAN002,sanitary,Huggies Diapers,2024-12-23,0,6.0,0.27,0.1
10936507299,Unknown,butcher,Lolwe,-0.0745583,34.7816688,SOP001,soap,Omo Detergent,2024-12-23,0,12.0,0.45,0.1
10936507299,Unknown,butcher,Lolwe,-0.0745583,34.7816688,SOP002,soap,Sunlight Bar Soap,2024-12-09,14,4.1,0.28,0.1
10936507299,Unknown,butcher,Lolwe,-0.0745583,34.7816688,SOP003,soap,Bidco Bar Soap,2024-12-09,14,4.2,0.27,0.1
10936507299,Unknown,butcher,Lolwe,-0.0745583,34.7816688,SOP004,soap,Dettol Bar Soap,2024-12-23,0,8.0,0.28,0.1
10936507299,Unknown,butcher,Lolwe,-0.0745583,34.7816688,SUG001,sugar,Mumias Sugar,2024-12-09,14,7.7,0.6,0.1
10936507299,Unknown,butcher,Lolwe,-0.0745583,34.7816688,SUG002,sugar,Mumias Sugar,2024-12-09,14,3.1,0.42,0.5
10936507299,Unknown,butcher,Lolwe,-0.0745583,34.7816688,SUG003,sugar,Nzoia Sugar,2024-12-23,0,9.0,0.41,0.1
10936507300,Unknown,greengrocer,Lolwe,-0.0745055,34.7816239,BEV001,beverages,Afia Juice,2024-12-09,14,5.7,0.45,0.1
10936507300,Unknown,greengrocer,Lolwe,-0.0745055,34.7816239,BEV002,beverages,Pick n Peel Juice,2024-12-02,21,2.0,0.29,0.5
10936507300,Unknown,greengrocer,Lolwe,-0.0745055,34.7816239,BEV003,beverages,Tusker Lager,2024-12-16,7,6.0,0.43,0.1
10936507300,Unknown,greengrocer,Lolwe,-0.0745055,34.7816239,BEV004,beverages,Coca-Cola Soda,2024-12-16,7,3.3,0.39,0.5
10936507300,Unknown,greengrocer,Lolwe,-0.0745055,34.7816239,FLR001,flour,Jogoo Maize Flour,2024-12-09,14,9.8,0.73,0.1
10936507300,Unknown,greengrocer,Lolwe,-0.0745055,34.7816239,FLR002,flour,Jogoo Maize Flour,2024-12-16,7,14.8,0.74,0.1
10936507300,Unknown,greengrocer,Lolwe,-0.0745055,34.7816239,FLR003,flour,Pembe Maize Flour,2024-12-09,14,10.0,0.71,0.1
10936507300,Unknown,greengrocer,Lolwe,-0.0745055,34.7816239,FLR004,flour,Kabras Maize Flour,2024-12-16,7,4.3,0.52,0.5
10936507300,Unknown,greengrocer,Lolwe,-0.0745055,34.7816239,OIL001,cooking_oil,Golden Fry Cooking Oil,2024-12-16,7,6.0,0.43,0.1
10936507300,Unknown,greengrocer,Lolwe,-0.0745055,34.7816239,OIL002,cooking_oil,Golden Fry Cooking Oil,2024-12-16,7,4.2,0.55,0.5
10936507300,Unknown,greengrocer,Lolwe,-0.0745055,34.7816239,OIL003,cooking_oil,Soya King Cooking Oil,2024-12-16,7,4.3,0.53,0.5
10936507300,Unknown,greengrocer,Lolwe,-0.0745055,34.7816239,OIL004,cooking_oil,Soya King Cooking Oil,2024-12-23,0,8.0,0.55,0.1
10936507300,Unknown,greengrocer,Lolwe,-0.0745055,34.7816239,PC001,personal_care,Vaseline Body Lotion,2024-12-23,0,4.0,0.28,0.1
10936507300,Unknown,greengrocer,Lolwe,-0.0745055,34.7816239,PC002,personal_care,Dove Bar Soap,2024-12-23,0,6.0,0.28,0.1
10936507300,Unknown,greengrocer,Lolwe,-0.0745055,34.7816239,PC003,personal_care,Colgate Toothpaste,2024-12-09,14,2.2,0.27,0.5
10936507300,Unknown,greengrocer,Lolwe,-0.0745055,34.7816239,SAN001,sanitary,Always Pads,2024-12-23,0,4.0,0.27,0.1
10936507300,Unknown,greengrocer,Lolwe,-0.0745055,34.7816239,SAN002,sanitary,Huggies Diapers,2024-12-02,21,1.0,0.14,0.5
10936507300,Unknown,greengrocer,Lolwe,-0.0745055,34.7816239,SOP001,soap,Omo Detergent,2024-12-02,21,1.7,0.3,0.5
10936507300,Unknown,greengrocer,Lolwe,-0.0745055,34.7816239,SOP002,soap,Sunlight Bar Soap,2024-12-09,14,5.8,0.45,0.1
10936507300,Unknown,greengrocer,Lolwe,-0.0745055,34.7816239,SOP003,soap,Bidco Bar Soap,2024-12-16,7,9.0,0.43,0.1
10936507300,Unknown,greengrocer,Lolwe,-0.0745055,34.7816239,SOP004,soap,Dettol Bar Soap,2024-12-09,14,3.2,0.42,0.5
10936507300,Unknown,greengrocer,Lolwe,-0.0745055,34.7816239,SUG001,sugar,Mumias Sugar,2024-12-16,7,4.1,0.55,0.5
10936507300,Unknown,greengrocer,Lolwe,-0.0745055,34.7816239,SUG002,sugar,Mumias Sugar,2024-12-16,7,8.9,0.44,0.1
10936507300,Unknown,greengrocer,Lolwe,-0.0745055,34.7816239,SUG003,sugar,Nzoia Sugar,2024-12-16,7,11.8,0.6,0.1
10936507934,Denji Liquors,alcohol,Migosi,-0.0747645,34.7820571,BEV001,beverages,Afia Juice,2024-12-09,14,7.0,1.0,0.5
10936507934,Denji Liquors,alcohol,Migosi,-0.0747645,34.7820571,BEV002,beverages,Pick n Peel Juice,2024-12-23,0,12.0,0.83,0.1
10936507934,Denji Liquors,alcohol,Migosi,-0.0747645,34.7820571,BEV003,beverages,Tusker Lager,2024-12-23,0,24.0,0.89,0.1
10936507934,Denji Liquors,alcohol,Migosi,-0.0747645,34.7820571,BEV004,beverages,Coca-Cola Soda,2024-12-09,14,7.0,1.0,0.5
10936507934,Denji Liquors,alcohol,Migosi,-0.0747645,34.7820571,FLR001,flour,Jogoo Maize Flour,2024-12-16,7,32.6,1.62,0.1
10936507934,Denji Liquors,alcohol,Migosi,-0.0747645,34.7820571,FLR002,flour,Jogoo Maize Flour,2024-12-23,0,39.0,1.87,0.1
10936507934,Denji Liquors,alcohol,Migosi,-0.0747645,34.7820571,FLR003,flour,Pembe Maize Flour,2024-12-09,14,18.8,1.51,0.1
10936507934,Denji Liquors,alcohol,Migosi,-0.0747645,34.7820571,FLR004,flour,Kabras Maize Flour,2024-12-09,14,10.4,1.4,0.5
10936507934,Denji Liquors,alcohol,Migosi,-0.0747645,34.7820571,OIL001,cooking_oil,Golden Fry Cooking Oil,2024-12-09,14,21.6,1.6,0.1
10936507934,Denji Liquors,alcohol,Migosi,-0.0747645,34.7820571,OIL002,cooking_oil,Golden Fry Cooking Oil,2024-12-23,0,30.0,1.41,0.1
10936507934,Denji Liquors,alcohol,Migosi,-0.0747645,34.7820571,OIL003,cooking_oil,Soya King Cooking Oil,2024-12-16,7,8.1,1.12,0.5
10936507934,Denji Liquors,alcohol,Migosi,-0.0747645,34.7820571,OIL004,cooking_oil,Soya King Cooking Oil,2024-12-16,7,26.4,1.37,0.1
10936507934,Denji Liquors,alcohol,Migosi,-0.0747645,34.7820571,PC001,personal_care,Vaseline Body Lotion,2024-12-23,0,10.0,0.68,0.1
10936507934,Denji Liquors,alcohol,Migosi,-0.0747645,34.7820571,PC002,personal_care,Dove Bar Soap,2024-12-23,0,24.0,0.88,0.1
10936507934,Denji Liquors,alcohol,Migosi,-0.0747645,34.7820571,PC003,personal_care,Colgate Toothpaste,2024-12-23,0,20.0,0.75,0.1
10936507934,Denji Liquors,alcohol,Migosi,-0.0747645,34.7820571,SAN001,sanitary,Always Pads,2024-12-02,21,3.4,0.6,0.5
10936507934,Denji Liquors,alcohol,Migosi,-0.0747645,34.7820571,SAN002,sanitary,Huggies Diapers,2024-12-23,0,20.0,0.73,0.1
10936507934,Denji Liquors,alcohol,Migosi,-0.0747645,34.7820571,SOP001,soap,Omo Detergent,2024-12-09,14,6.0,0.86,0.5
10936507934,Denji Liquors,alcohol,Migosi,-0.0747645,34.7820571,SOP002,soap,Sunlight Bar Soap,2024-12-23,0,21.0,0.99,0.1
10936507934,Denji Liquors,alcohol,Migosi,-0.0747645,34.7820571,SOP003,soap,Bidco Bar Soap,2024-12-16,7,17.7,0.9,0.1
10936507934,Denji Liquors,alcohol,Migosi,-0.0747645,34.7820571,SOP004,soap,Dettol Bar Soap,2024-12-09,14,6.2,0.84,0.5
10936507934,Denji Liquors,alcohol,Migosi,-0.0747645,34.7820571,SUG001,sugar,Mumias Sugar,2024-12-23,0,28.0,1.04,0.1
10936507934,Denji Liquors,alcohol,Migosi,-0.0747645,34.7820571,SUG002,sugar,Mumias Sugar,2024-12-09,14,17.0,1.36,0.1
10936507934,Denji Liquors,alcohol,Migosi,-0.0747645,34.7820571,SUG003,sugar,Nzoia Sugar,2024-12-02,21,5.9,1.05,0.5
10936507937,Unknown,kiosk,Migosi,-0.0746668,34.7819434,BEV001,beverages,Afia Juice,2024-12-02,21,2.7,0.44,0.5
10936507937,Unknown,kiosk,Migosi,-0.0746668,34.7819434,BEV002,beverages,Pick n Peel Juice,2024-12-23,0,6.0,0.28,0.1
10936507937,Unknown,kiosk,Migosi,-0.0746668,34.7819434,BEV003,beverages,Tusker Lager,2024-12-09,14,3.3,0.4,0.5
10936507937,Unknown,kiosk,Migosi,-0.0746668,34.7819434,BEV004,beverages,Coca-Cola Soda,2024-12-16,7,8.9,0.44,0.1
10936507937,Unknown,kiosk,Migosi,-0.0746668,34.7819434,FLR001,flour,Jogoo Maize Flour,2024-12-09,14,5.6,0.67,0.5
10936507937,Unknown,kiosk,Migosi,-0.0746668,34.7819434,FLR002,flour,Jogoo Maize Flour,2024-12-09,14,4.9,0.72,0.5
10936507937,Unknown,kiosk,Migosi,-0.0746668,34.7819434,FLR003,flour,Pembe Maize Flour,2024-12-23,0,15.0,0.69,0.1
10936507937,Unknown,kiosk,Migosi,-0.0746668,34.7819434,FLR004,flour,Kabras Maize Flour,2024-12-23,0,15.0,0.68,0.1
10936507937,Unknown,kiosk,Migosi,-0.0746668,34.7819434,OIL001,cooking_oil,Golden Fry Cooking Oil,2024-12-16,7,7.9,0.58,0.1
10936507937,Unknown,kiosk,Migosi,-0.0746668,34.7819434,OIL002,cooking_oil,Golden Fry Cooking Oil,2024-12-23,0,6.0,0.42,0.1
10936507937,Unknown,kiosk,Migosi,-0.0746668,34.7819434,OIL003,cooking_oil,Soya King Cooking Oil,2024-12-02,21,4.4,0.55,0.5
10936507937,Unknown,kiosk,Migosi,-0.0746668,34.7819434,OIL004,cooking_oil,Soya King Cooking Oil,2024-12-09,14,3.1,0.42,0.5
10936507937,Unknown,kiosk,Migosi,-0.0746668,34.7819434,PC001,personal_care,Vaseline Body Lotion,2024-12-16,7,4.1,0.27,0.1
10936507937,Unknown,kiosk,Migosi,-0.0746668,34.7819434,PC002,personal_care,Dove Bar Soap,2024-12-02,21,1.6,0.3,0.5
10936507937,Unknown,kiosk,Migosi,-0.0746668,34.7819434,PC003,personal_care,Colgate Toothpaste,2024-12-16,7,4.1,0.27,0.1
10936507937,Unknown,kiosk,Migosi,-0.0746668,34.7819434,SAN001,sanitary,Always Pads,2024-12-16,7,1.1,0.13,0.5
10936507937,Unknown,kiosk,Migosi,-0.0746668,34.7819434,SAN002,sanitary,Huggies Diapers,2024-12-23,0,4.0,0.27,0.1
10936507937,Unknown,kiosk,Migosi,-0.0746668,34.7819434,SOP001,soap,Omo Detergent,2024-12-09,14,2.2,0.27,0.5
10936507937,Unknown,kiosk,Migosi,-0.0746668,34.7819434,SOP002,soap,Sunlight Bar Soap,2024-12-23,0,6.0,0.42,0.1
10936507937,Unknown,kiosk,Migosi,-0.0746668,34.7819434,SOP003,soap,Bidco Bar Soap,2024-12-09,14,3.9,0.29,0.1
10936507937,Unknown,kiosk,Migosi,-0.0746668,34.7819434,SOP004,soap,Dettol Bar Soap,2024-12-09,14,5.7,0.45,0.1
10936507937,Unknown,kiosk,Migosi,-0.0746668,34.7819434,SUG001,sugar,Mumias Sugar,2024-12-16,7,8.1,0.56,0.1
10936507937,Unknown,kiosk,Migosi,-0.0746668,34.7819434,SUG002,sugar,Mumias Sugar,2024-12-02,21,3.8,0.58,0.5
10936507937,Unknown,kiosk,Migosi,-0.0746668,34.7819434,SUG003,sugar,Nzoia Sugar,2024-12-16,7,9.0,0.43,0.1
10936507938,Unknown,kiosk,Migosi,-0.074657,34.781923,BEV001,beverages,Afia Juice,2024-12-16,7,6.0,0.43,0.1
10936507938,Unknown,kiosk,Migosi,-0.074657,34.781923,BEV002,beverages,Pick n Peel Juice,2024-12-09,14,3.2,0.42,0.5
10936507938,Unknown,kiosk,Migosi,-0.074657,34.781923,BEV003,beverages,Tusker Lager,2024-12-16,7,8.8,0.45,0.1
10936507938,Unknown,kiosk,Migosi,-0.074657,34.781923,BEV004,beverages,Coca-Cola Soda,2024-12-23,0,12.0,0.41,0.1
10936507938,Unknown,kiosk,Migosi,-0.074657,34.781923,FLR001,flour,Jogoo Maize Flour,2024-12-02,21,5.9,0.67,0.5
10936507938,Unknown,kiosk,Migosi,-0.074657,34.781923,FLR002,flour,Jogoo Maize Flour,2024-12-23,0,10.0,0.65,0.1
10936507938,Unknown,kiosk,Migosi,-0.074657,34.781923,FLR003,flour,Pembe Maize Flour,2024-12-16,7,10.4,0.65,0.1
10936507938,Unknown,kiosk,Migosi,-0.074657,34.781923,FLR004,flour,Kabras Maize Flour,2024-12-23,0,10.0,0.69,0.1
10936507938,Unknown,kiosk,Migosi,-0.074657,34.781923,OIL001,cooking_oil,Golden Fry Cooking Oil,2024-12-23,0,8.0,0.52,0.1
10936507938,Unknown,kiosk,Migosi,-0.074657,34.781923,OIL002,cooking_oil,Golden Fry Cooking Oil,2024-12-23,0,12.0,0.42,0.1
10936507938,Unknown,kiosk,Migosi,-0.074657,34.781923,OIL003,cooking_oil,Soya King Cooking Oil,2024-12-16,7,8.9,0.44,0.1
10936507938,Unknown,kiosk,Migosi,-0.074657,34.781923,OIL004,cooking_oil,Soya King Cooking Oil,2024-12-16,7,4.6,0.49,0.5
10936507938,Unknown,kiosk,Migosi,-0.074657,34.781923,PC001,personal_care,Vaseline Body Lotion,2024-12-16,7,4.0,0.29,0.1
10936507938,Unknown,kiosk,Migosi,-0.074657,34.781923,PC002,personal_care,Dove Bar Soap,2024-12-09,14,2.1,0.28,0.5
10936507938,Unknown,kiosk,Migosi,-0.074657,34.781923,PC003,personal_care,Colgate Toothpaste,2024-12-23,0,4.0,0.25,0.1
10936507938,Unknown,kiosk,Migosi,-0.074657,34.781923,SAN001,sanitary,Always Pads,2024-12-16,7,5.9,0.3,0.1
10936507938,Unknown,kiosk,Migosi,-0.074657,34.781923,SAN002,sanitary,Huggies Diapers,2024-12-16,7,4.1,0.27,0.1
10936507938,Unknown,kiosk,Migosi,-0.074657,34.781923,SOP001,soap,Omo Detergent,2024-12-23,0,6.0,0.41,0.1
10936507938,Unknown,kiosk,Migosi,-0.074657,34.781923,SOP002,soap,Sunlight Bar Soap,2024-12-16,7,6.1,0.27,0.1
10936507938,Unknown,kiosk,Migosi,-0.074657,34.781923,SOP003,soap,Bidco Bar Soap,2024-12-23,0,8.0,0.28,0.1
10936507938,Unknown,kiosk,Migosi,-0.074657,34.781923,SOP004,soap,Dettol Bar Soap,2024-12-16,7,6.1,0.41,0.1
10936507938,Unknown,kiosk,Migosi,-0.074657,34.781923,SUG001,sugar,Mumias Sugar,2024-12-09,14,8.3,0.55,0.1
10936507938,Unknown,kiosk,Migosi,-0.074657,34.781923,SUG002,sugar,Mumias Sugar,2024-12-09,14,7.7,0.6,0.1
10936507938,Unknown,kiosk,Migosi,-0.074657,34.781923,SUG003,sugar,Nzoia Sugar,2024-12-23,0,12.0,0.54,0.1
10936507939,Unknown,kiosk,Lolwe,-0.0746685,34.7819043,BEV001,beverages,Afia Juice,2024-12-09,14,5.9,0.44,0.1
10936507939,Unknown,kiosk,Lolwe,-0.0746685,34.7819043,BEV002,beverages,Pick n Peel Juice,2024-12-23,0,8.0,0.29,0.1
10936507939,Unknown,kiosk,Lolwe,-0.0746685,34.7819043,BEV003,beverages,Tusker Lager,2024-12-23,0,9.0,0.4,0.1
10936507939,Unknown,kiosk,Lolwe,-0.0746685,34.7819043,BEV004,beverages,Coca-Cola Soda,2024-12-02,21,2.4,0.46,0.5
10936507939,Unknown,kiosk,Lolwe,-0.0746685,34.7819043,FLR001,flour,Jogoo Maize Flour,2024-12-23,0,15.0,0.7,0.1
10936507939,Unknown,kiosk,Lolwe,-0.0746685,34.7819043,FLR002,flour,Jogoo Maize Flour,2024-12-09,14,5.0,0.71,0.5
10936507939,Unknown,kiosk,Lolwe,-0.0746685,34.7819043,FLR003,flour,Pembe Maize Flour,2024-12-23,0,8.0,0.53,0.1
10936507939,Unknown,kiosk,Lolwe,-0.0746685,34.7819043,FLR004,flour,Kabras Maize Flour,2024-12-23,0,15.0,0.67,0.1
10936507939,Unknown,kiosk,Lolwe,-0.0746685,34.7819043,OIL001,cooking_oil,Golden Fry Cooking Oil,2024-12-23,0,12.0,0.41,0.1
10936507939,Unknown,kiosk,Lolwe,-0.0746685,34.7819043,OIL002,cooking_oil,Golden Fry Cooking Oil,2024-12-02,21,4.2,0.56,0.5
10936507939,Unknown,kiosk,Lolwe,-0.0746685,34.7819043,OIL003,cooking_oil,Soya King Cooking Oil,2024-12-02,21,4.5,0.55,0.5
10936507939,Unknown,kiosk,Lolwe,-0.0746685,34.7819043,OIL004,cooking_oil,Soya King Cooking Oil,2024-12-23,0,16.0,0.57,0.1
10936507939,Unknown,kiosk,Lolwe,-0.0746685,34.7819043,PC001,personal_care,Vaseline Body Lotion,2024-12-23,0,8.0,0.28,0.1
10936507939,Unknown,kiosk,Lolwe,-0.0746685,34.7819043,PC002,personal_care,Dove Bar Soap,2024-12-23,0,8.0,0.28,0.1
10936507939,Unknown,kiosk,Lolwe,-0.0746685,34.7819043,PC003,personal_care,Colgate Toothpaste,2024-12-23,0,8.0,0.28,0.1
10936507939,Unknown,kiosk,Lolwe,-0.0746685,34.7819043,SAN001,sanitary,Always Pads,2024-12-23,0,4.0,0.28,0.1
10936507939,Unknown,kiosk,Lolwe,-0.0746685,34.7819043,SAN002,sanitary,Huggies Diapers,2024-12-02,21,1.8,0.29,0.5
10936507939,Unknown,kiosk,Lolwe,-0.0746685,34.7819043,SOP001,soap,Omo Detergent,2024-12-02,21,2.9,0.43,0.5
10936507939,Unknown,kiosk,Lolwe,-0.0746685,34.7819043,SOP002,soap,Sunlight Bar Soap,2024-12-23,0,12.0,0.42,0.1
10936507939,Unknown,kiosk,Lolwe,-0.0746685,34.7819043,SOP003,soap,Bidco Bar Soap,2024-12-09,14,3.9,0.29,0.1
10936507939,Unknown,kiosk,Lolwe,-0.0746685,34.7819043,SOP004,soap,Dettol Bar Soap,2024-12-02,21,3.1,0.42,0.5
10936507939,Unknown,kiosk,Lolwe,-0.0746685,34.7819043,SUG001,sugar,Mumias Sugar,2024-12-23,0,9.0,0.4,0.1
10936507939,Unknown,kiosk,Lolwe,-0.0746685,34.7819043,SUG002,sugar,Mumias Sugar,2024-12-02,21,2.5,0.45,0.5
10936507939,Unknown,kiosk,Lolwe,-0.0746685,34.7819043,SUG003,sugar,Nzoia Sugar,2024-12-23,0,8.0,0.51,0.1
10936507940,Unknown,kiosk,Lolwe,-0.0746792,34.7817775,BEV001,beverages,Afia Juice,2024-12-16,7,9.0,0.43,0.1
10936507940,Unknown,kiosk,Lolwe,-0.0746792,34.7817775,BEV002,beverages,Pick n Peel Juice,2024-12-16,7,3.3,0.39,0.5
10936507940,Unknown,kiosk,Lolwe,-0.0746792,34.7817775,BEV003,beverages,Tusker Lager,2024-12-16,7,8.8,0.45,0.1
10936507940,Unknown,kiosk,Lolwe,-0.0746792,34.7817775,BEV004,beverages,Coca-Cola Soda,2024-12-16,7,5.9,0.44,0.1
10936507940,Unknown,kiosk,Lolwe,-0.0746792,34.7817775,FLR001,flour,Jogoo Maize Flour,2024-12-02,21,3.2,0.61,0.5
10936507940,Unknown,kiosk,Lolwe,-0.0746792,34.7817775,FLR002,flour,Jogoo Maize Flour,2024-12-02,21,4.2,0.75,0.5
10936507940,Unknown,kiosk,Lolwe,-0.0746792,34.7817775,FLR003,flour,Pembe Maize Flour,2024-12-16,7,10.3,0.67,0.1
10936507940,Unknown,kiosk,Lolwe,-0.0746792,34.7817775,FLR004,flour,Kabras Maize Flour,2024-12-16,7,8.2,0.55,0.1
10936507940,Unknown,kiosk,Lolwe,-0.0746792,34.7817775,OIL001,cooking_oil,Golden Fry Cooking Oil,2024-12-23,0,16.0,0.6,0.1
10936507940,Unknown,kiosk,Lolwe,-0.0746792,34.7817775,OIL002,cooking_oil,Golden Fry Cooking Oil,2024-12-16,7,4.3,0.52,0.5
10936507940,Unknown,kiosk,Lolwe,-0.0746792,34.7817775,OIL003,cooking_oil,Soya King Cooking Oil,2024-12-23,0,16.0,0.57,0.1
10936507940,Unknown,kiosk,Lolwe,-0.0746792,34.7817775,OIL004,cooking_oil,Soya King Cooking Oil,2024-12-16,7,4.1,0.55,0.5
10936507940,Unknown,kiosk,Lolwe,-0.0746792,34.7817775,PC001,personal_care,Vaseline Body Lotion,2024-12-16,7,4.0,0.29,0.1
10936507940,Unknown,kiosk,Lolwe,-0.0746792,34.7817775,PC002,personal_care,Dove Bar Soap,2024-12-16,7,2.1,0.27,0.5
10936507940,Unknown,kiosk,Lolwe,-0.0746792,34.7817775,PC003,personal_care,Colgate Toothpaste,2024-12-23,0,6.0,0.28,0.1
10936507940,Unknown,kiosk,Lolwe,-0.0746792,34.7817775,SAN001,sanitary,Always Pads,2024-12-16,7,4.1,0.28,0.1
10936507940,Unknown,kiosk,Lolwe,-0.0746792,34.7817775,SAN002,sanitary,Huggies Diapers,2024-12-23,0,8.0,0.29,0.1
10936507940,Unknown,kiosk,Lolwe,-0.0746792,34.7817775,SOP001,soap,Omo Detergent,2024-12-16,7,6.0,0.43,0.1
10936507940,Unknown,kiosk,Lolwe,-0.0746792,34.7817775,SOP002,soap,Sunlight Bar Soap,2024-12-23,0,8.0,0.3,0.1
10936507940,Unknown,kiosk,Lolwe,-0.0746792,34.7817775,SOP003,soap,Bidco Bar Soap,2024-12-16,7,5.9,0.3,0.1
10936507940,Unknown,kiosk,Lolwe,-0.0746792,34.7817775,SOP004,soap,Dettol Bar Soap,2024-12-16,7,3.1,0.42,0.5
10936507940,Unknown,kiosk,Lolwe,-0.0746792,34.7817775,SUG001,sugar,Mumias Sugar,2024-12-16,7,3.1,0.41,0.5
10936507940,Unknown,kiosk,Lolwe,-0.0746792,34.7817775,SUG002,sugar,Mumias Sugar,2024-12-02,21,2.7,0.44,0.5
10936507940,Unknown,kiosk,Lolwe,-0.0746792,34.7817775,SUG003,sugar,Nzoia Sugar,2024-12-02,21,3.7,0.59,0.5
10936507941,Unknown,butcher,Lolwe,-0.0746349,34.7817323,BEV001,beverages,Afia Juice,2024-12-23,0,9.0,0.43,0.1
10936507941,Unknown,butcher,Lolwe,-0.0746349,34.7817323,BEV002,beverages,Pick n Peel Juice,2024-12-09,14,2.9,0.44,0.5
10936507941,Unknown,butcher,Lolwe,-0.0746349,34.7817323,BEV003,beverages,Tusker Lager,2024-12-23,0,9.0,0.42,0.1
10936507941,Unknown,butcher,Lolwe,-0.0746349,34.7817323,BEV004,beverages,Coca-Cola Soda,2024-12-23,0,12.0,0.45,0.1
10936507941,Unknown,butcher,Lolwe,-0.0746349,34.7817323,FLR001,flour,Jogoo Maize Flour,2024-12-23,0,20.0,0.75,0.1
10936507941,Unknown,butcher,Lolwe,-0.0746349,34.7817323,FLR002,flour,Jogoo Maize Flour,2024-12-02,21,4.6,0.73,0.5
10936507941,Unknown,butcher,Lolwe,-0.0746349,34.7817323,FLR003,flour,Pembe Maize Flour,2024-12-23,0,15.0,0.71,0.1
10936507941,Unknown,butcher,Lolwe,-0.0746349,34.7817323,FLR004,flour,Kabras Maize Flour,2024-12-23,0,10.0,0.68,0.1
10936507941,Unknown,butcher,Lolwe,-0.0746349,34.7817323,OIL001,cooking_oil,Golden Fry Cooking Oil,2024-12-09,14,5.8,0.45,0.1
10936507941,Unknown,butcher,Lolwe,-0.0746349,34.7817323,OIL002,cooking_oil,Golden Fry Cooking Oil,2024-12-09,14,5.8,0.45,0.1
10936507941,Unknown,butcher,Lolwe,-0.0746349,34.7817323,OIL003,cooking_oil,Soya King Cooking Oil,2024-12-02,21,3.4,0.6,0.5
10936507941,Unknown,butcher,Lolwe,-0.0746349,34.7817323,OIL004,cooking_oil,Soya King Cooking Oil,2024-12-16,7,11.9,0.59,0.1
10936507941,Unknown,butcher,Lolwe,-0.0746349,34.7817323,PC001,personal_care,Vaseline Body Lotion,2024-12-09,14,3.8,0.3,0.1
10936507941,Unknown,butcher,Lolwe,-0.0746349,34.7817323,PC002,personal_care,Dove Bar Soap,2024-12-09,14,3.9,0.29,0.1
10936507941,Unknown,butcher,Lolwe,-0.0746349,34.7817323,PC003,personal_care,Colgate Toothpaste,2024-12-09,14,3.8,0.3,0.1
10936507941,Unknown,butcher,Lolwe,-0.0746349,34.7817323,SAN001,sanitary,Always Pads,2024-12-23,0,6.0,0.29,0.1
10936507941,Unknown,butcher,Lolwe,-0.0746349,34.7817323,SAN002,sanitary,Huggies Diapers,2024-12-02,21,0.9,0.15,0.5
10936507941,Unknown,butcher,Lolwe,-0.0746349,34.7817323,SOP001,soap,Omo Detergent,2024-12-23,0,4.0,0.28,0.1
10936507941,Unknown,butcher,Lolwe,-0.0746349,34.7817323,SOP002,soap,Sunlight Bar Soap,2024-12-02,21,2.7,0.44,0.5
10936507941,Unknown,butcher,Lolwe,-0.0746349,34.7817323,SOP003,soap,Bidco Bar Soap,2024-12-02,21,2.4,0.46,0.5
10936507941,Unknown,butcher,Lolwe,-0.0746349,34.7817323,SOP004,soap,Dettol Bar Soap,2024-12-09,14,5.8,0.45,0.1
10936507941,Unknown,butcher,Lolwe,-0.0746349,34.7817323,SUG001,sugar,Mumias Sugar,2024-12-16,7,3.1,0.42,0.5
10936507941,Unknown,butcher,Lolwe,-0.0746349,34.7817323,SUG002,sugar,Mumias Sugar,2024-12-23,0,12.0,0.44,0.1
10936507941,Unknown,butcher,Lolwe,-0.0746349,34.7817323,SUG003,sugar,Nzoia Sugar,2024-12-16,7,8.9,0.44,0.1
10937101485,Unknown,butcher,Migosi,-0.0812212,34.7806229,BEV001,beverages,Afia Juice,2024-12-16,7,6.0,0.43,0.1
10937101485,Unknown,butcher,Migosi,-0.0812212,34.7806229,BEV002,beverages,Pick n Peel Juice,2024-12-09,14,3.9,0.58,0.5
10937101485,Unknown,butcher,Migosi,-0.0812212,34.7806229,BEV003,beverages,Tusker Lager,2024-12-09,14,5.8,0.45,0.1
10937101485,Unknown,butcher,Migosi,-0.0812212,34.7806229,BEV004,beverages,Coca-Cola Soda,2024-12-23,0,9.0,0.42,0.1
10937101485,Unknown,butcher,Migosi,-0.0812212,34.7806229,FLR001,flour,Jogoo Maize Flour,2024-12-23,0,20.0,0.73,0.1
10937101485,Unknown,butcher,Migosi,-0.0812212,34.7806229,FLR002,flour,Jogoo Maize Flour,2024-12-23,0,20.0,0.75,0.1
10937101485,Unknown,butcher,Migosi,-0.0812212,34.7806229,FLR003,flour,Pembe Maize Flour,2024-12-23,0,10.0,0.68,0.1
10937101485,Unknown,butcher,Migosi,-0.0812212,34.7806229,FLR004,flour,Kabras Maize Flour,2024-12-23,0,10.0,0.68,0.1
10937101485,Unknown,butcher,Migosi,-0.0812212,34.7806229,OIL001,cooking_oil,Golden Fry Cooking Oil,2024-12-16,7,7.9,0.58,0.1
10937101485,Unknown,butcher,Migosi,-0.0812212,34.7806229,OIL002,cooking_oil,Golden Fry Cooking Oil,2024-12-16,7,11.8,0.6,0.1
10937101485,Unknown,butcher,Migosi,-0.0812212,34.7806229,OIL003,cooking_oil,Soya King Cooking Oil,2024-12-16,7,4.2,0.55,0.5
10937101485,Unknown,butcher,Migosi,-0.0812212,34.7806229,OIL004,cooking_oil,Soya King Cooking Oil,2024-12-23,0,16.0,0.6,0.1
10937101485,Unknown,butcher,Migosi,-0.0812212,34.7806229,PC001,personal_care,Vaseline Body Lotion,2024-12-16,7,6.0,0.43,0.1
10937101485,Unknown,butcher,Migosi,-0.0812212,34.7806229,PC002,personal_care,Dove Bar Soap,2024-12-02,21,1.6,0.3,0.5
10937101485,Unknown,butcher,Migosi,-0.0812212,34.7806229,PC003,personal_care,Colgate Toothpaste,2024-12-02,21,2.5,0.45,0.5
10937101485,Unknown,butcher,Migosi,-0.0812212,34.7806229,SAN001,sanitary,Always Pads,2024-12-16,7,4.0,0.29,0.1
10937101485,Unknown,butcher,Migosi,-0.0812212,34.7806229,SAN002,sanitary,Huggies Diapers,2024-12-09,14,3.9,0.29,0.1
10937101485,Unknown,butcher,Migosi,-0.0812212,34.7806229,SOP001,soap,Omo Detergent,2024-12-23,0,8.0,0.29,0.1
10937101485,Unknown,butcher,Migosi,-0.0812212,34.7806229,SOP002,soap,Sunlight Bar Soap,2024-12-09,14,5.7,0.45,0.1
10937101485,Unknown,butcher,Migosi,-0.0812212,34.7806229,SOP003,soap,Bidco Bar Soap,2024-12-16,7,3.1,0.42,0.5
10937101485,Unknown,butcher,Migosi,-0.0812212,34.7806229,SOP004,soap,Dettol Bar Soap,2024-12-16,7,6.0,0.43,0.1
10937101485,Unknown,butcher,Migosi,-0.0812212,34.7806229,SUG001,sugar,Mumias Sugar,2024-12-16,7,11.9,0.59,0.1
10937101485,Unknown,butcher,Migosi,-0.0812212,34.7806229,SUG002,sugar,Mumias Sugar,2024-12-23,0,16.0,0.59,0.1
10937101485,Unknown,butcher,Migosi,-0.0812212,34.7806229,SUG003,sugar,Nzoia Sugar,2024-12-02,21,2.7,0.44,0.5
10937108652,central butchery,butcher,Southern sublocation,-0.1038943,34.7576567,BEV001,beverages,Afia Juice,2024-12-16,7,4.1,0.28,0.1
10937108652,central butchery,butcher,Southern sublocation,-0.1038943,34.7576567,BEV002,beverages,Pick n Peel Juice,2024-12-16,7,4.0,0.29,0.1
10937108652,central butchery,butcher,Southern sublocation,-0.1038943,34.7576567,BEV003,beverages,Tusker Lager,2024-12-02,21,2.1,0.28,0.5
10937108652,central butchery,butcher,Southern sublocation,-0.1038943,34.7576567,BEV004,beverages,Coca-Cola Soda,2024-12-16,7,2.9,0.15,0.1
10937108652,central butchery,butcher,Southern sublocation,-0.1038943,34.7576567,FLR001,flour,Jogoo Maize Flour,2024-12-23,0,9.0,0.41,0.1
10937108652,central butchery,butcher,Southern sublocation,-0.1038943,34.7576567,FLR002,flour,Jogoo Maize Flour,2024-12-23,0,9.0,0.43,0.1
10937108652,central butchery,butcher,Southern sublocation,-0.1038943,34.7576567,FLR003,flour,Pembe Maize Flour,2024-12-16,7,2.2,0.26,0.5
10937108652,central butchery,butcher,Southern sublocation,-0.1038943,34.7576567,FLR004,flour,Kabras Maize Flour,2024-12-02,21,2.0,0.29,0.5
10937108652,central butchery,butcher,Southern sublocation,-0.1038943,34.7576567,OIL001,cooking_oil,Golden Fry Cooking Oil,2024-12-02,21,2.1,0.28,0.5
10937108652,central butchery,butcher,Southern sublocation,-0.1038943,34.7576567,OIL002,cooking_oil,Golden Fry Cooking Oil,2024-12-23,0,6.0,0.27,0.1
10937108652,central butchery,butcher,Southern sublocation,-0.1038943,34.7576567,OIL003,cooking_oil,Soya King Cooking Oil,2024-12-16,7,4.1,0.27,0.1
10937108652,central butchery,butcher,Southern sublocation,-0.1038943,34.7576567,OIL004,cooking_oil,Soya King Cooking Oil,2024-12-09,14,2.1,0.28,0.5
10937108652,central butchery,butcher,Southern sublocation,-0.1038943,34.7576567,PC001,personal_care,Vaseline Body Lotion,2024-12-16,7,2.1,0.13,0.1
10937108652,central butchery,butcher,Southern sublocation,-0.1038943,34.7576567,PC002,personal_care,Dove Bar Soap,2024-12-23,0,3.0,0.13,0.1
10937108652,central butchery,butcher,Southern sublocation,-0.1038943,34.7576567,PC003,personal_care,Colgate Toothpaste,2024-12-09,14,1.2,0.13,0.5
10937108652,central butchery,butcher,Southern sublocation,-0.1038943,34.7576567,SAN001,sanitary,Always Pads,2024-12-23,0,3.0,0.13,0.1
10937108652,central butchery,butcher,Southern sublocation,-0.1038943,34.7576567,SAN002,sanitary,Huggies Diapers,2024-12-16,7,3.0,0.15,0.1
10937108652,central butchery,butcher,Southern sublocation,-0.1038943,34.7576567,SOP001,soap,Omo Detergent,2024-12-16,7,4.0,0.28,0.1
10937108652,central butchery,butcher,Southern sublocation,-0.1038943,34.7576567,SOP002,soap,Sunlight Bar Soap,2024-12-16,7,1.1,0.13,0.5
10937108652,central butchery,butcher,Southern sublocation,-0.1038943,34.7576567,SOP003,soap,Bidco Bar Soap,2024-12-16,7,1.0,0.14,0.5
10937108652,central butchery,butcher,Southern sublocation,-0.1038943,34.7576567,SOP004,soap,Dettol Bar Soap,2024-12-09,14,1.0,0.14,0.5
10937108652,central butchery,butcher,Southern sublocation,-0.1038943,34.7576567,SUG001,sugar,Mumias Sugar,2024-12-16,7,4.2,0.26,0.1
10937108652,central butchery,butcher,Southern sublocation,-0.1038943,34.7576567,SUG002,sugar,Mumias Sugar,2024-12-16,7,1.1,0.12,0.5
10937108652,central butchery,butcher,Southern sublocation,-0.1038943,34.7576567,SUG003,sugar,Nzoia Sugar,2024-12-09,14,1.0,0.14,0.5
10940498841,Trishla wholesalers,wholesale,Bandari sublocation,-0.0978161,34.7520106,BEV001,beverages,Afia Juice,2024-12-16,7,34.8,2.32,0.1
10940498841,Trishla wholesalers,wholesale,Bandari sublocation,-0.0978161,34.7520106,BEV002,beverages,Pick n Peel Juice,2024-12-09,14,14.6,1.74,0.5
10940498841,Trishla wholesalers,wholesale,Bandari sublocation,-0.0978161,34.7520106,BEV003,beverages,Tusker Lager,2024-12-09,14,2.7,1.67,0.75
10940498841,Trishla wholesalers,wholesale,Bandari sublocation,-0.0978161,34.7520106,BEV004,beverages,Coca-Cola Soda,2024-12-09,14,19.5,2.46,0.5
10940498841,Trishla wholesalers,wholesale,Bandari sublocation,-0.0978161,34.7520106,FLR001,flour,Jogoo Maize Flour,2024-12-09,14,49.0,3.36,0.1
10940498841,Trishla wholesalers,wholesale,Bandari sublocation,-0.0978161,34.7520106,FLR002,flour,Jogoo Maize Flour,2024-12-02,21,1.0,3.38,0.75
10940498841,Trishla wholesalers,wholesale,Bandari sublocation,-0.0978161,34.7520106,FLR003,flour,Pembe Maize Flour,2024-12-16,7,27.8,3.74,0.5
10940498841,Trishla wholesalers,wholesale,Bandari sublocation,-0.0978161,34.7520106,FLR004,flour,Kabras Maize Flour,2024-12-02,21,25.6,4.11,0.5
10940498841,Trishla wholesalers,wholesale,Bandari sublocation,-0.0978161,34.7520106,OIL001,cooking_oil,Golden Fry Cooking Oil,2024-12-02,21,17.7,2.39,0.5
10940498841,Trishla wholesalers,wholesale,Bandari sublocation,-0.0978161,34.7520106,OIL002,cooking_oil,Golden Fry Cooking Oil,2024-12-09,14,1.3,3.48,0.75
10940498841,Trishla wholesalers,wholesale,Bandari sublocation,-0.0978161,34.7520106,OIL003,cooking_oil,Soya King Cooking Oil,2024-11-25,28,-3.6,3.56,1.0
10940498841,Trishla wholesalers,wholesale,Bandari sublocation,-0.0978161,34.7520106,OIL004,cooking_oil,Soya King Cooking Oil,2024-12-09,14,19.0,2.71,0.5
10940498841,Trishla wholesalers,wholesale,Bandari sublocation,-0.0978161,34.7520106,PC001,personal_care,Vaseline Body Lotion,2024-12-16,7,29.7,1.48,0.1
10940498841,Trishla wholesalers,wholesale,Bandari sublocation,-0.0978161,34.7520106,PC002,personal_care,Dove Bar Soap,2024-12-16,7,29.5,1.5,0.1
10940498841,Trishla wholesalers,wholesale,Bandari sublocation,-0.0978161,34.7520106,PC003,personal_care,Colgate Toothpaste,2024-12-16,7,11.7,1.47,0.5
10940498841,Trishla wholesalers,wholesale,Bandari sublocation,-0.0978161,34.7520106,SAN001,sanitary,Always Pads,2024-12-09,14,1.3,1.48,0.75
10940498841,Trishla wholesalers,wholesale,Bandari sublocation,-0.0978161,34.7520106,SAN002,sanitary,Huggies Diapers,2024-12-09,14,11.4,1.54,0.5
10940498841,Trishla wholesalers,wholesale,Bandari sublocation,-0.0978161,34.7520106,SOP001,soap,Omo Detergent,2024-12-16,7,12.8,1.6,0.5
10940498841,Trishla wholesalers,wholesale,Bandari sublocation,-0.0978161,34.7520106,SOP002,soap,Sunlight Bar Soap,2024-12-09,14,12.5,1.68,0.5
10940498841,Trishla wholesalers,wholesale,Bandari sublocation,-0.0978161,34.7520106,SOP003,soap,Bidco Bar Soap,2024-12-16,7,14.6,1.91,0.5
10940498841,Trishla wholesalers,wholesale,Bandari sublocation,-0.0978161,34.7520106,SOP004,soap,Dettol Bar Soap,2024-11-25,28,-1.8,1.78,1.0
10940498841,Trishla wholesalers,wholesale,Bandari sublocation,-0.0978161,34.7520106,SUG001,sugar,Mumias Sugar,2024-12-09,14,38.3,2.98,0.1
10940498841,Trishla wholesalers,wholesale,Bandari sublocation,-0.0978161,34.7520106,SUG002,sugar,Mumias Sugar,2024-12-02,21,-0.3,2.59,1.0
10940498841,Trishla wholesalers,wholesale,Bandari sublocation,-0.0978161,34.7520106,SUG003,sugar,Nzoia Sugar,2024-12-02,21,14.5,2.55,0.5
10940498843,Jain Trading Ltd.,wholesale,Bandari sublocation,-0.0978369,34.7523514,BEV001,beverages,Afia Juice,2024-12-23,0,36.0,2.48,0.1
10940498843,Jain Trading Ltd.,wholesale,Bandari sublocation,-0.0978369,34.7523514,BEV002,beverages,Pick n Peel Juice,2024-12-09,14,14.5,2.18,0.5
10940498843,Jain Trading Ltd.,wholesale,Bandari sublocation,-0.0978369,34.7523514,BEV003,beverages,Tusker Lager,2024-12-23,0,56.0,2.01,0.1
10940498843,Jain Trading Ltd.,wholesale,Bandari sublocation,-0.0978369,34.7523514,BEV004,beverages,Coca-Cola Soda,2024-12-09,14,19.0,2.71,0.5
10940498843,Jain Trading Ltd.,wholesale,Bandari sublocation,-0.0978369,34.7523514,FLR001,flour,Jogoo Maize Flour,2024-12-09,14,24.9,3.15,0.5
10940498843,Jain Trading Ltd.,wholesale,Bandari sublocation,-0.0978369,34.7523514,FLR002,flour,Jogoo Maize Flour,2024-12-09,14,53.7,4.17,0.1
10940498843,Jain Trading Ltd.,wholesale,Bandari sublocation,-0.0978369,34.7523514,FLR003,flour,Pembe Maize Flour,2024-12-16,7,60.2,4.26,0.1
10940498843,Jain Trading Ltd.,wholesale,Bandari sublocation,-0.0978369,34.7523514,FLR004,flour,Kabras Maize Flour,2024-12-23,0,66.0,2.93,0.1
10940498843,Jain Trading Ltd.,wholesale,Bandari sublocation,-0.0978369,34.7523514,OIL001,cooking_oil,Golden Fry Cooking Oil,2024-12-09,14,19.8,2.66,0.5
10940498843,Jain Trading Ltd.,wholesale,Bandari sublocation,-0.0978369,34.7523514,OIL002,cooking_oil,Golden Fry Cooking Oil,2024-12-09,14,46.9,3.22,0.1
10940498843,Jain Trading Ltd.,wholesale,Bandari sublocation,-0.0978369,34.7523514,OIL003,cooking_oil,Soya King Cooking Oil,2024-12-23,0,54.0,2.58,0.1
10940498843,Jain Trading Ltd.,wholesale,Bandari sublocation,-0.0978369,34.7523514,OIL004,cooking_oil,Soya King Cooking Oil,2024-12-23,0,36.0,2.52,0.1
10940498843,Jain Trading Ltd.,wholesale,Bandari sublocation,-0.0978369,34.7523514,PC001,personal_care,Vaseline Body Lotion,2024-12-09,14,13.0,1.64,0.5
10940498843,Jain Trading Ltd.,wholesale,Bandari sublocation,-0.0978369,34.7523514,PC002,personal_care,Dove Bar Soap,2024-12-09,14,28.6,1.96,0.1
10940498843,Jain Trading Ltd.,wholesale,Bandari sublocation,-0.0978369,34.7523514,PC003,personal_care,Colgate Toothpaste,2024-12-09,14,11.2,1.34,0.5
10940498843,Jain Trading Ltd.,wholesale,Bandari sublocation,-0.0978369,34.7523514,SAN001,sanitary,Always Pads,2024-12-16,7,9.4,1.23,0.5
10940498843,Jain Trading Ltd.,wholesale,Bandari sublocation,-0.0978369,34.7523514,SAN002,sanitary,Huggies Diapers,2024-12-09,14,8.7,1.1,0.5
10940498843,Jain Trading Ltd.,wholesale,Bandari sublocation,-0.0978369,34.7523514,SOP001,soap,Omo Detergent,2024-12-23,0,36.0,1.72,0.1
10940498843,Jain Trading Ltd.,wholesale,Bandari sublocation,-0.0978369,34.7523514,SOP002,soap,Sunlight Bar Soap,2024-12-09,14,25.6,1.89,0.1
10940498843,Jain Trading Ltd.,wholesale,Bandari sublocation,-0.0978369,34.7523514,SOP003,soap,Bidco Bar Soap,2024-12-23,0,33.0,1.52,0.1
10940498843,Jain Trading Ltd.,wholesale,Bandari sublocation,-0.0978369,34.7523514,SOP004,soap,Dettol Bar Soap,2024-12-09,14,15.7,1.88,0.5
10940498843,Jain Trading Ltd.,wholesale,Bandari sublocation,-0.0978369,34.7523514,SUG001,sugar,Mumias Sugar,2024-12-16,7,53.4,2.66,0.1
10940498843,Jain Trading Ltd.,wholesale,Bandari sublocation,-0.0978369,34.7523514,SUG002,sugar,Mumias Sugar,2024-12-09,14,19.1,2.28,0.5
10940498843,Jain Trading Ltd.,wholesale,Bandari sublocation,-0.0978369,34.7523514,SUG003,sugar,Nzoia Sugar,2024-12-23,0,36.0,2.39,0.1
10940498844,Kendeep agencies,wholesale,Bandari sublocation,-0.096932,34.7533833,BEV001,beverages,Afia Juice,2024-12-09,14,12.6,1.89,0.5
10940498844,Kendeep agencies,wholesale,Bandari sublocation,-0.096932,34.7533833,BEV002,beverages,Pick n Peel Juice,2024-12-02,21,12.8,2.44,0.5
10940498844,Kendeep agencies,wholesale,Bandari sublocation,-0.096932,34.7533833,BEV003,beverages,Tusker Lager,2024-12-02,21,16.7,2.25,0.5
10940498844,Kendeep agencies,wholesale,Bandari sublocation,-0.096932,34.7533833,BEV004,beverages,Coca-Cola Soda,2024-12-23,0,34.0,2.35,0.1
10940498844,Kendeep agencies,wholesale,Bandari sublocation,-0.096932,34.7533833,FLR001,flour,Jogoo Maize Flour,2024-12-09,14,58.0,4.14,0.1
10940498844,Kendeep agencies,wholesale,Bandari sublocation,-0.096932,34.7533833,FLR002,flour,Jogoo Maize Flour,2024-12-09,14,52.9,3.94,0.1
10940498844,Kendeep agencies,wholesale,Bandari sublocation,-0.096932,34.7533833,FLR003,flour,Pembe Maize Flour,2024-12-23,0,108.0,3.88,0.1
10940498844,Kendeep agencies,wholesale,Bandari sublocation,-0.096932,34.7533833,FLR004,flour,Kabras Maize Flour,2024-12-16,7,89.0,4.43,0.1
10940498844,Kendeep agencies,wholesale,Bandari sublocation,-0.096932,34.7533833,OIL001,cooking_oil,Golden Fry Cooking Oil,2024-12-16,7,54.1,2.56,0.1
10940498844,Kendeep agencies,wholesale,Bandari sublocation,-0.096932,34.7533833,OIL002,cooking_oil,Golden Fry Cooking Oil,2024-12-23,0,88.0,3.16,0.1
10940498844,Kendeep agencies,wholesale,Bandari sublocation,-0.096932,34.7533833,OIL003,cooking_oil,Soya King Cooking Oil,2024-12-16,7,53.4,2.66,0.1
10940498844,Kendeep agencies,wholesale,Bandari sublocation,-0.096932,34.7533833,OIL004,cooking_oil,Soya King Cooking Oil,2024-12-23,0,60.0,2.72,0.1
10940498844,Kendeep agencies,wholesale,Bandari sublocation,-0.096932,34.7533833,PC001,personal_care,Vaseline Body Lotion,2024-12-23,0,36.0,1.7,0.1
10940498844,Kendeep agencies,wholesale,Bandari sublocation,-0.096932,34.7533833,PC002,personal_care,Dove Bar Soap,2024-12-16,7,24.1,1.7,0.1
10940498844,Kendeep agencies,wholesale,Bandari sublocation,-0.096932,34.7533833,PC003,personal_care,Colgate Toothpaste,2024-12-23,0,36.0,1.63,0.1
10940498844,Kendeep agencies,wholesale,Bandari sublocation,-0.096932,34.7533833,SAN001,sanitary,Always Pads,2024-12-16,7,20.3,1.39,0.1
10940498844,Kendeep agencies,wholesale,Bandari sublocation,-0.096932,34.7533833,SAN002,sanitary,Huggies Diapers,2024-12-02,21,6.8,1.2,0.5
10940498844,Kendeep agencies,wholesale,Bandari sublocation,-0.096932,34.7533833,SOP001,soap,Omo Detergent,2024-12-23,0,22.0,1.41,0.1
10940498844,Kendeep agencies,wholesale,Bandari sublocation,-0.096932,34.7533833,SOP002,soap,Sunlight Bar Soap,2024-12-02,21,10.1,1.62,0.5
10940498844,Kendeep agencies,wholesale,Bandari sublocation,-0.096932,34.7533833,SOP003,soap,Bidco Bar Soap,2024-12-23,0,44.0,1.61,0.1
10940498844,Kendeep agencies,wholesale,Bandari sublocation,-0.096932,34.7533833,SOP004,soap,Dettol Bar Soap,2024-12-09,14,15.7,1.88,0.5
10940498844,Kendeep agencies,wholesale,Bandari sublocation,-0.096932,34.7533833,SUG001,sugar,Mumias Sugar,2024-12-02,21,18.7,3.3,0.5
10940498844,Kendeep agencies,wholesale,Bandari sublocation,-0.096932,34.7533833,SUG002,sugar,Mumias Sugar,2024-12-23,0,54.0,2.58,0.1
10940498844,Kendeep agencies,wholesale,Bandari sublocation,-0.096932,34.7533833,SUG003,sugar,Nzoia Sugar,2024-12-02,21,14.5,2.55,0.5
10940498846,Victoria Bakery,bakery,Bandari sublocation,-0.0967801,34.7532524,BEV001,beverages,Afia Juice,2024-12-16,7,21.0,0.99,0.1
10940498846,Victoria Bakery,bakery,Bandari sublocation,-0.0967801,34.7532524,BEV002,beverages,Pick n Peel Juice,2024-12-23,0,21.0,0.99,0.1
10940498846,Victoria Bakery,bakery,Bandari sublocation,-0.0967801,34.7532524,BEV003,beverages,Tusker Lager,2024-12-02,21,6.4,1.03,0.5
10940498846,Victoria Bakery,bakery,Bandari sublocation,-0.0967801,34.7532524,BEV004,beverages,Coca-Cola Soda,2024-12-02,21,4.0,0.76,0.5
10940498846,Victoria Bakery,bakery,Bandari sublocation,-0.0967801,34.7532524,FLR001,flour,Jogoo Maize Flour,2024-12-16,7,9.3,1.25,0.5
10940498846,Victoria Bakery,bakery,Bandari sublocation,-0.0967801,34.7532524,FLR002,flour,Jogoo Maize Flour,2024-12-16,7,18.4,1.23,0.1
10940498846,Victoria Bakery,bakery,Bandari sublocation,-0.0967801,34.7532524,FLR003,flour,Pembe Maize Flour,2024-12-23,0,27.0,1.22,0.1
10940498846,Victoria Bakery,bakery,Bandari sublocation,-0.0967801,34.7532524,FLR004,flour,Kabras Maize Flour,2024-12-16,7,32.4,1.65,0.1
10940498846,Victoria Bakery,bakery,Bandari sublocation,-0.0967801,34.7532524,OIL001,cooking_oil,Golden Fry Cooking Oil,2024-12-09,14,11.5,0.89,0.1
10940498846,Victoria Bakery,bakery,Bandari sublocation,-0.0967801,34.7532524,OIL002,cooking_oil,Golden Fry Cooking Oil,2024-12-23,0,18.0,1.17,0.1
10940498846,Victoria Bakery,bakery,Bandari sublocation,-0.0967801,34.7532524,OIL003,cooking_oil,Soya King Cooking Oil,2024-12-09,14,14.3,0.98,0.1
10940498846,Victoria Bakery,bakery,Bandari sublocation,-0.0967801,34.7532524,OIL004,cooking_oil,Soya King Cooking Oil,2024-12-23,0,32.0,1.19,0.1
10940498846,Victoria Bakery,bakery,Bandari sublocation,-0.0967801,34.7532524,PC001,personal_care,Vaseline Body Lotion,2024-12-23,0,12.0,0.57,0.1
10940498846,Victoria Bakery,bakery,Bandari sublocation,-0.0967801,34.7532524,PC002,personal_care,Dove Bar Soap,2024-12-09,14,7.7,0.6,0.1
10940498846,Victoria Bakery,bakery,Bandari sublocation,-0.0967801,34.7532524,PC003,personal_care,Colgate Toothpaste,2024-12-23,0,8.0,0.55,0.1
10940498846,Victoria Bakery,bakery,Bandari sublocation,-0.0967801,34.7532524,SAN001,sanitary,Always Pads,2024-12-16,7,8.0,0.58,0.1
10940498846,Victoria Bakery,bakery,Bandari sublocation,-0.0967801,34.7532524,SAN002,sanitary,Huggies Diapers,2024-12-23,0,16.0,0.57,0.1
10940498846,Victoria Bakery,bakery,Bandari sublocation,-0.0967801,34.7532524,SOP001,soap,Omo Detergent,2024-12-23,0,18.0,0.85,0.1
10940498846,Victoria Bakery,bakery,Bandari sublocation,-0.0967801,34.7532524,SOP002,soap,Sunlight Bar Soap,2024-12-09,14,9.6,0.74,0.1
10940498846,Victoria Bakery,bakery,Bandari sublocation,-0.0967801,34.7532524,SOP003,soap,Bidco Bar Soap,2024-12-16,7,14.7,0.75,0.1
10940498846,Victoria Bakery,bakery,Bandari sublocation,-0.0967801,34.7532524,SOP004,soap,Dettol Bar Soap,2024-12-09,14,10.0,0.71,0.1
10940498846,Victoria Bakery,bakery,Bandari sublocation,-0.0967801,34.7532524,SUG001,sugar,Mumias Sugar,2024-12-23,0,12.0,0.84,0.1
10940498846,Victoria Bakery,bakery,Bandari sublocation,-0.0967801,34.7532524,SUG002,sugar,Mumias Sugar,2024-12-16,7,20.6,1.05,0.1
10940498846,Victoria Bakery,bakery,Bandari sublocation,-0.0967801,34.7532524,SUG003,sugar,Nzoia Sugar,2024-12-09,14,6.0,0.86,0.5
10941873516,Midrock farms ltd,agrarian,Bandari sublocation,-0.0990339,34.7517624,BEV001,beverages,Afia Juice,2024-12-09,14,4.8,0.73,0.5
10941873516,Midrock farms ltd,agrarian,Bandari sublocation,-0.0990339,34.7517624,BEV002,beverages,Pick n Peel Juice,2024-12-02,21,5.5,0.88,0.5
10941873516,Midrock farms ltd,agrarian,Bandari sublocation,-0.0990339,34.7517624,BEV003,beverages,Tusker Lager,2024-12-23,0,18.0,0.87,0.1
10941873516,Midrock farms ltd,agrarian,Bandari sublocation,-0.0990339,34.7517624,BEV004,beverages,Coca-Cola Soda,2024-12-23,0,18.0,0.86,0.1
10941873516,Midrock farms ltd,agrarian,Bandari sublocation,-0.0990339,34.7517624,FLR001,flour,Jogoo Maize Flour,2024-12-16,7,24.1,1.7,0.1
10941873516,Midrock farms ltd,agrarian,Bandari sublocation,-0.0990339,34.7517624,FLR002,flour,Jogoo Maize Flour,2024-12-02,21,9.4,1.27,0.5
10941873516,Midrock farms ltd,agrarian,Bandari sublocation,-0.0990339,34.7517624,FLR003,flour,Pembe Maize Flour,2024-12-09,14,10.0,1.43,0.5
10941873516,Midrock farms ltd,agrarian,Bandari sublocation,-0.0990339,34.7517624,FLR004,flour,Kabras Maize Flour,2024-12-09,14,8.7,1.1,0.5
10941873516,Midrock farms ltd,agrarian,Bandari sublocation,-0.0990339,34.7517624,OIL001,cooking_oil,Golden Fry Cooking Oil,2024-12-16,7,20.6,1.05,0.1
10941873516,Midrock farms ltd,agrarian,Bandari sublocation,-0.0990339,34.7517624,OIL002,cooking_oil,Golden Fry Cooking Oil,2024-12-23,0,36.0,1.29,0.1
10941873516,Midrock farms ltd,agrarian,Bandari sublocation,-0.0990339,34.7517624,OIL003,cooking_oil,Soya King Cooking Oil,2024-12-16,7,20.6,1.05,0.1
10941873516,Midrock farms ltd,agrarian,Bandari sublocation,-0.0990339,34.7517624,OIL004,cooking_oil,Soya King Cooking Oil,2024-12-16,7,9.9,1.15,0.5
10941873516,Midrock farms ltd,agrarian,Bandari sublocation,-0.0990339,34.7517624,PC001,personal_care,Vaseline Body Lotion,2024-12-23,0,12.0,0.57,0.1
10941873516,Midrock farms ltd,agrarian,Bandari sublocation,-0.0990339,34.7517624,PC002,personal_care,Dove Bar Soap,2024-12-16,7,10.2,0.69,0.1
10941873516,Midrock farms ltd,agrarian,Bandari sublocation,-0.0990339,34.7517624,PC003,personal_care,Colgate Toothpaste,2024-12-23,0,12.0,0.57,0.1
10941873516,Midrock farms ltd,agrarian,Bandari sublocation,-0.0990339,34.7517624,SAN001,sanitary,Always Pads,2024-12-23,0,12.0,0.54,0.1
10941873516,Midrock farms ltd,agrarian,Bandari sublocation,-0.0990339,34.7517624,SAN002,sanitary,Huggies Diapers,2024-12-02,21,2.9,0.43,0.5
10941873516,Midrock farms ltd,agrarian,Bandari sublocation,-0.0990339,34.7517624,SOP001,soap,Omo Detergent,2024-12-09,14,11.5,0.89,0.1
10941873516,Midrock farms ltd,agrarian,Bandari sublocation,-0.0990339,34.7517624,SOP002,soap,Sunlight Bar Soap,2024-12-16,7,6.4,0.8,0.5
10941873516,Midrock farms ltd,agrarian,Bandari sublocation,-0.0990339,34.7517624,SOP003,soap,Bidco Bar Soap,2024-12-23,0,24.0,0.86,0.1
10941873516,Midrock farms ltd,agrarian,Bandari sublocation,-0.0990339,34.7517624,SOP004,soap,Dettol Bar Soap,2024-12-23,0,24.0,0.86,0.1
10941873516,Midrock farms ltd,agrarian,Bandari sublocation,-0.0990339,34.7517624,SUG001,sugar,Mumias Sugar,2024-12-02,21,5.9,1.05,0.5
10941873516,Midrock farms ltd,agrarian,Bandari sublocation,-0.0990339,34.7517624,SUG002,sugar,Mumias Sugar,2024-12-23,0,27.0,1.31,0.1
10941873516,Midrock farms ltd,agrarian,Bandari sublocation,-0.0990339,34.7517624,SUG003,sugar,Nzoia Sugar,2024-12-02,21,6.8,1.2,0.5
10943819781,Afro Drip,agrarian,Bandari sublocation,-0.0994984,34.750917,BEV001,beverages,Afia Juice,2024-12-23,0,32.0,1.19,0.1
10943819781,Afro Drip,agrarian,Bandari sublocation,-0.0994984,34.750917,BEV002,beverages,Pick n Peel Juice,2024-12-23,0,14.0,0.97,0.1
10943819781,Afro Drip,agrarian,Bandari sublocation,-0.0994984,34.750917,BEV003,beverages,Tusker Lager,2024-12-23,0,12.0,0.82,0.1
10943819781,Afro Drip,agrarian,Bandari sublocation,-0.0994984,34.750917,BEV004,beverages,Coca-Cola Soda,2024-12-16,7,14.0,0.99,0.1
10943819781,Afro Drip,agrarian,Bandari sublocation,-0.0994984,34.750917,FLR001,flour,Jogoo Maize Flour,2024-12-23,0,20.0,1.28,0.1
10943819781,Afro Drip,agrarian,Bandari sublocation,-0.0994984,34.750917,FLR002,flour,Jogoo Maize Flour,2024-12-02,21,10.1,1.62,0.5
10943819781,Afro Drip,agrarian,Bandari sublocation,-0.0994984,34.750917,FLR003,flour,Pembe Maize Flour,2024-12-02,21,8.8,1.29,0.5
10943819781,Afro Drip,agrarian,Bandari sublocation,-0.0994984,34.750917,FLR004,flour,Kabras Maize Flour,2024-12-09,14,23.0,1.79,0.1
10943819781,Afro Drip,agrarian,Bandari sublocation,-0.0994984,34.750917,OIL001,cooking_oil,Golden Fry Cooking Oil,2024-12-02,21,8.5,1.5,0.5
10943819781,Afro Drip,agrarian,Bandari sublocation,-0.0994984,34.750917,OIL002,cooking_oil,Golden Fry Cooking Oil,2024-12-16,7,11.6,1.48,0.5
10943819781,Afro Drip,agrarian,Bandari sublocation,-0.0994984,34.750917,OIL003,cooking_oil,Soya King Cooking Oil,2024-12-09,14,17.2,1.34,0.1
10943819781,Afro Drip,agrarian,Bandari sublocation,-0.0994984,34.750917,OIL004,cooking_oil,Soya King Cooking Oil,2024-12-02,21,6.8,1.2,0.5
10943819781,Afro Drip,agrarian,Bandari sublocation,-0.0994984,34.750917,PC001,personal_care,Vaseline Body Lotion,2024-12-02,21,5.1,0.9,0.5
10943819781,Afro Drip,agrarian,Bandari sublocation,-0.0994984,34.750917,PC002,personal_care,Dove Bar Soap,2024-12-16,7,17.6,0.91,0.1
10943819781,Afro Drip,agrarian,Bandari sublocation,-0.0994984,34.750917,PC003,personal_care,Colgate Toothpaste,2024-12-23,0,16.0,0.59,0.1
10943819781,Afro Drip,agrarian,Bandari sublocation,-0.0994984,34.750917,SAN001,sanitary,Always Pads,2024-12-09,14,4.0,0.57,0.5
10943819781,Afro Drip,agrarian,Bandari sublocation,-0.0994984,34.750917,SAN002,sanitary,Huggies Diapers,2024-12-02,21,5.2,0.7,0.5
10943819781,Afro Drip,agrarian,Bandari sublocation,-0.0994984,34.750917,SOP001,soap,Omo Detergent,2024-12-02,21,5.1,0.9,0.5
10943819781,Afro Drip,agrarian,Bandari sublocation,-0.0994984,34.750917,SOP002,soap,Sunlight Bar Soap,2024-12-16,7,10.3,0.67,0.1
10943819781,Afro Drip,agrarian,Bandari sublocation,-0.0994984,34.750917,SOP003,soap,Bidco Bar Soap,2024-12-02,21,6.9,1.01,0.5
10943819781,Afro Drip,agrarian,Bandari sublocation,-0.0994984,34.750917,SOP004,soap,Dettol Bar Soap,2024-12-16,7,21.0,0.99,0.1
10943819781,Afro Drip,agrarian,Bandari sublocation,-0.0994984,34.750917,SUG001,sugar,Mumias Sugar,2024-12-02,21,7.3,0.99,0.5
10943819781,Afro Drip,agrarian,Bandari sublocation,-0.0994984,34.750917,SUG002,sugar,Mumias Sugar,2024-12-23,0,28.0,1.03,0.1
10943819781,Afro Drip,agrarian,Bandari sublocation,-0.0994984,34.750917,SUG003,sugar,Nzoia Sugar,2024-12-02,21,6.8,1.2,0.5
10943873313,Amalo company ltd.,wholesale,Bandari sublocation,-0.0988973,34.7522388,BEV001,beverages,Afia Juice,2024-12-09,14,17.3,2.19,0.5
10943873313,Amalo company ltd.,wholesale,Bandari sublocation,-0.0988973,34.7522388,BEV002,beverages,Pick n Peel Juice,2024-12-02,21,16.7,2.44,0.5
10943873313,Amalo company ltd.,wholesale,Bandari sublocation,-0.0988973,34.7522388,BEV003,beverages,Tusker Lager,2024-12-16,7,42.1,1.99,0.1
10943873313,Amalo company ltd.,wholesale,Bandari sublocation,-0.0988973,34.7522388,BEV004,beverages,Coca-Cola Soda,2024-12-16,7,17.8,2.32,0.5
10943873313,Amalo company ltd.,wholesale,Bandari sublocation,-0.0988973,34.7522388,FLR001,flour,Jogoo Maize Flour,2024-12-16,7,59.3,3.95,0.1
10943873313,Amalo company ltd.,wholesale,Bandari sublocation,-0.0988973,34.7522388,FLR002,flour,Jogoo Maize Flour,2024-12-16,7,43.5,3.21,0.1
10943873313,Amalo company ltd.,wholesale,Bandari sublocation,-0.0988973,34.7522388,FLR003,flour,Pembe Maize Flour,2024-12-23,0,84.0,3.05,0.1
10943873313,Amalo company ltd.,wholesale,Bandari sublocation,-0.0988973,34.7522388,FLR004,flour,Kabras Maize Flour,2024-12-16,7,94.4,4.23,0.1
10943873313,Amalo company ltd.,wholesale,Bandari sublocation,-0.0988973,34.7522388,OIL001,cooking_oil,Golden Fry Cooking Oil,2024-12-23,0,42.0,2.9,0.1
10943873313,Amalo company ltd.,wholesale,Bandari sublocation,-0.0988973,34.7522388,OIL002,cooking_oil,Golden Fry Cooking Oil,2024-12-23,0,63.0,2.85,0.1
10943873313,Amalo company ltd.,wholesale,Bandari sublocation,-0.0988973,34.7522388,OIL003,cooking_oil,Soya King Cooking Oil,2024-12-23,0,92.0,3.17,0.1
10943873313,Amalo company ltd.,wholesale,Bandari sublocation,-0.0988973,34.7522388,OIL004,cooking_oil,Soya King Cooking Oil,2024-12-09,14,39.0,2.64,0.1
10943873313,Amalo company ltd.,wholesale,Bandari sublocation,-0.0988973,34.7522388,PC001,personal_care,Vaseline Body Lotion,2024-12-23,0,36.0,1.61,0.1
10943873313,Amalo company ltd.,wholesale,Bandari sublocation,-0.0988973,34.7522388,PC002,personal_care,Dove Bar Soap,2024-12-23,0,22.0,1.43,0.1
10943873313,Amalo company ltd.,wholesale,Bandari sublocation,-0.0988973,34.7522388,PC003,personal_care,Colgate Toothpaste,2024-12-16,7,35.4,1.8,0.1
10943873313,Amalo company ltd.,wholesale,Bandari sublocation,-0.0988973,34.7522388,SAN001,sanitary,Always Pads,2024-12-02,21,11.0,1.0,0.5
10943873313,Amalo company ltd.,wholesale,Bandari sublocation,-0.0988973,34.7522388,SAN002,sanitary,Huggies Diapers,2024-12-23,0,44.0,1.64,0.1
10943873313,Amalo company ltd.,wholesale,Bandari sublocation,-0.0988973,34.7522388,SOP001,soap,Omo Detergent,2024-12-16,7,38.3,1.95,0.1
10943873313,Amalo company ltd.,wholesale,Bandari sublocation,-0.0988973,34.7522388,SOP002,soap,Sunlight Bar Soap,2024-12-23,0,39.0,1.66,0.1
10943873313,Amalo company ltd.,wholesale,Bandari sublocation,-0.0988973,34.7522388,SOP003,soap,Bidco Bar Soap,2024-12-23,0,32.0,2.04,0.1
10943873313,Amalo company ltd.,wholesale,Bandari sublocation,-0.0988973,34.7522388,SOP004,soap,Dettol Bar Soap,2024-12-16,7,42.1,1.99,0.1
10943873313,Amalo company ltd.,wholesale,Bandari sublocation,-0.0988973,34.7522388,SUG001,sugar,Mumias Sugar,2024-12-23,0,54.0,2.48,0.1
10943873313,Amalo company ltd.,wholesale,Bandari sublocation,-0.0988973,34.7522388,SUG002,sugar,Mumias Sugar,2024-12-16,7,33.8,2.45,0.1
10943873313,Amalo company ltd.,wholesale,Bandari sublocation,-0.0988973,34.7522388,SUG003,sugar,Nzoia Sugar,2024-12-23,0,46.0,2.94,0.1
11016540441,Zoro's cool drinking water,water,Northern sublocation,-0.1070431,34.7697873,BEV001,beverages,Afia Juice,2024-12-23,0,16.0,0.6,0.1
11016540441,Zoro's cool drinking water,water,Northern sublocation,-0.1070431,34.7697873,BEV002,beverages,Pick n Peel Juice,2024-12-09,14,2.9,0.44,0.5
11016540441,Zoro's cool drinking water,water,Northern sublocation,-0.1070431,34.7697873,BEV003,beverages,Tusker Lager,2024-12-23,0,8.0,0.55,0.1
11016540441,Zoro's cool drinking water,water,Northern sublocation,-0.1070431,34.7697873,BEV004,beverages,Coca-Cola Soda,2024-12-09,14,4.5,0.54,0.5
11016540441,Zoro's cool drinking water,water,Northern sublocation,-0.1070431,34.7697873,FLR001,flour,Jogoo Maize Flour,2024-12-09,14,12.0,0.86,0.1
11016540441,Zoro's cool drinking water,water,Northern sublocation,-0.1070431,34.7697873,FLR002,flour,Jogoo Maize Flour,2024-12-09,14,11.8,0.87,0.1
11016540441,Zoro's cool drinking water,water,Northern sublocation,-0.1070431,34.7697873,FLR003,flour,Pembe Maize Flour,2024-12-09,14,11.5,0.89,0.1
11016540441,Zoro's cool drinking water,water,Northern sublocation,-0.1070431,34.7697873,FLR004,flour,Kabras Maize Flour,2024-12-23,0,12.0,0.78,0.1
11016540441,Zoro's cool drinking water,water,Northern sublocation,-0.1070431,34.7697873,OIL001,cooking_oil,Golden Fry Cooking Oil,2024-12-23,0,20.0,0.72,0.1
11016540441,Zoro's cool drinking water,water,Northern sublocation,-0.1070431,34.7697873,OIL002,cooking_oil,Golden Fry Cooking Oil,2024-12-23,0,15.0,0.72,0.1
11016540441,Zoro's cool drinking water,water,Northern sublocation,-0.1070431,34.7697873,OIL003,cooking_oil,Soya King Cooking Oil,2024-12-23,0,15.0,0.7,0.1
11016540441,Zoro's cool drinking water,water,Northern sublocation,-0.1070431,34.7697873,OIL004,cooking_oil,Soya King Cooking Oil,2024-12-09,14,10.0,0.71,0.1
11016540441,Zoro's cool drinking water,water,Northern sublocation,-0.1070431,34.7697873,PC001,personal_care,Vaseline Body Lotion,2024-12-23,0,8.0,0.29,0.1
11016540441,Zoro's cool drinking water,water,Northern sublocation,-0.1070431,34.7697873,PC002,personal_care,Dove Bar Soap,2024-12-23,0,12.0,0.45,0.1
11016540441,Zoro's cool drinking water,water,Northern sublocation,-0.1070431,34.7697873,PC003,personal_care,Colgate Toothpaste,2024-12-09,14,5.8,0.45,0.1
11016540441,Zoro's cool drinking water,water,Northern sublocation,-0.1070431,34.7697873,SAN001,sanitary,Always Pads,2024-12-09,14,2.1,0.28,0.5
11016540441,Zoro's cool drinking water,water,Northern sublocation,-0.1070431,34.7697873,SAN002,sanitary,Huggies Diapers,2024-12-23,0,8.0,0.28,0.1
11016540441,Zoro's cool drinking water,water,Northern sublocation,-0.1070431,34.7697873,SOP001,soap,Omo Detergent,2024-12-23,0,12.0,0.42,0.1
11016540441,Zoro's cool drinking water,water,Northern sublocation,-0.1070431,34.7697873,SOP002,soap,Sunlight Bar Soap,2024-12-23,0,12.0,0.45,0.1
11016540441,Zoro's cool drinking water,water,Northern sublocation,-0.1070431,34.7697873,SOP003,soap,Bidco Bar Soap,2024-12-23,0,12.0,0.44,0.1
11016540441,Zoro's cool drinking water,water,Northern sublocation,-0.1070431,34.7697873,SOP004,soap,Dettol Bar Soap,2024-12-09,14,2.9,0.44,0.5
11016540441,Zoro's cool drinking water,water,Northern sublocation,-0.1070431,34.7697873,SUG001,sugar,Mumias Sugar,2024-12-09,14,5.4,0.68,0.5
11016540441,Zoro's cool drinking water,water,Northern sublocation,-0.1070431,34.7697873,SUG002,sugar,Mumias Sugar,2024-12-23,0,20.0,0.73,0.1
11016540441,Zoro's cool drinking water,water,Northern sublocation,-0.1070431,34.7697873,SUG003,sugar,Nzoia Sugar,2024-12-09,14,7.7,0.6,0.1
11016540446,Beyond Fruits,farm,Northern sublocation,-0.1079861,34.769631,BEV001,beverages,Afia Juice,2024-12-09,14,1.0,0.15,0.5
11016540446,Beyond Fruits,farm,Northern sublocation,-0.1079861,34.769631,BEV002,beverages,Pick n Peel Juice,2024-12-02,21,2.1,0.28,0.5
11016540446,Beyond Fruits,farm,Northern sublocation,-0.1079861,34.769631,BEV003,beverages,Tusker Lager,2024-12-16,7,4.0,0.28,0.1
11016540446,Beyond Fruits,farm,Northern sublocation,-0.1079861,34.769631,BEV004,beverages,Coca-Cola Soda,2024-12-16,7,6.0,0.29,0.1
11016540446,Beyond Fruits,farm,Northern sublocation,-0.1079861,34.769631,FLR001,flour,Jogoo Maize Flour,2024-12-09,14,0.1,0.28,0.75
11016540446,Beyond Fruits,farm,Northern sublocation,-0.1079861,34.769631,FLR002,flour,Jogoo Maize Flour,2024-12-02,21,0.3,0.27,0.75
11016540446,Beyond Fruits,farm,Northern sublocation,-0.1079861,34.769631,FLR003,flour,Pembe Maize Flour,2024-12-16,7,5.9,0.3,0.1
11016540446,Beyond Fruits,farm,Northern sublocation,-0.1079861,34.769631,FLR004,flour,Kabras Maize Flour,2024-12-16,7,2.2,0.26,0.5
11016540446,Beyond Fruits,farm,Northern sublocation,-0.1079861,34.769631,OIL001,cooking_oil,Golden Fry Cooking Oil,2024-12-16,7,4.0,0.29,0.1
11016540446,Beyond Fruits,farm,Northern sublocation,-0.1079861,34.769631,OIL002,cooking_oil,Golden Fry Cooking Oil,2024-12-02,21,0.3,0.27,0.75
11016540446,Beyond Fruits,farm,Northern sublocation,-0.1079861,34.769631,OIL003,cooking_oil,Soya King Cooking Oil,2024-12-02,21,0.2,0.28,0.75
11016540446,Beyond Fruits,farm,Northern sublocation,-0.1079861,34.769631,OIL004,cooking_oil,Soya King Cooking Oil,2024-11-25,28,0.1,0.28,0.75
11016540446,Beyond Fruits,farm,Northern sublocation,-0.1079861,34.769631,PC001,personal_care,Vaseline Body Lotion,2024-12-16,7,1.1,0.13,0.5
11016540446,Beyond Fruits,farm,Northern sublocation,-0.1079861,34.769631,PC002,personal_care,Dove Bar Soap,2024-12-02,21,1.0,0.14,0.5
11016540446,Beyond Fruits,farm,Northern sublocation,-0.1079861,34.769631,PC003,personal_care,Colgate Toothpaste,2024-12-02,21,0.0,0.14,0.75
11016540446,Beyond Fruits,farm,Northern sublocation,-0.1079861,34.769631,SAN001,sanitary,Always Pads,2024-12-16,7,1.1,0.13,0.5
11016540446,Beyond Fruits,farm,Northern sublocation,-0.1079861,34.769631,SAN002,sanitary,Huggies Diapers,2024-12-16,7,2.0,0.14,0.1
11016540446,Beyond Fruits,farm,Northern sublocation,-0.1079861,34.769631,SOP001,soap,Omo Detergent,2024-12-09,14,0.2,0.13,0.75
11016540446,Beyond Fruits,farm,Northern sublocation,-0.1079861,34.769631,SOP002,soap,Sunlight Bar Soap,2024-12-16,7,2.0,0.14,0.1
11016540446,Beyond Fruits,farm,Northern sublocation,-0.1079861,34.769631,SOP003,soap,Bidco Bar Soap,2024-12-09,14,1.9,0.15,0.1
11016540446,Beyond Fruits,farm,Northern sublocation,-0.1079861,34.769631,SOP004,soap,Dettol Bar Soap,2024-12-09,14,1.1,0.14,0.5
11016540446,Beyond Fruits,farm,Northern sublocation,-0.1079861,34.769631,SUG001,sugar,Mumias Sugar,2024-12-16,7,2.1,0.27,0.5
11016540446,Beyond Fruits,farm,Northern sublocation,-0.1079861,34.769631,SUG002,sugar,Mumias Sugar,2024-12-02,21,0.1,0.28,0.75
11016540446,Beyond Fruits,farm,Northern sublocation,-0.1079861,34.769631,SUG003,sugar,Nzoia Sugar,2024-12-02,21,1.7,0.3,0.5
11030023226,Roadside General store,general,Celtel Estate,-0.0954613,34.7686557,BEV001,beverages,Afia Juice,2024-12-16,7,17.6,0.91,0.1
11030023226,Roadside General store,general,Celtel Estate,-0.0954613,34.7686557,BEV002,beverages,Pick n Peel Juice,2024-12-09,14,4.0,0.57,0.5
11030023226,Roadside General store,general,Celtel Estate,-0.0954613,34.7686557,BEV003,beverages,Tusker Lager,2024-12-23,0,8.0,0.55,0.1
11030023226,Roadside General store,general,Celtel Estate,-0.0954613,34.7686557,BEV004,beverages,Coca-Cola Soda,2024-12-16,7,11.8,0.6,0.1
11030023226,Roadside General store,general,Celtel Estate,-0.0954613,34.7686557,FLR001,flour,Jogoo Maize Flour,2024-12-16,7,12.0,0.85,0.1
11030023226,Roadside General store,general,Celtel Estate,-0.0954613,34.7686557,FLR002,flour,Jogoo Maize Flour,2024-12-23,0,14.0,0.98,0.1
11030023226,Roadside General store,general,Celtel Estate,-0.0954613,34.7686557,FLR003,flour,Pembe Maize Flour,2024-12-23,0,28.0,1.04,0.1
11030023226,Roadside General store,general,Celtel Estate,-0.0954613,34.7686557,FLR004,flour,Kabras Maize Flour,2024-12-16,7,12.0,0.85,0.1
11030023226,Roadside General store,general,Celtel Estate,-0.0954613,34.7686557,OIL001,cooking_oil,Golden Fry Cooking Oil,2024-12-23,0,12.0,0.83,0.1
11030023226,Roadside General store,general,Celtel Estate,-0.0954613,34.7686557,OIL002,cooking_oil,Golden Fry Cooking Oil,2024-12-16,7,14.0,0.99,0.1
11030023226,Roadside General store,general,Celtel Estate,-0.0954613,34.7686557,OIL003,cooking_oil,Soya King Cooking Oil,2024-12-16,7,14.0,0.99,0.1
11030023226,Roadside General store,general,Celtel Estate,-0.0954613,34.7686557,OIL004,cooking_oil,Soya King Cooking Oil,2024-12-16,7,7.3,0.95,0.5
11030023226,Roadside General store,general,Celtel Estate,-0.0954613,34.7686557,PC001,personal_care,Vaseline Body Lotion,2024-12-16,7,8.8,0.45,0.1
11030023226,Roadside General store,general,Celtel Estate,-0.0954613,34.7686557,PC002,personal_care,Dove Bar Soap,2024-12-16,7,8.0,0.58,0.1
11030023226,Roadside General store,general,Celtel Estate,-0.0954613,34.7686557,PC003,personal_care,Colgate Toothpaste,2024-12-16,7,6.0,0.43,0.1
11030023226,Roadside General store,general,Celtel Estate,-0.0954613,34.7686557,SAN001,sanitary,Always Pads,2024-12-09,14,5.7,0.45,0.1
11030023226,Roadside General store,general,Celtel Estate,-0.0954613,34.7686557,SAN002,sanitary,Huggies Diapers,2024-12-23,0,6.0,0.41,0.1
11030023226,Roadside General store,general,Celtel Estate,-0.0954613,34.7686557,SOP001,soap,Omo Detergent,2024-12-16,7,4.2,0.55,0.5
11030023226,Roadside General store,general,Celtel Estate,-0.0954613,34.7686557,SOP002,soap,Sunlight Bar Soap,2024-12-02,21,4.6,0.73,0.5
11030023226,Roadside General store,general,Celtel Estate,-0.0954613,34.7686557,SOP003,soap,Bidco Bar Soap,2024-12-16,7,8.0,0.58,0.1
11030023226,Roadside General store,general,Celtel Estate,-0.0954613,34.7686557,SOP004,soap,Dettol Bar Soap,2024-12-23,0,20.0,0.73,0.1
11030023226,Roadside General store,general,Celtel Estate,-0.0954613,34.7686557,SUG001,sugar,Mumias Sugar,2024-12-23,0,20.0,0.75,0.1
11030023226,Roadside General store,general,Celtel Estate,-0.0954613,34.7686557,SUG002,sugar,Mumias Sugar,2024-12-02,21,5.1,0.9,0.5
11030023226,Roadside General store,general,Celtel Estate,-0.0954613,34.7686557,SUG003,sugar,Nzoia Sugar,2024-12-16,7,12.0,0.85,0.1
11030023227,Kim's Poultry,agrarian,Northern sublocation,-0.0954703,34.7685668,BEV001,beverages,Afia Juice,2024-12-23,0,15.0,0.71,0.1
11030023227,Kim's Poultry,agrarian,Northern sublocation,-0.0954703,34.7685668,BEV002,beverages,Pick n Peel Juice,2024-12-23,0,10.0,0.69,0.1
11030023227,Kim's Poultry,agrarian,Northern sublocation,-0.0954703,34.7685668,BEV003,beverages,Tusker Lager,2024-12-23,0,8.0,0.51,0.1
11030023227,Kim's Poultry,agrarian,Northern sublocation,-0.0954703,34.7685668,BEV004,beverages,Coca-Cola Soda,2024-12-02,21,4.2,0.56,0.5
11030023227,Kim's Poultry,agrarian,Northern sublocation,-0.0954703,34.7685668,FLR001,flour,Jogoo Maize Flour,2024-12-16,7,14.0,0.99,0.1
11030023227,Kim's Poultry,agrarian,Northern sublocation,-0.0954703,34.7685668,FLR002,flour,Jogoo Maize Flour,2024-12-09,14,9.0,1.07,0.5
11030023227,Kim's Poultry,agrarian,Northern sublocation,-0.0954703,34.7685668,FLR003,flour,Pembe Maize Flour,2024-12-09,14,13.4,1.04,0.1
11030023227,Kim's Poultry,agrarian,Northern sublocation,-0.0954703,34.7685668,FLR004,flour,Kabras Maize Flour,2024-12-23,0,24.0,1.16,0.1
11030023227,Kim's Poultry,agrarian,Northern sublocation,-0.0954703,34.7685668,OIL001,cooking_oil,Golden Fry Cooking Oil,2024-12-23,0,28.0,0.99,0.1
11030023227,Kim's Poultry,agrarian,Northern sublocation,-0.0954703,34.7685668,OIL002,cooking_oil,Golden Fry Cooking Oil,2024-12-16,7,18.2,0.83,0.1
11030023227,Kim's Poultry,agrarian,Northern sublocation,-0.0954703,34.7685668,OIL003,cooking_oil,Soya King Cooking Oil,2024-12-23,0,12.0,0.77,0.1
11030023227,Kim's Poultry,agrarian,Northern sublocation,-0.0954703,34.7685668,OIL004,cooking_oil,Soya King Cooking Oil,2024-12-09,14,9.4,0.76,0.1
11030023227,Kim's Poultry,agrarian,Northern sublocation,-0.0954703,34.7685668,PC001,personal_care,Vaseline Body Lotion,2024-12-16,7,6.0,0.43,0.1
11030023227,Kim's Poultry,agrarian,Northern sublocation,-0.0954703,34.7685668,PC002,personal_care,Dove Bar Soap,2024-12-16,7,6.0,0.43,0.1
11030023227,Kim's Poultry,agrarian,Northern sublocation,-0.0954703,34.7685668,PC003,personal_care,Colgate Toothpaste,2024-12-02,21,3.1,0.42,0.5
11030023227,Kim's Poultry,agrarian,Northern sublocation,-0.0954703,34.7685668,SAN001,sanitary,Always Pads,2024-12-16,7,9.0,0.43,0.1
11030023227,Kim's Poultry,agrarian,Northern sublocation,-0.0954703,34.7685668,SAN002,sanitary,Huggies Diapers,2024-12-09,14,5.8,0.45,0.1
11030023227,Kim's Poultry,agrarian,Northern sublocation,-0.0954703,34.7685668,SOP001,soap,Omo Detergent,2024-12-16,7,7.9,0.58,0.1
11030023227,Kim's Poultry,agrarian,Northern sublocation,-0.0954703,34.7685668,SOP002,soap,Sunlight Bar Soap,2024-12-23,0,16.0,0.57,0.1
11030023227,Kim's Poultry,agrarian,Northern sublocation,-0.0954703,34.7685668,SOP003,soap,Bidco Bar Soap,2024-12-23,0,16.0,0.6,0.1
11030023227,Kim's Poultry,agrarian,Northern sublocation,-0.0954703,34.7685668,SOP004,soap,Dettol Bar Soap,2024-12-16,7,8.0,0.58,0.1
11030023227,Kim's Poultry,agrarian,Northern sublocation,-0.0954703,34.7685668,SUG001,sugar,Mumias Sugar,2024-12-23,0,20.0,0.71,0.1
11030023227,Kim's Poultry,agrarian,Northern sublocation,-0.0954703,34.7685668,SUG002,sugar,Mumias Sugar,2024-12-23,0,18.0,0.86,0.1
11030023227,Kim's Poultry,agrarian,Northern sublocation,-0.0954703,34.7685668,SUG003,sugar,Nzoia Sugar,2024-12-16,7,6.3,0.82,0.5
11030023276,Beyond Fruits,greengrocer,Milimani,-0.1070988,34.7518718,BEV001,beverages,Afia Juice,2024-12-23,0,8.0,0.29,0.1
11030023276,Beyond Fruits,greengrocer,Milimani,-0.1070988,34.7518718,BEV002,beverages,Pick n Peel Juice,2024-12-16,7,4.1,0.27,0.1
11030023276,Beyond Fruits,greengrocer,Milimani,-0.1070988,34.7518718,BEV003,beverages,Tusker Lager,2024-12-02,21,1.7,0.3,0.5
11030023276,Beyond Fruits,greengrocer,Milimani,-0.1070988,34.7518718,BEV004,beverages,Coca-Cola Soda,2024-12-23,0,8.0,0.3,0.1
11030023276,Beyond Fruits,greengrocer,Milimani,-0.1070988,34.7518718,FLR001,flour,Jogoo Maize Flour,2024-12-16,7,8.8,0.45,0.1
11030023276,Beyond Fruits,greengrocer,Milimani,-0.1070988,34.7518718,FLR002,flour,Jogoo Maize Flour,2024-12-09,14,3.0,0.43,0.5
11030023276,Beyond Fruits,greengrocer,Milimani,-0.1070988,34.7518718,FLR003,flour,Pembe Maize Flour,2024-12-16,7,6.0,0.43,0.1
11030023276,Beyond Fruits,greengrocer,Milimani,-0.1070988,34.7518718,FLR004,flour,Kabras Maize Flour,2024-12-16,7,3.2,0.4,0.5
11030023276,Beyond Fruits,greengrocer,Milimani,-0.1070988,34.7518718,OIL001,cooking_oil,Golden Fry Cooking Oil,2024-12-16,7,6.0,0.43,0.1
11030023276,Beyond Fruits,greengrocer,Milimani,-0.1070988,34.7518718,OIL002,cooking_oil,Golden Fry Cooking Oil,2024-12-16,7,4.1,0.27,0.1
11030023276,Beyond Fruits,greengrocer,Milimani,-0.1070988,34.7518718,OIL003,cooking_oil,Soya King Cooking Oil,2024-12-09,14,3.0,0.43,0.5
11030023276,Beyond Fruits,greengrocer,Milimani,-0.1070988,34.7518718,OIL004,cooking_oil,Soya King Cooking Oil,2024-12-16,7,2.1,0.27,0.5
11030023276,Beyond Fruits,greengrocer,Milimani,-0.1070988,34.7518718,PC001,personal_care,Vaseline Body Lotion,2024-12-09,14,2.0,0.14,0.1
11030023276,Beyond Fruits,greengrocer,Milimani,-0.1070988,34.7518718,PC002,personal_care,Dove Bar Soap,2024-12-09,14,1.9,0.15,0.1
11030023276,Beyond Fruits,greengrocer,Milimani,-0.1070988,34.7518718,PC003,personal_care,Colgate Toothpaste,2024-12-02,21,0.8,0.15,0.5
11030023276,Beyond Fruits,greengrocer,Milimani,-0.1070988,34.7518718,SAN001,sanitary,Always Pads,2024-12-09,14,1.0,0.14,0.5
11030023276,Beyond Fruits,greengrocer,Milimani,-0.1070988,34.7518718,SAN002,sanitary,Huggies Diapers,2024-12-23,0,4.0,0.14,0.1
11030023276,Beyond Fruits,greengrocer,Milimani,-0.1070988,34.7518718,SOP001,soap,Omo Detergent,2024-12-02,21,1.8,0.29,0.5
11030023276,Beyond Fruits,greengrocer,Milimani,-0.1070988,34.7518718,SOP002,soap,Sunlight Bar Soap,2024-12-09,14,2.1,0.28,0.5
11030023276,Beyond Fruits,greengrocer,Milimani,-0.1070988,34.7518718,SOP003,soap,Bidco Bar Soap,2024-12-23,0,4.0,0.14,0.1
11030023276,Beyond Fruits,greengrocer,Milimani,-0.1070988,34.7518718,SOP004,soap,Dettol Bar Soap,2024-12-09,14,2.0,0.15,0.1
11030023276,Beyond Fruits,greengrocer,Milimani,-0.1070988,34.7518718,SUG001,sugar,Mumias Sugar,2024-12-23,0,6.0,0.27,0.1
11030023276,Beyond Fruits,greengrocer,Milimani,-0.1070988,34.7518718,SUG002,sugar,Mumias Sugar,2024-12-23,0,4.0,0.27,0.1
11030023276,Beyond Fruits,greengrocer,Milimani,-0.1070988,34.7518718,SUG003,sugar,Nzoia Sugar,2024-12-16,7,6.0,0.28,0.1
11034143944,marhaba,convenience,Milimani,-0.1006279,34.7531505,BEV001,beverages,Afia Juice,2024-12-16,7,6.2,0.83,0.5
11034143944,marhaba,convenience,Milimani,-0.1006279,34.7531505,BEV002,beverages,Pick n Peel Juice,2024-12-16,7,8.4,1.09,0.5
11034143944,marhaba,convenience,Milimani,-0.1006279,34.7531505,BEV003,beverages,Tusker Lager,2024-12-16,7,21.0,0.99,0.1
11034143944,marhaba,convenience,Milimani,-0.1006279,34.7531505,BEV004,beverages,Coca-Cola Soda,2024-12-09,14,15.3,1.19,0.1
11034143944,marhaba,convenience,Milimani,-0.1006279,34.7531505,FLR001,flour,Jogoo Maize Flour,2024-12-23,0,48.0,1.76,0.1
11034143944,marhaba,convenience,Milimani,-0.1006279,34.7531505,FLR002,flour,Jogoo Maize Flour,2024-12-09,14,24.5,1.68,0.1
11034143944,marhaba,convenience,Milimani,-0.1006279,34.7531505,FLR003,flour,Pembe Maize Flour,2024-12-23,0,26.0,1.79,0.1
11034143944,marhaba,convenience,Milimani,-0.1006279,34.7531505,FLR004,flour,Kabras Maize Flour,2024-12-23,0,52.0,1.94,0.1
11034143944,marhaba,convenience,Milimani,-0.1006279,34.7531505,OIL001,cooking_oil,Golden Fry Cooking Oil,2024-12-02,21,5.6,1.07,0.5
11034143944,marhaba,convenience,Milimani,-0.1006279,34.7531505,OIL002,cooking_oil,Golden Fry Cooking Oil,2024-12-09,14,8.0,1.14,0.5
11034143944,marhaba,convenience,Milimani,-0.1006279,34.7531505,OIL003,cooking_oil,Soya King Cooking Oil,2024-12-16,7,16.4,1.09,0.1
11034143944,marhaba,convenience,Milimani,-0.1006279,34.7531505,OIL004,cooking_oil,Soya King Cooking Oil,2024-12-09,14,11.9,1.51,0.5
11034143944,marhaba,convenience,Milimani,-0.1006279,34.7531505,PC001,personal_care,Vaseline Body Lotion,2024-12-16,7,6.2,0.83,0.5
11034143944,marhaba,convenience,Milimani,-0.1006279,34.7531505,PC002,personal_care,Dove Bar Soap,2024-12-23,0,15.0,0.71,0.1
11034143944,marhaba,convenience,Milimani,-0.1006279,34.7531505,PC003,personal_care,Colgate Toothpaste,2024-12-02,21,5.5,0.88,0.5
11034143944,marhaba,convenience,Milimani,-0.1006279,34.7531505,SAN001,sanitary,Always Pads,2024-12-16,7,4.1,0.55,0.5
11034143944,marhaba,convenience,Milimani,-0.1006279,34.7531505,SAN002,sanitary,Huggies Diapers,2024-12-16,7,9.0,0.43,0.1
11034143944,marhaba,convenience,Milimani,-0.1006279,34.7531505,SOP001,soap,Omo Detergent,2024-12-23,0,12.0,0.83,0.1
11034143944,marhaba,convenience,Milimani,-0.1006279,34.7531505,SOP002,soap,Sunlight Bar Soap,2024-12-16,7,13.9,1.01,0.1
11034143944,marhaba,convenience,Milimani,-0.1006279,34.7531505,SOP003,soap,Bidco Bar Soap,2024-12-09,14,5.8,0.87,0.5
11034143944,marhaba,convenience,Milimani,-0.1006279,34.7531505,SOP004,soap,Dettol Bar Soap,2024-12-09,14,11.5,0.89,0.1
11034143944,marhaba,convenience,Milimani,-0.1006279,34.7531505,SUG001,sugar,Mumias Sugar,2024-12-16,7,7.5,0.93,0.5
11034143944,marhaba,convenience,Milimani,-0.1006279,34.7531505,SUG002,sugar,Mumias Sugar,2024-12-16,7,7.3,0.95,0.5
11034143944,marhaba,convenience,Milimani,-0.1006279,34.7531505,SUG003,sugar,Nzoia Sugar,2024-12-23,0,21.0,0.99,0.1
11035432654,Umuya shop,kiosk,Nyawita sublocation,-0.0834251,34.7741285,BEV001,beverages,Afia Juice,2024-12-02,21,3.3,0.41,0.5
11035432654,Umuya shop,kiosk,Nyawita sublocation,-0.0834251,34.7741285,BEV002,beverages,Pick n Peel Juice,2024-12-09,14,3.0,0.43,0.5
11035432654,Umuya shop,kiosk,Nyawita sublocation,-0.0834251,34.7741285,BEV003,beverages,Tusker Lager,2024-12-23,0,6.0,0.41,0.1
11035432654,Umuya shop,kiosk,Nyawita sublocation,-0.0834251,34.7741285,BEV004,beverages,Coca-Cola Soda,2024-12-16,7,3.3,0.38,0.5
11035432654,Umuya shop,kiosk,Nyawita sublocation,-0.0834251,34.7741285,FLR001,flour,Jogoo Maize Flour,2024-12-23,0,10.0,0.68,0.1
11035432654,Umuya shop,kiosk,Nyawita sublocation,-0.0834251,34.7741285,FLR002,flour,Jogoo Maize Flour,2024-12-09,14,10.2,0.7,0.1
11035432654,Umuya shop,kiosk,Nyawita sublocation,-0.0834251,34.7741285,FLR003,flour,Pembe Maize Flour,2024-12-16,7,15.0,0.71,0.1
11035432654,Umuya shop,kiosk,Nyawita sublocation,-0.0834251,34.7741285,FLR004,flour,Kabras Maize Flour,2024-12-16,7,11.8,0.6,0.1
11035432654,Umuya shop,kiosk,Nyawita sublocation,-0.0834251,34.7741285,OIL001,cooking_oil,Golden Fry Cooking Oil,2024-12-09,14,9.6,0.74,0.1
11035432654,Umuya shop,kiosk,Nyawita sublocation,-0.0834251,34.7741285,OIL002,cooking_oil,Golden Fry Cooking Oil,2024-12-23,0,15.0,0.72,0.1
11035432654,Umuya shop,kiosk,Nyawita sublocation,-0.0834251,34.7741285,OIL003,cooking_oil,Soya King Cooking Oil,2024-12-16,7,14.9,0.72,0.1
11035432654,Umuya shop,kiosk,Nyawita sublocation,-0.0834251,34.7741285,OIL004,cooking_oil,Soya King Cooking Oil,2024-12-16,7,4.1,0.55,0.5
11035432654,Umuya shop,kiosk,Nyawita sublocation,-0.0834251,34.7741285,PC001,personal_care,Vaseline Body Lotion,2024-12-16,7,6.1,0.41,0.1
11035432654,Umuya shop,kiosk,Nyawita sublocation,-0.0834251,34.7741285,PC002,personal_care,Dove Bar Soap,2024-12-16,7,6.0,0.43,0.1
11035432654,Umuya shop,kiosk,Nyawita sublocation,-0.0834251,34.7741285,PC003,personal_care,Colgate Toothpaste,2024-12-09,14,5.7,0.45,0.1
11035432654,Umuya shop,kiosk,Nyawita sublocation,-0.0834251,34.7741285,SAN001,sanitary,Always Pads,2024-12-09,14,2.2,0.27,0.5
11035432654,Umuya shop,kiosk,Nyawita sublocation,-0.0834251,34.7741285,SAN002,sanitary,Huggies Diapers,2024-12-23,0,8.0,0.29,0.1
11035432654,Umuya shop,kiosk,Nyawita sublocation,-0.0834251,34.7741285,SOP001,soap,Omo Detergent,2024-12-09,14,6.0,0.43,0.1
11035432654,Umuya shop,kiosk,Nyawita sublocation,-0.0834251,34.7741285,SOP002,soap,Sunlight Bar Soap,2024-12-23,0,12.0,0.43,0.1
11035432654,Umuya shop,kiosk,Nyawita sublocation,-0.0834251,34.7741285,SOP003,soap,Bidco Bar Soap,2024-12-16,7,6.2,0.4,0.1
11035432654,Umuya shop,kiosk,Nyawita sublocation,-0.0834251,34.7741285,SOP004,soap,Dettol Bar Soap,2024-12-09,14,3.0,0.43,0.5
11035432654,Umuya shop,kiosk,Nyawita sublocation,-0.0834251,34.7741285,SUG001,sugar,Mumias Sugar,2024-12-02,21,3.4,0.6,0.5
11035432654,Umuya shop,kiosk,Nyawita sublocation,-0.0834251,34.7741285,SUG002,sugar,Mumias Sugar,2024-12-16,7,3.3,0.38,0.5
11035432654,Umuya shop,kiosk,Nyawita sublocation,-0.0834251,34.7741285,SUG003,sugar,Nzoia Sugar,2024-12-09,14,4.2,0.56,0.5
11035432656,Rinas Milk shop,dairy,Nyawita sublocation,-0.083287,34.7742184,BEV001,beverages,Afia Juice,2024-12-09,14,7.7,0.6,0.1
11035432656,Rinas Milk shop,dairy,Nyawita sublocation,-0.083287,34.7742184,BEV002,beverages,Pick n Peel Juice,2024-12-02,21,3.4,0.6,0.5
11035432656,Rinas Milk shop,dairy,Nyawita sublocation,-0.083287,34.7742184,BEV003,beverages,Tusker Lager,2024-12-02,21,3.7,0.59,0.5
11035432656,Rinas Milk shop,dairy,Nyawita sublocation,-0.083287,34.7742184,BEV004,beverages,Coca-Cola Soda,2024-12-23,0,12.0,0.44,0.1
11035432656,Rinas Milk shop,dairy,Nyawita sublocation,-0.083287,34.7742184,FLR001,flour,Jogoo Maize Flour,2024-12-23,0,12.0,0.83,0.1
11035432656,Rinas Milk shop,dairy,Nyawita sublocation,-0.083287,34.7742184,FLR002,flour,Jogoo Maize Flour,2024-12-16,7,14.8,0.74,0.1
11035432656,Rinas Milk shop,dairy,Nyawita sublocation,-0.083287,34.7742184,FLR003,flour,Pembe Maize Flour,2024-12-16,7,17.7,0.9,0.1
11035432656,Rinas Milk shop,dairy,Nyawita sublocation,-0.083287,34.7742184,FLR004,flour,Kabras Maize Flour,2024-12-23,0,12.0,0.83,0.1
11035432656,Rinas Milk shop,dairy,Nyawita sublocation,-0.083287,34.7742184,OIL001,cooking_oil,Golden Fry Cooking Oil,2024-12-09,14,5.0,0.71,0.5
11035432656,Rinas Milk shop,dairy,Nyawita sublocation,-0.083287,34.7742184,OIL002,cooking_oil,Golden Fry Cooking Oil,2024-12-02,21,3.7,0.59,0.5
11035432656,Rinas Milk shop,dairy,Nyawita sublocation,-0.083287,34.7742184,OIL003,cooking_oil,Soya King Cooking Oil,2024-12-16,7,10.1,0.7,0.1
11035432656,Rinas Milk shop,dairy,Nyawita sublocation,-0.083287,34.7742184,OIL004,cooking_oil,Soya King Cooking Oil,2024-12-09,14,7.7,0.6,0.1
11035432656,Rinas Milk shop,dairy,Nyawita sublocation,-0.083287,34.7742184,PC001,personal_care,Vaseline Body Lotion,2024-12-23,0,8.0,0.3,0.1
11035432656,Rinas Milk shop,dairy,Nyawita sublocation,-0.083287,34.7742184,PC002,personal_care,Dove Bar Soap,2024-12-23,0,8.0,0.3,0.1
11035432656,Rinas Milk shop,dairy,Nyawita sublocation,-0.083287,34.7742184,PC003,personal_care,Colgate Toothpaste,2024-12-02,21,2.7,0.44,0.5
11035432656,Rinas Milk shop,dairy,Nyawita sublocation,-0.083287,34.7742184,SAN001,sanitary,Always Pads,2024-12-23,0,6.0,0.28,0.1
11035432656,Rinas Milk shop,dairy,Nyawita sublocation,-0.083287,34.7742184,SAN002,sanitary,Huggies Diapers,2024-12-16,7,5.9,0.3,0.1
11035432656,Rinas Milk shop,dairy,Nyawita sublocation,-0.083287,34.7742184,SOP001,soap,Omo Detergent,2024-12-16,7,2.1,0.28,0.5
11035432656,Rinas Milk shop,dairy,Nyawita sublocation,-0.083287,34.7742184,SOP002,soap,Sunlight Bar Soap,2024-12-23,0,12.0,0.45,0.1
11035432656,Rinas Milk shop,dairy,Nyawita sublocation,-0.083287,34.7742184,SOP003,soap,Bidco Bar Soap,2024-12-16,7,6.0,0.43,0.1
11035432656,Rinas Milk shop,dairy,Nyawita sublocation,-0.083287,34.7742184,SOP004,soap,Dettol Bar Soap,2024-12-16,7,4.0,0.28,0.1
11035432656,Rinas Milk shop,dairy,Nyawita sublocation,-0.083287,34.7742184,SUG001,sugar,Mumias Sugar,2024-12-09,14,4.0,0.57,0.5
11035432656,Rinas Milk shop,dairy,Nyawita sublocation,-0.083287,34.7742184,SUG002,sugar,Mumias Sugar,2024-12-16,7,11.8,0.6,0.1
11035432656,Rinas Milk shop,dairy,Nyawita sublocation,-0.083287,34.7742184,SUG003,sugar,Nzoia Sugar,2024-12-16,7,6.0,0.43,0.1
11035432658,sigma feeds,agrarian,Nyawita sublocation,-0.0830972,34.7742902,BEV001,beverages,Afia Juice,2024-12-23,0,28.0,1.06,0.1
11035432658,sigma feeds,agrarian,Nyawita sublocation,-0.0830972,34.7742902,BEV002,beverages,Pick n Peel Juice,2024-12-23,0,14.0,0.98,0.1
11035432658,sigma feeds,agrarian,Nyawita sublocation,-0.0830972,34.7742902,BEV003,beverages,Tusker Lager,2024-12-16,7,20.1,1.42,0.1
11035432658,sigma feeds,agrarian,Nyawita sublocation,-0.0830972,34.7742902,BEV004,beverages,Coca-Cola Soda,2024-12-16,7,10.3,1.39,0.5
11035432658,sigma feeds,agrarian,Nyawita sublocation,-0.0830972,34.7742902,FLR001,flour,Jogoo Maize Flour,2024-12-23,0,60.0,2.24,0.1
11035432658,sigma feeds,agrarian,Nyawita sublocation,-0.0830972,34.7742902,FLR002,flour,Jogoo Maize Flour,2024-12-02,21,12.0,2.29,0.5
11035432658,sigma feeds,agrarian,Nyawita sublocation,-0.0830972,34.7742902,FLR003,flour,Pembe Maize Flour,2024-12-23,0,64.0,2.35,0.1
11035432658,sigma feeds,agrarian,Nyawita sublocation,-0.0830972,34.7742902,FLR004,flour,Kabras Maize Flour,2024-12-09,14,13.5,1.82,0.5
11035432658,sigma feeds,agrarian,Nyawita sublocation,-0.0830972,34.7742902,OIL001,cooking_oil,Golden Fry Cooking Oil,2024-12-09,14,19.2,1.49,0.1
11035432658,sigma feeds,agrarian,Nyawita sublocation,-0.0830972,34.7742902,OIL002,cooking_oil,Golden Fry Cooking Oil,2024-12-16,7,29.7,1.48,0.1
11035432658,sigma feeds,agrarian,Nyawita sublocation,-0.0830972,34.7742902,OIL003,cooking_oil,Soya King Cooking Oil,2024-12-16,7,26.7,1.33,0.1
11035432658,sigma feeds,agrarian,Nyawita sublocation,-0.0830972,34.7742902,OIL004,cooking_oil,Soya King Cooking Oil,2024-12-16,7,20.1,1.42,0.1
11035432658,sigma feeds,agrarian,Nyawita sublocation,-0.0830972,34.7742902,PC001,personal_care,Vaseline Body Lotion,2024-12-09,14,5.8,0.87,0.5
11035432658,sigma feeds,agrarian,Nyawita sublocation,-0.0830972,34.7742902,PC002,personal_care,Dove Bar Soap,2024-12-09,14,9.6,0.74,0.1
11035432658,sigma feeds,agrarian,Nyawita sublocation,-0.0830972,34.7742902,PC003,personal_care,Colgate Toothpaste,2024-12-16,7,17.7,0.9,0.1
11035432658,sigma feeds,agrarian,Nyawita sublocation,-0.0830972,34.7742902,SAN001,sanitary,Always Pads,2024-12-16,7,11.8,0.6,0.1
11035432658,sigma feeds,agrarian,Nyawita sublocation,-0.0830972,34.7742902,SAN002,sanitary,Huggies Diapers,2024-12-09,14,9.4,0.76,0.1
11035432658,sigma feeds,agrarian,Nyawita sublocation,-0.0830972,34.7742902,SOP001,soap,Omo Detergent,2024-12-23,0,24.0,0.89,0.1
11035432658,sigma feeds,agrarian,Nyawita sublocation,-0.0830972,34.7742902,SOP002,soap,Sunlight Bar Soap,2024-12-16,7,20.8,1.03,0.1
11035432658,sigma feeds,agrarian,Nyawita sublocation,-0.0830972,34.7742902,SOP003,soap,Bidco Bar Soap,2024-12-23,0,24.0,0.89,0.1
11035432658,sigma feeds,agrarian,Nyawita sublocation,-0.0830972,34.7742902,SOP004,soap,Dettol Bar Soap,2024-12-16,7,7.2,0.97,0.5
11035432658,sigma feeds,agrarian,Nyawita sublocation,-0.0830972,34.7742902,SUG001,sugar,Mumias Sugar,2024-12-16,7,8.4,1.09,0.5
11035432658,sigma feeds,agrarian,Nyawita sublocation,-0.0830972,34.7742902,SUG002,sugar,Mumias Sugar,2024-12-16,7,26.4,1.37,0.1
11035432658,sigma feeds,agrarian,Nyawita sublocation,-0.0830972,34.7742902,SUG003,sugar,Nzoia Sugar,2024-12-02,21,10.1,1.62,0.5
11035432662,Munyao poultry enterprises,agrarian,Nyawita sublocation,-0.0828433,34.7744072,BEV001,beverages,Afia Juice,2024-12-23,0,36.0,1.36,0.1
11035432662,Munyao poultry enterprises,agrarian,Nyawita sublocation,-0.0828433,34.7744072,BEV002,beverages,Pick n Peel Juice,2024-12-16,7,9.3,1.25,0.5
11035432662,Munyao poultry enterprises,agrarian,Nyawita sublocation,-0.0828433,34.7744072,BEV003,beverages,Tusker Lager,2024-12-09,14,6.8,1.02,0.5
11035432662,Munyao poultry enterprises,agrarian,Nyawita sublocation,-0.0828433,34.7744072,BEV004,beverages,Coca-Cola Soda,2024-12-23,0,28.0,1.06,0.1
11035432662,Munyao poultry enterprises,agrarian,Nyawita sublocation,-0.0828433,34.7744072,FLR001,flour,Jogoo Maize Flour,2024-12-23,0,30.0,2.0,0.1
11035432662,Munyao poultry enterprises,agrarian,Nyawita sublocation,-0.0828433,34.7744072,FLR002,flour,Jogoo Maize Flour,2024-12-23,0,30.0,2.04,0.1
11035432662,Munyao poultry enterprises,agrarian,Nyawita sublocation,-0.0828433,34.7744072,FLR003,flour,Pembe Maize Flour,2024-12-23,0,42.0,2.01,0.1
11035432662,Munyao poultry enterprises,agrarian,Nyawita sublocation,-0.0828433,34.7744072,FLR004,flour,Kabras Maize Flour,2024-12-09,14,21.1,1.64,0.1
11035432662,Munyao poultry enterprises,agrarian,Nyawita sublocation,-0.0828433,34.7744072,OIL001,cooking_oil,Golden Fry Cooking Oil,2024-12-23,0,36.0,1.32,0.1
11035432662,Munyao poultry enterprises,agrarian,Nyawita sublocation,-0.0828433,34.7744072,OIL002,cooking_oil,Golden Fry Cooking Oil,2024-12-23,0,27.0,1.27,0.1
11035432662,Munyao poultry enterprises,agrarian,Nyawita sublocation,-0.0828433,34.7744072,OIL003,cooking_oil,Soya King Cooking Oil,2024-12-23,0,26.0,1.73,0.1
11035432662,Munyao poultry enterprises,agrarian,Nyawita sublocation,-0.0828433,34.7744072,OIL004,cooking_oil,Soya King Cooking Oil,2024-12-23,0,20.0,1.4,0.1
11035432662,Munyao poultry enterprises,agrarian,Nyawita sublocation,-0.0828433,34.7744072,PC001,personal_care,Vaseline Body Lotion,2024-12-16,7,20.6,1.05,0.1
11035432662,Munyao poultry enterprises,agrarian,Nyawita sublocation,-0.0828433,34.7744072,PC002,personal_care,Dove Bar Soap,2024-12-16,7,11.9,0.87,0.1
11035432662,Munyao poultry enterprises,agrarian,Nyawita sublocation,-0.0828433,34.7744072,PC003,personal_care,Colgate Toothpaste,2024-12-02,21,5.5,0.88,0.5
11035432662,Munyao poultry enterprises,agrarian,Nyawita sublocation,-0.0828433,34.7744072,SAN001,sanitary,Always Pads,2024-12-09,14,9.6,0.74,0.1
11035432662,Munyao poultry enterprises,agrarian,Nyawita sublocation,-0.0828433,34.7744072,SAN002,sanitary,Huggies Diapers,2024-12-16,7,14.9,0.72,0.1
11035432662,Munyao poultry enterprises,agrarian,Nyawita sublocation,-0.0828433,34.7744072,SOP001,soap,Omo Detergent,2024-12-16,7,13.9,1.01,0.1
11035432662,Munyao poultry enterprises,agrarian,Nyawita sublocation,-0.0828433,34.7744072,SOP002,soap,Sunlight Bar Soap,2024-12-23,0,32.0,1.17,0.1
11035432662,Munyao poultry enterprises,agrarian,Nyawita sublocation,-0.0828433,34.7744072,SOP003,soap,Bidco Bar Soap,2024-12-16,7,17.9,1.3,0.1
11035432662,Munyao poultry enterprises,agrarian,Nyawita sublocation,-0.0828433,34.7744072,SOP004,soap,Dettol Bar Soap,2024-12-16,7,20.6,1.06,0.1
11035432662,Munyao poultry enterprises,agrarian,Nyawita sublocation,-0.0828433,34.7744072,SUG001,sugar,Mumias Sugar,2024-12-23,0,18.0,1.24,0.1
11035432662,Munyao poultry enterprises,agrarian,Nyawita sublocation,-0.0828433,34.7744072,SUG002,sugar,Mumias Sugar,2024-12-09,14,8.0,1.14,0.5
11035432662,Munyao poultry enterprises,agrarian,Nyawita sublocation,-0.0828433,34.7744072,SUG003,sugar,Nzoia Sugar,2024-12-23,0,33.0,1.55,0.1
11035432663,KIM's poultry enterprises,agrarian,Nyawita sublocation,-0.0827868,34.7744329,BEV001,beverages,Afia Juice,2024-12-23,0,28.0,1.04,0.1
11035432663,KIM's poultry enterprises,agrarian,Nyawita sublocation,-0.0827868,34.7744329,BEV002,beverages,Pick n Peel Juice,2024-12-09,14,19.2,1.49,0.1
11035432663,KIM's poultry enterprises,agrarian,Nyawita sublocation,-0.0827868,34.7744329,BEV003,beverages,Tusker Lager,2024-12-23,0,30.0,1.41,0.1
11035432663,KIM's poultry enterprises,agrarian,Nyawita sublocation,-0.0827868,34.7744329,BEV004,beverages,Coca-Cola Soda,2024-12-23,0,21.0,0.95,0.1
11035432663,KIM's poultry enterprises,agrarian,Nyawita sublocation,-0.0827868,34.7744329,FLR001,flour,Jogoo Maize Flour,2024-12-09,14,24.0,1.71,0.1
11035432663,KIM's poultry enterprises,agrarian,Nyawita sublocation,-0.0827868,34.7744329,FLR002,flour,Jogoo Maize Flour,2024-12-09,14,24.9,1.93,0.1
11035432663,KIM's poultry enterprises,agrarian,Nyawita sublocation,-0.0827868,34.7744329,FLR003,flour,Pembe Maize Flour,2024-12-23,0,22.0,1.43,0.1
11035432663,KIM's poultry enterprises,agrarian,Nyawita sublocation,-0.0827868,34.7744329,FLR004,flour,Kabras Maize Flour,2024-12-09,14,24.9,1.93,0.1
11035432663,KIM's poultry enterprises,agrarian,Nyawita sublocation,-0.0827868,34.7744329,OIL001,cooking_oil,Golden Fry Cooking Oil,2024-12-16,7,24.5,1.64,0.1
11035432663,KIM's poultry enterprises,agrarian,Nyawita sublocation,-0.0827868,34.7744329,OIL002,cooking_oil,Golden Fry Cooking Oil,2024-12-02,21,11.0,1.76,0.5
11035432663,KIM's poultry enterprises,agrarian,Nyawita sublocation,-0.0827868,34.7744329,OIL003,cooking_oil,Soya King Cooking Oil,2024-12-16,7,26.5,1.35,0.1
11035432663,KIM's poultry enterprises,agrarian,Nyawita sublocation,-0.0827868,34.7744329,OIL004,cooking_oil,Soya King Cooking Oil,2024-12-09,14,14.6,1.74,0.5
11035432663,KIM's poultry enterprises,agrarian,Nyawita sublocation,-0.0827868,34.7744329,PC001,personal_care,Vaseline Body Lotion,2024-12-23,0,20.0,0.75,0.1
11035432663,KIM's poultry enterprises,agrarian,Nyawita sublocation,-0.0827868,34.7744329,PC002,personal_care,Dove Bar Soap,2024-12-16,7,5.4,0.65,0.5
11035432663,KIM's poultry enterprises,agrarian,Nyawita sublocation,-0.0827868,34.7744329,PC003,personal_care,Colgate Toothpaste,2024-12-16,7,5.2,0.69,0.5
11035432663,KIM's poultry enterprises,agrarian,Nyawita sublocation,-0.0827868,34.7744329,SAN001,sanitary,Always Pads,2024-12-02,21,4.6,0.73,0.5
11035432663,KIM's poultry enterprises,agrarian,Nyawita sublocation,-0.0827868,34.7744329,SAN002,sanitary,Huggies Diapers,2024-12-09,14,9.4,0.76,0.1
11035432663,KIM's poultry enterprises,agrarian,Nyawita sublocation,-0.0827868,34.7744329,SOP001,soap,Omo Detergent,2024-12-23,0,32.0,1.13,0.1
11035432663,KIM's poultry enterprises,agrarian,Nyawita sublocation,-0.0827868,34.7744329,SOP002,soap,Sunlight Bar Soap,2024-12-16,7,24.0,1.14,0.1
11035432663,KIM's poultry enterprises,agrarian,Nyawita sublocation,-0.0827868,34.7744329,SOP003,soap,Bidco Bar Soap,2024-12-23,0,24.0,1.09,0.1
11035432663,KIM's poultry enterprises,agrarian,Nyawita sublocation,-0.0827868,34.7744329,SOP004,soap,Dettol Bar Soap,2024-12-16,7,15.9,1.15,0.1
11035432663,KIM's poultry enterprises,agrarian,Nyawita sublocation,-0.0827868,34.7744329,SUG001,sugar,Mumias Sugar,2024-12-16,7,10.9,1.31,0.5
11035432663,KIM's poultry enterprises,agrarian,Nyawita sublocation,-0.0827868,34.7744329,SUG002,sugar,Mumias Sugar,2024-12-23,0,32.0,1.13,0.1
11035432663,KIM's poultry enterprises,agrarian,Nyawita sublocation,-0.0827868,34.7744329,SUG003,sugar,Nzoia Sugar,2024-12-23,0,32.0,1.15,0.1
11035432669,Pramukh wholesale & retail,wholesale,Nyawita sublocation,-0.0822682,34.7750029,BEV001,beverages,Afia Juice,2024-12-23,0,48.0,3.26,0.1
11035432669,Pramukh wholesale & retail,wholesale,Nyawita sublocation,-0.0822682,34.7750029,BEV002,beverages,Pick n Peel Juice,2024-12-23,0,44.0,2.87,0.1
11035432669,Pramukh wholesale & retail,wholesale,Nyawita sublocation,-0.0822682,34.7750029,BEV003,beverages,Tusker Lager,2024-12-23,0,100.0,3.46,0.1
11035432669,Pramukh wholesale & retail,wholesale,Nyawita sublocation,-0.0822682,34.7750029,BEV004,beverages,Coca-Cola Soda,2024-12-09,14,20.3,3.05,0.5
11035432669,Pramukh wholesale & retail,wholesale,Nyawita sublocation,-0.0822682,34.7750029,FLR001,flour,Jogoo Maize Flour,2024-12-23,0,168.0,6.03,0.1
11035432669,Pramukh wholesale & retail,wholesale,Nyawita sublocation,-0.0822682,34.7750029,FLR002,flour,Jogoo Maize Flour,2024-12-23,0,66.0,4.37,0.1
11035432669,Pramukh wholesale & retail,wholesale,Nyawita sublocation,-0.0822682,34.7750029,FLR003,flour,Pembe Maize Flour,2024-12-16,7,41.2,4.97,0.5
11035432669,Pramukh wholesale & retail,wholesale,Nyawita sublocation,-0.0822682,34.7750029,FLR004,flour,Kabras Maize Flour,2024-12-16,7,73.6,4.91,0.1
11035432669,Pramukh wholesale & retail,wholesale,Nyawita sublocation,-0.0822682,34.7750029,OIL001,cooking_oil,Golden Fry Cooking Oil,2024-12-23,0,81.0,3.59,0.1
11035432669,Pramukh wholesale & retail,wholesale,Nyawita sublocation,-0.0822682,34.7750029,OIL002,cooking_oil,Golden Fry Cooking Oil,2024-12-16,7,103.2,5.25,0.1
11035432669,Pramukh wholesale & retail,wholesale,Nyawita sublocation,-0.0822682,34.7750029,OIL003,cooking_oil,Soya King Cooking Oil,2024-12-23,0,105.0,4.66,0.1
11035432669,Pramukh wholesale & retail,wholesale,Nyawita sublocation,-0.0822682,34.7750029,OIL004,cooking_oil,Soya King Cooking Oil,2024-12-09,14,54.9,4.08,0.1
11035432669,Pramukh wholesale & retail,wholesale,Nyawita sublocation,-0.0822682,34.7750029,PC001,personal_care,Vaseline Body Lotion,2024-12-16,7,35.8,2.6,0.1
11035432669,Pramukh wholesale & retail,wholesale,Nyawita sublocation,-0.0822682,34.7750029,PC002,personal_care,Dove Bar Soap,2024-12-16,7,34.8,2.32,0.1
11035432669,Pramukh wholesale & retail,wholesale,Nyawita sublocation,-0.0822682,34.7750029,PC003,personal_care,Colgate Toothpaste,2024-12-09,14,30.6,2.1,0.1
11035432669,Pramukh wholesale & retail,wholesale,Nyawita sublocation,-0.0822682,34.7750029,SAN001,sanitary,Always Pads,2024-12-16,7,29.8,1.75,0.1
11035432669,Pramukh wholesale & retail,wholesale,Nyawita sublocation,-0.0822682,34.7750029,SAN002,sanitary,Huggies Diapers,2024-12-23,0,36.0,1.66,0.1
11035432669,Pramukh wholesale & retail,wholesale,Nyawita sublocation,-0.0822682,34.7750029,SOP001,soap,Omo Detergent,2024-12-23,0,80.0,3.02,0.1
11035432669,Pramukh wholesale & retail,wholesale,Nyawita sublocation,-0.0822682,34.7750029,SOP002,soap,Sunlight Bar Soap,2024-12-16,7,52.4,2.22,0.1
11035432669,Pramukh wholesale & retail,wholesale,Nyawita sublocation,-0.0822682,34.7750029,SOP003,soap,Bidco Bar Soap,2024-12-23,0,57.0,2.33,0.1
11035432669,Pramukh wholesale & retail,wholesale,Nyawita sublocation,-0.0822682,34.7750029,SOP004,soap,Dettol Bar Soap,2024-12-09,14,16.7,2.24,0.5
11035432669,Pramukh wholesale & retail,wholesale,Nyawita sublocation,-0.0822682,34.7750029,SUG001,sugar,Mumias Sugar,2024-12-23,0,104.0,3.67,0.1
11035432669,Pramukh wholesale & retail,wholesale,Nyawita sublocation,-0.0822682,34.7750029,SUG002,sugar,Mumias Sugar,2024-12-23,0,62.0,3.88,0.1
11035432669,Pramukh wholesale & retail,wholesale,Nyawita sublocation,-0.0822682,34.7750029,SUG003,sugar,Nzoia Sugar,2024-12-16,7,72.1,3.41,0.1
11041880762,Onion center,greengrocer,Migosi,-0.0758722,34.7807062,BEV001,beverages,Afia Juice,2024-12-09,14,7.4,0.61,0.1
11041880762,Onion center,greengrocer,Migosi,-0.0758722,34.7807062,BEV002,beverages,Pick n Peel Juice,2024-12-16,7,11.8,0.6,0.1
11041880762,Onion center,greengrocer,Migosi,-0.0758722,34.7807062,BEV003,beverages,Tusker Lager,2024-12-23,0,16.0,0.6,0.1
11041880762,Onion center,greengrocer,Migosi,-0.0758722,34.7807062,BEV004,beverages,Coca-Cola Soda,2024-12-09,14,3.9,0.58,0.5
11041880762,Onion center,greengrocer,Migosi,-0.0758722,34.7807062,FLR001,flour,Jogoo Maize Flour,2024-12-23,0,18.0,0.87,0.1
11041880762,Onion center,greengrocer,Migosi,-0.0758722,34.7807062,FLR002,flour,Jogoo Maize Flour,2024-12-23,0,10.0,0.68,0.1
11041880762,Onion center,greengrocer,Migosi,-0.0758722,34.7807062,FLR003,flour,Pembe Maize Flour,2024-12-23,0,15.0,0.73,0.1
11041880762,Onion center,greengrocer,Migosi,-0.0758722,34.7807062,FLR004,flour,Kabras Maize Flour,2024-12-16,7,14.7,0.75,0.1
11041880762,Onion center,greengrocer,Migosi,-0.0758722,34.7807062,OIL001,cooking_oil,Golden Fry Cooking Oil,2024-12-23,0,20.0,0.75,0.1
11041880762,Onion center,greengrocer,Migosi,-0.0758722,34.7807062,OIL002,cooking_oil,Golden Fry Cooking Oil,2024-12-02,21,4.6,0.73,0.5
11041880762,Onion center,greengrocer,Migosi,-0.0758722,34.7807062,OIL003,cooking_oil,Soya King Cooking Oil,2024-12-16,7,14.8,0.74,0.1
11041880762,Onion center,greengrocer,Migosi,-0.0758722,34.7807062,OIL004,cooking_oil,Soya King Cooking Oil,2024-12-23,0,16.0,0.6,0.1
11041880762,Onion center,greengrocer,Migosi,-0.0758722,34.7807062,PC001,personal_care,Vaseline Body Lotion,2024-12-09,14,2.0,0.29,0.5
11041880762,Onion center,greengrocer,Migosi,-0.0758722,34.7807062,PC002,personal_care,Dove Bar Soap,2024-12-09,14,2.9,0.44,0.5
11041880762,Onion center,greengrocer,Migosi,-0.0758722,34.7807062,PC003,personal_care,Colgate Toothpaste,2024-12-16,7,5.9,0.3,0.1
11041880762,Onion center,greengrocer,Migosi,-0.0758722,34.7807062,SAN001,sanitary,Always Pads,2024-12-02,21,1.7,0.3,0.5
11041880762,Onion center,greengrocer,Migosi,-0.0758722,34.7807062,SAN002,sanitary,Huggies Diapers,2024-12-16,7,4.0,0.29,0.1
11041880762,Onion center,greengrocer,Migosi,-0.0758722,34.7807062,SOP001,soap,Omo Detergent,2024-12-16,7,5.9,0.44,0.1
11041880762,Onion center,greengrocer,Migosi,-0.0758722,34.7807062,SOP002,soap,Sunlight Bar Soap,2024-12-23,0,9.0,0.42,0.1
11041880762,Onion center,greengrocer,Migosi,-0.0758722,34.7807062,SOP003,soap,Bidco Bar Soap,2024-12-16,7,6.0,0.43,0.1
11041880762,Onion center,greengrocer,Migosi,-0.0758722,34.7807062,SOP004,soap,Dettol Bar Soap,2024-12-16,7,6.0,0.43,0.1
11041880762,Onion center,greengrocer,Migosi,-0.0758722,34.7807062,SUG001,sugar,Mumias Sugar,2024-12-09,14,9.6,0.74,0.1
11041880762,Onion center,greengrocer,Migosi,-0.0758722,34.7807062,SUG002,sugar,Mumias Sugar,2024-12-23,0,15.0,0.72,0.1
11041880762,Onion center,greengrocer,Migosi,-0.0758722,34.7807062,SUG003,sugar,Nzoia Sugar,2024-12-16,7,4.2,0.55,0.5
11041880763,Manchi water,water,Migosi,-0.075946,34.7805908,BEV001,beverages,Afia Juice,2024-12-09,14,10.0,1.43,0.5
11041880763,Manchi water,water,Migosi,-0.075946,34.7805908,BEV002,beverages,Pick n Peel Juice,2024-12-23,0,40.0,1.49,0.1
11041880763,Manchi water,water,Migosi,-0.075946,34.7805908,BEV003,beverages,Tusker Lager,2024-12-16,7,10.5,1.36,0.5
11041880763,Manchi water,water,Migosi,-0.075946,34.7805908,BEV004,beverages,Coca-Cola Soda,2024-12-16,7,8.4,1.09,0.5
11041880763,Manchi water,water,Migosi,-0.075946,34.7805908,FLR001,flour,Jogoo Maize Flour,2024-12-23,0,48.0,2.3,0.1
11041880763,Manchi water,water,Migosi,-0.075946,34.7805908,FLR002,flour,Jogoo Maize Flour,2024-12-16,7,31.8,2.31,0.1
11041880763,Manchi water,water,Migosi,-0.075946,34.7805908,FLR003,flour,Pembe Maize Flour,2024-12-23,0,24.0,1.66,0.1
11041880763,Manchi water,water,Migosi,-0.075946,34.7805908,FLR004,flour,Kabras Maize Flour,2024-12-23,0,30.0,2.04,0.1
11041880763,Manchi water,water,Migosi,-0.075946,34.7805908,OIL001,cooking_oil,Golden Fry Cooking Oil,2024-12-16,7,35.6,1.77,0.1
11041880763,Manchi water,water,Migosi,-0.075946,34.7805908,OIL002,cooking_oil,Golden Fry Cooking Oil,2024-12-23,0,22.0,1.52,0.1
11041880763,Manchi water,water,Migosi,-0.075946,34.7805908,OIL003,cooking_oil,Soya King Cooking Oil,2024-12-09,14,24.9,1.93,0.1
11041880763,Manchi water,water,Migosi,-0.075946,34.7805908,OIL004,cooking_oil,Soya King Cooking Oil,2024-12-23,0,44.0,1.61,0.1
11041880763,Manchi water,water,Migosi,-0.075946,34.7805908,PC001,personal_care,Vaseline Body Lotion,2024-12-16,7,12.0,0.85,0.1
11041880763,Manchi water,water,Migosi,-0.075946,34.7805908,PC002,personal_care,Dove Bar Soap,2024-12-16,7,13.9,1.01,0.1
11041880763,Manchi water,water,Migosi,-0.075946,34.7805908,PC003,personal_care,Colgate Toothpaste,2024-12-02,21,5.1,0.9,0.5
11041880763,Manchi water,water,Migosi,-0.075946,34.7805908,SAN001,sanitary,Always Pads,2024-12-16,7,11.9,0.59,0.1
11041880763,Manchi water,water,Migosi,-0.075946,34.7805908,SAN002,sanitary,Huggies Diapers,2024-12-16,7,17.8,0.89,0.1
11041880763,Manchi water,water,Migosi,-0.075946,34.7805908,SOP001,soap,Omo Detergent,2024-12-09,14,13.2,1.06,0.1
11041880763,Manchi water,water,Migosi,-0.075946,34.7805908,SOP002,soap,Sunlight Bar Soap,2024-12-16,7,9.3,1.25,0.5
11041880763,Manchi water,water,Migosi,-0.075946,34.7805908,SOP003,soap,Bidco Bar Soap,2024-12-23,0,36.0,1.34,0.1
11041880763,Manchi water,water,Migosi,-0.075946,34.7805908,SOP004,soap,Dettol Bar Soap,2024-12-23,0,21.0,1.0,0.1
11041880763,Manchi water,water,Migosi,-0.075946,34.7805908,SUG001,sugar,Mumias Sugar,2024-12-09,14,12.0,1.71,0.5
11041880763,Manchi water,water,Migosi,-0.075946,34.7805908,SUG002,sugar,Mumias Sugar,2024-12-09,14,9.0,1.29,0.5
11041880763,Manchi water,water,Migosi,-0.075946,34.7805908,SUG003,sugar,Nzoia Sugar,2024-12-09,14,20.4,1.68,0.1
11044596296,Divineland milk & honey,dairy,,-0.0811797,34.7845126,BEV001,beverages,Afia Juice,2024-12-16,7,8.9,0.44,0.1
11044596296,Divineland milk & honey,dairy,,-0.0811797,34.7845126,BEV002,beverages,Pick n Peel Juice,2024-12-23,0,6.0,0.29,0.1
11044596296,Divineland milk & honey,dairy,,-0.0811797,34.7845126,BEV003,beverages,Tusker Lager,2024-12-16,7,5.9,0.3,0.1
11044596296,Divineland milk & honey,dairy,,-0.0811797,34.7845126,BEV004,beverages,Coca-Cola Soda,2024-12-23,0,6.0,0.29,0.1
11044596296,Divineland milk & honey,dairy,,-0.0811797,34.7845126,FLR001,flour,Jogoo Maize Flour,2024-12-09,14,7.5,0.6,0.1
11044596296,Divineland milk & honey,dairy,,-0.0811797,34.7845126,FLR002,flour,Jogoo Maize Flour,2024-12-16,7,9.9,0.72,0.1
11044596296,Divineland milk & honey,dairy,,-0.0811797,34.7845126,FLR003,flour,Pembe Maize Flour,2024-12-02,21,3.4,0.6,0.5
11044596296,Divineland milk & honey,dairy,,-0.0811797,34.7845126,FLR004,flour,Kabras Maize Flour,2024-12-16,7,5.1,0.7,0.5
11044596296,Divineland milk & honey,dairy,,-0.0811797,34.7845126,OIL001,cooking_oil,Golden Fry Cooking Oil,2024-12-23,0,12.0,0.45,0.1
11044596296,Divineland milk & honey,dairy,,-0.0811797,34.7845126,OIL002,cooking_oil,Golden Fry Cooking Oil,2024-12-02,21,2.5,0.45,0.5
11044596296,Divineland milk & honey,dairy,,-0.0811797,34.7845126,OIL003,cooking_oil,Soya King Cooking Oil,2024-12-16,7,7.9,0.58,0.1
11044596296,Divineland milk & honey,dairy,,-0.0811797,34.7845126,OIL004,cooking_oil,Soya King Cooking Oil,2024-12-23,0,8.0,0.54,0.1
11044596296,Divineland milk & honey,dairy,,-0.0811797,34.7845126,PC001,personal_care,Vaseline Body Lotion,2024-12-16,7,5.9,0.3,0.1
11044596296,Divineland milk & honey,dairy,,-0.0811797,34.7845126,PC002,personal_care,Dove Bar Soap,2024-12-23,0,8.0,0.3,0.1
11044596296,Divineland milk & honey,dairy,,-0.0811797,34.7845126,PC003,personal_care,Colgate Toothpaste,2024-12-23,0,4.0,0.28,0.1
11044596296,Divineland milk & honey,dairy,,-0.0811797,34.7845126,SAN001,sanitary,Always Pads,2024-12-02,21,1.7,0.3,0.5
11044596296,Divineland milk & honey,dairy,,-0.0811797,34.7845126,SAN002,sanitary,Huggies Diapers,2024-12-02,21,2.0,0.29,0.5
11044596296,Divineland milk & honey,dairy,,-0.0811797,34.7845126,SOP001,soap,Omo Detergent,2024-12-23,0,12.0,0.45,0.1
11044596296,Divineland milk & honey,dairy,,-0.0811797,34.7845126,SOP002,soap,Sunlight Bar Soap,2024-12-02,21,1.8,0.29,0.5
11044596296,Divineland milk & honey,dairy,,-0.0811797,34.7845126,SOP003,soap,Bidco Bar Soap,2024-12-09,14,3.9,0.29,0.1
11044596296,Divineland milk & honey,dairy,,-0.0811797,34.7845126,SOP004,soap,Dettol Bar Soap,2024-12-02,21,1.7,0.3,0.5
11044596296,Divineland milk & honey,dairy,,-0.0811797,34.7845126,SUG001,sugar,Mumias Sugar,2024-12-16,7,8.0,0.57,0.1
11044596296,Divineland milk & honey,dairy,,-0.0811797,34.7845126,SUG002,sugar,Mumias Sugar,2024-12-02,21,2.5,0.45,0.5
11044596296,Divineland milk & honey,dairy,,-0.0811797,34.7845126,SUG003,sugar,Nzoia Sugar,2024-12-02,21,2.4,0.46,0.5
11044596300,Ondisore farmers choice depot,kiosk,,-0.0809866,34.7845267,BEV001,beverages,Afia Juice,2024-12-23,0,9.0,0.41,0.1
11044596300,Ondisore farmers choice depot,kiosk,,-0.0809866,34.7845267,BEV002,beverages,Pick n Peel Juice,2024-12-23,0,6.0,0.41,0.1
11044596300,Ondisore farmers choice depot,kiosk,,-0.0809866,34.7845267,BEV003,beverages,Tusker Lager,2024-12-23,0,8.0,0.29,0.1
11044596300,Ondisore farmers choice depot,kiosk,,-0.0809866,34.7845267,BEV004,beverages,Coca-Cola Soda,2024-12-23,0,6.0,0.28,0.1
11044596300,Ondisore farmers choice depot,kiosk,,-0.0809866,34.7845267,FLR001,flour,Jogoo Maize Flour,2024-12-23,0,15.0,0.68,0.1
11044596300,Ondisore farmers choice depot,kiosk,,-0.0809866,34.7845267,FLR002,flour,Jogoo Maize Flour,2024-12-23,0,8.0,0.54,0.1
11044596300,Ondisore farmers choice depot,kiosk,,-0.0809866,34.7845267,FLR003,flour,Pembe Maize Flour,2024-12-23,0,10.0,0.66,0.1
11044596300,Ondisore farmers choice depot,kiosk,,-0.0809866,34.7845267,FLR004,flour,Kabras Maize Flour,2024-12-23,0,10.0,0.65,0.1
11044596300,Ondisore farmers choice depot,kiosk,,-0.0809866,34.7845267,OIL001,cooking_oil,Golden Fry Cooking Oil,2024-12-23,0,12.0,0.45,0.1
11044596300,Ondisore farmers choice depot,kiosk,,-0.0809866,34.7845267,OIL002,cooking_oil,Golden Fry Cooking Oil,2024-12-23,0,8.0,0.5,0.1
11044596300,Ondisore farmers choice depot,kiosk,,-0.0809866,34.7845267,OIL003,cooking_oil,Soya King Cooking Oil,2024-12-23,0,12.0,0.54,0.1
11044596300,Ondisore farmers choice depot,kiosk,,-0.0809866,34.7845267,OIL004,cooking_oil,Soya King Cooking Oil,2024-12-09,14,7.7,0.6,0.1
11044596300,Ondisore farmers choice depot,kiosk,,-0.0809866,34.7845267,PC001,personal_care,Vaseline Body Lotion,2024-12-09,14,4.1,0.28,0.1
11044596300,Ondisore farmers choice depot,kiosk,,-0.0809866,34.7845267,PC002,personal_care,Dove Bar Soap,2024-12-23,0,6.0,0.28,0.1
11044596300,Ondisore farmers choice depot,kiosk,,-0.0809866,34.7845267,PC003,personal_care,Colgate Toothpaste,2024-12-09,14,2.2,0.27,0.5
11044596300,Ondisore farmers choice depot,kiosk,,-0.0809866,34.7845267,SAN001,sanitary,Always Pads,2024-12-23,0,4.0,0.14,0.1
11044596300,Ondisore farmers choice depot,kiosk,,-0.0809866,34.7845267,SAN002,sanitary,Huggies Diapers,2024-12-23,0,6.0,0.29,0.1
11044596300,Ondisore farmers choice depot,kiosk,,-0.0809866,34.7845267,SOP001,soap,Omo Detergent,2024-12-09,14,2.0,0.29,0.5
11044596300,Ondisore farmers choice depot,kiosk,,-0.0809866,34.7845267,SOP002,soap,Sunlight Bar Soap,2024-12-23,0,8.0,0.28,0.1
11044596300,Ondisore farmers choice depot,kiosk,,-0.0809866,34.7845267,SOP003,soap,Bidco Bar Soap,2024-12-09,14,2.1,0.28,0.5
11044596300,Ondisore farmers choice depot,kiosk,,-0.0809866,34.7845267,SOP004,soap,Dettol Bar Soap,2024-12-23,0,8.0,0.28,0.1
11044596300,Ondisore farmers choice depot,kiosk,,-0.0809866,34.7845267,SUG001,sugar,Mumias Sugar,2024-12-02,21,2.3,0.46,0.5
11044596300,Ondisore farmers choice depot,kiosk,,-0.0809866,34.7845267,SUG002,sugar,Mumias Sugar,2024-12-09,14,6.0,0.43,0.1
11044596300,Ondisore farmers choice depot,kiosk,,-0.0809866,34.7845267,SUG003,sugar,Nzoia Sugar,2024-12-09,14,3.2,0.41,0.5
11044596301,zamani cake suppliers,bakery,Manyatta A,-0.0808029,34.7843295,BEV001,beverages,Afia Juice,2024-12-09,14,7.3,0.98,0.5
11044596301,zamani cake suppliers,bakery,Manyatta A,-0.0808029,34.7843295,BEV002,beverages,Pick n Peel Juice,2024-12-09,14,15.3,1.19,0.1
11044596301,zamani cake suppliers,bakery,Manyatta A,-0.0808029,34.7843295,BEV003,beverages,Tusker Lager,2024-12-23,0,14.0,0.91,0.1
11044596301,zamani cake suppliers,bakery,Manyatta A,-0.0808029,34.7843295,BEV004,beverages,Coca-Cola Soda,2024-12-23,0,36.0,1.34,0.1
11044596301,zamani cake suppliers,bakery,Manyatta A,-0.0808029,34.7843295,FLR001,flour,Jogoo Maize Flour,2024-12-09,14,26.4,2.12,0.1
11044596301,zamani cake suppliers,bakery,Manyatta A,-0.0808029,34.7843295,FLR002,flour,Jogoo Maize Flour,2024-12-23,0,48.0,1.7,0.1
11044596301,zamani cake suppliers,bakery,Manyatta A,-0.0808029,34.7843295,FLR003,flour,Pembe Maize Flour,2024-12-09,14,21.1,1.64,0.1
11044596301,zamani cake suppliers,bakery,Manyatta A,-0.0808029,34.7843295,FLR004,flour,Kabras Maize Flour,2024-12-23,0,22.0,1.43,0.1
11044596301,zamani cake suppliers,bakery,Manyatta A,-0.0808029,34.7843295,OIL001,cooking_oil,Golden Fry Cooking Oil,2024-12-23,0,16.0,1.09,0.1
11044596301,zamani cake suppliers,bakery,Manyatta A,-0.0808029,34.7843295,OIL002,cooking_oil,Golden Fry Cooking Oil,2024-12-23,0,32.0,1.15,0.1
11044596301,zamani cake suppliers,bakery,Manyatta A,-0.0808029,34.7843295,OIL003,cooking_oil,Soya King Cooking Oil,2024-12-09,14,17.2,1.34,0.1
11044596301,zamani cake suppliers,bakery,Manyatta A,-0.0808029,34.7843295,OIL004,cooking_oil,Soya King Cooking Oil,2024-12-23,0,27.0,1.22,0.1
11044596301,zamani cake suppliers,bakery,Manyatta A,-0.0808029,34.7843295,PC001,personal_care,Vaseline Body Lotion,2024-12-23,0,20.0,0.75,0.1
11044596301,zamani cake suppliers,bakery,Manyatta A,-0.0808029,34.7843295,PC002,personal_care,Dove Bar Soap,2024-12-02,21,4.6,0.73,0.5
11044596301,zamani cake suppliers,bakery,Manyatta A,-0.0808029,34.7843295,PC003,personal_care,Colgate Toothpaste,2024-12-23,0,24.0,0.89,0.1
11044596301,zamani cake suppliers,bakery,Manyatta A,-0.0808029,34.7843295,SAN001,sanitary,Always Pads,2024-12-23,0,12.0,0.54,0.1
11044596301,zamani cake suppliers,bakery,Manyatta A,-0.0808029,34.7843295,SAN002,sanitary,Huggies Diapers,2024-12-23,0,8.0,0.54,0.1
11044596301,zamani cake suppliers,bakery,Manyatta A,-0.0808029,34.7843295,SOP001,soap,Omo Detergent,2024-12-23,0,24.0,0.86,0.1
11044596301,zamani cake suppliers,bakery,Manyatta A,-0.0808029,34.7843295,SOP002,soap,Sunlight Bar Soap,2024-12-23,0,10.0,0.68,0.1
11044596301,zamani cake suppliers,bakery,Manyatta A,-0.0808029,34.7843295,SOP003,soap,Bidco Bar Soap,2024-12-23,0,12.0,0.8,0.1
11044596301,zamani cake suppliers,bakery,Manyatta A,-0.0808029,34.7843295,SOP004,soap,Dettol Bar Soap,2024-12-23,0,12.0,0.82,0.1
11044596301,zamani cake suppliers,bakery,Manyatta A,-0.0808029,34.7843295,SUG001,sugar,Mumias Sugar,2024-12-02,21,6.8,1.2,0.5
11044596301,zamani cake suppliers,bakery,Manyatta A,-0.0808029,34.7843295,SUG002,sugar,Mumias Sugar,2024-12-23,0,30.0,1.36,0.1
11044596301,zamani cake suppliers,bakery,Manyatta A,-0.0808029,34.7843295,SUG003,sugar,Nzoia Sugar,2024-12-23,0,32.0,1.17,0.1
11044610206,Lakeside Halal butchery,butcher,,-0.0807211,34.7844952,BEV001,beverages,Afia Juice,2024-12-16,7,6.1,0.42,0.1
11044610206,Lakeside Halal butchery,butcher,,-0.0807211,34.7844952,BEV002,beverages,Pick n Peel Juice,2024-12-23,0,6.0,0.38,0.1
11044610206,Lakeside Halal butchery,butcher,,-0.0807211,34.7844952,BEV003,beverages,Tusker Lager,2024-12-09,14,5.8,0.45,0.1
11044610206,Lakeside Halal butchery,butcher,,-0.0807211,34.7844952,BEV004,beverages,Coca-Cola Soda,2024-12-09,14,6.1,0.42,0.1
11044610206,Lakeside Halal butchery,butcher,,-0.0807211,34.7844952,FLR001,flour,Jogoo Maize Flour,2024-12-09,14,11.8,0.87,0.1
11044610206,Lakeside Halal butchery,butcher,,-0.0807211,34.7844952,FLR002,flour,Jogoo Maize Flour,2024-12-23,0,10.0,0.7,0.1
11044610206,Lakeside Halal butchery,butcher,,-0.0807211,34.7844952,FLR003,flour,Pembe Maize Flour,2024-12-23,0,8.0,0.52,0.1
11044610206,Lakeside Halal butchery,butcher,,-0.0807211,34.7844952,FLR004,flour,Kabras Maize Flour,2024-12-16,7,12.0,0.85,0.1
11044610206,Lakeside Halal butchery,butcher,,-0.0807211,34.7844952,OIL001,cooking_oil,Golden Fry Cooking Oil,2024-12-23,0,12.0,0.57,0.1
11044610206,Lakeside Halal butchery,butcher,,-0.0807211,34.7844952,OIL002,cooking_oil,Golden Fry Cooking Oil,2024-12-09,14,5.8,0.45,0.1
11044610206,Lakeside Halal butchery,butcher,,-0.0807211,34.7844952,OIL003,cooking_oil,Soya King Cooking Oil,2024-12-09,14,8.0,0.57,0.1
11044610206,Lakeside Halal butchery,butcher,,-0.0807211,34.7844952,OIL004,cooking_oil,Soya King Cooking Oil,2024-12-09,14,5.7,0.45,0.1
11044610206,Lakeside Halal butchery,butcher,,-0.0807211,34.7844952,PC001,personal_care,Vaseline Body Lotion,2024-12-09,14,3.8,0.3,0.1
11044610206,Lakeside Halal butchery,butcher,,-0.0807211,34.7844952,PC002,personal_care,Dove Bar Soap,2024-12-09,14,3.9,0.29,0.1
11044610206,Lakeside Halal butchery,butcher,,-0.0807211,34.7844952,PC003,personal_care,Colgate Toothpaste,2024-12-16,7,2.1,0.27,0.5
11044610206,Lakeside Halal butchery,butcher,,-0.0807211,34.7844952,SAN001,sanitary,Always Pads,2024-12-09,14,1.2,0.13,0.5
11044610206,Lakeside Halal butchery,butcher,,-0.0807211,34.7844952,SAN002,sanitary,Huggies Diapers,2024-12-23,0,4.0,0.15,0.1
11044610206,Lakeside Halal butchery,butcher,,-0.0807211,34.7844952,SOP001,soap,Omo Detergent,2024-12-23,0,4.0,0.25,0.1
11044610206,Lakeside Halal butchery,butcher,,-0.0807211,34.7844952,SOP002,soap,Sunlight Bar Soap,2024-12-16,7,6.0,0.43,0.1
11044610206,Lakeside Halal butchery,butcher,,-0.0807211,34.7844952,SOP003,soap,Bidco Bar Soap,2024-12-16,7,6.1,0.41,0.1
11044610206,Lakeside Halal butchery,butcher,,-0.0807211,34.7844952,SOP004,soap,Dettol Bar Soap,2024-12-23,0,12.0,0.42,0.1
11044610206,Lakeside Halal butchery,butcher,,-0.0807211,34.7844952,SUG001,sugar,Mumias Sugar,2024-12-23,0,16.0,0.6,0.1
11044610206,Lakeside Halal butchery,butcher,,-0.0807211,34.7844952,SUG002,sugar,Mumias Sugar,2024-12-16,7,6.0,0.43,0.1
11044610206,Lakeside Halal butchery,butcher,,-0.0807211,34.7844952,SUG003,sugar,Nzoia Sugar,2024-12-23,0,8.0,0.56,0.1
11088822295,kibuye wholesalers,wholesale,Bandari sublocation,-0.097737,34.7535512,BEV001,beverages,Afia Juice,2024-12-23,0,48.0,2.33,0.1
11088822295,kibuye wholesalers,wholesale,Bandari sublocation,-0.097737,34.7535512,BEV002,beverages,Pick n Peel Juice,2024-12-02,21,12.8,2.25,0.5
11088822295,kibuye wholesalers,wholesale,Bandari sublocation,-0.097737,34.7535512,BEV003,beverages,Tusker Lager,2024-12-16,7,34.1,2.41,0.1
11088822295,kibuye wholesalers,wholesale,Bandari sublocation,-0.097737,34.7535512,BEV004,beverages,Coca-Cola Soda,2024-12-23,0,38.0,2.52,0.1
11088822295,kibuye wholesalers,wholesale,Bandari sublocation,-0.097737,34.7535512,FLR001,flour,Jogoo Maize Flour,2024-12-02,21,27.4,4.41,0.5
11088822295,kibuye wholesalers,wholesale,Bandari sublocation,-0.097737,34.7535512,FLR002,flour,Jogoo Maize Flour,2024-12-09,14,26.0,3.71,0.5
11088822295,kibuye wholesalers,wholesale,Bandari sublocation,-0.097737,34.7535512,FLR003,flour,Pembe Maize Flour,2024-12-23,0,56.0,3.86,0.1
11088822295,kibuye wholesalers,wholesale,Bandari sublocation,-0.097737,34.7535512,FLR004,flour,Kabras Maize Flour,2024-12-16,7,47.5,3.07,0.1
11088822295,kibuye wholesalers,wholesale,Bandari sublocation,-0.097737,34.7535512,OIL001,cooking_oil,Golden Fry Cooking Oil,2024-12-09,14,18.4,2.33,0.5
11088822295,kibuye wholesalers,wholesale,Bandari sublocation,-0.097737,34.7535512,OIL002,cooking_oil,Golden Fry Cooking Oil,2024-12-09,14,17.0,2.43,0.5
11088822295,kibuye wholesalers,wholesale,Bandari sublocation,-0.097737,34.7535512,OIL003,cooking_oil,Soya King Cooking Oil,2024-12-09,14,42.0,3.0,0.1
11088822295,kibuye wholesalers,wholesale,Bandari sublocation,-0.097737,34.7535512,OIL004,cooking_oil,Soya King Cooking Oil,2024-12-23,0,36.0,2.52,0.1
11088822295,kibuye wholesalers,wholesale,Bandari sublocation,-0.097737,34.7535512,PC001,personal_care,Vaseline Body Lotion,2024-12-16,7,12.8,1.59,0.5
11088822295,kibuye wholesalers,wholesale,Bandari sublocation,-0.097737,34.7535512,PC002,personal_care,Dove Bar Soap,2024-12-02,21,11.9,1.91,0.5
11088822295,kibuye wholesalers,wholesale,Bandari sublocation,-0.097737,34.7535512,PC003,personal_care,Colgate Toothpaste,2024-12-16,7,17.9,1.3,0.1
11088822295,kibuye wholesalers,wholesale,Bandari sublocation,-0.097737,34.7535512,SAN001,sanitary,Always Pads,2024-12-16,7,8.7,1.05,0.5
11088822295,kibuye wholesalers,wholesale,Bandari sublocation,-0.097737,34.7535512,SAN002,sanitary,Huggies Diapers,2024-12-23,0,27.0,1.29,0.1
11088822295,kibuye wholesalers,wholesale,Bandari sublocation,-0.097737,34.7535512,SOP001,soap,Omo Detergent,2024-12-23,0,52.0,1.94,0.1
11088822295,kibuye wholesalers,wholesale,Bandari sublocation,-0.097737,34.7535512,SOP002,soap,Sunlight Bar Soap,2024-12-09,14,26.8,2.08,0.1
11088822295,kibuye wholesalers,wholesale,Bandari sublocation,-0.097737,34.7535512,SOP003,soap,Bidco Bar Soap,2024-12-02,21,11.9,2.1,0.5
11088822295,kibuye wholesalers,wholesale,Bandari sublocation,-0.097737,34.7535512,SOP004,soap,Dettol Bar Soap,2024-12-16,7,47.5,2.36,0.1
11088822295,kibuye wholesalers,wholesale,Bandari sublocation,-0.097737,34.7535512,SUG001,sugar,Mumias Sugar,2024-12-09,14,22.4,2.68,0.5
11088822295,kibuye wholesalers,wholesale,Bandari sublocation,-0.097737,34.7535512,SUG002,sugar,Mumias Sugar,2024-12-02,21,20.1,3.23,0.5
11088822295,kibuye wholesalers,wholesale,Bandari sublocation,-0.097737,34.7535512,SUG003,sugar,Nzoia Sugar,2024-12-23,0,45.0,2.15,0.1
11088822297,Galaiya stores Ltd,wholesale,Bandari sublocation,-0.0972113,34.7537631,BEV001,beverages,Afia Juice,2024-12-16,7,30.1,2.13,0.1
11088822297,Galaiya stores Ltd,wholesale,Bandari sublocation,-0.0972113,34.7537631,BEV002,beverages,Pick n Peel Juice,2024-12-23,0,45.0,2.15,0.1
11088822297,Galaiya stores Ltd,wholesale,Bandari sublocation,-0.0972113,34.7537631,BEV003,beverages,Tusker Lager,2024-12-16,7,15.7,2.05,0.5
11088822297,Galaiya stores Ltd,wholesale,Bandari sublocation,-0.0972113,34.7537631,BEV004,beverages,Coca-Cola Soda,2024-12-09,14,28.8,2.23,0.1
11088822297,Galaiya stores Ltd,wholesale,Bandari sublocation,-0.0972113,34.7537631,FLR001,flour,Jogoo Maize Flour,2024-12-16,7,29.5,4.07,0.5
11088822297,Galaiya stores Ltd,wholesale,Bandari sublocation,-0.0972113,34.7537631,FLR002,flour,Jogoo Maize Flour,2024-12-16,7,89.0,4.43,0.1
11088822297,Galaiya stores Ltd,wholesale,Bandari sublocation,-0.0972113,34.7537631,FLR003,flour,Pembe Maize Flour,2024-12-23,0,87.0,4.1,0.1
11088822297,Galaiya stores Ltd,wholesale,Bandari sublocation,-0.0972113,34.7537631,FLR004,flour,Kabras Maize Flour,2024-12-23,0,100.0,3.67,0.1
11088822297,Galaiya stores Ltd,wholesale,Bandari sublocation,-0.0972113,34.7537631,OIL001,cooking_oil,Golden Fry Cooking Oil,2024-12-23,0,60.0,2.87,0.1
11088822297,Galaiya stores Ltd,wholesale,Bandari sublocation,-0.0972113,34.7537631,OIL002,cooking_oil,Golden Fry Cooking Oil,2024-12-23,0,72.0,3.39,0.1
11088822297,Galaiya stores Ltd,wholesale,Bandari sublocation,-0.0972113,34.7537631,OIL003,cooking_oil,Soya King Cooking Oil,2024-12-09,14,23.0,3.29,0.5
11088822297,Galaiya stores Ltd,wholesale,Bandari sublocation,-0.0972113,34.7537631,OIL004,cooking_oil,Soya King Cooking Oil,2024-12-16,7,35.8,2.6,0.1
11088822297,Galaiya stores Ltd,wholesale,Bandari sublocation,-0.0972113,34.7537631,PC001,personal_care,Vaseline Body Lotion,2024-12-09,14,24.1,1.99,0.1
11088822297,Galaiya stores Ltd,wholesale,Bandari sublocation,-0.0972113,34.7537631,PC002,personal_care,Dove Bar Soap,2024-12-02,21,9.6,1.83,0.5
11088822297,Galaiya stores Ltd,wholesale,Bandari sublocation,-0.0972113,34.7537631,PC003,personal_care,Colgate Toothpaste,2024-12-09,14,12.0,1.71,0.5
11088822297,Galaiya stores Ltd,wholesale,Bandari sublocation,-0.0972113,34.7537631,SAN001,sanitary,Always Pads,2024-12-09,14,17.2,1.34,0.1
11088822297,Galaiya stores Ltd,wholesale,Bandari sublocation,-0.0972113,34.7537631,SAN002,sanitary,Huggies Diapers,2024-12-02,21,5.6,1.07,0.5
11088822297,Galaiya stores Ltd,wholesale,Bandari sublocation,-0.0972113,34.7537631,SOP001,soap,Omo Detergent,2024-12-16,7,35.6,1.77,0.1
11088822297,Galaiya stores Ltd,wholesale,Bandari sublocation,-0.0972113,34.7537631,SOP002,soap,Sunlight Bar Soap,2024-12-02,21,12.0,2.29,0.5
11088822297,Galaiya stores Ltd,wholesale,Bandari sublocation,-0.0972113,34.7537631,SOP003,soap,Bidco Bar Soap,2024-12-16,7,14.4,1.94,0.5
11088822297,Galaiya stores Ltd,wholesale,Bandari sublocation,-0.0972113,34.7537631,SOP004,soap,Dettol Bar Soap,2024-12-16,7,27.7,2.05,0.1
11088822297,Galaiya stores Ltd,wholesale,Bandari sublocation,-0.0972113,34.7537631,SUG001,sugar,Mumias Sugar,2024-12-23,0,32.0,2.24,0.1
11088822297,Galaiya stores Ltd,wholesale,Bandari sublocation,-0.0972113,34.7537631,SUG002,sugar,Mumias Sugar,2024-12-09,14,20.0,2.86,0.5
11088822297,Galaiya stores Ltd,wholesale,Bandari sublocation,-0.0972113,34.7537631,SUG003,sugar,Nzoia Sugar,2024-12-23,0,30.0,2.04,0.1
11094245646,Kijani purified,water,Migosi,-0.0782233,34.7852488,BEV001,beverages,Afia Juice,2024-12-16,7,18.6,1.19,0.1
11094245646,Kijani purified,water,Migosi,-0.0782233,34.7852488,BEV002,beverages,Pick n Peel Juice,2024-12-16,7,27.6,1.2,0.1
11094245646,Kijani purified,water,Migosi,-0.0782233,34.7852488,BEV003,beverages,Tusker Lager,2024-12-23,0,30.0,1.45,0.1
11094245646,Kijani purified,water,Migosi,-0.0782233,34.7852488,BEV004,beverages,Coca-Cola Soda,2024-12-09,14,19.5,1.18,0.1
11094245646,Kijani purified,water,Migosi,-0.0782233,34.7852488,FLR001,flour,Jogoo Maize Flour,2024-12-23,0,26.0,1.77,0.1
11094245646,Kijani purified,water,Migosi,-0.0782233,34.7852488,FLR002,flour,Jogoo Maize Flour,2024-12-16,7,45.7,2.05,0.1
11094245646,Kijani purified,water,Migosi,-0.0782233,34.7852488,FLR003,flour,Pembe Maize Flour,2024-12-23,0,32.0,1.87,0.1
11094245646,Kijani purified,water,Migosi,-0.0782233,34.7852488,FLR004,flour,Kabras Maize Flour,2024-12-16,7,26.1,1.85,0.1
11094245646,Kijani purified,water,Migosi,-0.0782233,34.7852488,OIL001,cooking_oil,Golden Fry Cooking Oil,2024-12-16,7,26.1,1.85,0.1
11094245646,Kijani purified,water,Migosi,-0.0782233,34.7852488,OIL002,cooking_oil,Golden Fry Cooking Oil,2024-12-16,7,42.6,1.91,0.1
11094245646,Kijani purified,water,Migosi,-0.0782233,34.7852488,OIL003,cooking_oil,Soya King Cooking Oil,2024-12-16,7,32.9,1.59,0.1
11094245646,Kijani purified,water,Migosi,-0.0782233,34.7852488,OIL004,cooking_oil,Soya King Cooking Oil,2024-12-02,21,12.5,1.69,0.5
11094245646,Kijani purified,water,Migosi,-0.0782233,34.7852488,PC001,personal_care,Vaseline Body Lotion,2024-12-23,0,14.0,0.95,0.1
11094245646,Kijani purified,water,Migosi,-0.0782233,34.7852488,PC002,personal_care,Dove Bar Soap,2024-12-23,0,21.0,0.88,0.1
11094245646,Kijani purified,water,Migosi,-0.0782233,34.7852488,PC003,personal_care,Colgate Toothpaste,2024-12-23,0,12.0,0.78,0.1
11094245646,Kijani purified,water,Migosi,-0.0782233,34.7852488,SAN001,sanitary,Always Pads,2024-12-23,0,15.0,0.68,0.1
11094245646,Kijani purified,water,Migosi,-0.0782233,34.7852488,SAN002,sanitary,Huggies Diapers,2024-12-23,0,8.0,0.52,0.1
11094245646,Kijani purified,water,Migosi,-0.0782233,34.7852488,SOP001,soap,Omo Detergent,2024-12-16,7,24.4,1.09,0.1
11094245646,Kijani purified,water,Migosi,-0.0782233,34.7852488,SOP002,soap,Sunlight Bar Soap,2024-12-23,0,27.0,1.25,0.1
11094245646,Kijani purified,water,Migosi,-0.0782233,34.7852488,SOP003,soap,Bidco Bar Soap,2024-12-23,0,14.0,0.89,0.1
11094245646,Kijani purified,water,Migosi,-0.0782233,34.7852488,SOP004,soap,Dettol Bar Soap,2024-12-16,7,16.7,1.05,0.1
11094245646,Kijani purified,water,Migosi,-0.0782233,34.7852488,SUG001,sugar,Mumias Sugar,2024-12-23,0,22.0,1.35,0.1
11094245646,Kijani purified,water,Migosi,-0.0782233,34.7852488,SUG002,sugar,Mumias Sugar,2024-12-23,0,33.0,1.46,0.1
11094245646,Kijani purified,water,Migosi,-0.0782233,34.7852488,SUG003,sugar,Nzoia Sugar,2024-12-23,0,27.0,1.19,0.1
11094246713,maziwa dairy,dairy,Migosi,-0.0757865,34.7805121,BEV001,beverages,Afia Juice,2024-12-02,21,3.4,0.41,0.5
11094246713,maziwa dairy,dairy,Migosi,-0.0757865,34.7805121,BEV002,beverages,Pick n Peel Juice,2024-12-02,21,2.5,0.45,0.5
11094246713,maziwa dairy,dairy,Migosi,-0.0757865,34.7805121,BEV003,beverages,Tusker Lager,2024-12-16,7,12.0,0.57,0.1
11094246713,maziwa dairy,dairy,Migosi,-0.0757865,34.7805121,BEV004,beverages,Coca-Cola Soda,2024-12-16,7,3.4,0.37,0.5
11094246713,maziwa dairy,dairy,Migosi,-0.0757865,34.7805121,FLR001,flour,Jogoo Maize Flour,2024-12-09,14,13.2,1.06,0.1
11094246713,maziwa dairy,dairy,Migosi,-0.0757865,34.7805121,FLR002,flour,Jogoo Maize Flour,2024-12-16,7,5.7,0.61,0.5
11094246713,maziwa dairy,dairy,Migosi,-0.0757865,34.7805121,FLR003,flour,Pembe Maize Flour,2024-12-02,21,6.2,0.65,0.5
11094246713,maziwa dairy,dairy,Migosi,-0.0757865,34.7805121,FLR004,flour,Kabras Maize Flour,2024-12-23,0,18.0,0.8,0.1
11094246713,maziwa dairy,dairy,Migosi,-0.0757865,34.7805121,OIL001,cooking_oil,Golden Fry Cooking Oil,2024-12-02,21,4.7,0.54,0.5
11094246713,maziwa dairy,dairy,Migosi,-0.0757865,34.7805121,OIL002,cooking_oil,Golden Fry Cooking Oil,2024-12-16,7,12.0,0.58,0.1
11094246713,maziwa dairy,dairy,Migosi,-0.0757865,34.7805121,OIL003,cooking_oil,Soya King Cooking Oil,2024-12-16,7,10.0,0.71,0.1
11094246713,maziwa dairy,dairy,Migosi,-0.0757865,34.7805121,OIL004,cooking_oil,Soya King Cooking Oil,2024-12-23,0,24.0,0.84,0.1
11094246713,maziwa dairy,dairy,Migosi,-0.0757865,34.7805121,PC001,personal_care,Vaseline Body Lotion,2024-12-23,0,4.0,0.25,0.1
11094246713,maziwa dairy,dairy,Migosi,-0.0757865,34.7805121,PC002,personal_care,Dove Bar Soap,2024-12-23,0,8.0,0.28,0.1
11094246713,maziwa dairy,dairy,Migosi,-0.0757865,34.7805121,PC003,personal_care,Colgate Toothpaste,2024-12-16,7,4.1,0.27,0.1
11094246713,maziwa dairy,dairy,Migosi,-0.0757865,34.7805121,SAN001,sanitary,Always Pads,2024-12-23,0,8.0,0.28,0.1
11094246713,maziwa dairy,dairy,Migosi,-0.0757865,34.7805121,SAN002,sanitary,Huggies Diapers,2024-12-23,0,6.0,0.29,0.1
11094246713,maziwa dairy,dairy,Migosi,-0.0757865,34.7805121,SOP001,soap,Omo Detergent,2024-12-16,7,9.0,0.43,0.1
11094246713,maziwa dairy,dairy,Migosi,-0.0757865,34.7805121,SOP002,soap,Sunlight Bar Soap,2024-12-16,7,6.1,0.42,0.1
11094246713,maziwa dairy,dairy,Migosi,-0.0757865,34.7805121,SOP003,soap,Bidco Bar Soap,2024-12-09,14,3.4,0.4,0.5
11094246713,maziwa dairy,dairy,Migosi,-0.0757865,34.7805121,SOP004,soap,Dettol Bar Soap,2024-12-09,14,3.1,0.42,0.5
11094246713,maziwa dairy,dairy,Migosi,-0.0757865,34.7805121,SUG001,sugar,Mumias Sugar,2024-12-23,0,8.0,0.53,0.1
11094246713,maziwa dairy,dairy,Migosi,-0.0757865,34.7805121,SUG002,sugar,Mumias Sugar,2024-12-09,14,4.0,0.57,0.5
11094246713,maziwa dairy,dairy,Migosi,-0.0757865,34.7805121,SUG003,sugar,Nzoia Sugar,2024-12-16,7,4.3,0.52,0.5
11094246714,Farm fresh,dairy,Migosi,-0.0758676,34.7801527,BEV001,beverages,Afia Juice,2024-12-23,0,8.0,0.55,0.1
11094246714,Farm fresh,dairy,Migosi,-0.0758676,34.7801527,BEV002,beverages,Pick n Peel Juice,2024-12-16,7,9.0,0.43,0.1
11094246714,Farm fresh,dairy,Migosi,-0.0758676,34.7801527,BEV003,beverages,Tusker Lager,2024-12-23,0,12.0,0.57,0.1
11094246714,Farm fresh,dairy,Migosi,-0.0758676,34.7801527,BEV004,beverages,Coca-Cola Soda,2024-12-16,7,11.9,0.59,0.1
11094246714,Farm fresh,dairy,Migosi,-0.0758676,34.7801527,FLR001,flour,Jogoo Maize Flour,2024-12-16,7,14.8,0.74,0.1
11094246714,Farm fresh,dairy,Migosi,-0.0758676,34.7801527,FLR002,flour,Jogoo Maize Flour,2024-12-23,0,24.0,0.91,0.1
11094246714,Farm fresh,dairy,Migosi,-0.0758676,34.7801527,FLR003,flour,Pembe Maize Flour,2024-12-02,21,5.9,1.05,0.5
11094246714,Farm fresh,dairy,Migosi,-0.0758676,34.7801527,FLR004,flour,Kabras Maize Flour,2024-12-16,7,7.2,0.97,0.5
11094246714,Farm fresh,dairy,Migosi,-0.0758676,34.7801527,OIL001,cooking_oil,Golden Fry Cooking Oil,2024-12-23,0,12.0,0.57,0.1
11094246714,Farm fresh,dairy,Migosi,-0.0758676,34.7801527,OIL002,cooking_oil,Golden Fry Cooking Oil,2024-12-23,0,16.0,0.57,0.1
11094246714,Farm fresh,dairy,Migosi,-0.0758676,34.7801527,OIL003,cooking_oil,Soya King Cooking Oil,2024-12-16,7,8.0,0.57,0.1
11094246714,Farm fresh,dairy,Migosi,-0.0758676,34.7801527,OIL004,cooking_oil,Soya King Cooking Oil,2024-12-23,0,16.0,0.57,0.1
11094246714,Farm fresh,dairy,Migosi,-0.0758676,34.7801527,PC001,personal_care,Vaseline Body Lotion,2024-12-23,0,4.0,0.27,0.1
11094246714,Farm fresh,dairy,Migosi,-0.0758676,34.7801527,PC002,personal_care,Dove Bar Soap,2024-12-16,7,3.1,0.42,0.5
11094246714,Farm fresh,dairy,Migosi,-0.0758676,34.7801527,PC003,personal_care,Colgate Toothpaste,2024-12-16,7,8.9,0.44,0.1
11094246714,Farm fresh,dairy,Migosi,-0.0758676,34.7801527,SAN001,sanitary,Always Pads,2024-12-02,21,1.8,0.29,0.5
11094246714,Farm fresh,dairy,Migosi,-0.0758676,34.7801527,SAN002,sanitary,Huggies Diapers,2024-12-23,0,6.0,0.29,0.1
11094246714,Farm fresh,dairy,Migosi,-0.0758676,34.7801527,SOP001,soap,Omo Detergent,2024-12-23,0,12.0,0.44,0.1
11094246714,Farm fresh,dairy,Migosi,-0.0758676,34.7801527,SOP002,soap,Sunlight Bar Soap,2024-12-16,7,6.0,0.43,0.1
11094246714,Farm fresh,dairy,Migosi,-0.0758676,34.7801527,SOP003,soap,Bidco Bar Soap,2024-12-23,0,12.0,0.45,0.1
11094246714,Farm fresh,dairy,Migosi,-0.0758676,34.7801527,SOP004,soap,Dettol Bar Soap,2024-12-16,7,8.0,0.58,0.1
11094246714,Farm fresh,dairy,Migosi,-0.0758676,34.7801527,SUG001,sugar,Mumias Sugar,2024-12-23,0,8.0,0.54,0.1
11094246714,Farm fresh,dairy,Migosi,-0.0758676,34.7801527,SUG002,sugar,Mumias Sugar,2024-12-16,7,4.2,0.55,0.5
11094246714,Farm fresh,dairy,Migosi,-0.0758676,34.7801527,SUG003,sugar,Nzoia Sugar,2024-12-16,7,8.0,0.58,0.1
11094246716,Unknown,butcher,Migosi,-0.075875,34.7800548,BEV001,beverages,Afia Juice,2024-12-16,7,3.3,0.39,0.5
11094246716,Unknown,butcher,Migosi,-0.075875,34.7800548,BEV002,beverages,Pick n Peel Juice,2024-12-23,0,16.0,0.57,0.1
11094246716,Unknown,butcher,Migosi,-0.075875,34.7800548,BEV003,beverages,Tusker Lager,2024-12-23,0,12.0,0.57,0.1
11094246716,Unknown,butcher,Migosi,-0.075875,34.7800548,BEV004,beverages,Coca-Cola Soda,2024-12-16,7,4.1,0.55,0.5
11094246716,Unknown,butcher,Migosi,-0.075875,34.7800548,FLR001,flour,Jogoo Maize Flour,2024-12-23,0,20.0,0.73,0.1
11094246716,Unknown,butcher,Migosi,-0.075875,34.7800548,FLR002,flour,Jogoo Maize Flour,2024-12-09,14,10.0,0.71,0.1
11094246716,Unknown,butcher,Migosi,-0.075875,34.7800548,FLR003,flour,Pembe Maize Flour,2024-12-23,0,18.0,0.85,0.1
11094246716,Unknown,butcher,Migosi,-0.075875,34.7800548,FLR004,flour,Kabras Maize Flour,2024-12-16,7,5.1,0.7,0.5
11094246716,Unknown,butcher,Migosi,-0.075875,34.7800548,OIL001,cooking_oil,Golden Fry Cooking Oil,2024-12-16,7,14.7,0.75,0.1
11094246716,Unknown,butcher,Migosi,-0.075875,34.7800548,OIL002,cooking_oil,Golden Fry Cooking Oil,2024-12-16,7,8.3,0.53,0.1
11094246716,Unknown,butcher,Migosi,-0.075875,34.7800548,OIL003,cooking_oil,Soya King Cooking Oil,2024-12-23,0,24.0,0.88,0.1
11094246716,Unknown,butcher,Migosi,-0.075875,34.7800548,OIL004,cooking_oil,Soya King Cooking Oil,2024-12-23,0,12.0,0.78,0.1
11094246716,Unknown,butcher,Migosi,-0.075875,34.7800548,PC001,personal_care,Vaseline Body Lotion,2024-12-02,21,2.5,0.45,0.5
11094246716,Unknown,butcher,Migosi,-0.075875,34.7800548,PC002,personal_care,Dove Bar Soap,2024-12-16,7,3.2,0.4,0.5
11094246716,Unknown,butcher,Migosi,-0.075875,34.7800548,PC003,personal_care,Colgate Toothpaste,2024-12-23,0,12.0,0.45,0.1
11094246716,Unknown,butcher,Migosi,-0.075875,34.7800548,SAN001,sanitary,Always Pads,2024-12-23,0,8.0,0.3,0.1
11094246716,Unknown,butcher,Migosi,-0.075875,34.7800548,SAN002,sanitary,Huggies Diapers,2024-12-23,0,4.0,0.28,0.1
11094246716,Unknown,butcher,Migosi,-0.075875,34.7800548,SOP001,soap,Omo Detergent,2024-12-09,14,4.0,0.57,0.5
11094246716,Unknown,butcher,Migosi,-0.075875,34.7800548,SOP002,soap,Sunlight Bar Soap,2024-12-23,0,12.0,0.45,0.1
11094246716,Unknown,butcher,Migosi,-0.075875,34.7800548,SOP003,soap,Bidco Bar Soap,2024-12-23,0,12.0,0.44,0.1
11094246716,Unknown,butcher,Migosi,-0.075875,34.7800548,SOP004,soap,Dettol Bar Soap,2024-12-23,0,16.0,0.57,0.1
11094246716,Unknown,butcher,Migosi,-0.075875,34.7800548,SUG001,sugar,Mumias Sugar,2024-12-16,7,12.0,0.57,0.1
11094246716,Unknown,butcher,Migosi,-0.075875,34.7800548,SUG002,sugar,Mumias Sugar,2024-12-23,0,9.0,0.44,0.1
11094246716,Unknown,butcher,Migosi,-0.075875,34.7800548,SUG003,sugar,Nzoia Sugar,2024-12-23,0,20.0,0.72,0.1
11094246725,Unknown,gas,Migosi,-0.0759078,34.7785614,BEV001,beverages,Afia Juice,2024-12-23,0,21.0,0.91,0.1
11094246725,Unknown,gas,Migosi,-0.0759078,34.7785614,BEV002,beverages,Pick n Peel Juice,2024-12-23,0,28.0,1.0,0.1
11094246725,Unknown,gas,Migosi,-0.0759078,34.7785614,BEV003,beverages,Tusker Lager,2024-12-23,0,24.0,0.85,0.1
11094246725,Unknown,gas,Migosi,-0.0759078,34.7785614,BEV004,beverages,Coca-Cola Soda,2024-12-23,0,24.0,0.88,0.1
11094246725,Unknown,gas,Migosi,-0.0759078,34.7785614,FLR001,flour,Jogoo Maize Flour,2024-12-09,14,22.0,1.57,0.1
11094246725,Unknown,gas,Migosi,-0.0759078,34.7785614,FLR002,flour,Jogoo Maize Flour,2024-12-09,14,20.7,1.66,0.1
11094246725,Unknown,gas,Migosi,-0.0759078,34.7785614,FLR003,flour,Pembe Maize Flour,2024-12-23,0,36.0,1.34,0.1
11094246725,Unknown,gas,Migosi,-0.0759078,34.7785614,FLR004,flour,Kabras Maize Flour,2024-12-09,14,12.0,1.71,0.5
11094246725,Unknown,gas,Migosi,-0.0759078,34.7785614,OIL001,cooking_oil,Golden Fry Cooking Oil,2024-12-09,14,10.0,1.43,0.5
11094246725,Unknown,gas,Migosi,-0.0759078,34.7785614,OIL002,cooking_oil,Golden Fry Cooking Oil,2024-12-23,0,40.0,1.51,0.1
11094246725,Unknown,gas,Migosi,-0.0759078,34.7785614,OIL003,cooking_oil,Soya King Cooking Oil,2024-12-16,7,30.1,1.42,0.1
11094246725,Unknown,gas,Migosi,-0.0759078,34.7785614,OIL004,cooking_oil,Soya King Cooking Oil,2024-12-16,7,9.8,1.18,0.5
11094246725,Unknown,gas,Migosi,-0.0759078,34.7785614,PC001,personal_care,Vaseline Body Lotion,2024-12-16,7,4.2,0.55,0.5
11094246725,Unknown,gas,Migosi,-0.0759078,34.7785614,PC002,personal_care,Dove Bar Soap,2024-12-16,7,8.2,0.55,0.1
11094246725,Unknown,gas,Migosi,-0.0759078,34.7785614,PC003,personal_care,Colgate Toothpaste,2024-12-09,14,4.5,0.54,0.5
11094246725,Unknown,gas,Migosi,-0.0759078,34.7785614,SAN001,sanitary,Always Pads,2024-12-09,14,8.2,0.56,0.1
11094246725,Unknown,gas,Migosi,-0.0759078,34.7785614,SAN002,sanitary,Huggies Diapers,2024-12-23,0,12.0,0.41,0.1
11094246725,Unknown,gas,Migosi,-0.0759078,34.7785614,SOP001,soap,Omo Detergent,2024-12-23,0,15.0,0.68,0.1
11094246725,Unknown,gas,Migosi,-0.0759078,34.7785614,SOP002,soap,Sunlight Bar Soap,2024-12-23,0,15.0,0.68,0.1
11094246725,Unknown,gas,Migosi,-0.0759078,34.7785614,SOP003,soap,Bidco Bar Soap,2024-12-16,7,17.8,0.89,0.1
11094246725,Unknown,gas,Migosi,-0.0759078,34.7785614,SOP004,soap,Dettol Bar Soap,2024-12-09,14,10.2,0.7,0.1
11094246725,Unknown,gas,Migosi,-0.0759078,34.7785614,SUG001,sugar,Mumias Sugar,2024-12-23,0,16.0,1.06,0.1
11094246725,Unknown,gas,Migosi,-0.0759078,34.7785614,SUG002,sugar,Mumias Sugar,2024-12-16,7,7.6,0.91,0.5
11094246725,Unknown,gas,Migosi,-0.0759078,34.7785614,SUG003,sugar,Nzoia Sugar,2024-12-16,7,24.0,1.14,0.1
11094250478,westland veve shop,kiosk,Migosi,-0.0758966,34.7806524,BEV001,beverages,Afia Juice,2024-12-16,7,3.3,0.39,0.5
11094250478,westland veve shop,kiosk,Migosi,-0.0758966,34.7806524,BEV002,beverages,Pick n Peel Juice,2024-12-02,21,3.7,0.59,0.5
11094250478,westland veve shop,kiosk,Migosi,-0.0758966,34.7806524,BEV003,beverages,Tusker Lager,2024-12-09,14,7.5,0.6,0.1
11094250478,westland veve shop,kiosk,Migosi,-0.0758966,34.7806524,BEV004,beverages,Coca-Cola Soda,2024-12-23,0,12.0,0.57,0.1
11094250478,westland veve shop,kiosk,Migosi,-0.0758966,34.7806524,FLR001,flour,Jogoo Maize Flour,2024-12-09,14,14.0,1.0,0.1
11094250478,westland veve shop,kiosk,Migosi,-0.0758966,34.7806524,FLR002,flour,Jogoo Maize Flour,2024-12-23,0,18.0,0.82,0.1
11094250478,westland veve shop,kiosk,Migosi,-0.0758966,34.7806524,FLR003,flour,Pembe Maize Flour,2024-12-16,7,18.0,0.85,0.1
11094250478,westland veve shop,kiosk,Migosi,-0.0758966,34.7806524,FLR004,flour,Kabras Maize Flour,2024-12-16,7,6.2,0.83,0.5
11094250478,westland veve shop,kiosk,Migosi,-0.0758966,34.7806524,OIL001,cooking_oil,Golden Fry Cooking Oil,2024-12-09,14,11.8,0.87,0.1
11094250478,westland veve shop,kiosk,Migosi,-0.0758966,34.7806524,OIL002,cooking_oil,Golden Fry Cooking Oil,2024-12-16,7,6.6,0.77,0.5
11094250478,westland veve shop,kiosk,Migosi,-0.0758966,34.7806524,OIL003,cooking_oil,Soya King Cooking Oil,2024-12-23,0,8.0,0.52,0.1
11094250478,westland veve shop,kiosk,Migosi,-0.0758966,34.7806524,OIL004,cooking_oil,Soya King Cooking Oil,2024-12-23,0,12.0,0.54,0.1
11094250478,westland veve shop,kiosk,Migosi,-0.0758966,34.7806524,PC001,personal_care,Vaseline Body Lotion,2024-12-16,7,3.1,0.42,0.5
11094250478,westland veve shop,kiosk,Migosi,-0.0758966,34.7806524,PC002,personal_care,Dove Bar Soap,2024-12-23,0,9.0,0.41,0.1
11094250478,westland veve shop,kiosk,Migosi,-0.0758966,34.7806524,PC003,personal_care,Colgate Toothpaste,2024-12-16,7,6.0,0.43,0.1
11094250478,westland veve shop,kiosk,Migosi,-0.0758966,34.7806524,SAN001,sanitary,Always Pads,2024-12-16,7,4.1,0.27,0.1
11094250478,westland veve shop,kiosk,Migosi,-0.0758966,34.7806524,SAN002,sanitary,Huggies Diapers,2024-12-16,7,2.1,0.27,0.5
11094250478,westland veve shop,kiosk,Migosi,-0.0758966,34.7806524,SOP001,soap,Omo Detergent,2024-12-09,14,4.0,0.57,0.5
11094250478,westland veve shop,kiosk,Migosi,-0.0758966,34.7806524,SOP002,soap,Sunlight Bar Soap,2024-12-16,7,6.0,0.43,0.1
11094250478,westland veve shop,kiosk,Migosi,-0.0758966,34.7806524,SOP003,soap,Bidco Bar Soap,2024-12-09,14,3.1,0.42,0.5
11094250478,westland veve shop,kiosk,Migosi,-0.0758966,34.7806524,SOP004,soap,Dettol Bar Soap,2024-12-16,7,9.0,0.43,0.1
11094250478,westland veve shop,kiosk,Migosi,-0.0758966,34.7806524,SUG001,sugar,Mumias Sugar,2024-12-02,21,4.0,0.76,0.5
11094250478,westland veve shop,kiosk,Migosi,-0.0758966,34.7806524,SUG002,sugar,Mumias Sugar,2024-12-09,14,4.0,0.57,0.5
11094250478,westland veve shop,kiosk,Migosi,-0.0758966,34.7806524,SUG003,sugar,Nzoia Sugar,2024-12-09,14,7.7,0.6,0.1
13714210033,pepsi,wholesale,Buoye,-0.1390865,34.7975243,BEV001,beverages,Afia Juice,2024-12-16,7,26.7,1.33,0.1
13714210033,pepsi,wholesale,Buoye,-0.1390865,34.7975243,BEV002,beverages,Pick n Peel Juice,2024-12-23,0,24.0,1.09,0.1
13714210033,pepsi,wholesale,Buoye,-0.1390865,34.7975243,BEV003,beverages,Tusker Lager,2024-12-09,14,9.4,1.26,0.5
13714210033,pepsi,wholesale,Buoye,-0.1390865,34.7975243,BEV004,beverages,Coca-Cola Soda,2024-12-23,0,30.0,1.4,0.1
13714210033,pepsi,wholesale,Buoye,-0.1390865,34.7975243,FLR001,flour,Jogoo Maize Flour,2024-12-09,14,17.3,2.19,0.5
13714210033,pepsi,wholesale,Buoye,-0.1390865,34.7975243,FLR002,flour,Jogoo Maize Flour,2024-12-23,0,33.0,1.52,0.1
13714210033,pepsi,wholesale,Buoye,-0.1390865,34.7975243,FLR003,flour,Pembe Maize Flour,2024-12-23,0,28.0,1.83,0.1
13714210033,pepsi,wholesale,Buoye,-0.1390865,34.7975243,FLR004,flour,Kabras Maize Flour,2024-12-23,0,22.0,1.43,0.1
13714210033,pepsi,wholesale,Buoye,-0.1390865,34.7975243,OIL001,cooking_oil,Golden Fry Cooking Oil,2024-12-09,14,20.7,1.66,0.1
13714210033,pepsi,wholesale,Buoye,-0.1390865,34.7975243,OIL002,cooking_oil,Golden Fry Cooking Oil,2024-12-23,0,36.0,1.72,0.1
13714210033,pepsi,wholesale,Buoye,-0.1390865,34.7975243,OIL003,cooking_oil,Soya King Cooking Oil,2024-12-16,7,35.4,1.8,0.1
13714210033,pepsi,wholesale,Buoye,-0.1390865,34.7975243,OIL004,cooking_oil,Soya King Cooking Oil,2024-12-09,14,23.0,1.79,0.1
13714210033,pepsi,wholesale,Buoye,-0.1390865,34.7975243,PC001,personal_care,Vaseline Body Lotion,2024-12-23,0,14.0,0.91,0.1
13714210033,pepsi,wholesale,Buoye,-0.1390865,34.7975243,PC002,personal_care,Dove Bar Soap,2024-12-23,0,21.0,0.95,0.1
13714210033,pepsi,wholesale,Buoye,-0.1390865,34.7975243,PC003,personal_care,Colgate Toothpaste,2024-12-16,7,17.7,0.9,0.1
13714210033,pepsi,wholesale,Buoye,-0.1390865,34.7975243,SAN001,sanitary,Always Pads,2024-12-16,7,4.2,0.55,0.5
13714210033,pepsi,wholesale,Buoye,-0.1390865,34.7975243,SAN002,sanitary,Huggies Diapers,2024-12-16,7,12.0,0.85,0.1
13714210033,pepsi,wholesale,Buoye,-0.1390865,34.7975243,SOP001,soap,Omo Detergent,2024-12-16,7,17.8,0.89,0.1
13714210033,pepsi,wholesale,Buoye,-0.1390865,34.7975243,SOP002,soap,Sunlight Bar Soap,2024-12-23,0,24.0,1.11,0.1
13714210033,pepsi,wholesale,Buoye,-0.1390865,34.7975243,SOP003,soap,Bidco Bar Soap,2024-12-16,7,20.6,1.05,0.1
13714210033,pepsi,wholesale,Buoye,-0.1390865,34.7975243,SOP004,soap,Dettol Bar Soap,2024-12-09,14,16.0,1.14,0.1
13714210033,pepsi,wholesale,Buoye,-0.1390865,34.7975243,SUG001,sugar,Mumias Sugar,2024-12-23,0,24.0,1.11,0.1
13714210033,pepsi,wholesale,Buoye,-0.1390865,34.7975243,SUG002,sugar,Mumias Sugar,2024-12-16,7,27.1,1.28,0.1
13714210033,pepsi,wholesale,Buoye,-0.1390865,34.7975243,SUG003,sugar,Nzoia Sugar,2024-12-16,7,8.4,1.09,0.5
13714210045,Rabuor gen mart,wholesale,Kochieng sublocation,-0.1532883,34.8288615,BEV001,beverages,Afia Juice,2024-12-23,0,16.0,1.1,0.1
13714210045,Rabuor gen mart,wholesale,Kochieng sublocation,-0.1532883,34.8288615,BEV002,beverages,Pick n Peel Juice,2024-12-23,0,27.0,1.24,0.1
13714210045,Rabuor gen mart,wholesale,Kochieng sublocation,-0.1532883,34.8288615,BEV003,beverages,Tusker Lager,2024-12-02,21,8.5,1.5,0.5
13714210045,Rabuor gen mart,wholesale,Kochieng sublocation,-0.1532883,34.8288615,BEV004,beverages,Coca-Cola Soda,2024-12-23,0,20.0,1.38,0.1
13714210045,Rabuor gen mart,wholesale,Kochieng sublocation,-0.1532883,34.8288615,FLR001,flour,Jogoo Maize Flour,2024-12-23,0,39.0,1.84,0.1
13714210045,Rabuor gen mart,wholesale,Kochieng sublocation,-0.1532883,34.8288615,FLR002,flour,Jogoo Maize Flour,2024-12-23,0,33.0,1.52,0.1
13714210045,Rabuor gen mart,wholesale,Kochieng sublocation,-0.1532883,34.8288615,FLR003,flour,Pembe Maize Flour,2024-12-23,0,44.0,1.55,0.1
13714210045,Rabuor gen mart,wholesale,Kochieng sublocation,-0.1532883,34.8288615,FLR004,flour,Kabras Maize Flour,2024-12-23,0,42.0,2.01,0.1
13714210045,Rabuor gen mart,wholesale,Kochieng sublocation,-0.1532883,34.8288615,OIL001,cooking_oil,Golden Fry Cooking Oil,2024-12-09,14,23.0,1.79,0.1
13714210045,Rabuor gen mart,wholesale,Kochieng sublocation,-0.1532883,34.8288615,OIL002,cooking_oil,Golden Fry Cooking Oil,2024-12-09,14,8.7,1.31,0.5
13714210045,Rabuor gen mart,wholesale,Kochieng sublocation,-0.1532883,34.8288615,OIL003,cooking_oil,Soya King Cooking Oil,2024-12-23,0,26.0,1.7,0.1
13714210045,Rabuor gen mart,wholesale,Kochieng sublocation,-0.1532883,34.8288615,OIL004,cooking_oil,Soya King Cooking Oil,2024-12-23,0,18.0,1.2,0.1
13714210045,Rabuor gen mart,wholesale,Kochieng sublocation,-0.1532883,34.8288615,PC001,personal_care,Vaseline Body Lotion,2024-12-09,14,7.0,1.0,0.5
13714210045,Rabuor gen mart,wholesale,Kochieng sublocation,-0.1532883,34.8288615,PC002,personal_care,Dove Bar Soap,2024-12-02,21,5.6,1.07,0.5
13714210045,Rabuor gen mart,wholesale,Kochieng sublocation,-0.1532883,34.8288615,PC003,personal_care,Colgate Toothpaste,2024-12-23,0,24.0,0.88,0.1
13714210045,Rabuor gen mart,wholesale,Kochieng sublocation,-0.1532883,34.8288615,SAN001,sanitary,Always Pads,2024-12-23,0,20.0,0.75,0.1
13714210045,Rabuor gen mart,wholesale,Kochieng sublocation,-0.1532883,34.8288615,SAN002,sanitary,Huggies Diapers,2024-12-23,0,16.0,0.57,0.1
13714210045,Rabuor gen mart,wholesale,Kochieng sublocation,-0.1532883,34.8288615,SOP001,soap,Omo Detergent,2024-12-23,0,28.0,1.0,0.1
13714210045,Rabuor gen mart,wholesale,Kochieng sublocation,-0.1532883,34.8288615,SOP002,soap,Sunlight Bar Soap,2024-12-23,0,16.0,1.12,0.1
13714210045,Rabuor gen mart,wholesale,Kochieng sublocation,-0.1532883,34.8288615,SOP003,soap,Bidco Bar Soap,2024-12-23,0,21.0,1.0,0.1
13714210045,Rabuor gen mart,wholesale,Kochieng sublocation,-0.1532883,34.8288615,SOP004,soap,Dettol Bar Soap,2024-12-23,0,18.0,1.22,0.1
13714210045,Rabuor gen mart,wholesale,Kochieng sublocation,-0.1532883,34.8288615,SUG001,sugar,Mumias Sugar,2024-12-09,14,15.3,1.19,0.1
13714210045,Rabuor gen mart,wholesale,Kochieng sublocation,-0.1532883,34.8288615,SUG002,sugar,Mumias Sugar,2024-12-23,0,44.0,1.58,0.1
13714210045,Rabuor gen mart,wholesale,Kochieng sublocation,-0.1532883,34.8288615,SUG003,sugar,Nzoia Sugar,2024-12-23,0,32.0,1.15,0.1
13749616722,tuffoam limited factory outlet,wholesale,Celtel Estate,-0.0954578,34.7676872,BEV001,beverages,Afia Juice,2024-12-16,7,24.3,1.67,0.1
13749616722,tuffoam limited factory outlet,wholesale,Celtel Estate,-0.0954578,34.7676872,BEV002,beverages,Pick n Peel Juice,2024-12-16,7,41.9,2.02,0.1
13749616722,tuffoam limited factory outlet,wholesale,Celtel Estate,-0.0954578,34.7676872,BEV003,beverages,Tusker Lager,2024-12-09,14,25.6,1.89,0.1
13749616722,tuffoam limited factory outlet,wholesale,Celtel Estate,-0.0954578,34.7676872,BEV004,beverages,Coca-Cola Soda,2024-12-02,21,10.2,1.8,0.5
13749616722,tuffoam limited factory outlet,wholesale,Celtel Estate,-0.0954578,34.7676872,FLR001,flour,Jogoo Maize Flour,2024-12-23,0,48.0,2.21,0.1
13749616722,tuffoam limited factory outlet,wholesale,Celtel Estate,-0.0954578,34.7676872,FLR002,flour,Jogoo Maize Flour,2024-12-23,0,69.0,3.17,0.1
13749616722,tuffoam limited factory outlet,wholesale,Celtel Estate,-0.0954578,34.7676872,FLR003,flour,Pembe Maize Flour,2024-12-23,0,68.0,2.53,0.1
13749616722,tuffoam limited factory outlet,wholesale,Celtel Estate,-0.0954578,34.7676872,FLR004,flour,Kabras Maize Flour,2024-12-23,0,34.0,2.35,0.1
13749616722,tuffoam limited factory outlet,wholesale,Celtel Estate,-0.0954578,34.7676872,OIL001,cooking_oil,Golden Fry Cooking Oil,2024-12-09,14,19.5,2.46,0.5
13749616722,tuffoam limited factory outlet,wholesale,Celtel Estate,-0.0954578,34.7676872,OIL002,cooking_oil,Golden Fry Cooking Oil,2024-12-16,7,39.1,1.85,0.1
13749616722,tuffoam limited factory outlet,wholesale,Celtel Estate,-0.0954578,34.7676872,OIL003,cooking_oil,Soya King Cooking Oil,2024-12-09,14,18.0,2.15,0.5
13749616722,tuffoam limited factory outlet,wholesale,Celtel Estate,-0.0954578,34.7676872,OIL004,cooking_oil,Soya King Cooking Oil,2024-12-16,7,15.5,1.79,0.5
13749616722,tuffoam limited factory outlet,wholesale,Celtel Estate,-0.0954578,34.7676872,PC001,personal_care,Vaseline Body Lotion,2024-12-16,7,26.4,1.37,0.1
13749616722,tuffoam limited factory outlet,wholesale,Celtel Estate,-0.0954578,34.7676872,PC002,personal_care,Dove Bar Soap,2024-12-16,7,8.4,1.09,0.5
13749616722,tuffoam limited factory outlet,wholesale,Celtel Estate,-0.0954578,34.7676872,PC003,personal_care,Colgate Toothpaste,2024-12-09,14,18.0,1.29,0.1
13749616722,tuffoam limited factory outlet,wholesale,Celtel Estate,-0.0954578,34.7676872,SAN001,sanitary,Always Pads,2024-12-09,14,8.0,1.14,0.5
13749616722,tuffoam limited factory outlet,wholesale,Celtel Estate,-0.0954578,34.7676872,SAN002,sanitary,Huggies Diapers,2024-12-16,7,17.8,0.89,0.1
13749616722,tuffoam limited factory outlet,wholesale,Celtel Estate,-0.0954578,34.7676872,SOP001,soap,Omo Detergent,2024-12-16,7,21.9,1.59,0.1
13749616722,tuffoam limited factory outlet,wholesale,Celtel Estate,-0.0954578,34.7676872,SOP002,soap,Sunlight Bar Soap,2024-12-16,7,26.9,1.3,0.1
13749616722,tuffoam limited factory outlet,wholesale,Celtel Estate,-0.0954578,34.7676872,SOP003,soap,Bidco Bar Soap,2024-12-23,0,30.0,1.41,0.1
13749616722,tuffoam limited factory outlet,wholesale,Celtel Estate,-0.0954578,34.7676872,SOP004,soap,Dettol Bar Soap,2024-12-23,0,40.0,1.47,0.1
13749616722,tuffoam limited factory outlet,wholesale,Celtel Estate,-0.0954578,34.7676872,SUG001,sugar,Mumias Sugar,2024-12-09,14,22.3,1.84,0.1
13749616722,tuffoam limited factory outlet,wholesale,Celtel Estate,-0.0954578,34.7676872,SUG002,sugar,Mumias Sugar,2024-12-23,0,28.0,1.93,0.1
13749616722,tuffoam limited factory outlet,wholesale,Celtel Estate,-0.0954578,34.7676872,SUG003,sugar,Nzoia Sugar,2024-12-23,0,45.0,2.18,0.1
13749654037,taji,water,Bandari sublocation,-0.0920758,34.7614069,BEV001,beverages,Afia Juice,2024-12-16,7,4.1,0.55,0.5
13749654037,taji,water,Bandari sublocation,-0.0920758,34.7614069,BEV002,beverages,Pick n Peel Juice,2024-12-16,7,8.0,0.57,0.1
13749654037,taji,water,Bandari sublocation,-0.0920758,34.7614069,BEV003,beverages,Tusker Lager,2024-12-16,7,8.0,0.57,0.1
13749654037,taji,water,Bandari sublocation,-0.0920758,34.7614069,BEV004,beverages,Coca-Cola Soda,2024-12-23,0,8.0,0.52,0.1
13749654037,taji,water,Bandari sublocation,-0.0920758,34.7614069,FLR001,flour,Jogoo Maize Flour,2024-12-23,0,12.0,0.83,0.1
13749654037,taji,water,Bandari sublocation,-0.0920758,34.7614069,FLR002,flour,Jogoo Maize Flour,2024-12-23,0,10.0,0.65,0.1
13749654037,taji,water,Bandari sublocation,-0.0920758,34.7614069,FLR003,flour,Pembe Maize Flour,2024-12-16,7,10.2,0.68,0.1
13749654037,taji,water,Bandari sublocation,-0.0920758,34.7614069,FLR004,flour,Kabras Maize Flour,2024-12-02,21,5.9,0.86,0.5
13749654037,taji,water,Bandari sublocation,-0.0920758,34.7614069,OIL001,cooking_oil,Golden Fry Cooking Oil,2024-12-02,21,4.2,0.75,0.5
13749654037,taji,water,Bandari sublocation,-0.0920758,34.7614069,OIL002,cooking_oil,Golden Fry Cooking Oil,2024-12-09,14,10.2,0.7,0.1
13749654037,taji,water,Bandari sublocation,-0.0920758,34.7614069,OIL003,cooking_oil,Soya King Cooking Oil,2024-12-09,14,4.8,0.73,0.5
13749654037,taji,water,Bandari sublocation,-0.0920758,34.7614069,OIL004,cooking_oil,Soya King Cooking Oil,2024-12-23,0,20.0,0.71,0.1
13749654037,taji,water,Bandari sublocation,-0.0920758,34.7614069,PC001,personal_care,Vaseline Body Lotion,2024-12-16,7,3.1,0.42,0.5
13749654037,taji,water,Bandari sublocation,-0.0920758,34.7614069,PC002,personal_care,Dove Bar Soap,2024-12-23,0,6.0,0.4,0.1
13749654037,taji,water,Bandari sublocation,-0.0920758,34.7614069,PC003,personal_care,Colgate Toothpaste,2024-12-09,14,2.9,0.44,0.5
13749654037,taji,water,Bandari sublocation,-0.0920758,34.7614069,SAN001,sanitary,Always Pads,2024-12-16,7,6.1,0.28,0.1
13749654037,taji,water,Bandari sublocation,-0.0920758,34.7614069,SAN002,sanitary,Huggies Diapers,2024-12-09,14,2.1,0.28,0.5
13749654037,taji,water,Bandari sublocation,-0.0920758,34.7614069,SOP001,soap,Omo Detergent,2024-12-23,0,6.0,0.39,0.1
13749654037,taji,water,Bandari sublocation,-0.0920758,34.7614069,SOP002,soap,Sunlight Bar Soap,2024-12-16,7,8.8,0.45,0.1
13749654037,taji,water,Bandari sublocation,-0.0920758,34.7614069,SOP003,soap,Bidco Bar Soap,2024-12-09,14,4.2,0.56,0.5
13749654037,taji,water,Bandari sublocation,-0.0920758,34.7614069,SOP004,soap,Dettol Bar Soap,2024-12-16,7,8.9,0.44,0.1
13749654037,taji,water,Bandari sublocation,-0.0920758,34.7614069,SUG001,sugar,Mumias Sugar,2024-12-02,21,3.9,0.57,0.5
13749654037,taji,water,Bandari sublocation,-0.0920758,34.7614069,SUG002,sugar,Mumias Sugar,2024-12-16,7,4.2,0.55,0.5
13749654037,taji,water,Bandari sublocation,-0.0920758,34.7614069,SUG003,sugar,Nzoia Sugar,2024-12-23,0,8.0,0.54,0.1
13749654038,jaaria mini mart,supermarket,Bandari sublocation,-0.0977095,34.7554512,BEV001,beverages,Afia Juice,2024-12-09,14,16.1,2.06,0.5
13749654038,jaaria mini mart,supermarket,Bandari sublocation,-0.0977095,34.7554512,BEV002,beverages,Pick n Peel Juice,2024-12-02,21,13.3,1.84,0.5
13749654038,jaaria mini mart,supermarket,Bandari sublocation,-0.0977095,34.7554512,BEV003,beverages,Tusker Lager,2024-12-16,7,16.7,2.19,0.5
13749654038,jaaria mini mart,supermarket,Bandari sublocation,-0.0977095,34.7554512,BEV004,beverages,Coca-Cola Soda,2024-12-16,7,17.2,2.39,0.5
13749654038,jaaria mini mart,supermarket,Bandari sublocation,-0.0977095,34.7554512,FLR001,flour,Jogoo Maize Flour,2024-12-02,21,20.6,3.78,0.5
13749654038,jaaria mini mart,supermarket,Bandari sublocation,-0.0977095,34.7554512,FLR002,flour,Jogoo Maize Flour,2024-12-16,7,71.5,3.5,0.1
13749654038,jaaria mini mart,supermarket,Bandari sublocation,-0.0977095,34.7554512,FLR003,flour,Pembe Maize Flour,2024-12-09,14,23.7,3.24,0.5
13749654038,jaaria mini mart,supermarket,Bandari sublocation,-0.0977095,34.7554512,FLR004,flour,Kabras Maize Flour,2024-12-16,7,21.9,2.88,0.5
13749654038,jaaria mini mart,supermarket,Bandari sublocation,-0.0977095,34.7554512,OIL001,cooking_oil,Golden Fry Cooking Oil,2024-12-23,0,88.0,3.12,0.1
13749654038,jaaria mini mart,supermarket,Bandari sublocation,-0.0977095,34.7554512,OIL002,cooking_oil,Golden Fry Cooking Oil,2024-12-16,7,39.2,2.55,0.1
13749654038,jaaria mini mart,supermarket,Bandari sublocation,-0.0977095,34.7554512,OIL003,cooking_oil,Soya King Cooking Oil,2024-12-02,21,16.9,2.82,0.5
13749654038,jaaria mini mart,supermarket,Bandari sublocation,-0.0977095,34.7554512,OIL004,cooking_oil,Soya King Cooking Oil,2024-12-16,7,74.0,3.72,0.1
13749654038,jaaria mini mart,supermarket,Bandari sublocation,-0.0977095,34.7554512,PC001,personal_care,Vaseline Body Lotion,2024-12-09,14,23.3,1.76,0.1
13749654038,jaaria mini mart,supermarket,Bandari sublocation,-0.0977095,34.7554512,PC002,personal_care,Dove Bar Soap,2024-12-02,21,8.2,1.51,0.5
13749654038,jaaria mini mart,supermarket,Bandari sublocation,-0.0977095,34.7554512,PC003,personal_care,Colgate Toothpaste,2024-12-16,7,11.9,1.44,0.5
13749654038,jaaria mini mart,supermarket,Bandari sublocation,-0.0977095,34.7554512,SAN001,sanitary,Always Pads,2024-12-23,0,22.0,1.52,0.1
13749654038,jaaria mini mart,supermarket,Bandari sublocation,-0.0977095,34.7554512,SAN002,sanitary,Huggies Diapers,2024-12-16,7,29.6,1.49,0.1
13749654038,jaaria mini mart,supermarket,Bandari sublocation,-0.0977095,34.7554512,SOP001,soap,Omo Detergent,2024-12-09,14,22.4,1.83,0.1
13749654038,jaaria mini mart,supermarket,Bandari sublocation,-0.0977095,34.7554512,SOP002,soap,Sunlight Bar Soap,2024-12-23,0,52.0,1.92,0.1
13749654038,jaaria mini mart,supermarket,Bandari sublocation,-0.0977095,34.7554512,SOP003,soap,Bidco Bar Soap,2024-12-02,21,15.6,2.31,0.5
13749654038,jaaria mini mart,supermarket,Bandari sublocation,-0.0977095,34.7554512,SOP004,soap,Dettol Bar Soap,2024-12-23,0,42.0,1.99,0.1
13749654038,jaaria mini mart,supermarket,Bandari sublocation,-0.0977095,34.7554512,SUG001,sugar,Mumias Sugar,2024-12-02,21,20.2,3.04,0.5
13749654038,jaaria mini mart,supermarket,Bandari sublocation,-0.0977095,34.7554512,SUG002,sugar,Mumias Sugar,2024-12-09,14,41.7,3.02,0.1
13749654038,jaaria mini mart,supermarket,Bandari sublocation,-0.0977095,34.7554512,SUG003,sugar,Nzoia Sugar,2024-12-16,7,48.3,2.24,0.1
13749654039,keki Na taji,bakery,Bandari sublocation,-0.0920593,34.7615096,BEV001,beverages,Afia Juice,2024-12-23,0,12.0,0.45,0.1
13749654039,keki Na taji,bakery,Bandari sublocation,-0.0920593,34.7615096,BEV002,beverages,Pick n Peel Juice,2024-12-23,0,16.0,0.59,0.1
13749654039,keki Na taji,bakery,Bandari sublocation,-0.0920593,34.7615096,BEV003,beverages,Tusker Lager,2024-12-23,0,12.0,0.57,0.1
13749654039,keki Na taji,bakery,Bandari sublocation,-0.0920593,34.7615096,BEV004,beverages,Coca-Cola Soda,2024-12-23,0,12.0,0.57,0.1
13749654039,keki Na taji,bakery,Bandari sublocation,-0.0920593,34.7615096,FLR001,flour,Jogoo Maize Flour,2024-12-09,14,5.0,0.71,0.5
13749654039,keki Na taji,bakery,Bandari sublocation,-0.0920593,34.7615096,FLR002,flour,Jogoo Maize Flour,2024-12-09,14,5.0,0.71,0.5
13749654039,keki Na taji,bakery,Bandari sublocation,-0.0920593,34.7615096,FLR003,flour,Pembe Maize Flour,2024-12-09,14,5.0,0.71,0.5
13749654039,keki Na taji,bakery,Bandari sublocation,-0.0920593,34.7615096,FLR004,flour,Kabras Maize Flour,2024-12-23,0,18.0,0.87,0.1
13749654039,keki Na taji,bakery,Bandari sublocation,-0.0920593,34.7615096,OIL001,cooking_oil,Golden Fry Cooking Oil,2024-12-23,0,24.0,0.88,0.1
13749654039,keki Na taji,bakery,Bandari sublocation,-0.0920593,34.7615096,OIL002,cooking_oil,Golden Fry Cooking Oil,2024-12-23,0,16.0,0.6,0.1
13749654039,keki Na taji,bakery,Bandari sublocation,-0.0920593,34.7615096,OIL003,cooking_oil,Soya King Cooking Oil,2024-12-23,0,15.0,0.72,0.1
13749654039,keki Na taji,bakery,Bandari sublocation,-0.0920593,34.7615096,OIL004,cooking_oil,Soya King Cooking Oil,2024-12-23,0,8.0,0.54,0.1
13749654039,keki Na taji,bakery,Bandari sublocation,-0.0920593,34.7615096,PC001,personal_care,Vaseline Body Lotion,2024-12-23,0,6.0,0.42,0.1
13749654039,keki Na taji,bakery,Bandari sublocation,-0.0920593,34.7615096,PC002,personal_care,Dove Bar Soap,2024-12-23,0,6.0,0.28,0.1
13749654039,keki Na taji,bakery,Bandari sublocation,-0.0920593,34.7615096,PC003,personal_care,Colgate Toothpaste,2024-12-16,7,2.1,0.28,0.5
13749654039,keki Na taji,bakery,Bandari sublocation,-0.0920593,34.7615096,SAN001,sanitary,Always Pads,2024-12-09,14,1.9,0.29,0.5
13749654039,keki Na taji,bakery,Bandari sublocation,-0.0920593,34.7615096,SAN002,sanitary,Huggies Diapers,2024-12-16,7,2.1,0.27,0.5
13749654039,keki Na taji,bakery,Bandari sublocation,-0.0920593,34.7615096,SOP001,soap,Omo Detergent,2024-12-02,21,3.4,0.6,0.5
13749654039,keki Na taji,bakery,Bandari sublocation,-0.0920593,34.7615096,SOP002,soap,Sunlight Bar Soap,2024-12-09,14,3.1,0.42,0.5
13749654039,keki Na taji,bakery,Bandari sublocation,-0.0920593,34.7615096,SOP003,soap,Bidco Bar Soap,2024-12-02,21,2.7,0.44,0.5
13749654039,keki Na taji,bakery,Bandari sublocation,-0.0920593,34.7615096,SOP004,soap,Dettol Bar Soap,2024-12-23,0,12.0,0.57,0.1
13749654039,keki Na taji,bakery,Bandari sublocation,-0.0920593,34.7615096,SUG001,sugar,Mumias Sugar,2024-12-09,14,7.5,0.6,0.1
13749654039,keki Na taji,bakery,Bandari sublocation,-0.0920593,34.7615096,SUG002,sugar,Mumias Sugar,2024-12-09,14,4.0,0.57,0.5
13749654039,keki Na taji,bakery,Bandari sublocation,-0.0920593,34.7615096,SUG003,sugar,Nzoia Sugar,2024-12-23,0,12.0,0.57,0.1
