{
"type": "FeatureCollection",
"name": "kisumu_osm_outlets",
"crs": { "type": "name", "properties": { "name": "urn:ogc:def:crs:OGC:1.3:CRS84" } },
"features": [
{ "type": "Feature", "properties": { "osm_id": 3291255926, "latitude": -0.1253104, "longitude": 34.7535577, "name": "Kiosk", "shop_type": "convenience", "amenity": null, "opening_hours": null }, "geometry": { "type": "Point", "coordinates": [ 34.7535577, -0.1253104 ] } },
{ "type": "Feature", "properties": { "osm_id": 3291258371, "latitude": -0.125057, "longitude": 34.7536201, "name": "Kiosk", "shop_type": "convenience", "amenity": null, "opening_hours": null }, "geometry": { "type": "Point", "coordinates": [ 34.7536201, -0.125057 ] } },
{ "type": "Feature", "properties": { "osm_id": 3291258372, "latitude": -0.1239009, "longitude": 34.7533096, "name": "Kiosk", "shop_type": "convenience", "amenity": null, "opening_hours": null }, "geometry": { "type": "Point", "coordinates": [ 34.7533096, -0.1239009 ] } },
{ "type": "Feature", "properties": { "osm_id": 3291258373, "latitude": -0.1227416, "longitude": 34.7529361, "name": "Kiosk", "shop_type": "convenience", "amenity": null, "opening_hours": null }, "geometry": { "type": "Point", "coordinates": [ 34.7529361, -0.1227416 ] } },
{ "type": "Feature", "properties": { "osm_id": 3292348351, "latitude": -0.104469, "longitude": 34.753473, "name": "Oriental Chinese Restaurant", "shop_type": "deli", "amenity": null, "opening_hours": null }, "geometry": { "type": "Point", "coordinates": [ 34.753473, -0.104469 ] } },
{ "type": "Feature", "properties": { "osm_id": 3292350021, "latitude": -0.1033614, "longitude": 34.7557818, "name": null, "shop_type": "butcher", "amenity": null, "opening_hours": null }, "geometry": { "type": "Point", "coordinates": [ 34.7557818, -0.1033614 ] } },
{ "type": "Feature", "properties": { "osm_id": 3330614604, "latitude": -0.1043485, "longitude": 34.7525964, "name": "Baus Optical", "shop_type": "optician", "amenity": null, "opening_hours": null }, "geometry": { "type": "Point", "coordinates": [ 34.7525964, -0.1043485 ] } },
{ "type": "Feature", "properties": { "osm_id": 3834757804, "latitude": -0.1048388, "longitude": 34.7529084, "name": "Shivling", "shop_type": "supermarket", "amenity": null, "opening_hours": null }, "geometry": { "type": "Point", "coordinates": [ 34.7529084, -0.1048388 ] } },
{ "type": "Feature", "properties": { "osm_id": 4620804290, "latitude": -0.1181739, "longitude": 34.7463944, "name": "roots wabara fine arts", "shop_type": "gift", "amenity": null, "opening_hours": "Mo-Su 07:00-18:30" }, "geometry": { "type": "Point", "coordinates": [ 34.7463944, -0.1181739 ] } },
{ "type": "Feature", "properties": { "osm_id": 4620811493, "latitude": -0.1183397, "longitude": 34.7464164, "name": "street shop", "shop_type": "convenience", "amenity": null, "opening_hours": null }, "geometry": { "type": "Point", "coordinates": [ 34.7464164, -0.1183397 ] } },
{ "type": "Feature", "properties": { "osm_id": 5297054322, "latitude": -0.1002629, "longitude": 34.754289, "name": "Dahbshil", "shop_type": "copyshop", "amenity": null, "opening_hours": null }, "geometry": { "type": "Point", "coordinates": [ 34.754289, -0.1002629 ] } },
{ "type": "Feature", "properties": { "osm_id": 5731866921, "latitude": -0.1016455, "longitude": 34.7508908, "name": "Printex Brand Limited", "shop_type": "copyshop", "amenity": null, "opening_hours": null }, "geometry": { "type": "Point", "coordinates": [ 34.7508908, -0.1016455 ] } },
{ "type": "Feature", "properties": { "osm_id": 5829801685, "latitude": -0.0968728, "longitude": 34.7521061, "name": "Amex", "shop_type": "car_parts", "amenity": null, "opening_hours": null }, "geometry": { "type": "Point", "coordinates": [ 34.7521061, -0.0968728 ] } },
{ "type": "Feature", "properties": { "osm_id": 6130562035, "latitude": -0.0975982, "longitude": 34.7505583, "name": "KingswayTyres-Kisumu", "shop_type": "tyres", "amenity": null, "opening_hours": null }, "geometry": { "type": "Point", "coordinates": [ 34.7505583, -0.0975982 ] } },
{ "type": "Feature", "properties": { "osm_id": 6130562037, "latitude": -0.0968456, "longitude": 34.7506653, "name": "CMC Motors", "shop_type": "car", "amenity": null, "opening_hours": null }, "geometry": { "type": "Point", "coordinates": [ 34.7506653, -0.0968456 ] } },
{ "type": "Feature", "properties": { "osm_id": 6633205204, "latitude": -0.0999643, "longitude": 34.7520069, "name": "Zaira Tours And Travel", "shop_type": "travel_agency", "amenity": null, "opening_hours": null }, "geometry": { "type": "Point", "coordinates": [ 34.7520069, -0.0999643 ] } },
{ "type": "Feature", "properties": { "osm_id": 6851440464, "latitude": -0.1024953, "longitude": 34.7523456, "name": "QuickMart", "shop_type": "supermarket", "amenity": null, "opening_hours": null }, "geometry": { "type": "Point", "coordinates": [ 34.7523456, -0.1024953 ] } },
{ "type": "Feature", "properties": { "osm_id": 6966453737, "latitude": -0.0816245, "longitude": 34.76504, "name": "Obunga Market", "shop_type": null, "amenity": "marketplace", "opening_hours": null }, "geometry": { "type": "Point", "coordinates": [ 34.76504, -0.0816245 ] } },
{ "type": "Feature", "properties": { "osm_id": 6969176795, "latitude": -0.1167143, "longitude": 34.7871522, "name": "Nyamasaria", "shop_type": null, "amenity": "marketplace", "opening_hours": null }, "geometry": { "type": "Point", "coordinates": [ 34.7871522, -0.1167143 ] } },
{ "type": "Feature", "properties": { "osm_id": 7181814601, "latitude": -0.1067626, "longitude": 34.7704819, "name": "Naivas Food Market", "shop_type": "supermarket", "amenity": null, "opening_hours": "08:30-20:30" }, "geometry": { "type": "Point", "coordinates": [ 34.7704819, -0.1067626 ] } },
{ "type": "Feature", "properties": { "osm_id": 7222892585, "latitude": -0.1057793, "longitude": 34.7531717, "name": "Safaricom", "shop_type": "mobile_phone", "amenity": null, "opening_hours": null }, "geometry": { "type": "Point", "coordinates": [ 34.7531717, -0.1057793 ] } },
{ "type": "Feature", "properties": { "osm_id": 7227559253, "latitude": -0.1172055, "longitude": 34.7591898, "name": "QuickMart", "shop_type": "supermarket", "amenity": null, "opening_hours": null }, "geometry": { "type": "Point", "coordinates": [ 34.7591898, -0.1172055 ] } },
{ "type": "Feature", "properties": { "osm_id": 7229869113, "latitude": -0.116943, "longitude": 34.7875621, "name": "Choppies", "shop_type": "supermarket", "amenity": null, "opening_hours": null }, "geometry": { "type": "Point", "coordinates": [ 34.7875621, -0.116943 ] } },
{ "type": "Feature", "properties": { "osm_id": 7229869128, "latitude": -0.0835541, "longitude": 34.7754727, "name": "Quickmart- Kondele", "shop_type": "supermarket", "amenity": null, "opening_hours": null }, "geometry": { "type": "Point", "coordinates": [ 34.7754727, -0.0835541 ] } },
{ "type": "Feature", "properties": { "osm_id": 7229869129, "latitude": -0.0819533, "longitude": 34.7751694, "name": "Shivling", "shop_type": "supermarket", "amenity": null, "opening_hours": null }, "geometry": { "type": "Point", "coordinates": [ 34.7751694, -0.0819533 ] } },
{ "type": "Feature", "properties": { "osm_id": 7230512297, "latitude": -0.0016911, "longitude": 34.7397444, "name": "Gambogi", "shop_type": null, "amenity": "marketplace", "opening_hours": null }, "geometry": { "type": "Point", "coordinates": [ 34.7397444, -0.0016911 ] } },
{ "type": "Feature", "properties": { "osm_id": 8190762065, "latitude": -0.089995, "longitude": 34.773055, "name": "JOOTRH Mortuary", "shop_type": "funeral_directors", "amenity": null, "opening_hours": null }, "geometry": { "type": "Point", "coordinates": [ 34.773055, -0.089995 ] } },
{ "type": "Feature", "properties": { "osm_id": 8814265702, "latitude": -0.1191967, "longitude": 34.76467, "name": "Mama Papa's Shop", "shop_type": "general", "amenity": null, "opening_hours": null }, "geometry": { "type": "Point", "coordinates": [ 34.76467, -0.1191967 ] } },
{ "type": "Feature", "properties": { "osm_id": 8814298899, "latitude": -0.1171883, "longitude": 34.76083, "name": "SB Salon", "shop_type": "hairdresser", "amenity": null, "opening_hours": null }, "geometry": { "type": "Point", "coordinates": [ 34.76083, -0.1171883 ] } },
{ "type": "Feature", "properties": { "osm_id": 8814390051, "latitude": -0.0975267, "longitude": 34.7786233, "name": "Honda Nafuu General Store", "shop_type": "general", "amenity": null, "opening_hours": null }, "geometry": { "type": "Point", "coordinates": [ 34.7786233, -0.0975267 ] } },
{ "type": "Feature", "properties": { "osm_id": 8814394881, "latitude": -0.0977217, "longitude": 34.7781317, "name": "Mama Sally Shop", "shop_type": "kiosk", "amenity": null, "opening_hours": null }, "geometry": { "type": "Point", "coordinates": [ 34.7781317, -0.0977217 ] } },
{ "type": "Feature", "properties": { "osm_id": 8814396056, "latitude": -0.09138, "longitude": 34.7806533, "name": "Hardware Shop", "shop_type": "hardware", "amenity": null, "opening_hours": null }, "geometry": { "type": "Point", "coordinates": [ 34.7806533, -0.09138 ] } },
{ "type": "Feature", "properties": { "osm_id": 8816796434, "latitude": -0.0867191, "longitude": 34.7808155, "name": "Auma Plaza", "shop_type": "department_store", "amenity": null, "opening_hours": null }, "geometry": { "type": "Point", "coordinates": [ 34.7808155, -0.0867191 ] } },
{ "type": "Feature", "properties": { "osm_id": 8816862517, "latitude": -0.1442633, "longitude": 34.73629, "name": "Dunga Market", "shop_type": null, "amenity": "marketplace", "opening_hours": null }, "geometry": { "type": "Point", "coordinates": [ 34.73629, -0.1442633 ] } },
{ "type": "Feature", "properties": { "osm_id": 8816875717, "latitude": -0.120895, "longitude": 34.7550017, "name": "Kilo", "shop_type": null, "amenity": "marketplace", "opening_hours": null }, "geometry": { "type": "Point", "coordinates": [ 34.7550017, -0.120895 ] } },
{ "type": "Feature", "properties": { "osm_id": 8816877717, "latitude": -0.1191189, "longitude": 34.7528467, "name": "Simba Market", "shop_type": null, "amenity": "marketplace", "opening_hours": null }, "geometry": { "type": "Point", "coordinates": [ 34.7528467, -0.1191189 ] } },
{ "type": "Feature", "properties": { "osm_id": 8816877719, "latitude": -0.108175, "longitude": 34.7837583, "name": "Kasawino", "shop_type": "convenience", "amenity": null, "opening_hours": null }, "geometry": { "type": "Point", "coordinates": [ 34.7837583, -0.108175 ] } },
{ "type": "Feature", "properties": { "osm_id": 8816890718, "latitude": -0.114675, "longitude": 34.76901, "name": "Corona market - kowino", "shop_type": null, "amenity": "marketplace", "opening_hours": null }, "geometry": { "type": "Point", "coordinates": [ 34.76901, -0.114675 ] } },
{ "type": "Feature", "properties": { "osm_id": 8816908517, "latitude": -0.1084567, "longitude": 34.7830067, "name": "Kasawino Market", "shop_type": null, "amenity": "marketplace", "opening_hours": null }, "geometry": { "type": "Point", "coordinates": [ 34.7830067, -0.1084567 ] } },
{ "type": "Feature", "properties": { "osm_id": 8816914817, "latitude": -0.1028217, "longitude": 34.7770083, "name": "Gesoko", "shop_type": null, "amenity": "marketplace", "opening_hours": null }, "geometry": { "type": "Point", "coordinates": [ 34.7770083, -0.1028217 ] } },
{ "type": "Feature", "properties": { "osm_id": 8816921346, "latitude": -0.08866, "longitude": 34.7770067, "name": "Usodho J.G Shop", "shop_type": "kiosk", "amenity": null, "opening_hours": null }, "geometry": { "type": "Point", "coordinates": [ 34.7770067, -0.08866 ] } },
{ "type": "Feature", "properties": { "osm_id": 8816941117, "latitude": -0.09202, "longitude": 34.77597, "name": "Corona Market 2", "shop_type": null, "amenity": "marketplace", "opening_hours": null }, "geometry": { "type": "Point", "coordinates": [ 34.77597, -0.09202 ] } },
{ "type": "Feature", "properties": { "osm_id": 8816945517, "latitude": -0.0881583, "longitude": 34.777845, "name": "Corona Market", "shop_type": null, "amenity": "marketplace", "opening_hours": null }, "geometry": { "type": "Point", "coordinates": [ 34.777845, -0.0881583 ] } },
{ "type": "Feature", "properties": { "osm_id": 8816948717, "latitude": -0.0881117, "longitude": 34.7806583, "name": "Kona Mbuta Market", "shop_type": null, "amenity": "marketplace", "opening_hours": null }, "geometry": { "type": "Point", "coordinates": [ 34.7806583, -0.0881117 ] } },
{ "type": "Feature", "properties": { "osm_id": 8816952917, "latitude": -0.0875748, "longitude": 34.7829903, "name": "Kaego", "shop_type": null, "amenity": "marketplace", "opening_hours": null }, "geometry": { "type": "Point", "coordinates": [ 34.7829903, -0.0875748 ] } },
{ "type": "Feature", "properties": { "osm_id": 8816962317, "latitude": -0.084175, "longitude": 34.7745917, "name": "Kondele Market", "shop_type": null, "amenity": "marketplace", "opening_hours": null }, "geometry": { "type": "Point", "coordinates": [ 34.7745917, -0.084175 ] } },
{ "type": "Feature", "properties": { "osm_id": 8816972117, "latitude": -0.0816297, "longitude": 34.7845018, "name": "Kaego Market", "shop_type": null, "amenity": "marketplace", "opening_hours": null }, "geometry": { "type": "Point", "coordinates": [ 34.7845018, -0.0816297 ] } },
{ "type": "Feature", "properties": { "osm_id": 8816972118, "latitude": -0.0743766, "longitude": 34.781689, "name": "Lolwe Junction Market", "shop_type": null, "amenity": "marketplace", "opening_hours": null }, "geometry": { "type": "Point", "coordinates": [ 34.781689, -0.0743766 ] } },
{ "type": "Feature", "properties": { "osm_id": 8816975418, "latitude": -0.0805903, "longitude": 34.7716722, "name": "Nyawita market", "shop_type": null, "amenity": "marketplace", "opening_hours": null }, "geometry": { "type": "Point", "coordinates": [ 34.7716722, -0.0805903 ] } },
{ "type": "Feature", "properties": { "osm_id": 8816984317, "latitude": -0.0815979, "longitude": 34.7714588, "name": "Ayanga Market Nyawita", "shop_type": null, "amenity": "marketplace", "opening_hours": null }, "geometry": { "type": "Point", "coordinates": [ 34.7714588, -0.0815979 ] } },
{ "type": "Feature", "properties": { "osm_id": 8816988617, "latitude": -0.0810567, "longitude": 34.7604283, "name": "Obunga Fish Market", "shop_type": null, "amenity": "marketplace", "opening_hours": null }, "geometry": { "type": "Point", "coordinates": [ 34.7604283, -0.0810567 ] } },
{ "type": "Feature", "properties": { "osm_id": 8816995517, "latitude": -0.0803143, "longitude": 34.7465815, "name": "Kombedu Market", "shop_type": null, "amenity": "marketplace", "opening_hours": null }, "geometry": { "type": "Point", "coordinates": [ 34.7465815, -0.0803143 ] } },
{ "type": "Feature", "properties": { "osm_id": 8816996417, "latitude": -0.0797453, "longitude": 34.7464408, "name": "Kombedu", "shop_type": null, "amenity": "marketplace", "opening_hours": null }, "geometry": { "type": "Point", "coordinates": [ 34.7464408, -0.0797453 ] } },
{ "type": "Feature", "properties": { "osm_id": 8817013517, "latitude": -0.0793272, "longitude": 34.7413743, "name": "Bandani Market", "shop_type": null, "amenity": "marketplace", "opening_hours": null }, "geometry": { "type": "Point", "coordinates": [ 34.7413743, -0.0793272 ] } },
{ "type": "Feature", "properties": { "osm_id": 8817049400, "latitude": -0.0812419, "longitude": 34.7814793, "name": "Saya Hardware", "shop_type": "hardware", "amenity": null, "opening_hours": null }, "geometry": { "type": "Point", "coordinates": [ 34.7814793, -0.0812419 ] } },
{ "type": "Feature", "properties": { "osm_id": 8817126017, "latitude": -0.0762867, "longitude": 34.7298283, "name": "Riat Market", "shop_type": null, "amenity": "marketplace", "opening_hours": null }, "geometry": { "type": "Point", "coordinates": [ 34.7298283, -0.0762867 ] } },
{ "type": "Feature", "properties": { "osm_id": 8817126018, "latitude": -0.0765933, "longitude": 34.728975, "name": "Riat road side market", "shop_type": "farm", "amenity": "marketplace", "opening_hours": null }, "geometry": { "type": "Point", "coordinates": [ 34.728975, -0.0765933 ] } },
{ "type": "Feature", "properties": { "osm_id": 8817177117, "latitude": -0.0769175, "longitude": 34.729264, "name": "Riat railway market", "shop_type": null, "amenity": "marketplace", "opening_hours": null }, "geometry": { "type": "Point", "coordinates": [ 34.729264, -0.0769175 ] } },
{ "type": "Feature", "properties": { "osm_id": 8817263717, "latitude": -0.0755503, "longitude": 34.7089485, "name": "Bandani market", "shop_type": null, "amenity": "marketplace", "opening_hours": null }, "geometry": { "type": "Point", "coordinates": [ 34.7089485, -0.0755503 ] } },
{ "type": "Feature", "properties": { "osm_id": 8817300117, "latitude": -0.08073, "longitude": 34.7078633, "name": "Kotetni market", "shop_type": null, "amenity": "marketplace", "opening_hours": null }, "geometry": { "type": "Point", "coordinates": [ 34.7078633, -0.08073 ] } },
{ "type": "Feature", "properties": { "osm_id": 8817449264, "latitude": -0.0829874, "longitude": 34.7768021, "name": "Renee Collection", "shop_type": "boutique", "amenity": null, "opening_hours": null }, "geometry": { "type": "Point", "coordinates": [ 34.7768021, -0.0829874 ] } },
{ "type": "Feature", "properties": { "osm_id": 8817517530, "latitude": -0.0833061, "longitude": 34.7753706, "name": "Handshake Wines and Spirits", "shop_type": "alcohol", "amenity": null, "opening_hours": null }, "geometry": { "type": "Point", "coordinates": [ 34.7753706, -0.0833061 ] } },
{ "type": "Feature", "properties": { "osm_id": 8817685608, "latitude": -0.0835894, "longitude": 34.7751816, "name": null, "shop_type": "kiosk", "amenity": null, "opening_hours": null }, "geometry": { "type": "Point", "coordinates": [ 34.7751816, -0.0835894 ] } },
{ "type": "Feature", "properties": { "osm_id": 8817709342, "latitude": -0.0835182, "longitude": 34.7747302, "name": "Nildeep Hardware Limited", "shop_type": "hardware", "amenity": null, "opening_hours": null }, "geometry": { "type": "Point", "coordinates": [ 34.7747302, -0.0835182 ] } },
{ "type": "Feature", "properties": { "osm_id": 8817734979, "latitude": -0.0841454, "longitude": 34.7746317, "name": "Aswanson Super Duka", "shop_type": "wholesale", "amenity": null, "opening_hours": null }, "geometry": { "type": "Point", "coordinates": [ 34.7746317, -0.0841454 ] } },
{ "type": "Feature", "properties": { "osm_id": 8820769660, "latitude": -0.0850551, "longitude": 34.7748571, "name": "Josato Butchery", "shop_type": "butcher", "amenity": null, "opening_hours": null }, "geometry": { "type": "Point", "coordinates": [ 34.7748571, -0.0850551 ] } },
{ "type": "Feature", "properties": { "osm_id": 8820803086, "latitude": -0.0816223, "longitude": 34.7712751, "name": "Smiles Hair salon", "shop_type": "hairdresser", "amenity": null, "opening_hours": null }, "geometry": { "type": "Point", "coordinates": [ 34.7712751, -0.0816223 ] } },
{ "type": "Feature", "properties": { "osm_id": 8820816012, "latitude": -0.0813617, "longitude": 34.7713264, "name": "Mama Velma Salon", "shop_type": "hairdresser", "amenity": null, "opening_hours": null }, "geometry": { "type": "Point", "coordinates": [ 34.7713264, -0.0813617 ] } },
{ "type": "Feature", "properties": { "osm_id": 8820816082, "latitude": -0.0815694, "longitude": 34.7712899, "name": "Nyawita Dairy Shop", "shop_type": "dairy", "amenity": null, "opening_hours": null }, "geometry": { "type": "Point", "coordinates": [ 34.7712899, -0.0815694 ] } },
{ "type": "Feature", "properties": { "osm_id": 8820816309, "latitude": -0.0814791, "longitude": 34.7712572, "name": "Denis Shop", "shop_type": "kiosk", "amenity": null, "opening_hours": null }, "geometry": { "type": "Point", "coordinates": [ 34.7712572, -0.0814791 ] } },
{ "type": "Feature", "properties": { "osm_id": 8820820649, "latitude": -0.0809901, "longitude": 34.7713845, "name": "Signet Shop", "shop_type": "kiosk", "amenity": null, "opening_hours": null }, "geometry": { "type": "Point", "coordinates": [ 34.7713845, -0.0809901 ] } },
{ "type": "Feature", "properties": { "osm_id": 8820820650, "latitude": -0.0807646, "longitude": 34.7714825, "name": "Juwey Fashions", "shop_type": "boutique", "amenity": null, "opening_hours": null }, "geometry": { "type": "Point", "coordinates": [ 34.7714825, -0.0807646 ] } },
{ "type": "Feature", "properties": { "osm_id": 8820825354, "latitude": -0.0811011, "longitude": 34.7714351, "name": "Mama Juliet Shop", "shop_type": "kiosk", "amenity": null, "opening_hours": null }, "geometry": { "type": "Point", "coordinates": [ 34.7714351, -0.0811011 ] } },
{ "type": "Feature", "properties": { "osm_id": 8820841549, "latitude": -0.0807136, "longitude": 34.7714482, "name": "Shalom Tailoring Shop", "shop_type": "tailor", "amenity": null, "opening_hours": null }, "geometry": { "type": "Point", "coordinates": [ 34.7714482, -0.0807136 ] } },
{ "type": "Feature", "properties": { "osm_id": 8820855657, "latitude": -0.0805837, "longitude": 34.7717521, "name": "Kananga Everfresh Butchery", "shop_type": "butcher", "amenity": null, "opening_hours": null }, "geometry": { "type": "Point", "coordinates": [ 34.7717521, -0.0805837 ] } },
{ "type": "Feature", "properties": { "osm_id": 8820860534, "latitude": -0.07818, "longitude": 34.7700283, "name": "Mama Victor Cosmetics", "shop_type": "cosmetics", "amenity": null, "opening_hours": null }, "geometry": { "type": "Point", "coordinates": [ 34.7700283, -0.07818 ] } },
{ "type": "Feature", "properties": { "osm_id": 8820860606, "latitude": -0.078825, "longitude": 34.7684933, "name": "Mama Grace Salon", "shop_type": "hairdresser", "amenity": null, "opening_hours": null }, "geometry": { "type": "Point", "coordinates": [ 34.7684933, -0.078825 ] } },
{ "type": "Feature", "properties": { "osm_id": 8820861136, "latitude": -0.0802638, "longitude": 34.7716231, "name": "Paseph Movie Shop", "shop_type": "video", "amenity": null, "opening_hours": null }, "geometry": { "type": "Point", "coordinates": [ 34.7716231, -0.0802638 ] } },
{ "type": "Feature", "properties": { "osm_id": 8820863014, "latitude": -0.0803633, "longitude": 34.7663283, "name": "Obunga Kinyozi", "shop_type": "hairdresser", "amenity": null, "opening_hours": null }, "geometry": { "type": "Point", "coordinates": [ 34.7663283, -0.0803633 ] } },
{ "type": "Feature", "properties": { "osm_id": 8820869587, "latitude": -0.0786817, "longitude": 34.769495, "name": "Covenant Salon", "shop_type": "hairdresser", "amenity": null, "opening_hours": null }, "geometry": { "type": "Point", "coordinates": [ 34.769495, -0.0786817 ] } },
{ "type": "Feature", "properties": { "osm_id": 8820886815, "latitude": -0.0800864, "longitude": 34.7667771, "name": "NEEMA Dairy Shop", "shop_type": "dairy", "amenity": null, "opening_hours": null }, "geometry": { "type": "Point", "coordinates": [ 34.7667771, -0.0800864 ] } },
{ "type": "Feature", "properties": { "osm_id": 8820899854, "latitude": -0.0799517, "longitude": 34.7670517, "name": "Butchery", "shop_type": "butcher", "amenity": null, "opening_hours": null }, "geometry": { "type": "Point", "coordinates": [ 34.7670517, -0.0799517 ] } },
{ "type": "Feature", "properties": { "osm_id": 8820906519, "latitude": -0.0799407, "longitude": 34.7671994, "name": "Segasega Timberyard", "shop_type": "trade", "amenity": null, "opening_hours": null }, "geometry": { "type": "Point", "coordinates": [ 34.7671994, -0.0799407 ] } },
{ "type": "Feature", "properties": { "osm_id": 8820906538, "latitude": -0.0803643, "longitude": 34.76621, "name": "Imani Meat Butchery", "shop_type": "butcher", "amenity": null, "opening_hours": null }, "geometry": { "type": "Point", "coordinates": [ 34.76621, -0.0803643 ] } },
{ "type": "Feature", "properties": { "osm_id": 8823995282, "latitude": -0.0808214, "longitude": 34.7664914, "name": "Juba General shop", "shop_type": "kiosk", "amenity": null, "opening_hours": null }, "geometry": { "type": "Point", "coordinates": [ 34.7664914, -0.0808214 ] } },
{ "type": "Feature", "properties": { "osm_id": 8824025979, "latitude": -0.0815633, "longitude": 34.7652117, "name": "Three Star Butchery", "shop_type": "butcher", "amenity": null, "opening_hours": null }, "geometry": { "type": "Point", "coordinates": [ 34.7652117, -0.0815633 ] } },
{ "type": "Feature", "properties": { "osm_id": 8824028730, "latitude": -0.0812517, "longitude": 34.7654833, "name": "Edu Shop", "shop_type": "kiosk", "amenity": null, "opening_hours": null }, "geometry": { "type": "Point", "coordinates": [ 34.7654833, -0.0812517 ] } },
{ "type": "Feature", "properties": { "osm_id": 8824029560, "latitude": -0.0809141, "longitude": 34.7663913, "name": "Holos Wines and Spitits", "shop_type": "alcohol", "amenity": null, "opening_hours": null }, "geometry": { "type": "Point", "coordinates": [ 34.7663913, -0.0809141 ] } },
{ "type": "Feature", "properties": { "osm_id": 8824045135, "latitude": -0.0816067, "longitude": 34.76536, "name": "Vertican Kinyozi", "shop_type": "hardware", "amenity": null, "opening_hours": null }, "geometry": { "type": "Point", "coordinates": [ 34.76536, -0.0816067 ] } },
{ "type": "Feature", "properties": { "osm_id": 8824050876, "latitude": -0.081095, "longitude": 34.7645133, "name": "Riverside Shop", "shop_type": "kiosk", "amenity": null, "opening_hours": null }, "geometry": { "type": "Point", "coordinates": [ 34.7645133, -0.081095 ] } },
{ "type": "Feature", "properties": { "osm_id": 8824052507, "latitude": -0.0812533, "longitude": 34.7648867, "name": "Baba Nelfa Shop", "shop_type": "kiosk", "amenity": null, "opening_hours": null }, "geometry": { "type": "Point", "coordinates": [ 34.7648867, -0.0812533 ] } },
{ "type": "Feature", "properties": { "osm_id": 8824052508, "latitude": -0.0809, "longitude": 34.7643833, "name": "Mama Manu Shop", "shop_type": "kiosk", "amenity": null, "opening_hours": null }, "geometry": { "type": "Point", "coordinates": [ 34.7643833, -0.0809 ] } },
{ "type": "Feature", "properties": { "osm_id": 8824061915, "latitude": -0.0815383, "longitude": 34.7650583, "name": "Joy Butchery", "shop_type": "butcher", "amenity": null, "opening_hours": null }, "geometry": { "type": "Point", "coordinates": [ 34.7650583, -0.0815383 ] } },
{ "type": "Feature", "properties": { "osm_id": 8824065764, "latitude": -0.0808517, "longitude": 34.7641183, "name": "Qaran Technologies", "shop_type": "electronics", "amenity": null, "opening_hours": null }, "geometry": { "type": "Point", "coordinates": [ 34.7641183, -0.0808517 ] } },
{ "type": "Feature", "properties": { "osm_id": 8824066818, "latitude": -0.0812117, "longitude": 34.7648917, "name": "Kuku Shop", "shop_type": "butcher", "amenity": null, "opening_hours": null }, "geometry": { "type": "Point", "coordinates": [ 34.7648917, -0.0812117 ] } },
{ "type": "Feature", "properties": { "osm_id": 8824073827, "latitude": -0.080635, "longitude": 34.764155, "name": "Grocery Stall", "shop_type": "greengrocer", "amenity": null, "opening_hours": null }, "geometry": { "type": "Point", "coordinates": [ 34.764155, -0.080635 ] } },
{ "type": "Feature", "properties": { "osm_id": 8824095656, "latitude": -0.079965, "longitude": 34.76328, "name": "Kajaloka Shop", "shop_type": "kiosk", "amenity": null, "opening_hours": null }, "geometry": { "type": "Point", "coordinates": [ 34.76328, -0.079965 ] } },
{ "type": "Feature", "properties": { "osm_id": 8824115284, "latitude": -0.0799517, "longitude": 34.764215, "name": "Mercy Cereals", "shop_type": "greengrocer", "amenity": null, "opening_hours": null }, "geometry": { "type": "Point", "coordinates": [ 34.764215, -0.0799517 ] } },
{ "type": "Feature", "properties": { "osm_id": 8824117358, "latitude": -0.0800917, "longitude": 34.7635417, "name": "Jaseme Shop", "shop_type": "kiosk", "amenity": null, "opening_hours": null }, "geometry": { "type": "Point", "coordinates": [ 34.7635417, -0.0800917 ] } },
{ "type": "Feature", "properties": { "osm_id": 8987955679, "latitude": -0.0975554, "longitude": 34.7785944, "name": "Manyatta Market", "shop_type": null, "amenity": "marketplace", "opening_hours": null }, "geometry": { "type": "Point", "coordinates": [ 34.7785944, -0.0975554 ] } },
{ "type": "Feature", "properties": { "osm_id": 9126367969, "latitude": -0.1043701, "longitude": 34.7519231, "name": null, "shop_type": "greengrocer", "amenity": null, "opening_hours": null }, "geometry": { "type": "Point", "coordinates": [ 34.7519231, -0.1043701 ] } },
{ "type": "Feature", "properties": { "osm_id": 9126374353, "latitude": -0.1042736, "longitude": 34.7518879, "name": "Drink and smile", "shop_type": "water", "amenity": null, "opening_hours": null }, "geometry": { "type": "Point", "coordinates": [ 34.7518879, -0.1042736 ] } },
{ "type": "Feature", "properties": { "osm_id": 9443804417, "latitude": -0.1110779, "longitude": 34.7693277, "name": "Queen Soap", "shop_type": "chemist", "amenity": null, "opening_hours": "Mo-Su 09:00-18:00" }, "geometry": { "type": "Point", "coordinates": [ 34.7693277, -0.1110779 ] } },
{ "type": "Feature", "properties": { "osm_id": 9443804418, "latitude": -0.0929863, "longitude": 34.7804744, "name": "Kona Mbaya Shop", "shop_type": "tailor", "amenity": null, "opening_hours": "Mo-Fr,Su 08:00-18:00" }, "geometry": { "type": "Point", "coordinates": [ 34.7804744, -0.0929863 ] } },
{ "type": "Feature", "properties": { "osm_id": 9443804425, "latitude": -0.0659193, "longitude": 34.7047465, "name": "Mama Brax Shop", "shop_type": "chemist", "amenity": null, "opening_hours": "Mo-Fr 09:00-18:00" }, "geometry": { "type": "Point", "coordinates": [ 34.7047465, -0.0659193 ] } },
{ "type": "Feature", "properties": { "osm_id": 9443804428, "latitude": -0.0828926, "longitude": 34.7719115, "name": "Markmos", "shop_type": "tailor", "amenity": null, "opening_hours": "Mo-Sa 08:00-18:00" }, "geometry": { "type": "Point", "coordinates": [ 34.7719115, -0.0828926 ] } },
{ "type": "Feature", "properties": { "osm_id": 9443804432, "latitude": -0.0996851, "longitude": 34.8460804, "name": "Jared Auma Tailoring", "shop_type": "tailor", "amenity": null, "opening_hours": "Mo-Su 08:00-18:00" }, "geometry": { "type": "Point", "coordinates": [ 34.8460804, -0.0996851 ] } },
{ "type": "Feature", "properties": { "osm_id": 9443804433, "latitude": -0.0607118, "longitude": 34.7806643, "name": "Emily Tailoring Shop", "shop_type": "tailor", "amenity": null, "opening_hours": "Mo-Sa 09:00-17:00" }, "geometry": { "type": "Point", "coordinates": [ 34.7806643, -0.0607118 ] } },
{ "type": "Feature", "properties": { "osm_id": 9443804444, "latitude": -0.1009514, "longitude": 34.7690236, "name": "Sharon", "shop_type": "chemist", "amenity": null, "opening_hours": "Mo-Fr,Su 08:00-18:00" }, "geometry": { "type": "Point", "coordinates": [ 34.7690236, -0.1009514 ] } },
{ "type": "Feature", "properties": { "osm_id": 9443804446, "latitude": -0.0751447, "longitude": 34.7813578, "name": "Cynthia Atieno", "shop_type": "chemist", "amenity": null, "opening_hours": "Mo-Fr 08:00-18:00" }, "geometry": { "type": "Point", "coordinates": [ 34.7813578, -0.0751447 ] } },
{ "type": "Feature", "properties": { "osm_id": 9443804454, "latitude": -0.1120921, "longitude": 34.7666937, "name": "Sandra's Tailoring Shop", "shop_type": "tailor", "amenity": null, "opening_hours": "Mo-Su 08:00-17:00" }, "geometry": { "type": "Point", "coordinates": [ 34.7666937, -0.1120921 ] } },
{ "type": "Feature", "properties": { "osm_id": 9443804455, "latitude": -0.0808292, "longitude": 34.7731828, "name": "Moni Fashions", "shop_type": "tailor", "amenity": null, "opening_hours": "Mo-Sa" }, "geometry": { "type": "Point", "coordinates": [ 34.7731828, -0.0808292 ] } },
{ "type": "Feature", "properties": { "osm_id": 9443804459, "latitude": -0.0931354, "longitude": 34.7806727, "name": "Caroline Tailor Shop", "shop_type": "tailor", "amenity": null, "opening_hours": "Mo-Fr,Su 07:00-18:00" }, "geometry": { "type": "Point", "coordinates": [ 34.7806727, -0.0931354 ] } },
{ "type": "Feature", "properties": { "osm_id": 9443804462, "latitude": -0.1227859, "longitude": 34.753216, "name": "Nelly's House", "shop_type": "chemist", "amenity": null, "opening_hours": "Mo-Fr,Su 09:00-18:00" }, "geometry": { "type": "Point", "coordinates": [ 34.753216, -0.1227859 ] } },
{ "type": "Feature", "properties": { "osm_id": 9443804464, "latitude": -0.124795, "longitude": 34.753025, "name": "Mama Serena", "shop_type": "tailor", "amenity": null, "opening_hours": "Mo-Fr,Su" }, "geometry": { "type": "Point", "coordinates": [ 34.753025, -0.124795 ] } },
{ "type": "Feature", "properties": { "osm_id": 9443804468, "latitude": -0.0817252, "longitude": 34.7713598, "name": "Grace Tailoring", "shop_type": "tailor", "amenity": null, "opening_hours": "Mo-Sa 08:00-17:00" }, "geometry": { "type": "Point", "coordinates": [ 34.7713598, -0.0817252 ] } },
{ "type": "Feature", "properties": { "osm_id": 9443804470, "latitude": -0.1183712, "longitude": 34.7602091, "name": "Vincent's Shop", "shop_type": "chemist", "amenity": null, "opening_hours": "Mo-Su 09:00-16:00" }, "geometry": { "type": "Point", "coordinates": [ 34.7602091, -0.1183712 ] } },
{ "type": "Feature", "properties": { "osm_id": 9443804472, "latitude": -0.1114307, "longitude": 34.7677688, "name": "Jay Kaunda Tailoring", "shop_type": "tailor", "amenity": null, "opening_hours": "Mo-Sa 07:00-18:00" }, "geometry": { "type": "Point", "coordinates": [ 34.7677688, -0.1114307 ] } },
{ "type": "Feature", "properties": { "osm_id": 9443804474, "latitude": -0.0773239, "longitude": 34.7779143, "name": "Capeneser Tailoring Shop", "shop_type": "tailor", "amenity": null, "opening_hours": "Mo-Fr" }, "geometry": { "type": "Point", "coordinates": [ 34.7779143, -0.0773239 ] } },
{ "type": "Feature", "properties": { "osm_id": 9443804487, "latitude": -0.082992, "longitude": 34.8002358, "name": "Andrew Ater", "shop_type": "chemist", "amenity": null, "opening_hours": "Mo-Su 08:00-18:00" }, "geometry": { "type": "Point", "coordinates": [ 34.8002358, -0.082992 ] } },
{ "type": "Feature", "properties": { "osm_id": 9443804490, "latitude": -0.1541523, "longitude": 34.8342176, "name": "Shironkoh Tailoring", "shop_type": "tailor", "amenity": null, "opening_hours": "Mo-Sa 08:00-18:00" }, "geometry": { "type": "Point", "coordinates": [ 34.8342176, -0.1541523 ] } },
{ "type": "Feature", "properties": { "osm_id": 9443804492, "latitude": -0.0713507, "longitude": 34.781385, "name": "Dennis", "shop_type": "chemist", "amenity": null, "opening_hours": "Mo-Su" }, "geometry": { "type": "Point", "coordinates": [ 34.781385, -0.0713507 ] } },
{ "type": "Feature", "properties": { "osm_id": 9443804494, "latitude": -0.167128, "longitude": 34.7928086, "name": "Ka Elijah Tailoring Shop", "shop_type": "tailor", "amenity": null, "opening_hours": "Mo-Fr 08:00-21:00" }, "geometry": { "type": "Point", "coordinates": [ 34.7928086, -0.167128 ] } },
{ "type": "Feature", "properties": { "osm_id": 9443804498, "latitude": -0.0954574, "longitude": 34.7527257, "name": "Suprima Industries", "shop_type": "chemist", "amenity": null, "opening_hours": "Mo-Fr 08:00-18:00" }, "geometry": { "type": "Point", "coordinates": [ 34.7527257, -0.0954574 ] } },
{ "type": "Feature", "properties": { "osm_id": 9443804501, "latitude": -0.0713541, "longitude": 34.7813615, "name": "Vincent", "shop_type": "tailor", "amenity": null, "opening_hours": "Mo-Su" }, "geometry": { "type": "Point", "coordinates": [ 34.7813615, -0.0713541 ] } },
{ "type": "Feature", "properties": { "osm_id": 9443804517, "latitude": -0.0713655, "longitude": 34.781385, "name": "Mironga", "shop_type": "chemist", "amenity": null, "opening_hours": "Mo-Su" }, "geometry": { "type": "Point", "coordinates": [ 34.781385, -0.0713655 ] } },
{ "type": "Feature", "properties": { "osm_id": 9443804519, "latitude": -0.0704857, "longitude": 34.8113723, "name": "Yvonne", "shop_type": "chemist", "amenity": null, "opening_hours": "Mo-Su 07:00-20:00" }, "geometry": { "type": "Point", "coordinates": [ 34.8113723, -0.0704857 ] } },
{ "type": "Feature", "properties": { "osm_id": 9443804521, "latitude": -0.0545839, "longitude": 34.7920343, "name": "Carruthers East Africa", "shop_type": "chemist", "amenity": null, "opening_hours": "Mo-Fr 08:00-17:00" }, "geometry": { "type": "Point", "coordinates": [ 34.7920343, -0.0545839 ] } },
{ "type": "Feature", "properties": { "osm_id": 9443804527, "latitude": -0.1559466, "longitude": 34.8631094, "name": "Mama Faith Tailoring", "shop_type": "tailor", "amenity": null, "opening_hours": "Mo-Fr,Su 10:00-18:00" }, "geometry": { "type": "Point", "coordinates": [ 34.8631094, -0.1559466 ] } },
{ "type": "Feature", "properties": { "osm_id": 9443804534, "latitude": -0.0991191, "longitude": 34.7810955, "name": "Angela Designs", "shop_type": "tailor", "amenity": null, "opening_hours": "Mo-Fr,Su 09:00-19:00" }, "geometry": { "type": "Point", "coordinates": [ 34.7810955, -0.0991191 ] } },
{ "type": "Feature", "properties": { "osm_id": 9443804537, "latitude": -0.0976701, "longitude": 34.777944, "name": "Lord General Shop", "shop_type": "chemist", "amenity": null, "opening_hours": "Mo-Sa 08:00-19:00" }, "geometry": { "type": "Point", "coordinates": [ 34.777944, -0.0976701 ] } },
{ "type": "Feature", "properties": { "osm_id": 9443804539, "latitude": -0.1118395, "longitude": 34.7670215, "name": "Abdul", "shop_type": "tailor", "amenity": null, "opening_hours": "Mo-Su 07:00-18:00" }, "geometry": { "type": "Point", "coordinates": [ 34.7670215, -0.1118395 ] } },
{ "type": "Feature", "properties": { "osm_id": 9443804544, "latitude": -0.0515109, "longitude": 34.7784949, "name": "Linda's Tailoring", "shop_type": "tailor", "amenity": null, "opening_hours": "Mo-Sa 07:00-18:00" }, "geometry": { "type": "Point", "coordinates": [ 34.7784949, -0.0515109 ] } },
{ "type": "Feature", "properties": { "osm_id": 9443804549, "latitude": -0.1186567, "longitude": 34.7599544, "name": "Elias", "shop_type": "chemist", "amenity": null, "opening_hours": "Mo-Sa 10:00-18:00" }, "geometry": { "type": "Point", "coordinates": [ 34.7599544, -0.1186567 ] } },
{ "type": "Feature", "properties": { "osm_id": 9443804558, "latitude": -0.0991249, "longitude": 34.8466506, "name": "KA Nyaugenya Tailoring", "shop_type": "tailor", "amenity": null, "opening_hours": "Mo-Su 09:00-18:00" }, "geometry": { "type": "Point", "coordinates": [ 34.8466506, -0.0991249 ] } },
{ "type": "Feature", "properties": { "osm_id": 9443804560, "latitude": -0.1440371, "longitude": 34.7369734, "name": "Edna Tailoring Point", "shop_type": "tailor", "amenity": null, "opening_hours": "Mo-Sa 10:00-17:00" }, "geometry": { "type": "Point", "coordinates": [ 34.7369734, -0.1440371 ] } },
{ "type": "Feature", "properties": { "osm_id": 9446338296, "latitude": -0.1002197, "longitude": 34.8705835, "name": "Nyamalo Tailoring Shop", "shop_type": "tailor", "amenity": null, "opening_hours": "Mo-Sa 08:00-18:00" }, "geometry": { "type": "Point", "coordinates": [ 34.8705835, -0.1002197 ] } },
{ "type": "Feature", "properties": { "osm_id": 9446338297, "latitude": -0.0786553, "longitude": 34.6899885, "name": "Ma' Junior Tailoring", "shop_type": "tailor", "amenity": null, "opening_hours": "Mo-Sa 08:00-18:00" }, "geometry": { "type": "Point", "coordinates": [ 34.6899885, -0.0786553 ] } },
{ "type": "Feature", "properties": { "osm_id": 9446338301, "latitude": -0.1123071, "longitude": 34.7663691, "name": "Policap Printer", "shop_type": "copyshop", "amenity": null, "opening_hours": "Mo-Th,Su" }, "geometry": { "type": "Point", "coordinates": [ 34.7663691, -0.1123071 ] } },
{ "type": "Feature", "properties": { "osm_id": 9446338303, "latitude": -0.07744, "longitude": 34.730025, "name": "Ka Nyauyoma Tailoring", "shop_type": "tailor", "amenity": null, "opening_hours": "Mo-Sa 08:00-19:00" }, "geometry": { "type": "Point", "coordinates": [ 34.730025, -0.07744 ] } },
{ "type": "Feature", "properties": { "osm_id": 9446338304, "latitude": -0.083015, "longitude": 34.8002048, "name": "Naomi Achieng", "shop_type": "chemist", "amenity": null, "opening_hours": "Mo-Su 08:00-18:00" }, "geometry": { "type": "Point", "coordinates": [ 34.8002048, -0.083015 ] } },
{ "type": "Feature", "properties": { "osm_id": 9446338307, "latitude": -0.1118617, "longitude": 34.7681541, "name": "Oyua Tailoring Shop", "shop_type": "tailor", "amenity": null, "opening_hours": "Mo-Sa 08:00-19:00" }, "geometry": { "type": "Point", "coordinates": [ 34.7681541, -0.1118617 ] } },
{ "type": "Feature", "properties": { "osm_id": 9446338308, "latitude": -0.0977, "longitude": 34.7780124, "name": "Rose Tailoring Shop", "shop_type": "tailor", "amenity": null, "opening_hours": "Mo-Fr,Su 08:00-18:00" }, "geometry": { "type": "Point", "coordinates": [ 34.7780124, -0.0977 ] } },
{ "type": "Feature", "properties": { "osm_id": 9446338310, "latitude": -0.0762646, "longitude": 34.725383, "name": "Ras Metal Work", "shop_type": "tailor", "amenity": null, "opening_hours": "Mo-Sa 07:00-18:00" }, "geometry": { "type": "Point", "coordinates": [ 34.725383, -0.0762646 ] } },
{ "type": "Feature", "properties": { "osm_id": 9446338311, "latitude": -0.0997215, "longitude": 34.7649186, "name": "Mama Lucy Tailoring", "shop_type": "tailor", "amenity": null, "opening_hours": "Mo-Fr,Su" }, "geometry": { "type": "Point", "coordinates": [ 34.7649186, -0.0997215 ] } },
{ "type": "Feature", "properties": { "osm_id": 9446395018, "latitude": -0.0713507, "longitude": 34.781385, "name": "Even Fashion And Design Shop", "shop_type": "tailor", "amenity": null, "opening_hours": "Mo-Su 08:00-19:00" }, "geometry": { "type": "Point", "coordinates": [ 34.781385, -0.0713507 ] } },
{ "type": "Feature", "properties": { "osm_id": 9446395020, "latitude": -0.1357588, "longitude": 34.7415501, "name": "Kitenge Place", "shop_type": "tailor", "amenity": null, "opening_hours": "Mo-Sa" }, "geometry": { "type": "Point", "coordinates": [ 34.7415501, -0.1357588 ] } },
{ "type": "Feature", "properties": { "osm_id": 9446395025, "latitude": -0.0772688, "longitude": 34.7779309, "name": "Carter's Shaop", "shop_type": "chemist", "amenity": null, "opening_hours": "Mo-Fr" }, "geometry": { "type": "Point", "coordinates": [ 34.7779309, -0.0772688 ] } },
{ "type": "Feature", "properties": { "osm_id": 9446395026, "latitude": -0.0828786, "longitude": 34.770735, "name": "Otom Investments", "shop_type": "chemist", "amenity": null, "opening_hours": "Mo,We,Fr" }, "geometry": { "type": "Point", "coordinates": [ 34.770735, -0.0828786 ] } },
{ "type": "Feature", "properties": { "osm_id": 9446395031, "latitude": -0.0755421, "longitude": 34.7086556, "name": "Deborah Ouma Odindo Shop", "shop_type": "chemist", "amenity": null, "opening_hours": "Mo-Su 08:00-17:00" }, "geometry": { "type": "Point", "coordinates": [ 34.7086556, -0.0755421 ] } },
{ "type": "Feature", "properties": { "osm_id": 9446395037, "latitude": -0.0980526, "longitude": 34.7783358, "name": "Glorious Vision", "shop_type": "tailor", "amenity": null, "opening_hours": "Mo-Sa 07:00-18:00" }, "geometry": { "type": "Point", "coordinates": [ 34.7783358, -0.0980526 ] } },
{ "type": "Feature", "properties": { "osm_id": 9446395043, "latitude": -0.0743337, "longitude": 34.6839395, "name": "Mix Tailoring Shop", "shop_type": "tailor", "amenity": null, "opening_hours": "Mo-Sa 09:00-18:00" }, "geometry": { "type": "Point", "coordinates": [ 34.6839395, -0.0743337 ] } },
{ "type": "Feature", "properties": { "osm_id": 9446395051, "latitude": -0.1442959, "longitude": 34.7366659, "name": "Arosy Workshop", "shop_type": "tailor", "amenity": null, "opening_hours": "Mo-Sa 10:00-18:00" }, "geometry": { "type": "Point", "coordinates": [ 34.7366659, -0.1442959 ] } },
{ "type": "Feature", "properties": { "osm_id": 9446395052, "latitude": -0.0832634, "longitude": 34.7735843, "name": "Osuma Dressmaking", "shop_type": "tailor", "amenity": null, "opening_hours": "Mo-Sa 08:00-17:00" }, "geometry": { "type": "Point", "coordinates": [ 34.7735843, -0.0832634 ] } },
{ "type": "Feature", "properties": { "osm_id": 9446395055, "latitude": -0.1567358, "longitude": 34.8623536, "name": "Bernard Fabrication", "shop_type": "tailor", "amenity": null, "opening_hours": "Mo-Sa 08:00-17:00" }, "geometry": { "type": "Point", "coordinates": [ 34.8623536, -0.1567358 ] } },
{ "type": "Feature", "properties": { "osm_id": 9446395063, "latitude": -0.0595106, "longitude": 34.7853438, "name": "Waltithez", "shop_type": "tailor", "amenity": null, "opening_hours": "Mo-Sa 08:00-18:00" }, "geometry": { "type": "Point", "coordinates": [ 34.7853438, -0.0595106 ] } },
{ "type": "Feature", "properties": { "osm_id": 9446395068, "latitude": -0.0959942, "longitude": 34.7574925, "name": "Opuk Jakinda", "shop_type": "tailor", "amenity": null, "opening_hours": "Mo-Fr,Su 07:00-18:00" }, "geometry": { "type": "Point", "coordinates": [ 34.7574925, -0.0959942 ] } },
{ "type": "Feature", "properties": { "osm_id": 9446395069, "latitude": -0.0976126, "longitude": 34.7794847, "name": "Mama Jim Tailoring Shop", "shop_type": "tailor", "amenity": null, "opening_hours": "Mo-Fr 09:00-18:00" }, "geometry": { "type": "Point", "coordinates": [ 34.7794847, -0.0976126 ] } },
{ "type": "Feature", "properties": { "osm_id": 9446395073, "latitude": -0.0463138, "longitude": 34.7654454, "name": "Mama Vini Tailoring", "shop_type": "tailor", "amenity": null, "opening_hours": "Mo-Sa 08:00-18:00" }, "geometry": { "type": "Point", "coordinates": [ 34.7654454, -0.0463138 ] } },
{ "type": "Feature", "properties": { "osm_id": 9446395079, "latitude": -0.0768821, "longitude": 34.7929743, "name": "Unique Advanced Tec", "shop_type": "tailor", "amenity": null, "opening_hours": "Mo-Sa 07:00-18:00" }, "geometry": { "type": "Point", "coordinates": [ 34.7929743, -0.0768821 ] } },
{ "type": "Feature", "properties": { "osm_id": 9446395085, "latitude": -0.0925102, "longitude": 34.7800267, "name": "Mama Blessing Shop", "shop_type": "tailor", "amenity": null, "opening_hours": "Mo-Sa 09:00-19:00" }, "geometry": { "type": "Point", "coordinates": [ 34.7800267, -0.0925102 ] } },
{ "type": "Feature", "properties": { "osm_id": 9446395094, "latitude": -0.0907746, "longitude": 34.78157, "name": "Olenyo Shop", "shop_type": "chemist", "amenity": null, "opening_hours": "sunrise-sunset" }, "geometry": { "type": "Point", "coordinates": [ 34.78157, -0.0907746 ] } },
{ "type": "Feature", "properties": { "osm_id": 9446395095, "latitude": -0.0751677, "longitude": 34.7080056, "name": "KCB Mpesa Shop", "shop_type": "chemist", "amenity": null, "opening_hours": "Mo-Sa 08:00-17:00" }, "geometry": { "type": "Point", "coordinates": [ 34.7080056, -0.0751677 ] } },
{ "type": "Feature", "properties": { "osm_id": 9446395097, "latitude": -0.0976161, "longitude": 34.7535662, "name": "Riat Tailoring Shop", "shop_type": "tailor", "amenity": null, "opening_hours": "Mo-Su 08:00-18:00" }, "geometry": { "type": "Point", "coordinates": [ 34.7535662, -0.0976161 ] } },
{ "type": "Feature", "properties": { "osm_id": 9446395100, "latitude": -0.0960467, "longitude": 34.7548593, "name": "Dan Tailor Shop", "shop_type": "tailor", "amenity": null, "opening_hours": "Mo-Su 07:00-19:00" }, "geometry": { "type": "Point", "coordinates": [ 34.7548593, -0.0960467 ] } },
{ "type": "Feature", "properties": { "osm_id": 9446395107, "latitude": -0.1357592, "longitude": 34.7415489, "name": "N/a", "shop_type": "tailor", "amenity": null, "opening_hours": "Mo-Fr 10:00-18:00" }, "geometry": { "type": "Point", "coordinates": [ 34.7415489, -0.1357592 ] } },
{ "type": "Feature", "properties": { "osm_id": 9446395108, "latitude": -0.0980161, "longitude": 34.7734851, "name": "Narudi Fabrics", "shop_type": "tailor", "amenity": null, "opening_hours": "Mo-Sa 08:00-19:00" }, "geometry": { "type": "Point", "coordinates": [ 34.7734851, -0.0980161 ] } },
{ "type": "Feature", "properties": { "osm_id": 9446395109, "latitude": -0.0742949, "longitude": 34.7888233, "name": "No Name Yet", "shop_type": "tailor", "amenity": null, "opening_hours": "Mo-Sa 08:00-18:00" }, "geometry": { "type": "Point", "coordinates": [ 34.7888233, -0.0742949 ] } },
{ "type": "Feature", "properties": { "osm_id": 9446395110, "latitude": -0.1161584, "longitude": 34.7610553, "name": "Pacho Tailor", "shop_type": "copyshop", "amenity": null, "opening_hours": "Mo-Fr,Su" }, "geometry": { "type": "Point", "coordinates": [ 34.7610553, -0.1161584 ] } },
{ "type": "Feature", "properties": { "osm_id": 9446395111, "latitude": -0.0575647, "longitude": 34.7778481, "name": "Steven Otis", "shop_type": "tailor", "amenity": null, "opening_hours": "Mo-Fr,Su 08:00-18:00" }, "geometry": { "type": "Point", "coordinates": [ 34.7778481, -0.0575647 ] } },
{ "type": "Feature", "properties": { "osm_id": 9446395117, "latitude": -0.0990553, "longitude": 34.7697439, "name": "Babby", "shop_type": "chemist", "amenity": null, "opening_hours": "Mo-We 08:00-12:00" }, "geometry": { "type": "Point", "coordinates": [ 34.7697439, -0.0990553 ] } },
{ "type": "Feature", "properties": { "osm_id": 9446395120, "latitude": -0.0881406, "longitude": 34.7792077, "name": "Zeph Tailoring", "shop_type": "tailor", "amenity": null, "opening_hours": "Mo-Sa 08:00-18:00" }, "geometry": { "type": "Point", "coordinates": [ 34.7792077, -0.0881406 ] } },
{ "type": "Feature", "properties": { "osm_id": 9446395122, "latitude": -0.058781, "longitude": 34.7759922, "name": "Atinda Fashion And Design", "shop_type": "tailor", "amenity": null, "opening_hours": "Mo-Su 06:00-18:00" }, "geometry": { "type": "Point", "coordinates": [ 34.7759922, -0.058781 ] } },
{ "type": "Feature", "properties": { "osm_id": 9446395128, "latitude": -0.0969937, "longitude": 34.7798907, "name": "Dennis", "shop_type": "tailor", "amenity": null, "opening_hours": "Mo-Su 08:00-19:00" }, "geometry": { "type": "Point", "coordinates": [ 34.7798907, -0.0969937 ] } },
{ "type": "Feature", "properties": { "osm_id": 9446395129, "latitude": -0.097343, "longitude": 34.7790099, "name": "Fundi Manyatta Shop", "shop_type": "tailor", "amenity": null, "opening_hours": "Mo-Sa" }, "geometry": { "type": "Point", "coordinates": [ 34.7790099, -0.097343 ] } },
{ "type": "Feature", "properties": { "osm_id": 9446395130, "latitude": -0.0827604, "longitude": 34.7708349, "name": "No Name Yet", "shop_type": "chemist", "amenity": null, "opening_hours": "Mo,Tu,Th,Fr" }, "geometry": { "type": "Point", "coordinates": [ 34.7708349, -0.0827604 ] } },
{ "type": "Feature", "properties": { "osm_id": 9446395134, "latitude": -0.0252688, "longitude": 34.7474616, "name": "Elizabeth Tailoring Shop", "shop_type": "tailor", "amenity": null, "opening_hours": "Mo-Sa 08:00-18:00" }, "geometry": { "type": "Point", "coordinates": [ 34.7474616, -0.0252688 ] } },
{ "type": "Feature", "properties": { "osm_id": 9446395135, "latitude": -0.1285161, "longitude": 34.7471476, "name": "Her House", "shop_type": "chemist", "amenity": null, "opening_hours": "Mo-Fr" }, "geometry": { "type": "Point", "coordinates": [ 34.7471476, -0.1285161 ] } },
{ "type": "Feature", "properties": { "osm_id": 9446395137, "latitude": -0.1105393, "longitude": 34.768776, "name": "Esther's Shop", "shop_type": "tailor", "amenity": null, "opening_hours": "Mo-Sa 09:00-21:00" }, "geometry": { "type": "Point", "coordinates": [ 34.768776, -0.1105393 ] } },
{ "type": "Feature", "properties": { "osm_id": 9446395139, "latitude": -0.1005645, "longitude": 34.8699735, "name": "Ka Min Michael Tailoring", "shop_type": "tailor", "amenity": null, "opening_hours": "Mo-Fr 08:00-19:00" }, "geometry": { "type": "Point", "coordinates": [ 34.8699735, -0.1005645 ] } },
{ "type": "Feature", "properties": { "osm_id": 9462604704, "latitude": -0.0895694, "longitude": 34.7760295, "name": "Eric Welding Shop", "shop_type": "chemist", "amenity": null, "opening_hours": "Mo-Su 08:00-19:00" }, "geometry": { "type": "Point", "coordinates": [ 34.7760295, -0.0895694 ] } },
{ "type": "Feature", "properties": { "osm_id": 9462604705, "latitude": -0.1233335, "longitude": 34.7515786, "name": "Caroline Tailoring Shop", "shop_type": "tailor", "amenity": null, "opening_hours": "Mo-Sa" }, "geometry": { "type": "Point", "coordinates": [ 34.7515786, -0.1233335 ] } },
{ "type": "Feature", "properties": { "osm_id": 9462604706, "latitude": -0.090891, "longitude": 34.7762016, "name": "Eunice Tailor Shop", "shop_type": "tailor", "amenity": null, "opening_hours": "Mo-Su 08:00-19:00" }, "geometry": { "type": "Point", "coordinates": [ 34.7762016, -0.090891 ] } },
{ "type": "Feature", "properties": { "osm_id": 9462604709, "latitude": -0.1343017, "longitude": 34.742324, "name": "Mama Kyail Tailoring Shop", "shop_type": "tailor", "amenity": null, "opening_hours": "Mo-Fr,Su" }, "geometry": { "type": "Point", "coordinates": [ 34.742324, -0.1343017 ] } },
{ "type": "Feature", "properties": { "osm_id": 9462604713, "latitude": -0.0794153, "longitude": 34.7678027, "name": "Antony Tailor Shop", "shop_type": "tailor", "amenity": null, "opening_hours": "Mo-Sa 08:00-19:00" }, "geometry": { "type": "Point", "coordinates": [ 34.7678027, -0.0794153 ] } },
{ "type": "Feature", "properties": { "osm_id": 9462619419, "latitude": -0.1131095, "longitude": 34.7659307, "name": "Suzy", "shop_type": "tailor", "amenity": null, "opening_hours": "Mo-Fr,Su 08:00-19:00" }, "geometry": { "type": "Point", "coordinates": [ 34.7659307, -0.1131095 ] } },
{ "type": "Feature", "properties": { "osm_id": 9462619420, "latitude": -0.1007601, "longitude": 34.7688561, "name": "Cynthia's Shop", "shop_type": "chemist", "amenity": null, "opening_hours": "Mo-Su 09:00-18:00" }, "geometry": { "type": "Point", "coordinates": [ 34.7688561, -0.1007601 ] } },
{ "type": "Feature", "properties": { "osm_id": 9462619421, "latitude": -0.1120069, "longitude": 34.7668604, "name": "Solomon Tailoring", "shop_type": "tailor", "amenity": null, "opening_hours": "Mo-Sa 07:00-21:00" }, "geometry": { "type": "Point", "coordinates": [ 34.7668604, -0.1120069 ] } },
{ "type": "Feature", "properties": { "osm_id": 9462619422, "latitude": -0.0791672, "longitude": 34.6938294, "name": "Achieng Tailoring", "shop_type": "tailor", "amenity": null, "opening_hours": "Mo-Sa 08:00-18:00" }, "geometry": { "type": "Point", "coordinates": [ 34.6938294, -0.0791672 ] } },
{ "type": "Feature", "properties": { "osm_id": 9462619424, "latitude": -0.0999834, "longitude": 34.7548276, "name": "Mayow Curtain Shop", "shop_type": "tailor", "amenity": null, "opening_hours": "Mo-Su 08:00-18:00" }, "geometry": { "type": "Point", "coordinates": [ 34.7548276, -0.0999834 ] } },
{ "type": "Feature", "properties": { "osm_id": 9462619430, "latitude": -0.0975787, "longitude": 34.7758929, "name": "Carol Designs", "shop_type": "tailor", "amenity": null, "opening_hours": "Mo-Th,Sa 08:00-20:00" }, "geometry": { "type": "Point", "coordinates": [ 34.7758929, -0.0975787 ] } },
{ "type": "Feature", "properties": { "osm_id": 9462619432, "latitude": -0.0712652, "longitude": 34.7812586, "name": "Princess Marcos", "shop_type": "chemist", "amenity": null, "opening_hours": "Mo,Tu,Fr sunset-sunrise open" }, "geometry": { "type": "Point", "coordinates": [ 34.7812586, -0.0712652 ] } },
{ "type": "Feature", "properties": { "osm_id": 9462619434, "latitude": -0.1500127, "longitude": 34.8251226, "name": "Ka Nyakisumo Tailoring", "shop_type": "tailor", "amenity": null, "opening_hours": "Mo-Sa 09:00-19:00" }, "geometry": { "type": "Point", "coordinates": [ 34.8251226, -0.1500127 ] } },
{ "type": "Feature", "properties": { "osm_id": 9462619437, "latitude": -0.0514519, "longitude": 34.7919139, "name": "Kanyawina Tailoring", "shop_type": "tailor", "amenity": null, "opening_hours": "Mo-Fr 09:00-18:00" }, "geometry": { "type": "Point", "coordinates": [ 34.7919139, -0.0514519 ] } },
{ "type": "Feature", "properties": { "osm_id": 9462619443, "latitude": -0.1009976, "longitude": 34.7507304, "name": "Gulflab Chemical Co.Ltd", "shop_type": "chemist", "amenity": null, "opening_hours": "Mo-Sa 08:00-18:00" }, "geometry": { "type": "Point", "coordinates": [ 34.7507304, -0.1009976 ] } },
{ "type": "Feature", "properties": { "osm_id": 9462619445, "latitude": -0.0711639, "longitude": 34.8104714, "name": "Yvonne", "shop_type": "tailor", "amenity": null, "opening_hours": "Mo-Fr,Su 08:00-19:00" }, "geometry": { "type": "Point", "coordinates": [ 34.8104714, -0.0711639 ] } },
{ "type": "Feature", "properties": { "osm_id": 9462619446, "latitude": -0.0738764, "longitude": 34.6890141, "name": "Dala Dala Fashion And Designs", "shop_type": "tailor", "amenity": null, "opening_hours": "Mo-Sa 08:00-17:00" }, "geometry": { "type": "Point", "coordinates": [ 34.6890141, -0.0738764 ] } },
{ "type": "Feature", "properties": { "osm_id": 9462619449, "latitude": -0.1343333, "longitude": 34.742385, "name": "Mama Kyle Tailoring Shop", "shop_type": "tailor", "amenity": null, "opening_hours": "Mo-Sa 08:00-18:00" }, "geometry": { "type": "Point", "coordinates": [ 34.742385, -0.1343333 ] } },
{ "type": "Feature", "properties": { "osm_id": 9462619457, "latitude": -0.1125444, "longitude": 34.7692525, "name": "Davi", "shop_type": "tailor", "amenity": null, "opening_hours": "Mo-Su 09:00-18:00" }, "geometry": { "type": "Point", "coordinates": [ 34.7692525, -0.1125444 ] } },
{ "type": "Feature", "properties": { "osm_id": 9462619461, "latitude": -0.0952496, "longitude": 34.7671143, "name": "Bb", "shop_type": "chemist", "amenity": null, "opening_hours": "Mo-Fr 08:00-16:00" }, "geometry": { "type": "Point", "coordinates": [ 34.7671143, -0.0952496 ] } },
{ "type": "Feature", "properties": { "osm_id": 9462619462, "latitude": -0.0595365, "longitude": 34.784416, "name": "Anyango's Tailoring Shop", "shop_type": "tailor", "amenity": null, "opening_hours": "Mo-Sa 09:00-18:00" }, "geometry": { "type": "Point", "coordinates": [ 34.784416, -0.0595365 ] } },
{ "type": "Feature", "properties": { "osm_id": 9462619464, "latitude": -0.1010382, "longitude": 34.7679492, "name": "Kona Shop", "shop_type": "chemist", "amenity": null, "opening_hours": "Mo-Sa 07:00-19:00" }, "geometry": { "type": "Point", "coordinates": [ 34.7679492, -0.1010382 ] } },
{ "type": "Feature", "properties": { "osm_id": 9462619467, "latitude": -0.0352517, "longitude": 34.7931817, "name": "Daraja Mbili Tailoring", "shop_type": "tailor", "amenity": null, "opening_hours": "Mo-Fr,Su 08:00-18:00" }, "geometry": { "type": "Point", "coordinates": [ 34.7931817, -0.0352517 ] } },
{ "type": "Feature", "properties": { "osm_id": 9462619469, "latitude": -0.0907503, "longitude": 34.7812172, "name": "Grace Tailoring Shop", "shop_type": "tailor", "amenity": null, "opening_hours": "Mo-Fr 09:00-18:30" }, "geometry": { "type": "Point", "coordinates": [ 34.7812172, -0.0907503 ] } },
{ "type": "Feature", "properties": { "osm_id": 9462619471, "latitude": -0.0976891, "longitude": 34.7808113, "name": "Nyandhiwa Shop", "shop_type": "tailor", "amenity": null, "opening_hours": "Mo-Fr,Su 08:00-18:00" }, "geometry": { "type": "Point", "coordinates": [ 34.7808113, -0.0976891 ] } },
{ "type": "Feature", "properties": { "osm_id": 9462619475, "latitude": -0.1286789, "longitude": 34.7494805, "name": "Jacky Caps Interior Decor", "shop_type": "tailor", "amenity": null, "opening_hours": "Mo-Fr,Su" }, "geometry": { "type": "Point", "coordinates": [ 34.7494805, -0.1286789 ] } },
{ "type": "Feature", "properties": { "osm_id": 9462619478, "latitude": -0.0765165, "longitude": 34.7951823, "name": "Nyakwar Osuta Tailoring Shop", "shop_type": "tailor", "amenity": null, "opening_hours": "Mo-Fr 08:00-19:00" }, "geometry": { "type": "Point", "coordinates": [ 34.7951823, -0.0765165 ] } },
{ "type": "Feature", "properties": { "osm_id": 9462619482, "latitude": -0.1011387, "longitude": 34.7602737, "name": "Charles Tailoring Shop", "shop_type": "tailor", "amenity": null, "opening_hours": "Mo-Sa 08:00-18:00" }, "geometry": { "type": "Point", "coordinates": [ 34.7602737, -0.1011387 ] } },
{ "type": "Feature", "properties": { "osm_id": 9462619484, "latitude": -0.128293, "longitude": 34.747706, "name": "Sky Web Base Tailoring Workshops", "shop_type": "tailor", "amenity": null, "opening_hours": "Mo-Sa" }, "geometry": { "type": "Point", "coordinates": [ 34.747706, -0.128293 ] } },
{ "type": "Feature", "properties": { "osm_id": 9462619486, "latitude": -0.0829717, "longitude": 34.7723733, "name": "Lakeside Tailoring Centre", "shop_type": "tailor", "amenity": null, "opening_hours": "Mo-Sa 08:00-17:00" }, "geometry": { "type": "Point", "coordinates": [ 34.7723733, -0.0829717 ] } },
{ "type": "Feature", "properties": { "osm_id": 9462619487, "latitude": -0.0829795, "longitude": 34.7779881, "name": "David", "shop_type": "chemist", "amenity": null, "opening_hours": "Tu,Fr sunset-sunrise open" }, "geometry": { "type": "Point", "coordinates": [ 34.7779881, -0.0829795 ] } },
{ "type": "Feature", "properties": { "osm_id": 9462619490, "latitude": -0.1171292, "longitude": 34.788217, "name": "Mama Val Tailoring", "shop_type": "tailor", "amenity": null, "opening_hours": "Mo-Sa 08:00-18:00" }, "geometry": { "type": "Point", "coordinates": [ 34.788217, -0.1171292 ] } },
{ "type": "Feature", "properties": { "osm_id": 9462619492, "latitude": -0.0622435, "longitude": 34.8159054, "name": "Kibos Sugar", "shop_type": "chemist", "amenity": null, "opening_hours": "Mo-Su sunset-sunrise open" }, "geometry": { "type": "Point", "coordinates": [ 34.8159054, -0.0622435 ] } },
{ "type": "Feature", "properties": { "osm_id": 9462619493, "latitude": -0.0386037, "longitude": 34.680472, "name": "Aphy Boutique And Tailoring", "shop_type": "tailor", "amenity": null, "opening_hours": "Mo-Sa 08:00-18:00" }, "geometry": { "type": "Point", "coordinates": [ 34.680472, -0.0386037 ] } },
{ "type": "Feature", "properties": { "osm_id": 9462619494, "latitude": -0.11899, "longitude": 34.7606511, "name": "Ann Tailoring Shop", "shop_type": "tailor", "amenity": null, "opening_hours": "Mo-Sa 09:00-18:00" }, "geometry": { "type": "Point", "coordinates": [ 34.7606511, -0.11899 ] } },
{ "type": "Feature", "properties": { "osm_id": 9462619496, "latitude": -0.0952806, "longitude": 34.7675895, "name": "Zamunda Tailoring Solutions", "shop_type": "tailor", "amenity": null, "opening_hours": "Mo-Sa 08:00-17:00" }, "geometry": { "type": "Point", "coordinates": [ 34.7675895, -0.0952806 ] } },
{ "type": "Feature", "properties": { "osm_id": 9462619501, "latitude": -0.1280136, "longitude": 34.7509729, "name": "Mama Jamila Tailoring", "shop_type": "tailor", "amenity": null, "opening_hours": "Mo-Fr,Su" }, "geometry": { "type": "Point", "coordinates": [ 34.7509729, -0.1280136 ] } },
{ "type": "Feature", "properties": { "osm_id": 9462619503, "latitude": -0.1487699, "longitude": 34.8267909, "name": "Slaughter House Tailoring", "shop_type": "tailor", "amenity": null, "opening_hours": "Mo-Sa 08:00-19:00" }, "geometry": { "type": "Point", "coordinates": [ 34.8267909, -0.1487699 ] } },
{ "type": "Feature", "properties": { "osm_id": 9462619511, "latitude": -0.0978809, "longitude": 34.765425, "name": "Nery Printers", "shop_type": "copyshop", "amenity": null, "opening_hours": "Mo-Sa" }, "geometry": { "type": "Point", "coordinates": [ 34.765425, -0.0978809 ] } },
{ "type": "Feature", "properties": { "osm_id": 9462619520, "latitude": -0.0804255, "longitude": 34.7718861, "name": "Jumba Tailoring Shop", "shop_type": "tailor", "amenity": null, "opening_hours": "Mo-Su 07:00-22:00" }, "geometry": { "type": "Point", "coordinates": [ 34.7718861, -0.0804255 ] } },
{ "type": "Feature", "properties": { "osm_id": 9462619523, "latitude": -0.1105808, "longitude": 34.761828, "name": "Safe Water And Aids Project", "shop_type": "chemist", "amenity": null, "opening_hours": "Mo-Fr 08:00-17:00" }, "geometry": { "type": "Point", "coordinates": [ 34.761828, -0.1105808 ] } },
{ "type": "Feature", "properties": { "osm_id": 9462619524, "latitude": -0.0947893, "longitude": 34.7677263, "name": "Create And Design", "shop_type": "tailor", "amenity": null, "opening_hours": "Mo-Sa 08:00-20:00" }, "geometry": { "type": "Point", "coordinates": [ 34.7677263, -0.0947893 ] } },
{ "type": "Feature", "properties": { "osm_id": 9462619527, "latitude": -0.0864776, "longitude": 34.7812004, "name": "Cate's Fashions", "shop_type": "tailor", "amenity": null, "opening_hours": "Mo-Sa 07:00-18:00" }, "geometry": { "type": "Point", "coordinates": [ 34.7812004, -0.0864776 ] } },
{ "type": "Feature", "properties": { "osm_id": 9462619528, "latitude": -0.0711163, "longitude": 34.8093784, "name": "Kibos Sugar", "shop_type": "chemist", "amenity": null, "opening_hours": "Mo-Sa sunset-sunrise open" }, "geometry": { "type": "Point", "coordinates": [ 34.8093784, -0.0711163 ] } },
{ "type": "Feature", "properties": { "osm_id": 9462619529, "latitude": -0.0838501, "longitude": 34.7790658, "name": "Sauti Furniture And Workshop", "shop_type": "furniture", "amenity": null, "opening_hours": "Mo-Sa 08:00-17:00" }, "geometry": { "type": "Point", "coordinates": [ 34.7790658, -0.0838501 ] } },
{ "type": "Feature", "properties": { "osm_id": 9462619531, "latitude": -0.100981, "longitude": 34.7687683, "name": "Velma Tailoring", "shop_type": "tailor", "amenity": null, "opening_hours": "Mo-Fr,Su 08:00-19:00" }, "geometry": { "type": "Point", "coordinates": [ 34.7687683, -0.100981 ] } },
{ "type": "Feature", "properties": { "osm_id": 9462619539, "latitude": -0.124959, "longitude": 34.7556517, "name": "Mama Shammah Tailoring", "shop_type": "tailor", "amenity": null, "opening_hours": "Mo-Fr,Su" }, "geometry": { "type": "Point", "coordinates": [ 34.7556517, -0.124959 ] } },
{ "type": "Feature", "properties": { "osm_id": 9462619547, "latitude": -0.09693, "longitude": 34.75416, "name": "Kamas Kisumu", "shop_type": "tailor", "amenity": null, "opening_hours": "Mo-Su 07:00-18:00" }, "geometry": { "type": "Point", "coordinates": [ 34.75416, -0.09693 ] } },
{ "type": "Feature", "properties": { "osm_id": 9462619554, "latitude": -0.0598471, "longitude": 34.779653, "name": "Beatrice Enterprises Limited", "shop_type": "chemist", "amenity": null, "opening_hours": "Mo-Sa 08:00-18:00" }, "geometry": { "type": "Point", "coordinates": [ 34.779653, -0.0598471 ] } },
{ "type": "Feature", "properties": { "osm_id": 9462619561, "latitude": -0.0802838, "longitude": 34.771801, "name": "Shalom Tailoring Shop", "shop_type": "tailor", "amenity": null, "opening_hours": "Mo-Sa 08:00-18:00" }, "geometry": { "type": "Point", "coordinates": [ 34.771801, -0.0802838 ] } },
{ "type": "Feature", "properties": { "osm_id": 9462619565, "latitude": -0.0254993, "longitude": 34.7475992, "name": "Samaria Tailoring", "shop_type": "tailor", "amenity": null, "opening_hours": "Mo-Sa 08:00-17:00" }, "geometry": { "type": "Point", "coordinates": [ 34.7475992, -0.0254993 ] } },
{ "type": "Feature", "properties": { "osm_id": 9462619572, "latitude": -0.1130357, "longitude": 34.7654592, "name": "Alego Fasion", "shop_type": "tailor", "amenity": null, "opening_hours": "Mo-Sa 08:00-18:00" }, "geometry": { "type": "Point", "coordinates": [ 34.7654592, -0.1130357 ] } },
{ "type": "Feature", "properties": { "osm_id": 9462619579, "latitude": -0.0736545, "longitude": 34.7099109, "name": "Winrose Enterprise", "shop_type": "tailor", "amenity": null, "opening_hours": "Mo-Sa 09:00-18:00" }, "geometry": { "type": "Point", "coordinates": [ 34.7099109, -0.0736545 ] } },
{ "type": "Feature", "properties": { "osm_id": 9462619584, "latitude": -0.0709432, "longitude": 34.8108775, "name": "Japolo Tailor Shop", "shop_type": "tailor", "amenity": null, "opening_hours": "Mo-Sa 07:00-20:00" }, "geometry": { "type": "Point", "coordinates": [ 34.8108775, -0.0709432 ] } },
{ "type": "Feature", "properties": { "osm_id": 9462619589, "latitude": -0.0483911, "longitude": 34.8105754, "name": "Guba Tailoring Shop", "shop_type": "tailor", "amenity": null, "opening_hours": "Mo-Sa 19:00-17:00" }, "geometry": { "type": "Point", "coordinates": [ 34.8105754, -0.0483911 ] } },
{ "type": "Feature", "properties": { "osm_id": 9462619593, "latitude": -0.0957853, "longitude": 34.7834537, "name": "Brembo Tailor Shop", "shop_type": "tailor", "amenity": null, "opening_hours": "Mo-Su 07:00-20:00" }, "geometry": { "type": "Point", "coordinates": [ 34.7834537, -0.0957853 ] } },
{ "type": "Feature", "properties": { "osm_id": 9462619594, "latitude": -0.0626075, "longitude": 34.7776702, "name": "Pam Tailoring Shop", "shop_type": "tailor", "amenity": null, "opening_hours": "Mo-Fr,Su 08:30-17:30" }, "geometry": { "type": "Point", "coordinates": [ 34.7776702, -0.0626075 ] } },
{ "type": "Feature", "properties": { "osm_id": 9462619596, "latitude": -0.0927696, "longitude": 34.7760204, "name": "Nya-ukwala Tailoring And Dressmaking", "shop_type": "tailor", "amenity": null, "opening_hours": "Mo-Su 11:00-18:00" }, "geometry": { "type": "Point", "coordinates": [ 34.7760204, -0.0927696 ] } },
{ "type": "Feature", "properties": { "osm_id": 9462619597, "latitude": -0.0381847, "longitude": 34.6802463, "name": "Crival House Of Beauty", "shop_type": "tailor", "amenity": null, "opening_hours": "Mo-Sa 08:00-17:00" }, "geometry": { "type": "Point", "coordinates": [ 34.6802463, -0.0381847 ] } },
{ "type": "Feature", "properties": { "osm_id": 9462682156, "latitude": -0.1009494, "longitude": 34.7504796, "name": "Oriwo Shop", "shop_type": "tailor", "amenity": null, "opening_hours": "Mo-Sa 08:00-16:00" }, "geometry": { "type": "Point", "coordinates": [ 34.7504796, -0.1009494 ] } },
{ "type": "Feature", "properties": { "osm_id": 9462682158, "latitude": -0.0246893, "longitude": 34.7474379, "name": "Mona General Merchants", "shop_type": "tailor", "amenity": null, "opening_hours": "Mo-Sa 07:00-19:00" }, "geometry": { "type": "Point", "coordinates": [ 34.7474379, -0.0246893 ] } },
{ "type": "Feature", "properties": { "osm_id": 9462682162, "latitude": -0.0862831, "longitude": 34.7412319, "name": "Equitor Bottlers", "shop_type": "chemist", "amenity": null, "opening_hours": "Mo-Su 08:00-17:00" }, "geometry": { "type": "Point", "coordinates": [ 34.7412319, -0.0862831 ] } },
{ "type": "Feature", "properties": { "osm_id": 9462682165, "latitude": -0.0965653, "longitude": 34.7759737, "name": "Kasavana Textile", "shop_type": "tailor", "amenity": null, "opening_hours": "Mo-Sa 09:00-18:30" }, "geometry": { "type": "Point", "coordinates": [ 34.7759737, -0.0965653 ] } },
{ "type": "Feature", "properties": { "osm_id": 9462682182, "latitude": -0.1269468, "longitude": 34.7537367, "name": "Mama Tailoring", "shop_type": "tailor", "amenity": null, "opening_hours": "Mo-Sa" }, "geometry": { "type": "Point", "coordinates": [ 34.7537367, -0.1269468 ] } },
{ "type": "Feature", "properties": { "osm_id": 9462682188, "latitude": -0.1205949, "longitude": 34.7545309, "name": "Joel Enterprise", "shop_type": "chemist", "amenity": null, "opening_hours": "Mo-Fr,Su" }, "geometry": { "type": "Point", "coordinates": [ 34.7545309, -0.1205949 ] } },
{ "type": "Feature", "properties": { "osm_id": 9462682193, "latitude": -0.1558001, "longitude": 34.8632463, "name": "Upendo Tailoring", "shop_type": "tailor", "amenity": null, "opening_hours": "Mo-Su 06:00-19:00" }, "geometry": { "type": "Point", "coordinates": [ 34.8632463, -0.1558001 ] } },
{ "type": "Feature", "properties": { "osm_id": 9462682199, "latitude": -0.0996674, "longitude": 34.7545516, "name": "Kisumu Curtain Centre", "shop_type": "curtain", "amenity": null, "opening_hours": "Mo-Th,Sa,Su 08:00-21:00" }, "geometry": { "type": "Point", "coordinates": [ 34.7545516, -0.0996674 ] } },
{ "type": "Feature", "properties": { "osm_id": 9462682200, "latitude": -0.0960191, "longitude": 34.7548704, "name": "Isumu Home Tailoring", "shop_type": "tailor", "amenity": null, "opening_hours": "Mo-Sa 07:00-19:00" }, "geometry": { "type": "Point", "coordinates": [ 34.7548704, -0.0960191 ] } },
{ "type": "Feature", "properties": { "osm_id": 9462682201, "latitude": -0.1169505, "longitude": 34.759302, "name": "Flozy Detergent", "shop_type": "chemist", "amenity": null, "opening_hours": "Mo-Fr,Su" }, "geometry": { "type": "Point", "coordinates": [ 34.759302, -0.1169505 ] } },
{ "type": "Feature", "properties": { "osm_id": 9462682202, "latitude": -0.0985375, "longitude": 34.7673744, "name": "Skamart Fashion And Design", "shop_type": "tailor", "amenity": null, "opening_hours": "Mo-Su 08:00-17:00" }, "geometry": { "type": "Point", "coordinates": [ 34.7673744, -0.0985375 ] } },
{ "type": "Feature", "properties": { "osm_id": 9462682204, "latitude": -0.0357027, "longitude": 34.7036716, "name": "Gumba Tailoring Solutions", "shop_type": "tailor", "amenity": null, "opening_hours": "Mo-Sa 08:00-18:00" }, "geometry": { "type": "Point", "coordinates": [ 34.7036716, -0.0357027 ] } },
{ "type": "Feature", "properties": { "osm_id": 9462682210, "latitude": -0.0886721, "longitude": 34.7759918, "name": "Phenny Tailor Shop", "shop_type": "tailor", "amenity": null, "opening_hours": "Mo-Sa 07:00-19:00" }, "geometry": { "type": "Point", "coordinates": [ 34.7759918, -0.0886721 ] } },
{ "type": "Feature", "properties": { "osm_id": 9462682216, "latitude": -0.0729642, "longitude": 34.7877973, "name": "Akinyi Tailoring", "shop_type": "tailor", "amenity": null, "opening_hours": "Mo-Fr,Su 07:00-18:00" }, "geometry": { "type": "Point", "coordinates": [ 34.7877973, -0.0729642 ] } },
{ "type": "Feature", "properties": { "osm_id": 9462682918, "latitude": -0.1009915, "longitude": 34.7612167, "name": "Industrial Detergent", "shop_type": "chemist", "amenity": null, "opening_hours": "Mo-Sa 08:00-20:00" }, "geometry": { "type": "Point", "coordinates": [ 34.7612167, -0.1009915 ] } },
{ "type": "Feature", "properties": { "osm_id": 9462682922, "latitude": -0.1000958, "longitude": 34.7552471, "name": "Nuyuseba Tailoring And Curtain Shop", "shop_type": "tailor", "amenity": null, "opening_hours": "Mo-Th,Sa, Su 08:00-18:00" }, "geometry": { "type": "Point", "coordinates": [ 34.7552471, -0.1000958 ] } },
{ "type": "Feature", "properties": { "osm_id": 9462682924, "latitude": -0.0977949, "longitude": 34.7754384, "name": "Faraja Solutions", "shop_type": "tailor", "amenity": null, "opening_hours": "Mo-Fr 08:00-17:00" }, "geometry": { "type": "Point", "coordinates": [ 34.7754384, -0.0977949 ] } },
{ "type": "Feature", "properties": { "osm_id": 9462682926, "latitude": -0.1130299, "longitude": 34.765803, "name": "Judy's Shop", "shop_type": "chemist", "amenity": null, "opening_hours": "Mo-Fr,Su 10:00-16:00" }, "geometry": { "type": "Point", "coordinates": [ 34.765803, -0.1130299 ] } },
{ "type": "Feature", "properties": { "osm_id": 9462682935, "latitude": -0.0597535, "longitude": 34.7711647, "name": "Lake Basin Tailoring", "shop_type": "tailor", "amenity": null, "opening_hours": "Mo-Fr,Su 07:00-19:00" }, "geometry": { "type": "Point", "coordinates": [ 34.7711647, -0.0597535 ] } },
{ "type": "Feature", "properties": { "osm_id": 9462682937, "latitude": -0.0755942, "longitude": 34.7088212, "name": "Victoria Fusion", "shop_type": "tailor", "amenity": null, "opening_hours": "Mo-Sa 10:00-18:00" }, "geometry": { "type": "Point", "coordinates": [ 34.7088212, -0.0755942 ] } },
{ "type": "Feature", "properties": { "osm_id": 9462682944, "latitude": -0.0830757, "longitude": 34.7787198, "name": "Dorothy Amayamu", "shop_type": "chemist", "amenity": null, "opening_hours": "Tu,Fr sunset-sunrise open" }, "geometry": { "type": "Point", "coordinates": [ 34.7787198, -0.0830757 ] } },
{ "type": "Feature", "properties": { "osm_id": 9462682945, "latitude": -0.0980451, "longitude": 34.7531688, "name": "Amito Stores", "shop_type": "tailor", "amenity": null, "opening_hours": "Mo-Fr 08:00-17:00" }, "geometry": { "type": "Point", "coordinates": [ 34.7531688, -0.0980451 ] } },
{ "type": "Feature", "properties": { "osm_id": 9462682949, "latitude": -0.0243167, "longitude": 34.7473049, "name": "Millicent Tailoring Shop", "shop_type": "tailor", "amenity": null, "opening_hours": "Mo-Sa 19:00-17:00" }, "geometry": { "type": "Point", "coordinates": [ 34.7473049, -0.0243167 ] } },
{ "type": "Feature", "properties": { "osm_id": 9462682958, "latitude": -0.0713861, "longitude": 34.8085695, "name": "Carol Tailoring Shop", "shop_type": "tailor", "amenity": null, "opening_hours": "Mo,We,Su" }, "geometry": { "type": "Point", "coordinates": [ 34.8085695, -0.0713861 ] } },
{ "type": "Feature", "properties": { "osm_id": 9462682960, "latitude": -0.0798901, "longitude": 34.7749948, "name": "Ben Dressmaking", "shop_type": "tailor", "amenity": null, "opening_hours": "Mo-Sa 08:00-17:00" }, "geometry": { "type": "Point", "coordinates": [ 34.7749948, -0.0798901 ] } },
{ "type": "Feature", "properties": { "osm_id": 9462682963, "latitude": -0.0830025, "longitude": 34.7706262, "name": "Maurice Cleaners", "shop_type": "chemist", "amenity": null, "opening_hours": "Mo-Fr,Su" }, "geometry": { "type": "Point", "coordinates": [ 34.7706262, -0.0830025 ] } },
{ "type": "Feature", "properties": { "osm_id": 9462682964, "latitude": -0.1128808, "longitude": 34.7656264, "name": "Buddies", "shop_type": "tailor", "amenity": null, "opening_hours": "Mo-Sa 09:00-18:00" }, "geometry": { "type": "Point", "coordinates": [ 34.7656264, -0.1128808 ] } },
{ "type": "Feature", "properties": { "osm_id": 9462682965, "latitude": -0.0874774, "longitude": 34.7756869, "name": "Tailoring Shop", "shop_type": "tailor", "amenity": null, "opening_hours": "Mo-Fr 08:00-18:00" }, "geometry": { "type": "Point", "coordinates": [ 34.7756869, -0.0874774 ] } },
{ "type": "Feature", "properties": { "osm_id": 9462682971, "latitude": -0.0783386, "longitude": 34.7891637, "name": "In Style Fashion", "shop_type": "tailor", "amenity": null, "opening_hours": "Mo-Sa 09:00-17:00" }, "geometry": { "type": "Point", "coordinates": [ 34.7891637, -0.0783386 ] } },
{ "type": "Feature", "properties": { "osm_id": 9462682982, "latitude": -0.1165101, "longitude": 34.7872074, "name": "Candy's Fashion House", "shop_type": "tailor", "amenity": null, "opening_hours": "Mo-Sa 08:00-18:00" }, "geometry": { "type": "Point", "coordinates": [ 34.7872074, -0.1165101 ] } },
{ "type": "Feature", "properties": { "osm_id": 9462682987, "latitude": -0.1118395, "longitude": 34.7670215, "name": "Eric Fitting", "shop_type": "tailor", "amenity": null, "opening_hours": "Mo-Sa 08:00-21:00" }, "geometry": { "type": "Point", "coordinates": [ 34.7670215, -0.1118395 ] } },
{ "type": "Feature", "properties": { "osm_id": 9462682989, "latitude": -0.0250506, "longitude": 34.7474314, "name": "Osumo Stores", "shop_type": "tailor", "amenity": null, "opening_hours": "Mo-Sa 09:00-17:30" }, "geometry": { "type": "Point", "coordinates": [ 34.7474314, -0.0250506 ] } },
{ "type": "Feature", "properties": { "osm_id": 9462682997, "latitude": -0.1103208, "longitude": 34.7692456, "name": "Nyangera Tailoring", "shop_type": "tailor", "amenity": null, "opening_hours": "Mo-Sa 07:00-19:00" }, "geometry": { "type": "Point", "coordinates": [ 34.7692456, -0.1103208 ] } },
{ "type": "Feature", "properties": { "osm_id": 9462682998, "latitude": -0.05738, "longitude": 34.7826752, "name": "Linet Oliech", "shop_type": "chemist", "amenity": null, "opening_hours": "Mo-Sa 08:00-18:00" }, "geometry": { "type": "Point", "coordinates": [ 34.7826752, -0.05738 ] } },
{ "type": "Feature", "properties": { "osm_id": 9462682999, "latitude": -0.0362619, "longitude": 34.7033381, "name": "Pamela Tailoring Shop", "shop_type": "tailor", "amenity": null, "opening_hours": "Mo-Sa 08:00-18:00" }, "geometry": { "type": "Point", "coordinates": [ 34.7033381, -0.0362619 ] } },
{ "type": "Feature", "properties": { "osm_id": 9462683006, "latitude": -0.0578029, "longitude": 34.7852297, "name": "Rose Bella", "shop_type": "chemist", "amenity": null, "opening_hours": "Mo-Su 09:00-18:00" }, "geometry": { "type": "Point", "coordinates": [ 34.7852297, -0.0578029 ] } },
{ "type": "Feature", "properties": { "osm_id": 9462683010, "latitude": -0.1673337, "longitude": 34.7929112, "name": "Vincent Tailoring Shop", "shop_type": "tailor", "amenity": null, "opening_hours": "Mo-Sa 08:00-18:00" }, "geometry": { "type": "Point", "coordinates": [ 34.7929112, -0.1673337 ] } },
{ "type": "Feature", "properties": { "osm_id": 9462683012, "latitude": -0.0794185, "longitude": 34.7769798, "name": "Mama Tim Tailoring Shop", "shop_type": "tailor", "amenity": null, "opening_hours": "Mo-Sa 08:00-17:00" }, "geometry": { "type": "Point", "coordinates": [ 34.7769798, -0.0794185 ] } },
{ "type": "Feature", "properties": { "osm_id": 9462683013, "latitude": -0.0972843, "longitude": 34.7538155, "name": "Njema Atieno", "shop_type": "tailor", "amenity": null, "opening_hours": "Mo-Sa 06:00-20:00" }, "geometry": { "type": "Point", "coordinates": [ 34.7538155, -0.0972843 ] } },
{ "type": "Feature", "properties": { "osm_id": 9462683016, "latitude": -0.0977341, "longitude": 34.7735856, "name": "Davis Tailoring Shop", "shop_type": "tailor", "amenity": null, "opening_hours": "Mo-Fr,Su 08:00-17:00" }, "geometry": { "type": "Point", "coordinates": [ 34.7735856, -0.0977341 ] } },
{ "type": "Feature", "properties": { "osm_id": 9462683018, "latitude": -0.0951112, "longitude": 34.7804252, "name": "Mama Cheryl Tailoring Shop", "shop_type": "tailor", "amenity": null, "opening_hours": "Mo-Fr 08:00-18:00" }, "geometry": { "type": "Point", "coordinates": [ 34.7804252, -0.0951112 ] } },
{ "type": "Feature", "properties": { "osm_id": 9462683019, "latitude": -0.0956644, "longitude": 34.767326, "name": "Lily School Of Dress Making", "shop_type": "tailor", "amenity": null, "opening_hours": "Mo-Fr,Su 08:00-18:00" }, "geometry": { "type": "Point", "coordinates": [ 34.767326, -0.0956644 ] } },
{ "type": "Feature", "properties": { "osm_id": 9462683022, "latitude": -0.0951925, "longitude": 34.780423, "name": "Koleta Shop", "shop_type": "tailor", "amenity": null, "opening_hours": "Mo-Fr 09:00-18:00" }, "geometry": { "type": "Point", "coordinates": [ 34.780423, -0.0951925 ] } },
{ "type": "Feature", "properties": { "osm_id": 9462683023, "latitude": -0.0977186, "longitude": 34.77812, "name": "No Name Yet", "shop_type": "tailor", "amenity": null, "opening_hours": "Mo-Fr,Su 09:00-18:00" }, "geometry": { "type": "Point", "coordinates": [ 34.77812, -0.0977186 ] } },
{ "type": "Feature", "properties": { "osm_id": 9462683030, "latitude": -0.0808516, "longitude": 34.7822918, "name": "Nyasuba Tailors", "shop_type": "tailor", "amenity": null, "opening_hours": "Mo-Sa 08:00-18:00" }, "geometry": { "type": "Point", "coordinates": [ 34.7822918, -0.0808516 ] } },
{ "type": "Feature", "properties": { "osm_id": 9462683034, "latitude": -0.0737358, "longitude": 34.7801608, "name": "J L Tailoring", "shop_type": "tailor", "amenity": null, "opening_hours": "Mo-Su 08:00-20:00" }, "geometry": { "type": "Point", "coordinates": [ 34.7801608, -0.0737358 ] } },
{ "type": "Feature", "properties": { "osm_id": 9462683035, "latitude": -0.0573652, "longitude": 34.7826732, "name": "Linet Oliech", "shop_type": "tailor", "amenity": null, "opening_hours": "Mo-Sa 08:00-18:00" }, "geometry": { "type": "Point", "coordinates": [ 34.7826732, -0.0573652 ] } },
{ "type": "Feature", "properties": { "osm_id": 9465883823, "latitude": -0.0870287, "longitude": 34.7786919, "name": "Everlyn", "shop_type": "tailor", "amenity": null, "opening_hours": "Mo-Sa 08:00-18:00" }, "geometry": { "type": "Point", "coordinates": [ 34.7786919, -0.0870287 ] } },
{ "type": "Feature", "properties": { "osm_id": 9465883829, "latitude": -0.0965652, "longitude": 34.7536481, "name": "Otieno Oyoo Street Cap", "shop_type": "tailor", "amenity": null, "opening_hours": "Mo-Su 08:00-19:00" }, "geometry": { "type": "Point", "coordinates": [ 34.7536481, -0.0965652 ] } },
{ "type": "Feature", "properties": { "osm_id": 9465883831, "latitude": -0.0956644, "longitude": 34.767326, "name": "C And S Tailoring And Design", "shop_type": "tailor", "amenity": null, "opening_hours": "Mo-Sa 08:00-18:00" }, "geometry": { "type": "Point", "coordinates": [ 34.767326, -0.0956644 ] } },
{ "type": "Feature", "properties": { "osm_id": 9465883833, "latitude": -0.1297418, "longitude": 34.7456278, "name": "Salon & Dress Making", "shop_type": "tailor", "amenity": null, "opening_hours": "Mo-Fr,Su" }, "geometry": { "type": "Point", "coordinates": [ 34.7456278, -0.1297418 ] } },
{ "type": "Feature", "properties": { "osm_id": 9465883834, "latitude": -0.0755466, "longitude": 34.7086504, "name": "Mary Tailoring Shop", "shop_type": "tailor", "amenity": null, "opening_hours": "Mo-Sa 08:00-18:00" }, "geometry": { "type": "Point", "coordinates": [ 34.7086504, -0.0755466 ] } },
{ "type": "Feature", "properties": { "osm_id": 9465883837, "latitude": -0.0808053, "longitude": 34.7709915, "name": "God Is Great Fashion And Design", "shop_type": "tailor", "amenity": null, "opening_hours": "Mo-Sa 07:00-17:00" }, "geometry": { "type": "Point", "coordinates": [ 34.7709915, -0.0808053 ] } },
{ "type": "Feature", "properties": { "osm_id": 9465883842, "latitude": -0.098175, "longitude": 34.771862, "name": "Thomas Bonyo", "shop_type": "tailor", "amenity": null, "opening_hours": "Mo-Sa 08:00-17:00" }, "geometry": { "type": "Point", "coordinates": [ 34.771862, -0.098175 ] } },
{ "type": "Feature", "properties": { "osm_id": 9465883844, "latitude": -0.0710553, "longitude": 34.8108474, "name": "Otieno Tailor Shop", "shop_type": "tailor", "amenity": null, "opening_hours": "Mo-Sa 07:00-20:00" }, "geometry": { "type": "Point", "coordinates": [ 34.8108474, -0.0710553 ] } },
{ "type": "Feature", "properties": { "osm_id": 9465883845, "latitude": -0.1488523, "longitude": 34.8268672, "name": "Millicent Atieno", "shop_type": "tailor", "amenity": null, "opening_hours": "Mo-Sa 07:00-18:00" }, "geometry": { "type": "Point", "coordinates": [ 34.8268672, -0.1488523 ] } },
{ "type": "Feature", "properties": { "osm_id": 9465883846, "latitude": -0.0759463, "longitude": 34.7849521, "name": "Tabitha Tailoring", "shop_type": "tailor", "amenity": null, "opening_hours": "Mo-Fr,Su 09:00-18:00" }, "geometry": { "type": "Point", "coordinates": [ 34.7849521, -0.0759463 ] } },
{ "type": "Feature", "properties": { "osm_id": 9465883848, "latitude": -0.0882825, "longitude": 34.7756687, "name": "Kwang'a Tailoring Shop", "shop_type": "tailor", "amenity": null, "opening_hours": "Mo-Sa 08:00-20:00" }, "geometry": { "type": "Point", "coordinates": [ 34.7756687, -0.0882825 ] } },
{ "type": "Feature", "properties": { "osm_id": 9465883849, "latitude": -0.1254232, "longitude": 34.7534389, "name": "Mama Richy Workshop", "shop_type": "tailor", "amenity": null, "opening_hours": "Mo-Sa" }, "geometry": { "type": "Point", "coordinates": [ 34.7534389, -0.1254232 ] } },
{ "type": "Feature", "properties": { "osm_id": 9465883855, "latitude": -0.0885659, "longitude": 34.7815017, "name": "Kona Maji Taloring Shop", "shop_type": "tailor", "amenity": null, "opening_hours": "Mo-Sa 08:00-19:00" }, "geometry": { "type": "Point", "coordinates": [ 34.7815017, -0.0885659 ] } },
{ "type": "Feature", "properties": { "osm_id": 9465883861, "latitude": -0.0823498, "longitude": 34.7756884, "name": "Lohman Chemicals", "shop_type": "chemist", "amenity": null, "opening_hours": "Mo-Sa" }, "geometry": { "type": "Point", "coordinates": [ 34.7756884, -0.0823498 ] } },
{ "type": "Feature", "properties": { "osm_id": 9465883863, "latitude": -0.1254225, "longitude": 34.7534898, "name": "Mama Alpha Tailoring Shop", "shop_type": "tailor", "amenity": null, "opening_hours": "Mo-Sa" }, "geometry": { "type": "Point", "coordinates": [ 34.7534898, -0.1254225 ] } },
{ "type": "Feature", "properties": { "osm_id": 9465883868, "latitude": -0.0976215, "longitude": 34.7535816, "name": "Galaiya Stores", "shop_type": "model", "amenity": null, "opening_hours": "Mo-Sa 08:30-17:00" }, "geometry": { "type": "Point", "coordinates": [ 34.7535816, -0.0976215 ] } },
{ "type": "Feature", "properties": { "osm_id": 9465883869, "latitude": -0.1296197, "longitude": 34.7456371, "name": "House", "shop_type": "chemist", "amenity": null, "opening_hours": "Mo,We,Fr" }, "geometry": { "type": "Point", "coordinates": [ 34.7456371, -0.1296197 ] } },
{ "type": "Feature", "properties": { "osm_id": 9465883870, "latitude": -0.0759706, "longitude": 34.7085891, "name": "Opendo Tailoring", "shop_type": "tailor", "amenity": null, "opening_hours": "Mo-Sa 06:00-18:00" }, "geometry": { "type": "Point", "coordinates": [ 34.7085891, -0.0759706 ] } },
{ "type": "Feature", "properties": { "osm_id": 9465883875, "latitude": -0.124715, "longitude": 34.7530067, "name": "Goreti Shop", "shop_type": "chemist", "amenity": null, "opening_hours": "Mo-Fr,Su" }, "geometry": { "type": "Point", "coordinates": [ 34.7530067, -0.124715 ] } },
{ "type": "Feature", "properties": { "osm_id": 9465883876, "latitude": -0.1431923, "longitude": 34.736935, "name": "Dunga Jcc Tailoring", "shop_type": "tailor", "amenity": null, "opening_hours": "Mo-Sa 09:00-18:00" }, "geometry": { "type": "Point", "coordinates": [ 34.736935, -0.1431923 ] } },
{ "type": "Feature", "properties": { "osm_id": 9465883887, "latitude": -0.1258033, "longitude": 34.75386, "name": "Alice Apparel", "shop_type": "tailor", "amenity": null, "opening_hours": "Mo-Fr,Su" }, "geometry": { "type": "Point", "coordinates": [ 34.75386, -0.1258033 ] } },
{ "type": "Feature", "properties": { "osm_id": 9465883900, "latitude": -0.0766375, "longitude": 34.7775038, "name": "Cyneth Home Wash", "shop_type": "chemist", "amenity": null, "opening_hours": null }, "geometry": { "type": "Point", "coordinates": [ 34.7775038, -0.0766375 ] } },
{ "type": "Feature", "properties": { "osm_id": 9465883901, "latitude": -0.0829266, "longitude": 34.7785549, "name": "Winfrida Ochieng", "shop_type": "chemist", "amenity": null, "opening_hours": "Mo-Fr 09:00-17:00" }, "geometry": { "type": "Point", "coordinates": [ 34.7785549, -0.0829266 ] } },
{ "type": "Feature", "properties": { "osm_id": 9465883903, "latitude": -0.0841129, "longitude": 34.7795123, "name": "Mama Lucy Tailoring Shop", "shop_type": "tailor", "amenity": null, "opening_hours": "Mo-Sa 09:00-18:00" }, "geometry": { "type": "Point", "coordinates": [ 34.7795123, -0.0841129 ] } },
{ "type": "Feature", "properties": { "osm_id": 9465883904, "latitude": -0.0826087, "longitude": 34.7797533, "name": "Beatrice", "shop_type": "chemist", "amenity": null, "opening_hours": "Mo-Su 08:00-18:00" }, "geometry": { "type": "Point", "coordinates": [ 34.7797533, -0.0826087 ] } },
{ "type": "Feature", "properties": { "osm_id": 9465883905, "latitude": -0.156904, "longitude": 34.8624834, "name": "Ka Joseph Odongo Tailoring", "shop_type": "tailor", "amenity": null, "opening_hours": "Mo-Sa 08:00-18:00" }, "geometry": { "type": "Point", "coordinates": [ 34.8624834, -0.156904 ] } },
{ "type": "Feature", "properties": { "osm_id": 9465883908, "latitude": -0.0710886, "longitude": 34.8091544, "name": "Aluoch Tailor Shop", "shop_type": "tailor", "amenity": null, "opening_hours": "Mo-Sa 08:00-19:00" }, "geometry": { "type": "Point", "coordinates": [ 34.8091544, -0.0710886 ] } },
{ "type": "Feature", "properties": { "osm_id": 9465883913, "latitude": -0.0996167, "longitude": 34.8468583, "name": "Mama Hawking Tailoring", "shop_type": "tailor", "amenity": null, "opening_hours": "Mo-Su 08:00-19:00" }, "geometry": { "type": "Point", "coordinates": [ 34.8468583, -0.0996167 ] } },
{ "type": "Feature", "properties": { "osm_id": 9465883916, "latitude": -0.1157075, "longitude": 34.7640827, "name": "Jane Tailoring Shop", "shop_type": "tailor", "amenity": null, "opening_hours": "Mo-Sa 09:00-18:00" }, "geometry": { "type": "Point", "coordinates": [ 34.7640827, -0.1157075 ] } },
{ "type": "Feature", "properties": { "osm_id": 9465905617, "latitude": -0.09689, "longitude": 34.755765, "name": "Jua.Kali", "shop_type": "tailor", "amenity": null, "opening_hours": "Mo-Su 06:00-20:00" }, "geometry": { "type": "Point", "coordinates": [ 34.755765, -0.09689 ] } },
{ "type": "Feature", "properties": { "osm_id": 9465905627, "latitude": -0.0775079, "longitude": 34.6897994, "name": "Christine Salon And Tailoring", "shop_type": "tailor", "amenity": null, "opening_hours": "Mo-Sa 07:00-18:00" }, "geometry": { "type": "Point", "coordinates": [ 34.6897994, -0.0775079 ] } },
{ "type": "Feature", "properties": { "osm_id": 9465905631, "latitude": -0.0955791, "longitude": 34.7682119, "name": "Gemimo Uniform Centre", "shop_type": "tailor", "amenity": null, "opening_hours": "Mo-Su 08:00-18:00" }, "geometry": { "type": "Point", "coordinates": [ 34.7682119, -0.0955791 ] } },
{ "type": "Feature", "properties": { "osm_id": 9465905632, "latitude": -0.0756416, "longitude": 34.7767781, "name": "Abbi Creation", "shop_type": "tailor", "amenity": null, "opening_hours": "Mo-Fr 08:00-17:00" }, "geometry": { "type": "Point", "coordinates": [ 34.7767781, -0.0756416 ] } },
{ "type": "Feature", "properties": { "osm_id": 9465905633, "latitude": -0.0491392, "longitude": 34.8098908, "name": "Steve Tailoring", "shop_type": "tailor", "amenity": null, "opening_hours": "Mo-Su 08:00-18:00" }, "geometry": { "type": "Point", "coordinates": [ 34.8098908, -0.0491392 ] } },
{ "type": "Feature", "properties": { "osm_id": 9465905634, "latitude": -0.0389202, "longitude": 34.7582013, "name": "Annah Tailoring Shop", "shop_type": "tailor", "amenity": null, "opening_hours": "Mo-Sa 09:00-17:00" }, "geometry": { "type": "Point", "coordinates": [ 34.7582013, -0.0389202 ] } },
{ "type": "Feature", "properties": { "osm_id": 9465905635, "latitude": -0.131362, "longitude": 34.744488, "name": "Kawuon Nyarombo", "shop_type": "tailor", "amenity": null, "opening_hours": "Mo-Sa" }, "geometry": { "type": "Point", "coordinates": [ 34.744488, -0.131362 ] } },
{ "type": "Feature", "properties": { "osm_id": 9465905636, "latitude": -0.0949876, "longitude": 34.7801283, "name": "Home Based", "shop_type": "chemist", "amenity": null, "opening_hours": "Mo-Sa 08:00-19:00" }, "geometry": { "type": "Point", "coordinates": [ 34.7801283, -0.0949876 ] } },
{ "type": "Feature", "properties": { "osm_id": 9465905637, "latitude": -0.0830158, "longitude": 34.8002191, "name": "Linet Atieno Omollo", "shop_type": "chemist", "amenity": null, "opening_hours": "Mo-Sa 08:00-18:00" }, "geometry": { "type": "Point", "coordinates": [ 34.8002191, -0.0830158 ] } },
{ "type": "Feature", "properties": { "osm_id": 9465905639, "latitude": -0.097665, "longitude": 34.7781207, "name": "Gasia Tailoring", "shop_type": "tailor", "amenity": null, "opening_hours": "Mo-Fr,Su 08:00-17:00" }, "geometry": { "type": "Point", "coordinates": [ 34.7781207, -0.097665 ] } },
{ "type": "Feature", "properties": { "osm_id": 9465905645, "latitude": -0.0906073, "longitude": 34.7760198, "name": "Sarah's Tailoring Shop", "shop_type": "tailor", "amenity": null, "opening_hours": "Mo-Fr 09:00-18:00" }, "geometry": { "type": "Point", "coordinates": [ 34.7760198, -0.0906073 ] } },
{ "type": "Feature", "properties": { "osm_id": 9465905648, "latitude": -0.0978843, "longitude": 34.7529455, "name": "Gillies Opiyo Tailoring", "shop_type": "tailor", "amenity": null, "opening_hours": "Mo-Fr,Su 08:00-18:00" }, "geometry": { "type": "Point", "coordinates": [ 34.7529455, -0.0978843 ] } },
{ "type": "Feature", "properties": { "osm_id": 9465905655, "latitude": -0.1271862, "longitude": 34.7481712, "name": "Mama Vivian Tailoring Workshop", "shop_type": "tailor", "amenity": null, "opening_hours": "Mo-Sa" }, "geometry": { "type": "Point", "coordinates": [ 34.7481712, -0.1271862 ] } },
{ "type": "Feature", "properties": { "osm_id": 9465905657, "latitude": -0.1304639, "longitude": 34.7449422, "name": "Jabetun Tailoring Shop", "shop_type": "tailor", "amenity": null, "opening_hours": "Mo-Fr,Su 09:00-17:00" }, "geometry": { "type": "Point", "coordinates": [ 34.7449422, -0.1304639 ] } },
{ "type": "Feature", "properties": { "osm_id": 9465905658, "latitude": -0.0585637, "longitude": 34.7850315, "name": "Nyabera Textile And Tailoring Shop", "shop_type": "tailor", "amenity": null, "opening_hours": "Mo-Sa 07:00-18:00" }, "geometry": { "type": "Point", "coordinates": [ 34.7850315, -0.0585637 ] } },
{ "type": "Feature", "properties": { "osm_id": 9465905659, "latitude": -0.0544187, "longitude": 34.7533429, "name": "Vincent Oloo", "shop_type": "tailor", "amenity": null, "opening_hours": "Mo-Fr,Su 08:00-17:00" }, "geometry": { "type": "Point", "coordinates": [ 34.7533429, -0.0544187 ] } },
{ "type": "Feature", "properties": { "osm_id": 9465905661, "latitude": -0.0967368, "longitude": 34.7810021, "name": "Dorcass", "shop_type": "chemist", "amenity": null, "opening_hours": "Mo-Su" }, "geometry": { "type": "Point", "coordinates": [ 34.7810021, -0.0967368 ] } },
{ "type": "Feature", "properties": { "osm_id": 9465905667, "latitude": -0.0798917, "longitude": 34.7671867, "name": "Doris Tailor Shop", "shop_type": "tailor", "amenity": null, "opening_hours": "Mo-Sa 08:00-19:00" }, "geometry": { "type": "Point", "coordinates": [ 34.7671867, -0.0798917 ] } },
{ "type": "Feature", "properties": { "osm_id": 9465905670, "latitude": -0.1251001, "longitude": 34.7535397, "name": "Ka Jasongo Tailoring Shop", "shop_type": "tailor", "amenity": null, "opening_hours": "Mo-Fr,Su" }, "geometry": { "type": "Point", "coordinates": [ 34.7535397, -0.1251001 ] } },
{ "type": "Feature", "properties": { "osm_id": 9465905673, "latitude": -0.089068, "longitude": 34.7800314, "name": "Ash And Jill", "shop_type": "tailor", "amenity": null, "opening_hours": "Mo-Sa 09:00-18:00" }, "geometry": { "type": "Point", "coordinates": [ 34.7800314, -0.089068 ] } },
{ "type": "Feature", "properties": { "osm_id": 9465905676, "latitude": -0.0709799, "longitude": 34.8103424, "name": "Sakina Tailor Shop", "shop_type": "tailor", "amenity": null, "opening_hours": "Mo-Sa 07:00-19:00" }, "geometry": { "type": "Point", "coordinates": [ 34.8103424, -0.0709799 ] } },
{ "type": "Feature", "properties": { "osm_id": 9465905684, "latitude": -0.0612756, "longitude": 34.767033, "name": "Cannan Tailoring", "shop_type": "tailor", "amenity": null, "opening_hours": "Mo-Sa 08:00-18:00" }, "geometry": { "type": "Point", "coordinates": [ 34.767033, -0.0612756 ] } },
{ "type": "Feature", "properties": { "osm_id": 9465905686, "latitude": -0.0250353, "longitude": 34.7470989, "name": "Joyliz Tailoring Shop", "shop_type": "tailor", "amenity": null, "opening_hours": "Mo-Sa 08:00-17:00" }, "geometry": { "type": "Point", "coordinates": [ 34.7470989, -0.0250353 ] } },
{ "type": "Feature", "properties": { "osm_id": 9465905691, "latitude": -0.0870762, "longitude": 34.7768137, "name": "Donnel", "shop_type": "tailor", "amenity": null, "opening_hours": "Mo-Sa 08:00-17:00" }, "geometry": { "type": "Point", "coordinates": [ 34.7768137, -0.0870762 ] } },
{ "type": "Feature", "properties": { "osm_id": 9465905694, "latitude": -0.0999778, "longitude": 34.7548812, "name": "Nubrak Tailoring Shop", "shop_type": "tailor", "amenity": null, "opening_hours": "Mo-Su sunset-sunrise open" }, "geometry": { "type": "Point", "coordinates": [ 34.7548812, -0.0999778 ] } },
{ "type": "Feature", "properties": { "osm_id": 9465905701, "latitude": -0.0800932, "longitude": 34.7669261, "name": "Vincent Tailor Shop", "shop_type": "tailor", "amenity": null, "opening_hours": "Mo-Su 08:00-19:00" }, "geometry": { "type": "Point", "coordinates": [ 34.7669261, -0.0800932 ] } },
{ "type": "Feature", "properties": { "osm_id": 9465905709, "latitude": -0.0970092, "longitude": 34.7780773, "name": "Nyakwara Tailoring Ltd", "shop_type": "tailor", "amenity": null, "opening_hours": "Mo-Sa 08:00-18:30" }, "geometry": { "type": "Point", "coordinates": [ 34.7780773, -0.0970092 ] } },
{ "type": "Feature", "properties": { "osm_id": 9465905710, "latitude": -0.0552957, "longitude": 34.7823422, "name": "Majiwa Tailoring", "shop_type": "tailor", "amenity": null, "opening_hours": "Mo-Sa 08:00-18:00" }, "geometry": { "type": "Point", "coordinates": [ 34.7823422, -0.0552957 ] } },
{ "type": "Feature", "properties": { "osm_id": 9465905715, "latitude": -0.038547, "longitude": 34.680426, "name": "Mama Shan Tailoring Shop.", "shop_type": "tailor", "amenity": null, "opening_hours": "Mo-Sa 09:00-17:30" }, "geometry": { "type": "Point", "coordinates": [ 34.680426, -0.038547 ] } },
{ "type": "Feature", "properties": { "osm_id": 9465905718, "latitude": -0.124629, "longitude": 34.7587865, "name": "Nyamalo Tailoring", "shop_type": "tailor", "amenity": null, "opening_hours": "Mo-Sa" }, "geometry": { "type": "Point", "coordinates": [ 34.7587865, -0.124629 ] } },
{ "type": "Feature", "properties": { "osm_id": 9465905723, "latitude": -0.1234288, "longitude": 34.7548891, "name": "Min Senji", "shop_type": "tailor", "amenity": null, "opening_hours": "Mo-Sa 10:00-19:00" }, "geometry": { "type": "Point", "coordinates": [ 34.7548891, -0.1234288 ] } },
{ "type": "Feature", "properties": { "osm_id": 9465905727, "latitude": -0.1499101, "longitude": 34.8258436, "name": "Ka Min Beff Tailoring", "shop_type": "tailor", "amenity": null, "opening_hours": "Mo-Sa 08:00-19:00" }, "geometry": { "type": "Point", "coordinates": [ 34.8258436, -0.1499101 ] } },
{ "type": "Feature", "properties": { "osm_id": 9465905734, "latitude": -0.0999913, "longitude": 34.7548728, "name": "Mega Tailoring Shop", "shop_type": "tailor", "amenity": null, "opening_hours": "Mo-Th,Sa,Su 07:00-21:00" }, "geometry": { "type": "Point", "coordinates": [ 34.7548728, -0.0999913 ] } },
{ "type": "Feature", "properties": { "osm_id": 9465905742, "latitude": -0.1264517, "longitude": 34.7598031, "name": "Mama Shalloh", "shop_type": "tailor", "amenity": null, "opening_hours": "Mo-Fr" }, "geometry": { "type": "Point", "coordinates": [ 34.7598031, -0.1264517 ] } },
{ "type": "Feature", "properties": { "osm_id": 9465905743, "latitude": -0.0252458, "longitude": 34.7471184, "name": "Jomaha Tailoring Shop", "shop_type": "tailor", "amenity": null, "opening_hours": "Mo-Sa 08:00-17:30" }, "geometry": { "type": "Point", "coordinates": [ 34.7471184, -0.0252458 ] } },
{ "type": "Feature", "properties": { "osm_id": 9465905746, "latitude": -0.0357525, "longitude": 34.704283, "name": "Jandori Juma Tailoring", "shop_type": "tailor", "amenity": null, "opening_hours": "Mo-Sa 08:00-18:00" }, "geometry": { "type": "Point", "coordinates": [ 34.704283, -0.0357525 ] } },
{ "type": "Feature", "properties": { "osm_id": 9465905755, "latitude": -0.0257337, "longitude": 34.7488139, "name": "Elelyon Tailoring And Boutique", "shop_type": "tailor", "amenity": null, "opening_hours": "Tu,We,Fr,Sa,Su 08:00-18:00" }, "geometry": { "type": "Point", "coordinates": [ 34.7488139, -0.0257337 ] } },
{ "type": "Feature", "properties": { "osm_id": 9465905758, "latitude": -0.0552059, "longitude": 34.7822404, "name": "Jasuba Tailoring", "shop_type": "tailor", "amenity": null, "opening_hours": "Mo-Sa 08:00-18:00" }, "geometry": { "type": "Point", "coordinates": [ 34.7822404, -0.0552059 ] } },
{ "type": "Feature", "properties": { "osm_id": 9465905759, "latitude": -0.0713412, "longitude": 34.81102, "name": "Daktari Garment And Tailoring", "shop_type": "tailor", "amenity": null, "opening_hours": "Mo-Sa 07:00-20:00" }, "geometry": { "type": "Point", "coordinates": [ 34.81102, -0.0713412 ] } },
{ "type": "Feature", "properties": { "osm_id": 9465905760, "latitude": -0.081379, "longitude": 34.7719038, "name": "Mama Obuya", "shop_type": "tailor", "amenity": null, "opening_hours": "Mo-Sa 08:00-18:00" }, "geometry": { "type": "Point", "coordinates": [ 34.7719038, -0.081379 ] } },
{ "type": "Feature", "properties": { "osm_id": 9465905761, "latitude": -0.0814662, "longitude": 34.7653854, "name": "Ziki", "shop_type": "chemist", "amenity": null, "opening_hours": "Mo-Su 07:00-18:00" }, "geometry": { "type": "Point", "coordinates": [ 34.7653854, -0.0814662 ] } },
{ "type": "Feature", "properties": { "osm_id": 9465905764, "latitude": -0.12578, "longitude": 34.75385, "name": "Aqua Foss", "shop_type": "chemist", "amenity": null, "opening_hours": "Mo-Fr,Su" }, "geometry": { "type": "Point", "coordinates": [ 34.75385, -0.12578 ] } },
{ "type": "Feature", "properties": { "osm_id": 9465905766, "latitude": -0.0907068, "longitude": 34.7760934, "name": "Sarah Tailor Shop", "shop_type": "tailor", "amenity": null, "opening_hours": "Mo-Su 07:00-19:00" }, "geometry": { "type": "Point", "coordinates": [ 34.7760934, -0.0907068 ] } },
{ "type": "Feature", "properties": { "osm_id": 9465905768, "latitude": -0.0987873, "longitude": 34.7781211, "name": "Kabobo Tailoring Shop", "shop_type": "tailor", "amenity": null, "opening_hours": "Mo-Sa" }, "geometry": { "type": "Point", "coordinates": [ 34.7781211, -0.0987873 ] } },
{ "type": "Feature", "properties": { "osm_id": 9465905769, "latitude": -0.1176661, "longitude": 34.7592865, "name": "Fifi Detergents", "shop_type": "chemist", "amenity": null, "opening_hours": "Mo-Fr,Su" }, "geometry": { "type": "Point", "coordinates": [ 34.7592865, -0.1176661 ] } },
{ "type": "Feature", "properties": { "osm_id": 9465905775, "latitude": -0.0994343, "longitude": 34.8463916, "name": "Rambles Tailoring", "shop_type": "tailor", "amenity": null, "opening_hours": "Mo-Sa 08:00-19:00" }, "geometry": { "type": "Point", "coordinates": [ 34.8463916, -0.0994343 ] } },
{ "type": "Feature", "properties": { "osm_id": 9465905781, "latitude": -0.1228911, "longitude": 34.7521446, "name": "Leah Tailoring Workshop", "shop_type": "tailor", "amenity": null, "opening_hours": "Mo-Sa" }, "geometry": { "type": "Point", "coordinates": [ 34.7521446, -0.1228911 ] } },
{ "type": "Feature", "properties": { "osm_id": 9465905785, "latitude": -0.0877682, "longitude": 34.7808874, "name": "Willis Fashions", "shop_type": "tailor", "amenity": null, "opening_hours": "Mo-Sa 09:00-17:00" }, "geometry": { "type": "Point", "coordinates": [ 34.7808874, -0.0877682 ] } },
{ "type": "Feature", "properties": { "osm_id": 9465905787, "latitude": -0.124716, "longitude": 34.7585988, "name": "Liz Tailoring Shop", "shop_type": "tailor", "amenity": null, "opening_hours": "Mo-Fr,Su" }, "geometry": { "type": "Point", "coordinates": [ 34.7585988, -0.124716 ] } },
{ "type": "Feature", "properties": { "osm_id": 9465905791, "latitude": -0.0535953, "longitude": 34.7926156, "name": "Migeni Tailoring Shop", "shop_type": "tailor", "amenity": null, "opening_hours": "Mo-Sa 08:00-18:30" }, "geometry": { "type": "Point", "coordinates": [ 34.7926156, -0.0535953 ] } },
{ "type": "Feature", "properties": { "osm_id": 9465905794, "latitude": -0.0244488, "longitude": 34.7454995, "name": "No Name Yet", "shop_type": "tailor", "amenity": null, "opening_hours": "Mo-Sa 08:00-18:00" }, "geometry": { "type": "Point", "coordinates": [ 34.7454995, -0.0244488 ] } },
{ "type": "Feature", "properties": { "osm_id": 9465905802, "latitude": -0.0960191, "longitude": 34.7548704, "name": "Odongo Welding", "shop_type": "tailor", "amenity": null, "opening_hours": "Mo-Su 07:00-20:00" }, "geometry": { "type": "Point", "coordinates": [ 34.7548704, -0.0960191 ] } },
{ "type": "Feature", "properties": { "osm_id": 9465905803, "latitude": -0.0877763, "longitude": 34.7793798, "name": "Micha Tailoring Shop", "shop_type": "tailor", "amenity": null, "opening_hours": "Mo-Sa 08:00-17:00" }, "geometry": { "type": "Point", "coordinates": [ 34.7793798, -0.0877763 ] } },
{ "type": "Feature", "properties": { "osm_id": 9465905804, "latitude": -0.1179682, "longitude": 34.7588601, "name": "Mama Don Apparel", "shop_type": "tailor", "amenity": null, "opening_hours": "Mo-Fr" }, "geometry": { "type": "Point", "coordinates": [ 34.7588601, -0.1179682 ] } },
{ "type": "Feature", "properties": { "osm_id": 9465905805, "latitude": -0.1312833, "longitude": 34.7444188, "name": "Baba Nyarombo Tailoring", "shop_type": "tailor", "amenity": null, "opening_hours": "Mo-Su 09:00-18:00" }, "geometry": { "type": "Point", "coordinates": [ 34.7444188, -0.1312833 ] } },
{ "type": "Feature", "properties": { "osm_id": 9467664683, "latitude": -0.0814732, "longitude": 34.7816278, "name": "Cadra", "shop_type": "chemist", "amenity": null, "opening_hours": "Mo-Su 10:00-18:00" }, "geometry": { "type": "Point", "coordinates": [ 34.7816278, -0.0814732 ] } },
{ "type": "Feature", "properties": { "osm_id": 9467664686, "latitude": -0.0784017, "longitude": 34.7696933, "name": "Scovia Tailor Shop", "shop_type": "tailor", "amenity": null, "opening_hours": "Mo-Sa 08:00-19:00" }, "geometry": { "type": "Point", "coordinates": [ 34.7696933, -0.0784017 ] } },
{ "type": "Feature", "properties": { "osm_id": 9467664687, "latitude": -0.0956644, "longitude": 34.767326, "name": "Mama Mike Tailoring", "shop_type": "tailor", "amenity": null, "opening_hours": "Mo-Sa 07:00-20:00" }, "geometry": { "type": "Point", "coordinates": [ 34.767326, -0.0956644 ] } },
{ "type": "Feature", "properties": { "osm_id": 9467664690, "latitude": -0.1266185, "longitude": 34.7526538, "name": "Nyagwasi Designs", "shop_type": "tailor", "amenity": null, "opening_hours": "Mo-Fr,Su 09:00-18:00" }, "geometry": { "type": "Point", "coordinates": [ 34.7526538, -0.1266185 ] } },
{ "type": "Feature", "properties": { "osm_id": 9467664696, "latitude": -0.1230792, "longitude": 34.7547922, "name": "Ambogo Workshop", "shop_type": "tailor", "amenity": null, "opening_hours": "Mo-Sa 08:00-18:00" }, "geometry": { "type": "Point", "coordinates": [ 34.7547922, -0.1230792 ] } },
{ "type": "Feature", "properties": { "osm_id": 9467664701, "latitude": -0.1132099, "longitude": 34.765869, "name": "Achieng", "shop_type": "tailor", "amenity": null, "opening_hours": "Mo-Sa" }, "geometry": { "type": "Point", "coordinates": [ 34.765869, -0.1132099 ] } },
{ "type": "Feature", "properties": { "osm_id": 9467664702, "latitude": -0.120614, "longitude": 34.754366, "name": "Dee Biz", "shop_type": "chemist", "amenity": null, "opening_hours": "Mo-Fr,Su" }, "geometry": { "type": "Point", "coordinates": [ 34.754366, -0.120614 ] } },
{ "type": "Feature", "properties": { "osm_id": 9467664703, "latitude": -0.1109122, "longitude": 34.768378, "name": "Eva's Shop", "shop_type": "tailor", "amenity": null, "opening_hours": "Mo-Fr,Su 08:00-18:00" }, "geometry": { "type": "Point", "coordinates": [ 34.768378, -0.1109122 ] } },
{ "type": "Feature", "properties": { "osm_id": 9467664707, "latitude": -0.1245771, "longitude": 34.7536641, "name": "Gracious Designs", "shop_type": "tailor", "amenity": null, "opening_hours": "Mo-Fr,Su 09:00-18:00" }, "geometry": { "type": "Point", "coordinates": [ 34.7536641, -0.1245771 ] } },
{ "type": "Feature", "properties": { "osm_id": 9467664714, "latitude": -0.0755554, "longitude": 34.7808022, "name": "Samuel Tailoring", "shop_type": "tailor", "amenity": null, "opening_hours": "Mo-Su 08:00-18:00" }, "geometry": { "type": "Point", "coordinates": [ 34.7808022, -0.0755554 ] } },
{ "type": "Feature", "properties": { "osm_id": 9467698819, "latitude": -0.0974172, "longitude": 34.7759065, "name": "Aduda Workshop", "shop_type": "tailor", "amenity": null, "opening_hours": "Mo-Sa 19:00-17:00" }, "geometry": { "type": "Point", "coordinates": [ 34.7759065, -0.0974172 ] } },
{ "type": "Feature", "properties": { "osm_id": 9467698820, "latitude": -0.0830845, "longitude": 34.8001846, "name": "Obonyo Tailoring", "shop_type": "tailor", "amenity": null, "opening_hours": "Mo-Su 08:00-18:00" }, "geometry": { "type": "Point", "coordinates": [ 34.8001846, -0.0830845 ] } },
{ "type": "Feature", "properties": { "osm_id": 9467698824, "latitude": -0.0820667, "longitude": 34.7648133, "name": "Maureen Tailoring Shop", "shop_type": "tailor", "amenity": null, "opening_hours": "Mo-Su 08:00-20:00" }, "geometry": { "type": "Point", "coordinates": [ 34.7648133, -0.0820667 ] } },
{ "type": "Feature", "properties": { "osm_id": 9467698826, "latitude": -0.1205534, "longitude": 34.7543576, "name": "Moniq", "shop_type": "chemist", "amenity": null, "opening_hours": "Mo-Fr" }, "geometry": { "type": "Point", "coordinates": [ 34.7543576, -0.1205534 ] } },
{ "type": "Feature", "properties": { "osm_id": 9467698827, "latitude": -0.1122333, "longitude": 34.7687601, "name": "Atieno Tailoring Shop", "shop_type": "tailor", "amenity": null, "opening_hours": "Mo-Su 08:00-18:00" }, "geometry": { "type": "Point", "coordinates": [ 34.7687601, -0.1122333 ] } },
{ "type": "Feature", "properties": { "osm_id": 9467698832, "latitude": -0.0534934, "longitude": 34.7884613, "name": "Mama Dota Tailoring Shop", "shop_type": "tailor", "amenity": null, "opening_hours": "Mo-Sa 08:00-18:00" }, "geometry": { "type": "Point", "coordinates": [ 34.7884613, -0.0534934 ] } },
{ "type": "Feature", "properties": { "osm_id": 9467698834, "latitude": -0.0737128, "longitude": 34.7810857, "name": "Lolwe Tailoring", "shop_type": "tailor", "amenity": null, "opening_hours": "Mo-Sa 08:00-20:00" }, "geometry": { "type": "Point", "coordinates": [ 34.7810857, -0.0737128 ] } },
{ "type": "Feature", "properties": { "osm_id": 9467698836, "latitude": -0.1324017, "longitude": 34.743435, "name": "House", "shop_type": "chemist", "amenity": null, "opening_hours": "Mo-Fr 10:00-18:00" }, "geometry": { "type": "Point", "coordinates": [ 34.743435, -0.1324017 ] } },
{ "type": "Feature", "properties": { "osm_id": 9467698837, "latitude": -0.0886464, "longitude": 34.7796477, "name": "Mama Dorian Dress Making Shop", "shop_type": "tailor", "amenity": null, "opening_hours": "Mo-Sa 08:00-18:30" }, "geometry": { "type": "Point", "coordinates": [ 34.7796477, -0.0886464 ] } },
{ "type": "Feature", "properties": { "osm_id": 9467698839, "latitude": -0.071092, "longitude": 34.8091324, "name": "Kibos", "shop_type": "tailor", "amenity": null, "opening_hours": "Mo-Fr 08:00-17:00" }, "geometry": { "type": "Point", "coordinates": [ 34.8091324, -0.071092 ] } },
{ "type": "Feature", "properties": { "osm_id": 9467698840, "latitude": -0.095655, "longitude": 34.7673314, "name": "Real Fasion", "shop_type": "chemist", "amenity": null, "opening_hours": "Mo-Fr,Su 08:00-19:00" }, "geometry": { "type": "Point", "coordinates": [ 34.7673314, -0.095655 ] } },
{ "type": "Feature", "properties": { "osm_id": 9467698842, "latitude": -0.0952358, "longitude": 34.7669469, "name": "Lilian Oyugi", "shop_type": "chemist", "amenity": null, "opening_hours": "Mo-Fr 09:00-16:00" }, "geometry": { "type": "Point", "coordinates": [ 34.7669469, -0.0952358 ] } },
{ "type": "Feature", "properties": { "osm_id": 9467698844, "latitude": -0.0990553, "longitude": 34.7697439, "name": "Brook", "shop_type": "chemist", "amenity": null, "opening_hours": "Mo-Th 08:00-19:00" }, "geometry": { "type": "Point", "coordinates": [ 34.7697439, -0.0990553 ] } },
{ "type": "Feature", "properties": { "osm_id": 9467698846, "latitude": -0.10383, "longitude": 34.7576063, "name": "Supremer Industry Kenya Limited", "shop_type": "tailor", "amenity": null, "opening_hours": "Mo-Sa 08:00-17:00" }, "geometry": { "type": "Point", "coordinates": [ 34.7576063, -0.10383 ] } },
{ "type": "Feature", "properties": { "osm_id": 9467698847, "latitude": -0.064368, "longitude": 34.7630084, "name": "Obama Tailoring", "shop_type": "tailor", "amenity": null, "opening_hours": "Mo-Sa 08:00-18:00" }, "geometry": { "type": "Point", "coordinates": [ 34.7630084, -0.064368 ] } },
{ "type": "Feature", "properties": { "osm_id": 9467698848, "latitude": -0.0962042, "longitude": 34.7700361, "name": "Nice Tailoring", "shop_type": "tailor", "amenity": null, "opening_hours": "Mo-Fr 08:30-18:00" }, "geometry": { "type": "Point", "coordinates": [ 34.7700361, -0.0962042 ] } },
{ "type": "Feature", "properties": { "osm_id": 9467698854, "latitude": -0.0956436, "longitude": 34.7673327, "name": "Agustin Shop", "shop_type": "chemist", "amenity": null, "opening_hours": "Mo-Su 09:00-19:00" }, "geometry": { "type": "Point", "coordinates": [ 34.7673327, -0.0956436 ] } },
{ "type": "Feature", "properties": { "osm_id": 9467698861, "latitude": -0.1202091, "longitude": 34.761459, "name": "Pheny", "shop_type": "chemist", "amenity": null, "opening_hours": "Mo-Fr,Su 10:00-18:00" }, "geometry": { "type": "Point", "coordinates": [ 34.761459, -0.1202091 ] } },
{ "type": "Feature", "properties": { "osm_id": 9467698864, "latitude": -0.1500741, "longitude": 34.8254082, "name": "Ka Onyango Odoyo Tailoring", "shop_type": "tailor", "amenity": null, "opening_hours": "Mo-Sa 08:00-20:00" }, "geometry": { "type": "Point", "coordinates": [ 34.8254082, -0.1500741 ] } },
{ "type": "Feature", "properties": { "osm_id": 9467698871, "latitude": -0.1171852, "longitude": 34.7622201, "name": "Eunice", "shop_type": "chemist", "amenity": null, "opening_hours": "Mo-Fr,Su 08:00-16:00" }, "geometry": { "type": "Point", "coordinates": [ 34.7622201, -0.1171852 ] } },
{ "type": "Feature", "properties": { "osm_id": 9467698872, "latitude": -0.0957017, "longitude": 34.7671989, "name": "Shayla", "shop_type": "chemist", "amenity": null, "opening_hours": "Mo-Sa 10:00-18:00" }, "geometry": { "type": "Point", "coordinates": [ 34.7671989, -0.0957017 ] } },
{ "type": "Feature", "properties": { "osm_id": 9467698876, "latitude": -0.0384567, "longitude": 34.6819143, "name": "Dag Chikruok Fashion And Design Tailoring", "shop_type": "tailor", "amenity": null, "opening_hours": "Mo-Sa 10:00-18:00" }, "geometry": { "type": "Point", "coordinates": [ 34.6819143, -0.0384567 ] } },
{ "type": "Feature", "properties": { "osm_id": 9467698878, "latitude": -0.1317738, "longitude": 34.7440894, "name": "Dorine Dress Making", "shop_type": "tailor", "amenity": null, "opening_hours": "Mo-Sa 09:00-18:00" }, "geometry": { "type": "Point", "coordinates": [ 34.7440894, -0.1317738 ] } },
{ "type": "Feature", "properties": { "osm_id": 9467698891, "latitude": -0.0250049, "longitude": 34.7471075, "name": "Queens Beauty Shop", "shop_type": "tailor", "amenity": null, "opening_hours": "Mo-Sa 08:00-18:00" }, "geometry": { "type": "Point", "coordinates": [ 34.7471075, -0.0250049 ] } },
{ "type": "Feature", "properties": { "osm_id": 9467698892, "latitude": -0.0857188, "longitude": 34.777979, "name": "Nancy Tailoring Shop", "shop_type": "tailor", "amenity": null, "opening_hours": "Mo-Sa 08:00-18:00" }, "geometry": { "type": "Point", "coordinates": [ 34.777979, -0.0857188 ] } },
{ "type": "Feature", "properties": { "osm_id": 9467698897, "latitude": -0.0966682, "longitude": 34.7697743, "name": "Eva's Tailoring Shop", "shop_type": "tailor", "amenity": null, "opening_hours": "Mo-Fr 08:00-19:00" }, "geometry": { "type": "Point", "coordinates": [ 34.7697743, -0.0966682 ] } },
{ "type": "Feature", "properties": { "osm_id": 9467698906, "latitude": -0.0786617, "longitude": 34.7691515, "name": "James", "shop_type": "chemist", "amenity": null, "opening_hours": "Mo-Sa 08:00-19:00" }, "geometry": { "type": "Point", "coordinates": [ 34.7691515, -0.0786617 ] } },
{ "type": "Feature", "properties": { "osm_id": 9467698912, "latitude": -0.0243392, "longitude": 34.7457139, "name": "Rembo Tailoring", "shop_type": "tailor", "amenity": null, "opening_hours": "Mo-We,Fr,Sa 08:00-18:00" }, "geometry": { "type": "Point", "coordinates": [ 34.7457139, -0.0243392 ] } },
{ "type": "Feature", "properties": { "osm_id": 9467698913, "latitude": -0.1502055, "longitude": 34.8262411, "name": "Ka Sharon Tailoring", "shop_type": "tailor", "amenity": null, "opening_hours": "Mo-Sa 08:00-19:00" }, "geometry": { "type": "Point", "coordinates": [ 34.8262411, -0.1502055 ] } },
{ "type": "Feature", "properties": { "osm_id": 9467698915, "latitude": -0.0588855, "longitude": 34.7846857, "name": "Nyanya's Tailors", "shop_type": "tailor", "amenity": null, "opening_hours": "Mo-Sa 08:00-18:00" }, "geometry": { "type": "Point", "coordinates": [ 34.7846857, -0.0588855 ] } },
{ "type": "Feature", "properties": { "osm_id": 9467698918, "latitude": -0.1161411, "longitude": 34.786713, "name": "Mama Gloria Shop", "shop_type": "chemist", "amenity": null, "opening_hours": "Mo-Sa 09:00-18:00" }, "geometry": { "type": "Point", "coordinates": [ 34.786713, -0.1161411 ] } },
{ "type": "Feature", "properties": { "osm_id": 9467698920, "latitude": -0.0965338, "longitude": 34.7809887, "name": "Emma Tailor Shop", "shop_type": "tailor", "amenity": null, "opening_hours": "Mo-Sa 10:00-18:00" }, "geometry": { "type": "Point", "coordinates": [ 34.7809887, -0.0965338 ] } },
{ "type": "Feature", "properties": { "osm_id": 9467698921, "latitude": -0.1189273, "longitude": 34.7598649, "name": "Mama Jay", "shop_type": "chemist", "amenity": null, "opening_hours": "Mo-Sa 08:00-17:00" }, "geometry": { "type": "Point", "coordinates": [ 34.7598649, -0.1189273 ] } },
{ "type": "Feature", "properties": { "osm_id": 9467698922, "latitude": -0.0737734, "longitude": 34.6895722, "name": "Diana", "shop_type": "tailor", "amenity": null, "opening_hours": "Mo-Sa 09:00-18:00" }, "geometry": { "type": "Point", "coordinates": [ 34.6895722, -0.0737734 ] } },
{ "type": "Feature", "properties": { "osm_id": 9467698927, "latitude": -0.0878873, "longitude": 34.7807125, "name": "Josephine", "shop_type": "tailor", "amenity": null, "opening_hours": "Mo-Sa 09:00-17:00" }, "geometry": { "type": "Point", "coordinates": [ 34.7807125, -0.0878873 ] } },
{ "type": "Feature", "properties": { "osm_id": 9467698928, "latitude": -0.1316819, "longitude": 34.7440815, "name": "Doreen's Dress Making & Saloon", "shop_type": "tailor", "amenity": null, "opening_hours": "Mo-Su" }, "geometry": { "type": "Point", "coordinates": [ 34.7440815, -0.1316819 ] } },
{ "type": "Feature", "properties": { "osm_id": 9467698932, "latitude": -0.0385309, "longitude": 34.6804578, "name": "Mama Becky Tailoring Shop", "shop_type": "tailor", "amenity": null, "opening_hours": "Mo-Fr 10:00-18:00" }, "geometry": { "type": "Point", "coordinates": [ 34.6804578, -0.0385309 ] } },
{ "type": "Feature", "properties": { "osm_id": 9467698933, "latitude": -0.1175331, "longitude": 34.7596055, "name": "Jiji Design", "shop_type": "tailor", "amenity": null, "opening_hours": "Mo-Fr" }, "geometry": { "type": "Point", "coordinates": [ 34.7596055, -0.1175331 ] } },
{ "type": "Feature", "properties": { "osm_id": 9467698936, "latitude": -0.1230309, "longitude": 34.7522629, "name": "Filida Quick Access", "shop_type": "chemist", "amenity": null, "opening_hours": "Mo-Fr,Su" }, "geometry": { "type": "Point", "coordinates": [ 34.7522629, -0.1230309 ] } },
{ "type": "Feature", "properties": { "osm_id": 9467698939, "latitude": -0.0967368, "longitude": 34.7810021, "name": "Stacy", "shop_type": "chemist", "amenity": null, "opening_hours": "Mo-Su" }, "geometry": { "type": "Point", "coordinates": [ 34.7810021, -0.0967368 ] } },
{ "type": "Feature", "properties": { "osm_id": 9467698940, "latitude": -0.1036849, "longitude": 34.7579966, "name": "Ankara Place", "shop_type": "tailor", "amenity": null, "opening_hours": "Mo-Sa 09:00-18:00" }, "geometry": { "type": "Point", "coordinates": [ 34.7579966, -0.1036849 ] } },
{ "type": "Feature", "properties": { "osm_id": 9467698947, "latitude": -0.050795, "longitude": 34.8065251, "name": "Mama Nicole Tailoring", "shop_type": "tailor", "amenity": null, "opening_hours": "Mo-Sa 11:00-18:30" }, "geometry": { "type": "Point", "coordinates": [ 34.8065251, -0.050795 ] } },
{ "type": "Feature", "properties": { "osm_id": 9467698952, "latitude": -0.0480606, "longitude": 34.8047314, "name": "Nyabondo Tailoring Shop", "shop_type": "tailor", "amenity": null, "opening_hours": "Mo-Fr 10:00-18:00" }, "geometry": { "type": "Point", "coordinates": [ 34.8047314, -0.0480606 ] } },
{ "type": "Feature", "properties": { "osm_id": 9467698955, "latitude": -0.1130299, "longitude": 34.765803, "name": "Jesca Shop", "shop_type": "chemist", "amenity": null, "opening_hours": "Mo-Su 08:00-18:00" }, "geometry": { "type": "Point", "coordinates": [ 34.765803, -0.1130299 ] } },
{ "type": "Feature", "properties": { "osm_id": 9467698963, "latitude": -0.0756106, "longitude": 34.7767177, "name": "Josephine Shop", "shop_type": "tailor", "amenity": null, "opening_hours": "Mo-Sa 08:00-18:00" }, "geometry": { "type": "Point", "coordinates": [ 34.7767177, -0.0756106 ] } },
{ "type": "Feature", "properties": { "osm_id": 9467698966, "latitude": -0.1229344, "longitude": 34.752345, "name": "Rosy's Apparel", "shop_type": "tailor", "amenity": null, "opening_hours": "Mo-Fr" }, "geometry": { "type": "Point", "coordinates": [ 34.752345, -0.1229344 ] } },
{ "type": "Feature", "properties": { "osm_id": 9467698968, "latitude": -0.0814244, "longitude": 34.7714567, "name": "Dan's Fashions", "shop_type": "tailor", "amenity": null, "opening_hours": "Mo-Sa 08:00-18:00" }, "geometry": { "type": "Point", "coordinates": [ 34.7714567, -0.0814244 ] } },
{ "type": "Feature", "properties": { "osm_id": 9467698969, "latitude": -0.0992005, "longitude": 34.7804817, "name": "Joseph", "shop_type": "chemist", "amenity": null, "opening_hours": "Mo-Fr,Su 10:00-18:00" }, "geometry": { "type": "Point", "coordinates": [ 34.7804817, -0.0992005 ] } },
{ "type": "Feature", "properties": { "osm_id": 9467698972, "latitude": -0.083549, "longitude": 34.7744642, "name": "Terry Fashions And Design", "shop_type": "tailor", "amenity": null, "opening_hours": "Mo-Fr 10:00-18:00" }, "geometry": { "type": "Point", "coordinates": [ 34.7744642, -0.083549 ] } },
{ "type": "Feature", "properties": { "osm_id": 9467698976, "latitude": -0.118715, "longitude": 34.7579417, "name": "Violet Apparel", "shop_type": "tailor", "amenity": null, "opening_hours": "Mo-Fr" }, "geometry": { "type": "Point", "coordinates": [ 34.7579417, -0.118715 ] } },
{ "type": "Feature", "properties": { "osm_id": 9467698981, "latitude": -0.0787433, "longitude": 34.7692, "name": "Hudson Tailor Shop", "shop_type": "tailor", "amenity": null, "opening_hours": "Mo-Sa 08:00-19:00" }, "geometry": { "type": "Point", "coordinates": [ 34.7692, -0.0787433 ] } },
{ "type": "Feature", "properties": { "osm_id": 9467698984, "latitude": -0.0779769, "longitude": 34.7920643, "name": "Jannet Shop", "shop_type": "chemist", "amenity": null, "opening_hours": "Mo-Sa 09:00-18:00" }, "geometry": { "type": "Point", "coordinates": [ 34.7920643, -0.0779769 ] } },
{ "type": "Feature", "properties": { "osm_id": 9467698986, "latitude": -0.0807934, "longitude": 34.7758351, "name": "Raakez", "shop_type": "tailor", "amenity": null, "opening_hours": "Mo-Sa 08:00-18:00" }, "geometry": { "type": "Point", "coordinates": [ 34.7758351, -0.0807934 ] } },
{ "type": "Feature", "properties": { "osm_id": 9467698989, "latitude": -0.0607037, "longitude": 34.7806516, "name": "Flevicks Complex Shop", "shop_type": "chemist", "amenity": null, "opening_hours": "Mo-Sa 09:00-18:00" }, "geometry": { "type": "Point", "coordinates": [ 34.7806516, -0.0607037 ] } },
{ "type": "Feature", "properties": { "osm_id": 9467698992, "latitude": -0.1275433, "longitude": 34.7506967, "name": "Rystobiz Design", "shop_type": "tailor", "amenity": null, "opening_hours": "Mo-Fr" }, "geometry": { "type": "Point", "coordinates": [ 34.7506967, -0.1275433 ] } },
{ "type": "Feature", "properties": { "osm_id": 9467698996, "latitude": -0.0890568, "longitude": 34.7701046, "name": "Monroe Beauty Shop", "shop_type": "chemist", "amenity": null, "opening_hours": "Mo-Su 08:00-18:00" }, "geometry": { "type": "Point", "coordinates": [ 34.7701046, -0.0890568 ] } },
{ "type": "Feature", "properties": { "osm_id": 9467699001, "latitude": -0.1129289, "longitude": 34.7677798, "name": "Winny Tailoring Shop", "shop_type": "tailor", "amenity": null, "opening_hours": "Mo-Fr,Su 08:00-19:00" }, "geometry": { "type": "Point", "coordinates": [ 34.7677798, -0.1129289 ] } },
{ "type": "Feature", "properties": { "osm_id": 9467699005, "latitude": -0.1038568, "longitude": 34.7576471, "name": "Kibos Sugar And Allied Industries", "shop_type": "chemist", "amenity": null, "opening_hours": "Mo-Su sunset-sunrise open" }, "geometry": { "type": "Point", "coordinates": [ 34.7576471, -0.1038568 ] } },
{ "type": "Feature", "properties": { "osm_id": 9467699012, "latitude": -0.1150767, "longitude": 34.7647999, "name": "Bether", "shop_type": "chemist", "amenity": null, "opening_hours": "Mo-Fr,Su 10:00-18:00" }, "geometry": { "type": "Point", "coordinates": [ 34.7647999, -0.1150767 ] } },
{ "type": "Feature", "properties": { "osm_id": 9467699025, "latitude": -0.0492768, "longitude": 34.8046549, "name": "Ann Tailoring Shop", "shop_type": "tailor", "amenity": null, "opening_hours": "Mo-Sa 07:00-19:00" }, "geometry": { "type": "Point", "coordinates": [ 34.8046549, -0.0492768 ] } },
{ "type": "Feature", "properties": { "osm_id": 9467699026, "latitude": -0.082881, "longitude": 34.767462, "name": "Kmet", "shop_type": "tailor", "amenity": null, "opening_hours": "Mo-Sa 08:00-18:00" }, "geometry": { "type": "Point", "coordinates": [ 34.767462, -0.082881 ] } },
{ "type": "Feature", "properties": { "osm_id": 9963957456, "latitude": -0.0830599, "longitude": 34.7768351, "name": "Mejasan Photo Studio", "shop_type": "photo", "amenity": null, "opening_hours": "Mo-Sa 08:00-20:00" }, "geometry": { "type": "Point", "coordinates": [ 34.7768351, -0.0830599 ] } },
{ "type": "Feature", "properties": { "osm_id": 10220091923, "latitude": -0.107399, "longitude": 34.7692962, "name": "Odds & Ends", "shop_type": "furniture", "amenity": null, "opening_hours": null }, "geometry": { "type": "Point", "coordinates": [ 34.7692962, -0.107399 ] } },
{ "type": "Feature", "properties": { "osm_id": 10559137642, "latitude": -0.1068974, "longitude": 34.7520682, "name": "Chandarana FoodPlus", "shop_type": "supermarket", "amenity": null, "opening_hours": null }, "geometry": { "type": "Point", "coordinates": [ 34.7520682, -0.1068974 ] } },
{ "type": "Feature", "properties": { "osm_id": 10579036145, "latitude": -0.0831103, "longitude": 34.7748747, "name": "Sintora General Hardware", "shop_type": "hardware", "amenity": null, "opening_hours": null }, "geometry": { "type": "Point", "coordinates": [ 34.7748747, -0.0831103 ] } },
{ "type": "Feature", "properties": { "osm_id": 10579036147, "latitude": -0.0831142, "longitude": 34.7747058, "name": "Amigo Hardware Ltd.", "shop_type": "hardware", "amenity": null, "opening_hours": null }, "geometry": { "type": "Point", "coordinates": [ 34.7747058, -0.0831142 ] } },
{ "type": "Feature", "properties": { "osm_id": 10579036148, "latitude": -0.082885, "longitude": 34.774885, "name": "Kisumu Poultry Centre Appointed Distributors", "shop_type": "yes", "amenity": null, "opening_hours": null }, "geometry": { "type": "Point", "coordinates": [ 34.774885, -0.082885 ] } },
{ "type": "Feature", "properties": { "osm_id": 10579036149, "latitude": -0.0830038, "longitude": 34.774878, "name": "Micromed Pharmacy", "shop_type": "chemist", "amenity": null, "opening_hours": null }, "geometry": { "type": "Point", "coordinates": [ 34.774878, -0.0830038 ] } },
{ "type": "Feature", "properties": { "osm_id": 10579036150, "latitude": -0.0827821, "longitude": 34.7748429, "name": "Citymart electricals & Hardware", "shop_type": "electrical", "amenity": null, "opening_hours": null }, "geometry": { "type": "Point", "coordinates": [ 34.7748429, -0.0827821 ] } },
{ "type": "Feature", "properties": { "osm_id": 10588857558, "latitude": -0.0929534, "longitude": 34.7638524, "name": "Roastiez butchery", "shop_type": "butcher", "amenity": null, "opening_hours": null }, "geometry": { "type": "Point", "coordinates": [ 34.7638524, -0.0929534 ] } },
{ "type": "Feature", "properties": { "osm_id": 10588857559, "latitude": -0.0928839, "longitude": 34.7637912, "name": "Platinum Liquor World", "shop_type": "alcohol", "amenity": null, "opening_hours": null }, "geometry": { "type": "Point", "coordinates": [ 34.7637912, -0.0928839 ] } },
{ "type": "Feature", "properties": { "osm_id": 10676351501, "latitude": -0.0805892, "longitude": 34.7821906, "name": "Bhole Kondele Ltd.", "shop_type": "hardware", "amenity": null, "opening_hours": null }, "geometry": { "type": "Point", "coordinates": [ 34.7821906, -0.0805892 ] } },
{ "type": "Feature", "properties": { "osm_id": 10676351503, "latitude": -0.0751364, "longitude": 34.7961832, "name": "Migosi Hardware", "shop_type": "hardware", "amenity": null, "opening_hours": null }, "geometry": { "type": "Point", "coordinates": [ 34.7961832, -0.0751364 ] } },
{ "type": "Feature", "properties": { "osm_id": 10718898100, "latitude": -0.0781062, "longitude": 34.7727546, "name": "Nyawita", "shop_type": null, "amenity": "marketplace", "opening_hours": null }, "geometry": { "type": "Point", "coordinates": [ 34.7727546, -0.0781062 ] } },
{ "type": "Feature", "properties": { "osm_id": 10758265053, "latitude": -0.119395, "longitude": 34.7889988, "name": "Elyco Motors Limited", "shop_type": "car_repair", "amenity": null, "opening_hours": null }, "geometry": { "type": "Point", "coordinates": [ 34.7889988, -0.119395 ] } },
{ "type": "Feature", "properties": { "osm_id": 10796828642, "latitude": -0.0792897, "longitude": 34.7554929, "name": "Toyota", "shop_type": "car_repair", "amenity": null, "opening_hours": null }, "geometry": { "type": "Point", "coordinates": [ 34.7554929, -0.0792897 ] } },
{ "type": "Feature", "properties": { "osm_id": 10796828643, "latitude": -0.0921045, "longitude": 34.7566319, "name": "Kisumu Toyota", "shop_type": "car", "amenity": null, "opening_hours": null }, "geometry": { "type": "Point", "coordinates": [ 34.7566319, -0.0921045 ] } },
{ "type": "Feature", "properties": { "osm_id": 10796834255, "latitude": -0.0906779, "longitude": 34.7570587, "name": "Fuso Mitsubishi Motors", "shop_type": "car", "amenity": null, "opening_hours": null }, "geometry": { "type": "Point", "coordinates": [ 34.7570587, -0.0906779 ] } },
{ "type": "Feature", "properties": { "osm_id": 10860047051, "latitude": 0.0349866, "longitude": 34.691672, "name": "Bukuga Market", "shop_type": null, "amenity": "marketplace", "opening_hours": null }, "geometry": { "type": "Point", "coordinates": [ 34.691672, 0.0349866 ] } },
{ "type": "Feature", "properties": { "osm_id": 10898735238, "latitude": -0.0983258, "longitude": 34.7625758, "name": "Carrefour", "shop_type": "supermarket", "amenity": null, "opening_hours": null }, "geometry": { "type": "Point", "coordinates": [ 34.7625758, -0.0983258 ] } },
{ "type": "Feature", "properties": { "osm_id": 10898735241, "latitude": -0.0983325, "longitude": 34.7629265, "name": "Toyzoona Limited", "shop_type": "Educational Toys", "amenity": null, "opening_hours": "Mo-Su 10:00-21:00" }, "geometry": { "type": "Point", "coordinates": [ 34.7629265, -0.0983325 ] } },
{ "type": "Feature", "properties": { "osm_id": 10898735243, "latitude": -0.098463, "longitude": 34.7618688, "name": "Bata", "shop_type": "shoes", "amenity": null, "opening_hours": null }, "geometry": { "type": "Point", "coordinates": [ 34.7618688, -0.098463 ] } },
{ "type": "Feature", "properties": { "osm_id": 10898822426, "latitude": -0.1046942, "longitude": 34.7533867, "name": "Optica", "shop_type": "optician", "amenity": null, "opening_hours": null }, "geometry": { "type": "Point", "coordinates": [ 34.7533867, -0.1046942 ] } },
{ "type": "Feature", "properties": { "osm_id": 10898822429, "latitude": -0.1040425, "longitude": 34.7524668, "name": "Jade Collections", "shop_type": "clothes", "amenity": null, "opening_hours": null }, "geometry": { "type": "Point", "coordinates": [ 34.7524668, -0.1040425 ] } },
{ "type": "Feature", "properties": { "osm_id": 10898822430, "latitude": -0.104131, "longitude": 34.7527208, "name": "Carrefour", "shop_type": "supermarket", "amenity": null, "opening_hours": null }, "geometry": { "type": "Point", "coordinates": [ 34.7527208, -0.104131 ] } },
{ "type": "Feature", "properties": { "osm_id": 10898822431, "latitude": -0.1039848, "longitude": 34.7526448, "name": "Beyond Fruits", "shop_type": "greengrocer", "amenity": null, "opening_hours": null }, "geometry": { "type": "Point", "coordinates": [ 34.7526448, -0.1039848 ] } },
{ "type": "Feature", "properties": { "osm_id": 10898875921, "latitude": -0.1036224, "longitude": 34.7524032, "name": "Oppo", "shop_type": "mobile_phone", "amenity": null, "opening_hours": null }, "geometry": { "type": "Point", "coordinates": [ 34.7524032, -0.1036224 ] } },
{ "type": "Feature", "properties": { "osm_id": 10898875922, "latitude": -0.1036835, "longitude": 34.7529235, "name": null, "shop_type": "mobile_phone", "amenity": null, "opening_hours": null }, "geometry": { "type": "Point", "coordinates": [ 34.7529235, -0.1036835 ] } },
{ "type": "Feature", "properties": { "osm_id": 10898875924, "latitude": -0.1020147, "longitude": 34.7523075, "name": "Safaricom", "shop_type": "mobile_phone", "amenity": null, "opening_hours": null }, "geometry": { "type": "Point", "coordinates": [ 34.7523075, -0.1020147 ] } },
{ "type": "Feature", "properties": { "osm_id": 10904818374, "latitude": -0.1037513, "longitude": 34.7524553, "name": "Tecno", "shop_type": "mobile_phone", "amenity": null, "opening_hours": null }, "geometry": { "type": "Point", "coordinates": [ 34.7524553, -0.1037513 ] } },
{ "type": "Feature", "properties": { "osm_id": 10904818375, "latitude": -0.104126, "longitude": 34.7522611, "name": "Nila Baby Shop", "shop_type": "baby_goods", "amenity": null, "opening_hours": null }, "geometry": { "type": "Point", "coordinates": [ 34.7522611, -0.104126 ] } },
{ "type": "Feature", "properties": { "osm_id": 10904818376, "latitude": -0.1042038, "longitude": 34.7525347, "name": "Valentine Cake House", "shop_type": "pastry", "amenity": null, "opening_hours": null }, "geometry": { "type": "Point", "coordinates": [ 34.7525347, -0.1042038 ] } },
{ "type": "Feature", "properties": { "osm_id": 10904818377, "latitude": -0.104119, "longitude": 34.7531917, "name": "Bata", "shop_type": "shoes", "amenity": null, "opening_hours": null }, "geometry": { "type": "Point", "coordinates": [ 34.7531917, -0.104119 ] } },
{ "type": "Feature", "properties": { "osm_id": 10904818378, "latitude": -0.102912, "longitude": 34.752547, "name": "Text Book World Ltd.", "shop_type": "books", "amenity": null, "opening_hours": null }, "geometry": { "type": "Point", "coordinates": [ 34.752547, -0.102912 ] } },
{ "type": "Feature", "properties": { "osm_id": 10904818379, "latitude": -0.10278, "longitude": 34.7524737, "name": "Bata", "shop_type": "shoes", "amenity": null, "opening_hours": null }, "geometry": { "type": "Point", "coordinates": [ 34.7524737, -0.10278 ] } },
{ "type": "Feature", "properties": { "osm_id": 10904818382, "latitude": -0.1013066, "longitude": 34.7533028, "name": "Indcom Enterprises Ltd.", "shop_type": "yes", "amenity": null, "opening_hours": null }, "geometry": { "type": "Point", "coordinates": [ 34.7533028, -0.1013066 ] } },
{ "type": "Feature", "properties": { "osm_id": 10904818383, "latitude": -0.0982816, "longitude": 34.7536518, "name": "Kisumu City Auto Tyres", "shop_type": "tyres", "amenity": null, "opening_hours": null }, "geometry": { "type": "Point", "coordinates": [ 34.7536518, -0.0982816 ] } },
{ "type": "Feature", "properties": { "osm_id": 10904818384, "latitude": -0.0983883, "longitude": 34.7535819, "name": "Piki Piki Agencies", "shop_type": "motorcycle_repair", "amenity": null, "opening_hours": null }, "geometry": { "type": "Point", "coordinates": [ 34.7535819, -0.0983883 ] } },
{ "type": "Feature", "properties": { "osm_id": 10904818389, "latitude": -0.0985353, "longitude": 34.7533451, "name": "Crown Paints", "shop_type": "paint", "amenity": null, "opening_hours": null }, "geometry": { "type": "Point", "coordinates": [ 34.7533451, -0.0985353 ] } },
{ "type": "Feature", "properties": { "osm_id": 10904818395, "latitude": -0.0987268, "longitude": 34.7530779, "name": "Skylark", "shop_type": "bathroom_furnishing", "amenity": null, "opening_hours": null }, "geometry": { "type": "Point", "coordinates": [ 34.7530779, -0.0987268 ] } },
{ "type": "Feature", "properties": { "osm_id": 10904818396, "latitude": -0.0992911, "longitude": 34.7525336, "name": "Vision Techno Trade Company Ltd.", "shop_type": "doityourself", "amenity": null, "opening_hours": null }, "geometry": { "type": "Point", "coordinates": [ 34.7525336, -0.0992911 ] } },
{ "type": "Feature", "properties": { "osm_id": 10918048834, "latitude": -0.1011591, "longitude": 34.7514069, "name": "Yaken Electronics", "shop_type": "electronics", "amenity": null, "opening_hours": null }, "geometry": { "type": "Point", "coordinates": [ 34.7514069, -0.1011591 ] } },
{ "type": "Feature", "properties": { "osm_id": 10918048835, "latitude": -0.1010258, "longitude": 34.7516154, "name": "Hubsan Tools", "shop_type": "doityourself", "amenity": null, "opening_hours": null }, "geometry": { "type": "Point", "coordinates": [ 34.7516154, -0.1010258 ] } },
{ "type": "Feature", "properties": { "osm_id": 10918048836, "latitude": -0.1009364, "longitude": 34.7515715, "name": "Fulshand Keshav Ji Shah Bookshop", "shop_type": "books", "amenity": null, "opening_hours": null }, "geometry": { "type": "Point", "coordinates": [ 34.7515715, -0.1009364 ] } },
{ "type": "Feature", "properties": { "osm_id": 10918048837, "latitude": -0.1009744, "longitude": 34.751308, "name": "Kenya Credit Traders Ltd.", "shop_type": "money_lender", "amenity": null, "opening_hours": null }, "geometry": { "type": "Point", "coordinates": [ 34.751308, -0.1009744 ] } },
{ "type": "Feature", "properties": { "osm_id": 10918048838, "latitude": -0.101049, "longitude": 34.7513485, "name": "Lafey Electricals & Machineries", "shop_type": "electrical", "amenity": null, "opening_hours": null }, "geometry": { "type": "Point", "coordinates": [ 34.7513485, -0.101049 ] } },
{ "type": "Feature", "properties": { "osm_id": 10918048839, "latitude": -0.1008243, "longitude": 34.7515054, "name": "A to Z Ltd.", "shop_type": "clothes", "amenity": null, "opening_hours": null }, "geometry": { "type": "Point", "coordinates": [ 34.7515054, -0.1008243 ] } },
{ "type": "Feature", "properties": { "osm_id": 10918048840, "latitude": -0.1007454, "longitude": 34.7514741, "name": "Honda", "shop_type": "motorcycle", "amenity": null, "opening_hours": null }, "geometry": { "type": "Point", "coordinates": [ 34.7514741, -0.1007454 ] } },
{ "type": "Feature", "properties": { "osm_id": 10918048842, "latitude": -0.1007533, "longitude": 34.7512098, "name": "Yamaz Electricals & Home Appliances", "shop_type": "appliance", "amenity": null, "opening_hours": null }, "geometry": { "type": "Point", "coordinates": [ 34.7512098, -0.1007533 ] } },
{ "type": "Feature", "properties": { "osm_id": 10918064954, "latitude": -0.1030007, "longitude": 34.7522028, "name": "Samsung", "shop_type": "electronics", "amenity": null, "opening_hours": null }, "geometry": { "type": "Point", "coordinates": [ 34.7522028, -0.1030007 ] } },
{ "type": "Feature", "properties": { "osm_id": 10918064956, "latitude": -0.1033228, "longitude": 34.7523077, "name": "Infinix", "shop_type": "mobile_phone", "amenity": null, "opening_hours": null }, "geometry": { "type": "Point", "coordinates": [ 34.7523077, -0.1033228 ] } },
{ "type": "Feature", "properties": { "osm_id": 10918064957, "latitude": -0.1029266, "longitude": 34.7521794, "name": "Tecno", "shop_type": "mobile_phone", "amenity": null, "opening_hours": null }, "geometry": { "type": "Point", "coordinates": [ 34.7521794, -0.1029266 ] } },
{ "type": "Feature", "properties": { "osm_id": 10918064958, "latitude": -0.1032169, "longitude": 34.7522671, "name": "Oppo", "shop_type": "mobile_phone", "amenity": null, "opening_hours": null }, "geometry": { "type": "Point", "coordinates": [ 34.7522671, -0.1032169 ] } },
{ "type": "Feature", "properties": { "osm_id": 10918157042, "latitude": -0.0818858, "longitude": 34.7283103, "name": "Jambojet", "shop_type": "ticket", "amenity": null, "opening_hours": null }, "geometry": { "type": "Point", "coordinates": [ 34.7283103, -0.0818858 ] } },
{ "type": "Feature", "properties": { "osm_id": 10918157043, "latitude": -0.081631, "longitude": 34.7287529, "name": "Kenya Airways", "shop_type": "ticket", "amenity": null, "opening_hours": null }, "geometry": { "type": "Point", "coordinates": [ 34.7287529, -0.081631 ] } },
{ "type": "Feature", "properties": { "osm_id": 10918157044, "latitude": -0.0818268, "longitude": 34.7288655, "name": "Safaricom", "shop_type": "mobile_phone", "amenity": null, "opening_hours": null }, "geometry": { "type": "Point", "coordinates": [ 34.7288655, -0.0818268 ] } },
{ "type": "Feature", "properties": { "osm_id": 10921144544, "latitude": -0.0975036, "longitude": 34.7501618, "name": "Prafulla enterprises Ltd.", "shop_type": "wholesale", "amenity": null, "opening_hours": null }, "geometry": { "type": "Point", "coordinates": [ 34.7501618, -0.0975036 ] } },
{ "type": "Feature", "properties": { "osm_id": 10921144545, "latitude": -0.0973951, "longitude": 34.750299, "name": "Dr. Matress", "shop_type": "bed", "amenity": null, "opening_hours": null }, "geometry": { "type": "Point", "coordinates": [ 34.750299, -0.0973951 ] } },
{ "type": "Feature", "properties": { "osm_id": 10921144546, "latitude": -0.0972279, "longitude": 34.7501655, "name": "Fairdeal home& Office Furniture", "shop_type": "furniture", "amenity": null, "opening_hours": null }, "geometry": { "type": "Point", "coordinates": [ 34.7501655, -0.0972279 ] } },
{ "type": "Feature", "properties": { "osm_id": 10921144547, "latitude": -0.0971929, "longitude": 34.7504725, "name": "Trans Africa Water", "shop_type": "hardware", "amenity": null, "opening_hours": null }, "geometry": { "type": "Point", "coordinates": [ 34.7504725, -0.0971929 ] } },
{ "type": "Feature", "properties": { "osm_id": 10921144548, "latitude": -0.0972316, "longitude": 34.7508893, "name": "Davis & Shirtliff", "shop_type": "hardware", "amenity": null, "opening_hours": null }, "geometry": { "type": "Point", "coordinates": [ 34.7508893, -0.0972316 ] } },
{ "type": "Feature", "properties": { "osm_id": 10921144549, "latitude": -0.0973863, "longitude": 34.7510091, "name": "Office Mart", "shop_type": "stationery", "amenity": null, "opening_hours": null }, "geometry": { "type": "Point", "coordinates": [ 34.7510091, -0.0973863 ] } },
{ "type": "Feature", "properties": { "osm_id": 10921144550, "latitude": -0.103898, "longitude": 34.7530257, "name": "Office Mart", "shop_type": "stationery", "amenity": null, "opening_hours": null }, "geometry": { "type": "Point", "coordinates": [ 34.7530257, -0.103898 ] } },
{ "type": "Feature", "properties": { "osm_id": 10921144551, "latitude": -0.0970208, "longitude": 34.7511444, "name": "Jumbo Steel Mills", "shop_type": "hardware", "amenity": null, "opening_hours": null }, "geometry": { "type": "Point", "coordinates": [ 34.7511444, -0.0970208 ] } },
{ "type": "Feature", "properties": { "osm_id": 10921245482, "latitude": -0.0963208, "longitude": 34.7512638, "name": "Jumbo Steel Mills", "shop_type": "hardware", "amenity": null, "opening_hours": null }, "geometry": { "type": "Point", "coordinates": [ 34.7512638, -0.0963208 ] } },
{ "type": "Feature", "properties": { "osm_id": 10921245483, "latitude": -0.0963775, "longitude": 34.7517957, "name": "Reliance Auto Centre", "shop_type": "car_repair", "amenity": null, "opening_hours": null }, "geometry": { "type": "Point", "coordinates": [ 34.7517957, -0.0963775 ] } },
{ "type": "Feature", "properties": { "osm_id": 10921245484, "latitude": -0.096264, "longitude": 34.7518993, "name": "Bachulal popatlal", "shop_type": "gas", "amenity": null, "opening_hours": null }, "geometry": { "type": "Point", "coordinates": [ 34.7518993, -0.096264 ] } },
{ "type": "Feature", "properties": { "osm_id": 10921245485, "latitude": -0.0961663, "longitude": 34.7520166, "name": "Mjengo Supermart", "shop_type": "wholesale", "amenity": null, "opening_hours": null }, "geometry": { "type": "Point", "coordinates": [ 34.7520166, -0.0961663 ] } },
{ "type": "Feature", "properties": { "osm_id": 10921245486, "latitude": -0.0958436, "longitude": 34.7518309, "name": "Jubilee Jumbo", "shop_type": "hardware", "amenity": null, "opening_hours": null }, "geometry": { "type": "Point", "coordinates": [ 34.7518309, -0.0958436 ] } },
{ "type": "Feature", "properties": { "osm_id": 10921245487, "latitude": -0.0960685, "longitude": 34.7521163, "name": "Nyanza Engineering & Hardware", "shop_type": "hardware", "amenity": null, "opening_hours": null }, "geometry": { "type": "Point", "coordinates": [ 34.7521163, -0.0960685 ] } },
{ "type": "Feature", "properties": { "osm_id": 10921245488, "latitude": -0.095742, "longitude": 34.7519697, "name": "Jubilee Enterprises", "shop_type": "hardware", "amenity": null, "opening_hours": null }, "geometry": { "type": "Point", "coordinates": [ 34.7519697, -0.095742 ] } },
{ "type": "Feature", "properties": { "osm_id": 10921245489, "latitude": -0.0959923, "longitude": 34.7522239, "name": "Jubilee Hardware", "shop_type": "hardware", "amenity": null, "opening_hours": null }, "geometry": { "type": "Point", "coordinates": [ 34.7522239, -0.0959923 ] } },
{ "type": "Feature", "properties": { "osm_id": 10921245490, "latitude": -0.0957308, "longitude": 34.7524831, "name": "Lionhart Motors", "shop_type": "car", "amenity": null, "opening_hours": null }, "geometry": { "type": "Point", "coordinates": [ 34.7524831, -0.0957308 ] } },
{ "type": "Feature", "properties": { "osm_id": 10921245491, "latitude": -0.0955963, "longitude": 34.7526323, "name": "MAXXIS", "shop_type": "tyres", "amenity": null, "opening_hours": null }, "geometry": { "type": "Point", "coordinates": [ 34.7526323, -0.0955963 ] } },
{ "type": "Feature", "properties": { "osm_id": 10921245493, "latitude": -0.0953826, "longitude": 34.7524386, "name": "Laxmi Hardware", "shop_type": "hardware", "amenity": null, "opening_hours": null }, "geometry": { "type": "Point", "coordinates": [ 34.7524386, -0.0953826 ] } },
{ "type": "Feature", "properties": { "osm_id": 10921245494, "latitude": -0.0951773, "longitude": 34.7526606, "name": "U shop", "shop_type": "wholesale", "amenity": null, "opening_hours": null }, "geometry": { "type": "Point", "coordinates": [ 34.7526606, -0.0951773 ] } },
{ "type": "Feature", "properties": { "osm_id": 10921245495, "latitude": -0.1042203, "longitude": 34.752035, "name": "Healthy U", "shop_type": "supermarket", "amenity": null, "opening_hours": null }, "geometry": { "type": "Point", "coordinates": [ 34.752035, -0.1042203 ] } },
{ "type": "Feature", "properties": { "osm_id": 10921245496, "latitude": -0.0950068, "longitude": 34.7534152, "name": "Plascon", "shop_type": "paint", "amenity": null, "opening_hours": null }, "geometry": { "type": "Point", "coordinates": [ 34.7534152, -0.0950068 ] } },
{ "type": "Feature", "properties": { "osm_id": 10921245501, "latitude": -0.0942107, "longitude": 34.7536374, "name": "Dura coat", "shop_type": "paint", "amenity": null, "opening_hours": null }, "geometry": { "type": "Point", "coordinates": [ 34.7536374, -0.0942107 ] } },
{ "type": "Feature", "properties": { "osm_id": 10921326304, "latitude": -0.0939637, "longitude": 34.7538958, "name": "KUKI General Merchants Ltd", "shop_type": "hardware", "amenity": null, "opening_hours": null }, "geometry": { "type": "Point", "coordinates": [ 34.7538958, -0.0939637 ] } },
{ "type": "Feature", "properties": { "osm_id": 10921350905, "latitude": -0.0943958, "longitude": 34.75415, "name": "Isuzu", "shop_type": "car", "amenity": null, "opening_hours": null }, "geometry": { "type": "Point", "coordinates": [ 34.75415, -0.0943958 ] } },
{ "type": "Feature", "properties": { "osm_id": 10921350908, "latitude": -0.0936567, "longitude": 34.7541324, "name": "Jubilee Steel Mills", "shop_type": "hardware", "amenity": null, "opening_hours": null }, "geometry": { "type": "Point", "coordinates": [ 34.7541324, -0.0936567 ] } },
{ "type": "Feature", "properties": { "osm_id": 10921350910, "latitude": -0.0939413, "longitude": 34.7545516, "name": "Chloride Exide", "shop_type": "car_parts", "amenity": null, "opening_hours": null }, "geometry": { "type": "Point", "coordinates": [ 34.7545516, -0.0939413 ] } },
{ "type": "Feature", "properties": { "osm_id": 10926260744, "latitude": -0.0929497, "longitude": 34.7550666, "name": "C&G Motors", "shop_type": "motorcycle", "amenity": null, "opening_hours": null }, "geometry": { "type": "Point", "coordinates": [ 34.7550666, -0.0929497 ] } },
{ "type": "Feature", "properties": { "osm_id": 10926260745, "latitude": -0.0927352, "longitude": 34.75531, "name": "Hardware Tiles & Electricals", "shop_type": "hardware", "amenity": null, "opening_hours": null }, "geometry": { "type": "Point", "coordinates": [ 34.75531, -0.0927352 ] } },
{ "type": "Feature", "properties": { "osm_id": 10926260746, "latitude": -0.0929209, "longitude": 34.7556469, "name": "DT Dobie", "shop_type": "car", "amenity": null, "opening_hours": null }, "geometry": { "type": "Point", "coordinates": [ 34.7556469, -0.0929209 ] } },
{ "type": "Feature", "properties": { "osm_id": 10926260747, "latitude": -0.0928452, "longitude": 34.755739, "name": "Simba Corp Motors", "shop_type": "car", "amenity": null, "opening_hours": null }, "geometry": { "type": "Point", "coordinates": [ 34.755739, -0.0928452 ] } },
{ "type": "Feature", "properties": { "osm_id": 10926260748, "latitude": -0.0927119, "longitude": 34.7558806, "name": "Shajanand Hardware & Ceramics", "shop_type": "hardware", "amenity": null, "opening_hours": null }, "geometry": { "type": "Point", "coordinates": [ 34.7558806, -0.0927119 ] } },
{ "type": "Feature", "properties": { "osm_id": 10926260749, "latitude": -0.0934832, "longitude": 34.7550419, "name": "Al Husnain Motors", "shop_type": "car", "amenity": null, "opening_hours": null }, "geometry": { "type": "Point", "coordinates": [ 34.7550419, -0.0934832 ] } },
{ "type": "Feature", "properties": { "osm_id": 10926260750, "latitude": -0.0919364, "longitude": 34.7568555, "name": "Kisumu house of lighting & Decor", "shop_type": "interior_decoration", "amenity": null, "opening_hours": null }, "geometry": { "type": "Point", "coordinates": [ 34.7568555, -0.0919364 ] } },
{ "type": "Feature", "properties": { "osm_id": 10926260751, "latitude": -0.0923132, "longitude": 34.7562933, "name": "Transafrica Motors", "shop_type": "car", "amenity": null, "opening_hours": null }, "geometry": { "type": "Point", "coordinates": [ 34.7562933, -0.0923132 ] } },
{ "type": "Feature", "properties": { "osm_id": 10928722539, "latitude": -0.0904257, "longitude": 34.7567675, "name": "Pabari Enterprises", "shop_type": "hardware", "amenity": null, "opening_hours": null }, "geometry": { "type": "Point", "coordinates": [ 34.7567675, -0.0904257 ] } },
{ "type": "Feature", "properties": { "osm_id": 10928722540, "latitude": -0.0902484, "longitude": 34.7568175, "name": "Basco Products Ltd", "shop_type": "paint", "amenity": null, "opening_hours": null }, "geometry": { "type": "Point", "coordinates": [ 34.7568175, -0.0902484 ] } },
{ "type": "Feature", "properties": { "osm_id": 10928722541, "latitude": -0.089964, "longitude": 34.7569166, "name": "Kifaru Enterprises", "shop_type": "hardware", "amenity": null, "opening_hours": null }, "geometry": { "type": "Point", "coordinates": [ 34.7569166, -0.089964 ] } },
{ "type": "Feature", "properties": { "osm_id": 10928804983, "latitude": -0.1069655, "longitude": 34.752007, "name": "TACC store Tiles & carpets", "shop_type": "carpet", "amenity": null, "opening_hours": null }, "geometry": { "type": "Point", "coordinates": [ 34.752007, -0.1069655 ] } },
{ "type": "Feature", "properties": { "osm_id": 10928805128, "latitude": -0.0905417, "longitude": 34.756741, "name": "TACC collection point", "shop_type": "interior_decoration", "amenity": null, "opening_hours": null }, "geometry": { "type": "Point", "coordinates": [ 34.756741, -0.0905417 ] } },
{ "type": "Feature", "properties": { "osm_id": 10928805131, "latitude": -0.0909562, "longitude": 34.7565784, "name": "Sunbake Enterprises", "shop_type": "wholesale", "amenity": null, "opening_hours": null }, "geometry": { "type": "Point", "coordinates": [ 34.7565784, -0.0909562 ] } },
{ "type": "Feature", "properties": { "osm_id": 10928805132, "latitude": -0.09146, "longitude": 34.756338, "name": "Nyanza Sugar & produce Ltd", "shop_type": "farm", "amenity": null, "opening_hours": null }, "geometry": { "type": "Point", "coordinates": [ 34.756338, -0.09146 ] } },
{ "type": "Feature", "properties": { "osm_id": 10928805133, "latitude": -0.091586, "longitude": 34.756267, "name": "Kenya Wine Agencies Ltd", "shop_type": "alcohol", "amenity": null, "opening_hours": null }, "geometry": { "type": "Point", "coordinates": [ 34.756267, -0.091586 ] } },
{ "type": "Feature", "properties": { "osm_id": 10928805134, "latitude": -0.0917394, "longitude": 34.7562257, "name": "Extec Construction Marketplace", "shop_type": "hardware", "amenity": null, "opening_hours": null }, "geometry": { "type": "Point", "coordinates": [ 34.7562257, -0.0917394 ] } },
{ "type": "Feature", "properties": { "osm_id": 10928805135, "latitude": -0.0918287, "longitude": 34.7561593, "name": "Mjengo Supermart Ltd", "shop_type": "hardware", "amenity": null, "opening_hours": null }, "geometry": { "type": "Point", "coordinates": [ 34.7561593, -0.0918287 ] } },
{ "type": "Feature", "properties": { "osm_id": 10928805137, "latitude": -0.092431, "longitude": 34.7561777, "name": "SHL Kenya", "shop_type": "hardware", "amenity": null, "opening_hours": null }, "geometry": { "type": "Point", "coordinates": [ 34.7561777, -0.092431 ] } },
{ "type": "Feature", "properties": { "osm_id": 10928805138, "latitude": -0.0925204, "longitude": 34.7560861, "name": "Kisumu Shiva Enterprises", "shop_type": "hardware", "amenity": null, "opening_hours": null }, "geometry": { "type": "Point", "coordinates": [ 34.7560861, -0.0925204 ] } },
{ "type": "Feature", "properties": { "osm_id": 10928805139, "latitude": -0.0922295, "longitude": 34.7564204, "name": "Victoria Enterprises", "shop_type": "hardware", "amenity": null, "opening_hours": null }, "geometry": { "type": "Point", "coordinates": [ 34.7564204, -0.0922295 ] } },
{ "type": "Feature", "properties": { "osm_id": 10928935692, "latitude": -0.0979224, "longitude": 34.7512343, "name": "Mawele Wines & Spirits", "shop_type": "alcohol", "amenity": null, "opening_hours": null }, "geometry": { "type": "Point", "coordinates": [ 34.7512343, -0.0979224 ] } },
{ "type": "Feature", "properties": { "osm_id": 10928935693, "latitude": -0.0979792, "longitude": 34.7512878, "name": "Paul Packaging Items", "shop_type": "wholesale", "amenity": null, "opening_hours": null }, "geometry": { "type": "Point", "coordinates": [ 34.7512878, -0.0979792 ] } },
{ "type": "Feature", "properties": { "osm_id": 10928935694, "latitude": -0.0980693, "longitude": 34.7513779, "name": "Neeshee Enterprises", "shop_type": "hardware", "amenity": null, "opening_hours": null }, "geometry": { "type": "Point", "coordinates": [ 34.7513779, -0.0980693 ] } },
{ "type": "Feature", "properties": { "osm_id": 10928935695, "latitude": -0.0980372, "longitude": 34.7550798, "name": null, "shop_type": "kiosk", "amenity": null, "opening_hours": null }, "geometry": { "type": "Point", "coordinates": [ 34.7550798, -0.0980372 ] } },
{ "type": "Feature", "properties": { "osm_id": 10928935696, "latitude": -0.0979593, "longitude": 34.7550042, "name": "Apechem Agrovet", "shop_type": "agrarian", "amenity": null, "opening_hours": null }, "geometry": { "type": "Point", "coordinates": [ 34.7550042, -0.0979593 ] } },
{ "type": "Feature", "properties": { "osm_id": 10928935697, "latitude": -0.0976639, "longitude": 34.7547065, "name": "Tyretec", "shop_type": "tyres", "amenity": null, "opening_hours": null }, "geometry": { "type": "Point", "coordinates": [ 34.7547065, -0.0976639 ] } },
{ "type": "Feature", "properties": { "osm_id": 10928935698, "latitude": -0.097712, "longitude": 34.7547569, "name": "Victory Tools & Machinery", "shop_type": "doityourself", "amenity": null, "opening_hours": null }, "geometry": { "type": "Point", "coordinates": [ 34.7547569, -0.097712 ] } },
{ "type": "Feature", "properties": { "osm_id": 10928935700, "latitude": -0.0990434, "longitude": 34.7507193, "name": "Plascon", "shop_type": "paint", "amenity": null, "opening_hours": null }, "geometry": { "type": "Point", "coordinates": [ 34.7507193, -0.0990434 ] } },
{ "type": "Feature", "properties": { "osm_id": 10928935701, "latitude": -0.0987276, "longitude": 34.7509417, "name": "Prahant", "shop_type": "hardware", "amenity": null, "opening_hours": null }, "geometry": { "type": "Point", "coordinates": [ 34.7509417, -0.0987276 ] } },
{ "type": "Feature", "properties": { "osm_id": 10928935702, "latitude": -0.0984191, "longitude": 34.7516943, "name": "Pelger Paints", "shop_type": "paint", "amenity": null, "opening_hours": null }, "geometry": { "type": "Point", "coordinates": [ 34.7516943, -0.0984191 ] } },
{ "type": "Feature", "properties": { "osm_id": 10928935703, "latitude": -0.0982708, "longitude": 34.7515703, "name": "ANVI Emporium", "shop_type": "hardware", "amenity": null, "opening_hours": null }, "geometry": { "type": "Point", "coordinates": [ 34.7515703, -0.0982708 ] } },
{ "type": "Feature", "properties": { "osm_id": 10928935961, "latitude": -0.0981696, "longitude": 34.7516986, "name": "Salpro Kisumu Ltd", "shop_type": "wholesale", "amenity": null, "opening_hours": null }, "geometry": { "type": "Point", "coordinates": [ 34.7516986, -0.0981696 ] } },
{ "type": "Feature", "properties": { "osm_id": 10928935962, "latitude": -0.0979843, "longitude": 34.7518953, "name": "Menengai Hardware", "shop_type": "hardware", "amenity": null, "opening_hours": null }, "geometry": { "type": "Point", "coordinates": [ 34.7518953, -0.0979843 ] } },
{ "type": "Feature", "properties": { "osm_id": 10928935963, "latitude": -0.0981497, "longitude": 34.7519994, "name": "Pelger Paints Kisumu Depot", "shop_type": "paint", "amenity": null, "opening_hours": null }, "geometry": { "type": "Point", "coordinates": [ 34.7519994, -0.0981497 ] } },
{ "type": "Feature", "properties": { "osm_id": 10928935964, "latitude": -0.0980627, "longitude": 34.7520937, "name": "Shashank Hardware & General Store", "shop_type": "hardware", "amenity": null, "opening_hours": null }, "geometry": { "type": "Point", "coordinates": [ 34.7520937, -0.0980627 ] } },
{ "type": "Feature", "properties": { "osm_id": 10928935965, "latitude": -0.0979875, "longitude": 34.7521788, "name": "Nayosa Enterprises", "shop_type": "hardware", "amenity": null, "opening_hours": null }, "geometry": { "type": "Point", "coordinates": [ 34.7521788, -0.0979875 ] } },
{ "type": "Feature", "properties": { "osm_id": 10929001180, "latitude": -0.1000659, "longitude": 34.7540821, "name": "Kogalo Curtains", "shop_type": "curtain", "amenity": null, "opening_hours": null }, "geometry": { "type": "Point", "coordinates": [ 34.7540821, -0.1000659 ] } },
{ "type": "Feature", "properties": { "osm_id": 10929001181, "latitude": -0.1000062, "longitude": 34.7541442, "name": "Kogalo electronics", "shop_type": "electronics", "amenity": null, "opening_hours": null }, "geometry": { "type": "Point", "coordinates": [ 34.7541442, -0.1000062 ] } },
{ "type": "Feature", "properties": { "osm_id": 10929030250, "latitude": -0.0997324, "longitude": 34.7544796, "name": null, "shop_type": "bag", "amenity": null, "opening_hours": null }, "geometry": { "type": "Point", "coordinates": [ 34.7544796, -0.0997324 ] } },
{ "type": "Feature", "properties": { "osm_id": 10929030251, "latitude": -0.0998204, "longitude": 34.7543522, "name": "Eastleigh Market Centre", "shop_type": "yes", "amenity": null, "opening_hours": null }, "geometry": { "type": "Point", "coordinates": [ 34.7543522, -0.0998204 ] } },
{ "type": "Feature", "properties": { "osm_id": 10929045351, "latitude": -0.1002687, "longitude": 34.7539365, "name": "Syinix", "shop_type": "electronics", "amenity": null, "opening_hours": null }, "geometry": { "type": "Point", "coordinates": [ 34.7539365, -0.1002687 ] } },
{ "type": "Feature", "properties": { "osm_id": 10929045353, "latitude": -0.1001559, "longitude": 34.7537835, "name": null, "shop_type": "curtain", "amenity": null, "opening_hours": null }, "geometry": { "type": "Point", "coordinates": [ 34.7537835, -0.1001559 ] } },
{ "type": "Feature", "properties": { "osm_id": 10929341676, "latitude": -0.0996786, "longitude": 34.7544294, "name": "BAYAN elecrticals", "shop_type": "electronics", "amenity": null, "opening_hours": null }, "geometry": { "type": "Point", "coordinates": [ 34.7544294, -0.0996786 ] } },
{ "type": "Feature", "properties": { "osm_id": 10929341677, "latitude": -0.0995173, "longitude": 34.7544415, "name": null, "shop_type": "clothes", "amenity": null, "opening_hours": null }, "geometry": { "type": "Point", "coordinates": [ 34.7544415, -0.0995173 ] } },
{ "type": "Feature", "properties": { "osm_id": 10929341678, "latitude": -0.0994222, "longitude": 34.7543662, "name": null, "shop_type": "clothes", "amenity": null, "opening_hours": null }, "geometry": { "type": "Point", "coordinates": [ 34.7543662, -0.0994222 ] } },
{ "type": "Feature", "properties": { "osm_id": 10929341679, "latitude": -0.099391, "longitude": 34.7543361, "name": null, "shop_type": "clothes", "amenity": null, "opening_hours": null }, "geometry": { "type": "Point", "coordinates": [ 34.7543361, -0.099391 ] } },
{ "type": "Feature", "properties": { "osm_id": 10929341680, "latitude": -0.1001864, "longitude": 34.7553457, "name": "Uholo general stores", "shop_type": "hardware", "amenity": null, "opening_hours": null }, "geometry": { "type": "Point", "coordinates": [ 34.7553457, -0.1001864 ] } },
{ "type": "Feature", "properties": { "osm_id": 10929386734, "latitude": -0.0817002, "longitude": 34.728582, "name": "Amni Tours", "shop_type": "travel_agency", "amenity": null, "opening_hours": null }, "geometry": { "type": "Point", "coordinates": [ 34.728582, -0.0817002 ] } },
{ "type": "Feature", "properties": { "osm_id": 10929386735, "latitude": -0.0819613, "longitude": 34.7287079, "name": "Flagship Travels", "shop_type": "travel_agency", "amenity": null, "opening_hours": null }, "geometry": { "type": "Point", "coordinates": [ 34.7287079, -0.0819613 ] } },
{ "type": "Feature", "properties": { "osm_id": 10929388942, "latitude": -0.0999149, "longitude": 34.7599992, "name": "Kabala Electronics", "shop_type": "electronics", "amenity": null, "opening_hours": null }, "geometry": { "type": "Point", "coordinates": [ 34.7599992, -0.0999149 ] } },
{ "type": "Feature", "properties": { "osm_id": 10929388944, "latitude": -0.0997963, "longitude": 34.7601061, "name": "Waasafi Travel & Tours", "shop_type": "travel_agency", "amenity": null, "opening_hours": null }, "geometry": { "type": "Point", "coordinates": [ 34.7601061, -0.0997963 ] } },
{ "type": "Feature", "properties": { "osm_id": 10929388945, "latitude": -0.0995626, "longitude": 34.7600459, "name": "Highway electronics", "shop_type": "electronics", "amenity": null, "opening_hours": null }, "geometry": { "type": "Point", "coordinates": [ 34.7600459, -0.0995626 ] } },
{ "type": "Feature", "properties": { "osm_id": 10931608140, "latitude": -0.079045, "longitude": 34.7842446, "name": "Ben Ten Stores", "shop_type": "yes", "amenity": null, "opening_hours": null }, "geometry": { "type": "Point", "coordinates": [ 34.7842446, -0.079045 ] } },
{ "type": "Feature", "properties": { "osm_id": 10931608141, "latitude": -0.078952, "longitude": 34.7843248, "name": "Boom Mart", "shop_type": "supermarket", "amenity": null, "opening_hours": null }, "geometry": { "type": "Point", "coordinates": [ 34.7843248, -0.078952 ] } },
{ "type": "Feature", "properties": { "osm_id": 10931608142, "latitude": -0.0804934, "longitude": 34.7845008, "name": null, "shop_type": "alcohol", "amenity": null, "opening_hours": null }, "geometry": { "type": "Point", "coordinates": [ 34.7845008, -0.0804934 ] } },
{ "type": "Feature", "properties": { "osm_id": 10931608143, "latitude": -0.0805919, "longitude": 34.7845031, "name": null, "shop_type": "alcohol", "amenity": null, "opening_hours": null }, "geometry": { "type": "Point", "coordinates": [ 34.7845031, -0.0805919 ] } },
{ "type": "Feature", "properties": { "osm_id": 10931608144, "latitude": -0.0799828, "longitude": 34.7850046, "name": null, "shop_type": "alcohol", "amenity": null, "opening_hours": null }, "geometry": { "type": "Point", "coordinates": [ 34.7850046, -0.0799828 ] } },
{ "type": "Feature", "properties": { "osm_id": 10931626861, "latitude": -0.102373, "longitude": 34.7528601, "name": null, "shop_type": "clothes", "amenity": null, "opening_hours": null }, "geometry": { "type": "Point", "coordinates": [ 34.7528601, -0.102373 ] } },
{ "type": "Feature", "properties": { "osm_id": 10931626862, "latitude": -0.1024229, "longitude": 34.7528715, "name": null, "shop_type": "clothes", "amenity": null, "opening_hours": null }, "geometry": { "type": "Point", "coordinates": [ 34.7528715, -0.1024229 ] } },
{ "type": "Feature", "properties": { "osm_id": 10931626863, "latitude": -0.1024813, "longitude": 34.7528928, "name": null, "shop_type": "clothes", "amenity": null, "opening_hours": null }, "geometry": { "type": "Point", "coordinates": [ 34.7528928, -0.1024813 ] } },
{ "type": "Feature", "properties": { "osm_id": 10931626864, "latitude": -0.1025426, "longitude": 34.7529085, "name": null, "shop_type": "clothes", "amenity": null, "opening_hours": null }, "geometry": { "type": "Point", "coordinates": [ 34.7529085, -0.1025426 ] } },
{ "type": "Feature", "properties": { "osm_id": 10931626865, "latitude": -0.1021036, "longitude": 34.7528144, "name": null, "shop_type": "clothes", "amenity": null, "opening_hours": null }, "geometry": { "type": "Point", "coordinates": [ 34.7528144, -0.1021036 ] } },
{ "type": "Feature", "properties": { "osm_id": 10931626866, "latitude": -0.1021649, "longitude": 34.7528216, "name": null, "shop_type": "clothes", "amenity": null, "opening_hours": null }, "geometry": { "type": "Point", "coordinates": [ 34.7528216, -0.1021649 ] } },
{ "type": "Feature", "properties": { "osm_id": 10931626867, "latitude": -0.1022105, "longitude": 34.752833, "name": null, "shop_type": "clothes", "amenity": null, "opening_hours": null }, "geometry": { "type": "Point", "coordinates": [ 34.752833, -0.1022105 ] } },
{ "type": "Feature", "properties": { "osm_id": 10931626868, "latitude": -0.1022604, "longitude": 34.752833, "name": null, "shop_type": "clothes", "amenity": null, "opening_hours": null }, "geometry": { "type": "Point", "coordinates": [ 34.752833, -0.1022604 ] } },
{ "type": "Feature", "properties": { "osm_id": 10931626869, "latitude": -0.1026567, "longitude": 34.7529698, "name": null, "shop_type": "clothes", "amenity": null, "opening_hours": null }, "geometry": { "type": "Point", "coordinates": [ 34.7529698, -0.1026567 ] } },
{ "type": "Feature", "properties": { "osm_id": 10931626870, "latitude": -0.1027308, "longitude": 34.7529983, "name": null, "shop_type": "clothes", "amenity": null, "opening_hours": null }, "geometry": { "type": "Point", "coordinates": [ 34.7529983, -0.1027308 ] } },
{ "type": "Feature", "properties": { "osm_id": 10931690116, "latitude": -0.0581104, "longitude": 34.7848877, "name": "Sunny Botique", "shop_type": "beauty", "amenity": null, "opening_hours": null }, "geometry": { "type": "Point", "coordinates": [ 34.7848877, -0.0581104 ] } },
{ "type": "Feature", "properties": { "osm_id": 10931690117, "latitude": -0.0581451, "longitude": 34.7848082, "name": "Famaroma Enterprises", "shop_type": "kiosk", "amenity": null, "opening_hours": null }, "geometry": { "type": "Point", "coordinates": [ 34.7848082, -0.0581451 ] } },
{ "type": "Feature", "properties": { "osm_id": 10931690118, "latitude": -0.0612725, "longitude": 34.7798423, "name": "Singo Butchery", "shop_type": "butcher", "amenity": null, "opening_hours": null }, "geometry": { "type": "Point", "coordinates": [ 34.7798423, -0.0612725 ] } },
{ "type": "Feature", "properties": { "osm_id": 10933936608, "latitude": -0.1038252, "longitude": 34.7535126, "name": null, "shop_type": "clothes", "amenity": null, "opening_hours": null }, "geometry": { "type": "Point", "coordinates": [ 34.7535126, -0.1038252 ] } },
{ "type": "Feature", "properties": { "osm_id": 10933936609, "latitude": -0.1039695, "longitude": 34.7535739, "name": null, "shop_type": "clothes", "amenity": null, "opening_hours": null }, "geometry": { "type": "Point", "coordinates": [ 34.7535739, -0.1039695 ] } },
{ "type": "Feature", "properties": { "osm_id": 10933936610, "latitude": -0.1040802, "longitude": 34.7536411, "name": null, "shop_type": "clothes", "amenity": null, "opening_hours": null }, "geometry": { "type": "Point", "coordinates": [ 34.7536411, -0.1040802 ] } },
{ "type": "Feature", "properties": { "osm_id": 10933997335, "latitude": -0.0837085, "longitude": 34.7750833, "name": "Jak hardware &steel", "shop_type": "hardware", "amenity": null, "opening_hours": null }, "geometry": { "type": "Point", "coordinates": [ 34.7750833, -0.0837085 ] } },
{ "type": "Feature", "properties": { "osm_id": 10933997336, "latitude": -0.0838499, "longitude": 34.7746309, "name": "Kasule Hardware", "shop_type": "hardware", "amenity": null, "opening_hours": null }, "geometry": { "type": "Point", "coordinates": [ 34.7746309, -0.0838499 ] } },
{ "type": "Feature", "properties": { "osm_id": 10933997337, "latitude": -0.0838278, "longitude": 34.7747072, "name": "Jossy G Traders Shop", "shop_type": "kiosk", "amenity": null, "opening_hours": null }, "geometry": { "type": "Point", "coordinates": [ 34.7747072, -0.0838278 ] } },
{ "type": "Feature", "properties": { "osm_id": 10933997338, "latitude": -0.083909, "longitude": 34.7747232, "name": "poa household ltd.", "shop_type": "houseware", "amenity": null, "opening_hours": null }, "geometry": { "type": "Point", "coordinates": [ 34.7747232, -0.083909 ] } },
{ "type": "Feature", "properties": { "osm_id": 10933997339, "latitude": -0.0837724, "longitude": 34.7748155, "name": "Floorwell creations Ltd.", "shop_type": "tiles", "amenity": null, "opening_hours": null }, "geometry": { "type": "Point", "coordinates": [ 34.7748155, -0.0837724 ] } },
{ "type": "Feature", "properties": { "osm_id": 10933997342, "latitude": -0.0834134, "longitude": 34.7749819, "name": "Giama solutions clothing", "shop_type": "clothes", "amenity": null, "opening_hours": null }, "geometry": { "type": "Point", "coordinates": [ 34.7749819, -0.0834134 ] } },
{ "type": "Feature", "properties": { "osm_id": 10933997344, "latitude": -0.0833781, "longitude": 34.7750547, "name": "wema feeds", "shop_type": "agrarian", "amenity": null, "opening_hours": null }, "geometry": { "type": "Point", "coordinates": [ 34.7750547, -0.0833781 ] } },
{ "type": "Feature", "properties": { "osm_id": 10933997347, "latitude": -0.0833423, "longitude": 34.7751861, "name": "Wise choice Kenya bakeries", "shop_type": "bakery", "amenity": null, "opening_hours": null }, "geometry": { "type": "Point", "coordinates": [ 34.7751861, -0.0833423 ] } },
{ "type": "Feature", "properties": { "osm_id": 10933997348, "latitude": -0.0833314, "longitude": 34.7752213, "name": "Kosogo wines and spitits", "shop_type": "alcohol", "amenity": null, "opening_hours": null }, "geometry": { "type": "Point", "coordinates": [ 34.7752213, -0.0833314 ] } },
{ "type": "Feature", "properties": { "osm_id": 10933997352, "latitude": -0.0832553, "longitude": 34.7752784, "name": "G net general supplies", "shop_type": "yes", "amenity": null, "opening_hours": null }, "geometry": { "type": "Point", "coordinates": [ 34.7752784, -0.0832553 ] } },
{ "type": "Feature", "properties": { "osm_id": 10933997353, "latitude": -0.083293, "longitude": 34.7753074, "name": "New siana Electronics", "shop_type": "electronics", "amenity": null, "opening_hours": null }, "geometry": { "type": "Point", "coordinates": [ 34.7753074, -0.083293 ] } },
{ "type": "Feature", "properties": { "osm_id": 10933997354, "latitude": -0.0832826, "longitude": 34.7753358, "name": "Fricada Liquor baze", "shop_type": "alcohol", "amenity": null, "opening_hours": null }, "geometry": { "type": "Point", "coordinates": [ 34.7753358, -0.0832826 ] } },
{ "type": "Feature", "properties": { "osm_id": 10933997357, "latitude": -0.0827593, "longitude": 34.7776172, "name": "Joroma trading company", "shop_type": "motorcycle_repair", "amenity": null, "opening_hours": null }, "geometry": { "type": "Point", "coordinates": [ 34.7776172, -0.0827593 ] } },
{ "type": "Feature", "properties": { "osm_id": 10933998079, "latitude": -0.0816187, "longitude": 34.7796458, "name": "Y&M wines and spirits", "shop_type": "alcohol", "amenity": null, "opening_hours": null }, "geometry": { "type": "Point", "coordinates": [ 34.7796458, -0.0816187 ] } },
{ "type": "Feature", "properties": { "osm_id": 10936324381, "latitude": -0.084615, "longitude": 34.7731527, "name": "Yurop butchery", "shop_type": "butcher", "amenity": null, "opening_hours": null }, "geometry": { "type": "Point", "coordinates": [ 34.7731527, -0.084615 ] } },
{ "type": "Feature", "properties": { "osm_id": 10936324382, "latitude": -0.084662, "longitude": 34.7731092, "name": "Kinyila auto tyres", "shop_type": "tyres", "amenity": null, "opening_hours": null }, "geometry": { "type": "Point", "coordinates": [ 34.7731092, -0.084662 ] } },
{ "type": "Feature", "properties": { "osm_id": 10936324383, "latitude": -0.0846798, "longitude": 34.7730862, "name": null, "shop_type": "hairdresser", "amenity": null, "opening_hours": null }, "geometry": { "type": "Point", "coordinates": [ 34.7730862, -0.0846798 ] } },
{ "type": "Feature", "properties": { "osm_id": 10936324384, "latitude": -0.0846984, "longitude": 34.7730737, "name": null, "shop_type": "kiosk", "amenity": null, "opening_hours": null }, "geometry": { "type": "Point", "coordinates": [ 34.7730737, -0.0846984 ] } },
{ "type": "Feature", "properties": { "osm_id": 10936324385, "latitude": -0.0846984, "longitude": 34.7730489, "name": null, "shop_type": "kiosk", "amenity": null, "opening_hours": null }, "geometry": { "type": "Point", "coordinates": [ 34.7730489, -0.0846984 ] } },
{ "type": "Feature", "properties": { "osm_id": 10936335484, "latitude": -0.0800925, "longitude": 34.7842398, "name": null, "shop_type": "kiosk", "amenity": null, "opening_hours": null }, "geometry": { "type": "Point", "coordinates": [ 34.7842398, -0.0800925 ] } },
{ "type": "Feature", "properties": { "osm_id": 10936335485, "latitude": -0.0801022, "longitude": 34.7841911, "name": null, "shop_type": "kiosk", "amenity": null, "opening_hours": null }, "geometry": { "type": "Point", "coordinates": [ 34.7841911, -0.0801022 ] } },
{ "type": "Feature", "properties": { "osm_id": 10936335486, "latitude": -0.0801254, "longitude": 34.7841498, "name": null, "shop_type": "kiosk", "amenity": null, "opening_hours": null }, "geometry": { "type": "Point", "coordinates": [ 34.7841498, -0.0801254 ] } },
{ "type": "Feature", "properties": { "osm_id": 10936335487, "latitude": -0.0800816, "longitude": 34.7842897, "name": null, "shop_type": "kiosk", "amenity": null, "opening_hours": null }, "geometry": { "type": "Point", "coordinates": [ 34.7842897, -0.0800816 ] } },
{ "type": "Feature", "properties": { "osm_id": 10936335493, "latitude": -0.0802045, "longitude": 34.7834219, "name": "lagos laundry", "shop_type": "laundry", "amenity": null, "opening_hours": null }, "geometry": { "type": "Point", "coordinates": [ 34.7834219, -0.0802045 ] } },
{ "type": "Feature", "properties": { "osm_id": 10936335494, "latitude": -0.0802288, "longitude": 34.7833825, "name": null, "shop_type": "clothes", "amenity": null, "opening_hours": null }, "geometry": { "type": "Point", "coordinates": [ 34.7833825, -0.0802288 ] } },
{ "type": "Feature", "properties": { "osm_id": 10936335495, "latitude": -0.0801181, "longitude": 34.7835315, "name": "Omiti & Son hardware", "shop_type": "hardware", "amenity": null, "opening_hours": null }, "geometry": { "type": "Point", "coordinates": [ 34.7835315, -0.0801181 ] } },
{ "type": "Feature", "properties": { "osm_id": 10936347161, "latitude": -0.0820743, "longitude": 34.7786704, "name": "Fourems holdings", "shop_type": "kiosk", "amenity": null, "opening_hours": null }, "geometry": { "type": "Point", "coordinates": [ 34.7786704, -0.0820743 ] } },
{ "type": "Feature", "properties": { "osm_id": 10936347164, "latitude": -0.0819088, "longitude": 34.7788439, "name": "Grace Shop", "shop_type": "yes", "amenity": null, "opening_hours": null }, "geometry": { "type": "Point", "coordinates": [ 34.7788439, -0.0819088 ] } },
{ "type": "Feature", "properties": { "osm_id": 10936347165, "latitude": -0.0818571, "longitude": 34.7788406, "name": null, "shop_type": "butcher", "amenity": null, "opening_hours": null }, "geometry": { "type": "Point", "coordinates": [ 34.7788406, -0.0818571 ] } },
{ "type": "Feature", "properties": { "osm_id": 10936347166, "latitude": -0.0790444, "longitude": 34.7845388, "name": "sawa sawa wines & Spirits", "shop_type": "alcohol", "amenity": null, "opening_hours": null }, "geometry": { "type": "Point", "coordinates": [ 34.7845388, -0.0790444 ] } },
{ "type": "Feature", "properties": { "osm_id": 10936347167, "latitude": -0.0791118, "longitude": 34.7844936, "name": "Hills mount super butchery", "shop_type": "butcher", "amenity": null, "opening_hours": null }, "geometry": { "type": "Point", "coordinates": [ 34.7844936, -0.0791118 ] } },
{ "type": "Feature", "properties": { "osm_id": 10936347168, "latitude": -0.0791553, "longitude": 34.7844838, "name": null, "shop_type": "hairdresser", "amenity": null, "opening_hours": null }, "geometry": { "type": "Point", "coordinates": [ 34.7844838, -0.0791553 ] } },
{ "type": "Feature", "properties": { "osm_id": 10936347170, "latitude": -0.0792023, "longitude": 34.7844802, "name": "mkubwa beauty parlour", "shop_type": "beauty", "amenity": null, "opening_hours": null }, "geometry": { "type": "Point", "coordinates": [ 34.7844802, -0.0792023 ] } },
{ "type": "Feature", "properties": { "osm_id": 10936347171, "latitude": -0.0792236, "longitude": 34.7844412, "name": "oyoma butchery", "shop_type": "butcher", "amenity": null, "opening_hours": null }, "geometry": { "type": "Point", "coordinates": [ 34.7844412, -0.0792236 ] } },
{ "type": "Feature", "properties": { "osm_id": 10936347172, "latitude": -0.079252, "longitude": 34.7844696, "name": "touch of class", "shop_type": "hairdresser", "amenity": null, "opening_hours": null }, "geometry": { "type": "Point", "coordinates": [ 34.7844696, -0.079252 ] } },
{ "type": "Feature", "properties": { "osm_id": 10936347173, "latitude": -0.0793168, "longitude": 34.7844421, "name": null, "shop_type": "agrarian", "amenity": null, "opening_hours": null }, "geometry": { "type": "Point", "coordinates": [ 34.7844421, -0.0793168 ] } },
{ "type": "Feature", "properties": { "osm_id": 10936347175, "latitude": -0.0798908, "longitude": 34.7841103, "name": "underground barber shop", "shop_type": "hairdresser", "amenity": null, "opening_hours": null }, "geometry": { "type": "Point", "coordinates": [ 34.7841103, -0.0798908 ] } },
{ "type": "Feature", "properties": { "osm_id": 10936347176, "latitude": -0.0800683, "longitude": 34.7844847, "name": "Adonai communications", "shop_type": "telecommunication", "amenity": null, "opening_hours": null }, "geometry": { "type": "Point", "coordinates": [ 34.7844847, -0.0800683 ] } },
{ "type": "Feature", "properties": { "osm_id": 10936347177, "latitude": -0.0801171, "longitude": 34.7844838, "name": null, "shop_type": "fabric", "amenity": null, "opening_hours": null }, "geometry": { "type": "Point", "coordinates": [ 34.7844838, -0.0801171 ] } },
{ "type": "Feature", "properties": { "osm_id": 10936347178, "latitude": -0.080149, "longitude": 34.7844847, "name": null, "shop_type": "clothes", "amenity": null, "opening_hours": null }, "geometry": { "type": "Point", "coordinates": [ 34.7844847, -0.080149 ] } },
{ "type": "Feature", "properties": { "osm_id": 10936347179, "latitude": -0.0801958, "longitude": 34.7844871, "name": null, "shop_type": "beauty", "amenity": null, "opening_hours": null }, "geometry": { "type": "Point", "coordinates": [ 34.7844871, -0.0801958 ] } },
{ "type": "Feature", "properties": { "osm_id": 10936347180, "latitude": -0.0802617, "longitude": 34.7844952, "name": null, "shop_type": "butcher", "amenity": null, "opening_hours": null }, "geometry": { "type": "Point", "coordinates": [ 34.7844952, -0.0802617 ] } },
{ "type": "Feature", "properties": { "osm_id": 10936347181, "latitude": -0.0801064, "longitude": 34.7845388, "name": "Amazone Entertainment", "shop_type": "video", "amenity": null, "opening_hours": null }, "geometry": { "type": "Point", "coordinates": [ 34.7845388, -0.0801064 ] } },
{ "type": "Feature", "properties": { "osm_id": 10936347182, "latitude": -0.0801659, "longitude": 34.7845353, "name": "OJ Movies & Cosmetics", "shop_type": "video", "amenity": null, "opening_hours": null }, "geometry": { "type": "Point", "coordinates": [ 34.7845353, -0.0801659 ] } },
{ "type": "Feature", "properties": { "osm_id": 10936347183, "latitude": -0.0800498, "longitude": 34.7845628, "name": "Kharissa interior decor", "shop_type": "interior_decoration", "amenity": null, "opening_hours": null }, "geometry": { "type": "Point", "coordinates": [ 34.7845628, -0.0800498 ] } },
{ "type": "Feature", "properties": { "osm_id": 10936347184, "latitude": -0.0800343, "longitude": 34.7846086, "name": null, "shop_type": "hairdresser", "amenity": null, "opening_hours": null }, "geometry": { "type": "Point", "coordinates": [ 34.7846086, -0.0800343 ] } },
{ "type": "Feature", "properties": { "osm_id": 10936347185, "latitude": -0.079985, "longitude": 34.784734, "name": "Johns Liquor", "shop_type": "alcohol", "amenity": null, "opening_hours": null }, "geometry": { "type": "Point", "coordinates": [ 34.784734, -0.079985 ] } },
{ "type": "Feature", "properties": { "osm_id": 10936347186, "latitude": -0.080018, "longitude": 34.7846405, "name": "chicken shop", "shop_type": "farm", "amenity": null, "opening_hours": null }, "geometry": { "type": "Point", "coordinates": [ 34.7846405, -0.080018 ] } },
{ "type": "Feature", "properties": { "osm_id": 10936347187, "latitude": -0.0800042, "longitude": 34.7846771, "name": "Emmy John's Gas center", "shop_type": "gas", "amenity": null, "opening_hours": null }, "geometry": { "type": "Point", "coordinates": [ 34.7846771, -0.0800042 ] } },
{ "type": "Feature", "properties": { "osm_id": 10936347188, "latitude": -0.0799266, "longitude": 34.7842408, "name": "Geno pork & Chicken", "shop_type": "butcher", "amenity": null, "opening_hours": null }, "geometry": { "type": "Point", "coordinates": [ 34.7842408, -0.0799266 ] } },
{ "type": "Feature", "properties": { "osm_id": 10936384845, "latitude": -0.0799635, "longitude": 34.7847827, "name": null, "shop_type": "clothes", "amenity": null, "opening_hours": null }, "geometry": { "type": "Point", "coordinates": [ 34.7847827, -0.0799635 ] } },
{ "type": "Feature", "properties": { "osm_id": 10936384847, "latitude": -0.0799271, "longitude": 34.7848743, "name": "mzungu pretzels", "shop_type": "houseware", "amenity": null, "opening_hours": null }, "geometry": { "type": "Point", "coordinates": [ 34.7848743, -0.0799271 ] } },
{ "type": "Feature", "properties": { "osm_id": 10936384848, "latitude": -0.0799089, "longitude": 34.7849246, "name": "Nancyto wines & Spirits", "shop_type": "alcohol", "amenity": null, "opening_hours": null }, "geometry": { "type": "Point", "coordinates": [ 34.7849246, -0.0799089 ] } },
{ "type": "Feature", "properties": { "osm_id": 10936384849, "latitude": -0.0798884, "longitude": 34.7849555, "name": "Dee's collection", "shop_type": "houseware", "amenity": null, "opening_hours": null }, "geometry": { "type": "Point", "coordinates": [ 34.7849555, -0.0798884 ] } },
{ "type": "Feature", "properties": { "osm_id": 10936384850, "latitude": -0.0798697, "longitude": 34.7849925, "name": "Tina's beauty and Fashion", "shop_type": "fashion_accessories", "amenity": null, "opening_hours": null }, "geometry": { "type": "Point", "coordinates": [ 34.7849925, -0.0798697 ] } },
{ "type": "Feature", "properties": { "osm_id": 10936384851, "latitude": -0.0800243, "longitude": 34.7847153, "name": "hope fashion and beauty", "shop_type": "fashion_accessories", "amenity": null, "opening_hours": null }, "geometry": { "type": "Point", "coordinates": [ 34.7847153, -0.0800243 ] } },
{ "type": "Feature", "properties": { "osm_id": 10936497880, "latitude": -0.0742888, "longitude": 34.7815067, "name": "ziwani butchery", "shop_type": "butcher", "amenity": null, "opening_hours": null }, "geometry": { "type": "Point", "coordinates": [ 34.7815067, -0.0742888 ] } },
{ "type": "Feature", "properties": { "osm_id": 10936497881, "latitude": -0.0745244, "longitude": 34.7818231, "name": null, "shop_type": "greengrocer", "amenity": null, "opening_hours": null }, "geometry": { "type": "Point", "coordinates": [ 34.7818231, -0.0745244 ] } },
{ "type": "Feature", "properties": { "osm_id": 10936497882, "latitude": -0.0745712, "longitude": 34.7818599, "name": null, "shop_type": "greengrocer", "amenity": null, "opening_hours": null }, "geometry": { "type": "Point", "coordinates": [ 34.7818599, -0.0745712 ] } },
{ "type": "Feature", "properties": { "osm_id": 10936507299, "latitude": -0.0745583, "longitude": 34.7816688, "name": null, "shop_type": "butcher", "amenity": null, "opening_hours": null }, "geometry": { "type": "Point", "coordinates": [ 34.7816688, -0.0745583 ] } },
{ "type": "Feature", "properties": { "osm_id": 10936507300, "latitude": -0.0745055, "longitude": 34.7816239, "name": null, "shop_type": "greengrocer", "amenity": null, "opening_hours": null }, "geometry": { "type": "Point", "coordinates": [ 34.7816239, -0.0745055 ] } },
{ "type": "Feature", "properties": { "osm_id": 10936507302, "latitude": -0.0744043, "longitude": 34.7817318, "name": "emirates shop", "shop_type": "yes", "amenity": null, "opening_hours": null }, "geometry": { "type": "Point", "coordinates": [ 34.7817318, -0.0744043 ] } },
{ "type": "Feature", "properties": { "osm_id": 10936507303, "latitude": -0.0744298, "longitude": 34.7817495, "name": null, "shop_type": "yes", "amenity": null, "opening_hours": null }, "geometry": { "type": "Point", "coordinates": [ 34.7817495, -0.0744298 ] } },
{ "type": "Feature", "properties": { "osm_id": 10936507931, "latitude": -0.0746514, "longitude": 34.7820002, "name": "cut n style", "shop_type": "hairdresser", "amenity": null, "opening_hours": null }, "geometry": { "type": "Point", "coordinates": [ 34.7820002, -0.0746514 ] } },
{ "type": "Feature", "properties": { "osm_id": 10936507933, "latitude": -0.0746393, "longitude": 34.782076, "name": "Buzz cuts", "shop_type": "hairdresser", "amenity": null, "opening_hours": null }, "geometry": { "type": "Point", "coordinates": [ 34.782076, -0.0746393 ] } },
{ "type": "Feature", "properties": { "osm_id": 10936507934, "latitude": -0.0747645, "longitude": 34.7820571, "name": "Denji Liquors", "shop_type": "alcohol", "amenity": null, "opening_hours": null }, "geometry": { "type": "Point", "coordinates": [ 34.7820571, -0.0747645 ] } },
{ "type": "Feature", "properties": { "osm_id": 10936507936, "latitude": -0.0747693, "longitude": 34.782033, "name": "classic electricals and supplies", "shop_type": "electrical", "amenity": null, "opening_hours": null }, "geometry": { "type": "Point", "coordinates": [ 34.782033, -0.0747693 ] } },
{ "type": "Feature", "properties": { "osm_id": 10936507937, "latitude": -0.0746668, "longitude": 34.7819434, "name": null, "shop_type": "kiosk", "amenity": null, "opening_hours": null }, "geometry": { "type": "Point", "coordinates": [ 34.7819434, -0.0746668 ] } },
{ "type": "Feature", "properties": { "osm_id": 10936507938, "latitude": -0.074657, "longitude": 34.781923, "name": null, "shop_type": "kiosk", "amenity": null, "opening_hours": null }, "geometry": { "type": "Point", "coordinates": [ 34.781923, -0.074657 ] } },
{ "type": "Feature", "properties": { "osm_id": 10936507939, "latitude": -0.0746685, "longitude": 34.7819043, "name": null, "shop_type": "kiosk", "amenity": null, "opening_hours": null }, "geometry": { "type": "Point", "coordinates": [ 34.7819043, -0.0746685 ] } },
{ "type": "Feature", "properties": { "osm_id": 10936507940, "latitude": -0.0746792, "longitude": 34.7817775, "name": null, "shop_type": "kiosk", "amenity": null, "opening_hours": null }, "geometry": { "type": "Point", "coordinates": [ 34.7817775, -0.0746792 ] } },
{ "type": "Feature", "properties": { "osm_id": 10936507941, "latitude": -0.0746349, "longitude": 34.7817323, "name": null, "shop_type": "butcher", "amenity": null, "opening_hours": null }, "geometry": { "type": "Point", "coordinates": [ 34.7817323, -0.0746349 ] } },
{ "type": "Feature", "properties": { "osm_id": 10936511282, "latitude": -0.074179, "longitude": 34.781443, "name": null, "shop_type": "yes", "amenity": null, "opening_hours": null }, "geometry": { "type": "Point", "coordinates": [ 34.781443, -0.074179 ] } },
{ "type": "Feature", "properties": { "osm_id": 10936643767, "latitude": -0.104621, "longitude": 34.7544042, "name": null, "shop_type": "mobile_phone", "amenity": null, "opening_hours": null }, "geometry": { "type": "Point", "coordinates": [ 34.7544042, -0.104621 ] } },
{ "type": "Feature", "properties": { "osm_id": 10936643768, "latitude": -0.1045469, "longitude": 34.7544935, "name": null, "shop_type": "mobile_phone", "amenity": null, "opening_hours": null }, "geometry": { "type": "Point", "coordinates": [ 34.7544935, -0.1045469 ] } },
{ "type": "Feature", "properties": { "osm_id": 10936643770, "latitude": -0.1045883, "longitude": 34.754535, "name": null, "shop_type": "mobile_phone", "amenity": null, "opening_hours": null }, "geometry": { "type": "Point", "coordinates": [ 34.754535, -0.1045883 ] } },
{ "type": "Feature", "properties": { "osm_id": 10936643771, "latitude": -0.1046697, "longitude": 34.7544478, "name": null, "shop_type": "computer", "amenity": null, "opening_hours": null }, "geometry": { "type": "Point", "coordinates": [ 34.7544478, -0.1046697 ] } },
{ "type": "Feature", "properties": { "osm_id": 10936643772, "latitude": -0.1046549, "longitude": 34.7545961, "name": null, "shop_type": "computer", "amenity": null, "opening_hours": null }, "geometry": { "type": "Point", "coordinates": [ 34.7545961, -0.1046549 ] } },
{ "type": "Feature", "properties": { "osm_id": 10936645858, "latitude": -0.1060772, "longitude": 34.7534689, "name": "optica", "shop_type": "optician", "amenity": null, "opening_hours": null }, "geometry": { "type": "Point", "coordinates": [ 34.7534689, -0.1060772 ] } },
{ "type": "Feature", "properties": { "osm_id": 10936645859, "latitude": -0.1062294, "longitude": 34.7529678, "name": "Bata", "shop_type": "shoes", "amenity": null, "opening_hours": null }, "geometry": { "type": "Point", "coordinates": [ 34.7529678, -0.1062294 ] } },
{ "type": "Feature", "properties": { "osm_id": 10936645863, "latitude": -0.1061528, "longitude": 34.753084, "name": "The Standard Group", "shop_type": "newsagent", "amenity": null, "opening_hours": null }, "geometry": { "type": "Point", "coordinates": [ 34.753084, -0.1061528 ] } },
{ "type": "Feature", "properties": { "osm_id": 10936645864, "latitude": -0.1071993, "longitude": 34.7520004, "name": "Kenya Airways", "shop_type": "ticket", "amenity": null, "opening_hours": null }, "geometry": { "type": "Point", "coordinates": [ 34.7520004, -0.1071993 ] } },
{ "type": "Feature", "properties": { "osm_id": 10936645865, "latitude": -0.1070889, "longitude": 34.7521329, "name": "Jambojet", "shop_type": "ticket", "amenity": null, "opening_hours": null }, "geometry": { "type": "Point", "coordinates": [ 34.7521329, -0.1070889 ] } },
{ "type": "Feature", "properties": { "osm_id": 10937101483, "latitude": -0.0811984, "longitude": 34.7805345, "name": "plascon", "shop_type": "paint", "amenity": null, "opening_hours": null }, "geometry": { "type": "Point", "coordinates": [ 34.7805345, -0.0811984 ] } },
{ "type": "Feature", "properties": { "osm_id": 10937101484, "latitude": -0.0812654, "longitude": 34.7804347, "name": null, "shop_type": "fashion_accessories", "amenity": null, "opening_hours": null }, "geometry": { "type": "Point", "coordinates": [ 34.7804347, -0.0812654 ] } },
{ "type": "Feature", "properties": { "osm_id": 10937101485, "latitude": -0.0812212, "longitude": 34.7806229, "name": null, "shop_type": "butcher", "amenity": null, "opening_hours": null }, "geometry": { "type": "Point", "coordinates": [ 34.7806229, -0.0812212 ] } },
{ "type": "Feature", "properties": { "osm_id": 10937101491, "latitude": -0.081576, "longitude": 34.780654, "name": "Tigo arts and fashion", "shop_type": "art", "amenity": null, "opening_hours": null }, "geometry": { "type": "Point", "coordinates": [ 34.780654, -0.081576 ] } },
{ "type": "Feature", "properties": { "osm_id": 10937108652, "latitude": -0.1038943, "longitude": 34.7576567, "name": "central butchery", "shop_type": "butcher", "amenity": null, "opening_hours": null }, "geometry": { "type": "Point", "coordinates": [ 34.7576567, -0.1038943 ] } },
{ "type": "Feature", "properties": { "osm_id": 10937108653, "latitude": -0.1038245, "longitude": 34.7577458, "name": "paclyosh Tatoos", "shop_type": "tattoo", "amenity": null, "opening_hours": null }, "geometry": { "type": "Point", "coordinates": [ 34.7577458, -0.1038245 ] } },
{ "type": "Feature", "properties": { "osm_id": 10937110278, "latitude": -0.1038144, "longitude": 34.7576694, "name": "The LJ Baby collections", "shop_type": "baby_goods", "amenity": null, "opening_hours": null }, "geometry": { "type": "Point", "coordinates": [ 34.7576694, -0.1038144 ] } },
{ "type": "Feature", "properties": { "osm_id": 10937110279, "latitude": -0.1037326, "longitude": 34.7577462, "name": "vana baby world", "shop_type": "baby_goods", "amenity": null, "opening_hours": null }, "geometry": { "type": "Point", "coordinates": [ 34.7577462, -0.1037326 ] } },
{ "type": "Feature", "properties": { "osm_id": 10937110280, "latitude": -0.1036697, "longitude": 34.7578227, "name": "best toto shop", "shop_type": "baby_goods", "amenity": null, "opening_hours": null }, "geometry": { "type": "Point", "coordinates": [ 34.7578227, -0.1036697 ] } },
{ "type": "Feature", "properties": { "osm_id": 10937110281, "latitude": -0.1037613, "longitude": 34.7578223, "name": "Julie's collections", "shop_type": "fashion_accessories", "amenity": null, "opening_hours": null }, "geometry": { "type": "Point", "coordinates": [ 34.7578223, -0.1037613 ] } },
{ "type": "Feature", "properties": { "osm_id": 10937110282, "latitude": -0.103563, "longitude": 34.7579487, "name": "Movies & gaming zone", "shop_type": "video_games", "amenity": null, "opening_hours": null }, "geometry": { "type": "Point", "coordinates": [ 34.7579487, -0.103563 ] } },
{ "type": "Feature", "properties": { "osm_id": 10937110284, "latitude": -0.1036912, "longitude": 34.7579028, "name": "kids avenue", "shop_type": "baby_goods", "amenity": null, "opening_hours": null }, "geometry": { "type": "Point", "coordinates": [ 34.7579028, -0.1036912 ] } },
{ "type": "Feature", "properties": { "osm_id": 10937137219, "latitude": -0.1036096, "longitude": 34.7578736, "name": "watoto wetu world", "shop_type": "baby_goods", "amenity": null, "opening_hours": null }, "geometry": { "type": "Point", "coordinates": [ 34.7578736, -0.1036096 ] } },
{ "type": "Feature", "properties": { "osm_id": 10937137220, "latitude": -0.1035646, "longitude": 34.7580245, "name": "Dots kids store", "shop_type": "baby_goods", "amenity": null, "opening_hours": null }, "geometry": { "type": "Point", "coordinates": [ 34.7580245, -0.1035646 ] } },
{ "type": "Feature", "properties": { "osm_id": 10937137221, "latitude": -0.0802225, "longitude": 34.7845398, "name": "Nana's kitchen", "shop_type": "houseware", "amenity": null, "opening_hours": null }, "geometry": { "type": "Point", "coordinates": [ 34.7845398, -0.0802225 ] } },
{ "type": "Feature", "properties": { "osm_id": 10940422989, "latitude": -0.1001313, "longitude": 34.7542516, "name": "Boqol Electronics", "shop_type": "electronics", "amenity": null, "opening_hours": null }, "geometry": { "type": "Point", "coordinates": [ 34.7542516, -0.1001313 ] } },
{ "type": "Feature", "properties": { "osm_id": 10940422990, "latitude": -0.1001586, "longitude": 34.7542081, "name": null, "shop_type": "bag", "amenity": null, "opening_hours": null }, "geometry": { "type": "Point", "coordinates": [ 34.7542081, -0.1001586 ] } },
{ "type": "Feature", "properties": { "osm_id": 10940422991, "latitude": -0.1000643, "longitude": 34.7543213, "name": null, "shop_type": "electronics", "amenity": null, "opening_hours": null }, "geometry": { "type": "Point", "coordinates": [ 34.7543213, -0.1000643 ] } },
{ "type": "Feature", "properties": { "osm_id": 10940422992, "latitude": -0.1000115, "longitude": 34.7543722, "name": null, "shop_type": "electronics", "amenity": null, "opening_hours": null }, "geometry": { "type": "Point", "coordinates": [ 34.7543722, -0.1000115 ] } },
{ "type": "Feature", "properties": { "osm_id": 10940453073, "latitude": -0.0999309, "longitude": 34.7544751, "name": null, "shop_type": "clothes", "amenity": null, "opening_hours": null }, "geometry": { "type": "Point", "coordinates": [ 34.7544751, -0.0999309 ] } },
{ "type": "Feature", "properties": { "osm_id": 10940453074, "latitude": -0.0998688, "longitude": 34.754532, "name": null, "shop_type": "clothes", "amenity": null, "opening_hours": null }, "geometry": { "type": "Point", "coordinates": [ 34.754532, -0.0998688 ] } },
{ "type": "Feature", "properties": { "osm_id": 10940453075, "latitude": -0.0997777, "longitude": 34.7547785, "name": "Max shoppers electronics", "shop_type": "electronics", "amenity": null, "opening_hours": null }, "geometry": { "type": "Point", "coordinates": [ 34.7547785, -0.0997777 ] } },
{ "type": "Feature", "properties": { "osm_id": 10940498841, "latitude": -0.0978161, "longitude": 34.7520106, "name": "Trishla wholesalers", "shop_type": "wholesale", "amenity": null, "opening_hours": null }, "geometry": { "type": "Point", "coordinates": [ 34.7520106, -0.0978161 ] } },
{ "type": "Feature", "properties": { "osm_id": 10940498842, "latitude": -0.0976581, "longitude": 34.7521602, "name": "Shajanand Ceramics & Hardware", "shop_type": "hardware", "amenity": null, "opening_hours": null }, "geometry": { "type": "Point", "coordinates": [ 34.7521602, -0.0976581 ] } },
{ "type": "Feature", "properties": { "osm_id": 10940498843, "latitude": -0.0978369, "longitude": 34.7523514, "name": "Jain Trading Ltd.", "shop_type": "wholesale", "amenity": null, "opening_hours": null }, "geometry": { "type": "Point", "coordinates": [ 34.7523514, -0.0978369 ] } },
{ "type": "Feature", "properties": { "osm_id": 10940498844, "latitude": -0.096932, "longitude": 34.7533833, "name": "Kendeep agencies", "shop_type": "wholesale", "amenity": null, "opening_hours": null }, "geometry": { "type": "Point", "coordinates": [ 34.7533833, -0.096932 ] } },
{ "type": "Feature", "properties": { "osm_id": 10940498845, "latitude": -0.0967616, "longitude": 34.7536012, "name": "Twyford Africa", "shop_type": "tiles", "amenity": null, "opening_hours": null }, "geometry": { "type": "Point", "coordinates": [ 34.7536012, -0.0967616 ] } },
{ "type": "Feature", "properties": { "osm_id": 10940498846, "latitude": -0.0967801, "longitude": 34.7532524, "name": "Victoria Bakery", "shop_type": "bakery", "amenity": null, "opening_hours": null }, "geometry": { "type": "Point", "coordinates": [ 34.7532524, -0.0967801 ] } },
{ "type": "Feature", "properties": { "osm_id": 10940506882, "latitude": -0.0966337, "longitude": 34.7533963, "name": "Aguko Machinery", "shop_type": "hardware", "amenity": null, "opening_hours": null }, "geometry": { "type": "Point", "coordinates": [ 34.7533963, -0.0966337 ] } },
{ "type": "Feature", "properties": { "osm_id": 10941845311, "latitude": -0.0968336, "longitude": 34.7535167, "name": "Tegno autoparts", "shop_type": "car_parts", "amenity": null, "opening_hours": null }, "geometry": { "type": "Point", "coordinates": [ 34.7535167, -0.0968336 ] } },
{ "type": "Feature", "properties": { "osm_id": 10941845312, "latitude": -0.0965835, "longitude": 34.7534653, "name": "Western highway tyres", "shop_type": "tyres", "amenity": null, "opening_hours": null }, "geometry": { "type": "Point", "coordinates": [ 34.7534653, -0.0965835 ] } },
{ "type": "Feature", "properties": { "osm_id": 10941845313, "latitude": -0.0970066, "longitude": 34.7532958, "name": "INdayare enterprises", "shop_type": "hardware", "amenity": null, "opening_hours": null }, "geometry": { "type": "Point", "coordinates": [ 34.7532958, -0.0970066 ] } },
{ "type": "Feature", "properties": { "osm_id": 10941845315, "latitude": -0.0969612, "longitude": 34.7530367, "name": "Kawaka electricals", "shop_type": "electrical", "amenity": null, "opening_hours": null }, "geometry": { "type": "Point", "coordinates": [ 34.7530367, -0.0969612 ] } },
{ "type": "Feature", "properties": { "osm_id": 10941845322, "latitude": -0.0970837, "longitude": 34.7531899, "name": "kuki general merchants", "shop_type": "hardware", "amenity": null, "opening_hours": null }, "geometry": { "type": "Point", "coordinates": [ 34.7531899, -0.0970837 ] } },
{ "type": "Feature", "properties": { "osm_id": 10941845323, "latitude": -0.0971231, "longitude": 34.753149, "name": "Musyoki Tyre Centre", "shop_type": "tyres", "amenity": null, "opening_hours": null }, "geometry": { "type": "Point", "coordinates": [ 34.753149, -0.0971231 ] } },
{ "type": "Feature", "properties": { "osm_id": 10941873511, "latitude": -0.097034, "longitude": 34.7529473, "name": "tile city ltd", "shop_type": "tiles", "amenity": null, "opening_hours": null }, "geometry": { "type": "Point", "coordinates": [ 34.7529473, -0.097034 ] } },
{ "type": "Feature", "properties": { "osm_id": 10941873512, "latitude": -0.0972983, "longitude": 34.7536194, "name": "Foam matresses ltd", "shop_type": "bed", "amenity": null, "opening_hours": null }, "geometry": { "type": "Point", "coordinates": [ 34.7536194, -0.0972983 ] } },
{ "type": "Feature", "properties": { "osm_id": 10941873513, "latitude": -0.0991565, "longitude": 34.7520105, "name": "Amito stores", "shop_type": "fabric", "amenity": null, "opening_hours": null }, "geometry": { "type": "Point", "coordinates": [ 34.7520105, -0.0991565 ] } },
{ "type": "Feature", "properties": { "osm_id": 10941873514, "latitude": -0.0989598, "longitude": 34.7518651, "name": "Amito stores", "shop_type": "fabric", "amenity": null, "opening_hours": null }, "geometry": { "type": "Point", "coordinates": [ 34.7518651, -0.0989598 ] } },
{ "type": "Feature", "properties": { "osm_id": 10941873515, "latitude": -0.0992364, "longitude": 34.7518822, "name": "Nyanza woolen shop", "shop_type": "fabric", "amenity": null, "opening_hours": null }, "geometry": { "type": "Point", "coordinates": [ 34.7518822, -0.0992364 ] } },
{ "type": "Feature", "properties": { "osm_id": 10941873516, "latitude": -0.0990339, "longitude": 34.7517624, "name": "Midrock farms ltd", "shop_type": "agrarian", "amenity": null, "opening_hours": null }, "geometry": { "type": "Point", "coordinates": [ 34.7517624, -0.0990339 ] } },
{ "type": "Feature", "properties": { "osm_id": 10943756730, "latitude": -0.1074434, "longitude": 34.7694985, "name": "CTM Kenya", "shop_type": "hardware", "amenity": null, "opening_hours": null }, "geometry": { "type": "Point", "coordinates": [ 34.7694985, -0.1074434 ] } },
{ "type": "Feature", "properties": { "osm_id": 10943819781, "latitude": -0.0994984, "longitude": 34.750917, "name": "Afro Drip", "shop_type": "agrarian", "amenity": null, "opening_hours": null }, "geometry": { "type": "Point", "coordinates": [ 34.750917, -0.0994984 ] } },
{ "type": "Feature", "properties": { "osm_id": 10943819782, "latitude": -0.0996615, "longitude": 34.7509866, "name": "Mitha electricals", "shop_type": "electrical", "amenity": null, "opening_hours": null }, "geometry": { "type": "Point", "coordinates": [ 34.7509866, -0.0996615 ] } },
{ "type": "Feature", "properties": { "osm_id": 10943867672, "latitude": -0.0803905, "longitude": 34.7844901, "name": "Vilet studio", "shop_type": "photo", "amenity": null, "opening_hours": null }, "geometry": { "type": "Point", "coordinates": [ 34.7844901, -0.0803905 ] } },
{ "type": "Feature", "properties": { "osm_id": 10943873312, "latitude": -0.0989657, "longitude": 34.752177, "name": "Monasa Nets", "shop_type": "fishing", "amenity": null, "opening_hours": null }, "geometry": { "type": "Point", "coordinates": [ 34.752177, -0.0989657 ] } },
{ "type": "Feature", "properties": { "osm_id": 10943873313, "latitude": -0.0988973, "longitude": 34.7522388, "name": "Amalo company ltd.", "shop_type": "wholesale", "amenity": null, "opening_hours": null }, "geometry": { "type": "Point", "coordinates": [ 34.7522388, -0.0988973 ] } },
{ "type": "Feature", "properties": { "osm_id": 10943873314, "latitude": -0.0987938, "longitude": 34.7520535, "name": "Recho Garments", "shop_type": "clothes", "amenity": null, "opening_hours": null }, "geometry": { "type": "Point", "coordinates": [ 34.7520535, -0.0987938 ] } },
{ "type": "Feature", "properties": { "osm_id": 10943873315, "latitude": -0.0988138, "longitude": 34.7523406, "name": "Nildeep ltd.", "shop_type": "hardware", "amenity": null, "opening_hours": null }, "geometry": { "type": "Point", "coordinates": [ 34.7523406, -0.0988138 ] } },
{ "type": "Feature", "properties": { "osm_id": 10945826756, "latitude": -0.0995711, "longitude": 34.7544874, "name": "nasir fashion shop", "shop_type": "fashion_accessories", "amenity": null, "opening_hours": null }, "geometry": { "type": "Point", "coordinates": [ 34.7544874, -0.0995711 ] } },
{ "type": "Feature", "properties": { "osm_id": 10945826757, "latitude": -0.0996275, "longitude": 34.7543953, "name": "jeha beauty & fashion shop", "shop_type": "fashion_accessories", "amenity": null, "opening_hours": null }, "geometry": { "type": "Point", "coordinates": [ 34.7543953, -0.0996275 ] } },
{ "type": "Feature", "properties": { "osm_id": 10945826758, "latitude": -0.0995918, "longitude": 34.7543527, "name": "mubarak electronics shop", "shop_type": "electronics", "amenity": null, "opening_hours": null }, "geometry": { "type": "Point", "coordinates": [ 34.7543527, -0.0995918 ] } },
{ "type": "Feature", "properties": { "osm_id": 10945826761, "latitude": -0.0994625, "longitude": 34.7543994, "name": "bayan", "shop_type": "electronics", "amenity": null, "opening_hours": null }, "geometry": { "type": "Point", "coordinates": [ 34.7543994, -0.0994625 ] } },
{ "type": "Feature", "properties": { "osm_id": 10945826763, "latitude": -0.0993586, "longitude": 34.7541827, "name": null, "shop_type": "bag", "amenity": null, "opening_hours": null }, "geometry": { "type": "Point", "coordinates": [ 34.7541827, -0.0993586 ] } },
{ "type": "Feature", "properties": { "osm_id": 10945826764, "latitude": -0.0993547, "longitude": 34.7543097, "name": null, "shop_type": "bag", "amenity": null, "opening_hours": null }, "geometry": { "type": "Point", "coordinates": [ 34.7543097, -0.0993547 ] } },
{ "type": "Feature", "properties": { "osm_id": 10945826766, "latitude": -0.0993241, "longitude": 34.7542821, "name": "izoo takaba", "shop_type": "hifi", "amenity": null, "opening_hours": null }, "geometry": { "type": "Point", "coordinates": [ 34.7542821, -0.0993241 ] } },
{ "type": "Feature", "properties": { "osm_id": 10945826767, "latitude": -0.0992996, "longitude": 34.7542622, "name": null, "shop_type": "bag", "amenity": null, "opening_hours": null }, "geometry": { "type": "Point", "coordinates": [ 34.7542622, -0.0992996 ] } },
{ "type": "Feature", "properties": { "osm_id": 10945826768, "latitude": -0.09928, "longitude": 34.754245, "name": null, "shop_type": "hifi", "amenity": null, "opening_hours": null }, "geometry": { "type": "Point", "coordinates": [ 34.754245, -0.09928 ] } },
{ "type": "Feature", "properties": { "osm_id": 10945826771, "latitude": -0.0993277, "longitude": 34.7541819, "name": null, "shop_type": "hifi", "amenity": null, "opening_hours": null }, "geometry": { "type": "Point", "coordinates": [ 34.7541819, -0.0993277 ] } },
{ "type": "Feature", "properties": { "osm_id": 10945826772, "latitude": -0.0993249, "longitude": 34.754145, "name": null, "shop_type": "electronics", "amenity": null, "opening_hours": null }, "geometry": { "type": "Point", "coordinates": [ 34.754145, -0.0993249 ] } },
{ "type": "Feature", "properties": { "osm_id": 10945826775, "latitude": -0.0992533, "longitude": 34.7542245, "name": null, "shop_type": "clothes", "amenity": null, "opening_hours": null }, "geometry": { "type": "Point", "coordinates": [ 34.7542245, -0.0992533 ] } },
{ "type": "Feature", "properties": { "osm_id": 10945826776, "latitude": -0.09923, "longitude": 34.7542013, "name": null, "shop_type": "electronics", "amenity": null, "opening_hours": null }, "geometry": { "type": "Point", "coordinates": [ 34.7542013, -0.09923 ] } },
{ "type": "Feature", "properties": { "osm_id": 10945842838, "latitude": -0.099268, "longitude": 34.7541271, "name": null, "shop_type": "bag", "amenity": null, "opening_hours": null }, "geometry": { "type": "Point", "coordinates": [ 34.7541271, -0.099268 ] } },
{ "type": "Feature", "properties": { "osm_id": 10945842839, "latitude": -0.0992997, "longitude": 34.7541207, "name": null, "shop_type": "bag", "amenity": null, "opening_hours": null }, "geometry": { "type": "Point", "coordinates": [ 34.7541207, -0.0992997 ] } },
{ "type": "Feature", "properties": { "osm_id": 10945842840, "latitude": -0.0992924, "longitude": 34.7541465, "name": null, "shop_type": "electronics", "amenity": null, "opening_hours": null }, "geometry": { "type": "Point", "coordinates": [ 34.7541465, -0.0992924 ] } },
{ "type": "Feature", "properties": { "osm_id": 10945842841, "latitude": -0.0993081, "longitude": 34.7541613, "name": null, "shop_type": "hifi", "amenity": null, "opening_hours": null }, "geometry": { "type": "Point", "coordinates": [ 34.7541613, -0.0993081 ] } },
{ "type": "Feature", "properties": { "osm_id": 10945842843, "latitude": -0.0993706, "longitude": 34.7542194, "name": null, "shop_type": "mobile_phone", "amenity": null, "opening_hours": null }, "geometry": { "type": "Point", "coordinates": [ 34.7542194, -0.0993706 ] } },
{ "type": "Feature", "properties": { "osm_id": 10945842844, "latitude": -0.099394, "longitude": 34.7542386, "name": null, "shop_type": "clothes", "amenity": null, "opening_hours": null }, "geometry": { "type": "Point", "coordinates": [ 34.7542386, -0.099394 ] } },
{ "type": "Feature", "properties": { "osm_id": 10945842845, "latitude": -0.0994159, "longitude": 34.7542544, "name": "Pretty U fashion", "shop_type": "fashion_accessories", "amenity": null, "opening_hours": null }, "geometry": { "type": "Point", "coordinates": [ 34.7542544, -0.0994159 ] } },
{ "type": "Feature", "properties": { "osm_id": 10945842846, "latitude": -0.0994409, "longitude": 34.7542788, "name": "Moyale electricals", "shop_type": "electronics", "amenity": null, "opening_hours": null }, "geometry": { "type": "Point", "coordinates": [ 34.7542788, -0.0994409 ] } },
{ "type": "Feature", "properties": { "osm_id": 10945842847, "latitude": -0.0994733, "longitude": 34.7543075, "name": "kosaze electricals", "shop_type": "electronics", "amenity": null, "opening_hours": null }, "geometry": { "type": "Point", "coordinates": [ 34.7543075, -0.0994733 ] } },
{ "type": "Feature", "properties": { "osm_id": 10961362412, "latitude": -0.0975031, "longitude": 34.7534775, "name": "Kavirondo fishnets & hardware", "shop_type": "fishing", "amenity": null, "opening_hours": null }, "geometry": { "type": "Point", "coordinates": [ 34.7534775, -0.0975031 ] } },
{ "type": "Feature", "properties": { "osm_id": 10976832791, "latitude": -0.0996006, "longitude": 34.7506769, "name": "Blackberry", "shop_type": "clothes", "amenity": null, "opening_hours": null }, "geometry": { "type": "Point", "coordinates": [ 34.7506769, -0.0996006 ] } },
{ "type": "Feature", "properties": { "osm_id": 10976864900, "latitude": -0.1004806, "longitude": 34.7510454, "name": "powerlite Electricals", "shop_type": "electronics", "amenity": null, "opening_hours": null }, "geometry": { "type": "Point", "coordinates": [ 34.7510454, -0.1004806 ] } },
{ "type": "Feature", "properties": { "osm_id": 10978530359, "latitude": -0.1035928, "longitude": 34.75249, "name": null, "shop_type": "computer", "amenity": null, "opening_hours": null }, "geometry": { "type": "Point", "coordinates": [ 34.75249, -0.1035928 ] } },
{ "type": "Feature", "properties": { "osm_id": 10978530361, "latitude": -0.0981704, "longitude": 34.7624123, "name": "City Walk", "shop_type": "shoes", "amenity": null, "opening_hours": null }, "geometry": { "type": "Point", "coordinates": [ 34.7624123, -0.0981704 ] } },
{ "type": "Feature", "properties": { "osm_id": 10978530362, "latitude": -0.0980125, "longitude": 34.7626221, "name": "Mac Garage", "shop_type": "computer", "amenity": null, "opening_hours": null }, "geometry": { "type": "Point", "coordinates": [ 34.7626221, -0.0980125 ] } },
{ "type": "Feature", "properties": { "osm_id": 10995398989, "latitude": -0.0815523, "longitude": 34.7807274, "name": null, "shop_type": "houseware", "amenity": null, "opening_hours": null }, "geometry": { "type": "Point", "coordinates": [ 34.7807274, -0.0815523 ] } },
{ "type": "Feature", "properties": { "osm_id": 11013777517, "latitude": -0.0883213, "longitude": 34.7655379, "name": "Auto Xpress", "shop_type": "car_repair", "amenity": null, "opening_hours": null }, "geometry": { "type": "Point", "coordinates": [ 34.7655379, -0.0883213 ] } },
{ "type": "Feature", "properties": { "osm_id": 11013777518, "latitude": -0.0884581, "longitude": 34.7653881, "name": "Jamboleo Body shop", "shop_type": "car_repair", "amenity": null, "opening_hours": null }, "geometry": { "type": "Point", "coordinates": [ 34.7653881, -0.0884581 ] } },
{ "type": "Feature", "properties": { "osm_id": 11013777524, "latitude": -0.0891802, "longitude": 34.7652617, "name": "Tata Motors", "shop_type": "car", "amenity": null, "opening_hours": null }, "geometry": { "type": "Point", "coordinates": [ 34.7652617, -0.0891802 ] } },
{ "type": "Feature", "properties": { "osm_id": 11013777534, "latitude": -0.097378, "longitude": 34.7556887, "name": null, "shop_type": "car", "amenity": null, "opening_hours": null }, "geometry": { "type": "Point", "coordinates": [ 34.7556887, -0.097378 ] } },
{ "type": "Feature", "properties": { "osm_id": 11013777535, "latitude": -0.1041368, "longitude": 34.7550453, "name": "RANA auto", "shop_type": "car", "amenity": null, "opening_hours": null }, "geometry": { "type": "Point", "coordinates": [ 34.7550453, -0.1041368 ] } },
{ "type": "Feature", "properties": { "osm_id": 11016540434, "latitude": -0.1074378, "longitude": 34.7697178, "name": "Aquapet", "shop_type": "pet", "amenity": null, "opening_hours": null }, "geometry": { "type": "Point", "coordinates": [ 34.7697178, -0.1074378 ] } },
{ "type": "Feature", "properties": { "osm_id": 11016540436, "latitude": -0.1074211, "longitude": 34.7701386, "name": "optex", "shop_type": "optician", "amenity": null, "opening_hours": null }, "geometry": { "type": "Point", "coordinates": [ 34.7701386, -0.1074211 ] } },
{ "type": "Feature", "properties": { "osm_id": 11016540437, "latitude": -0.1073944, "longitude": 34.7703923, "name": "Dr Matress", "shop_type": "bed", "amenity": null, "opening_hours": null }, "geometry": { "type": "Point", "coordinates": [ 34.7703923, -0.1073944 ] } },
{ "type": "Feature", "properties": { "osm_id": 11016540438, "latitude": -0.1073777, "longitude": 34.7706494, "name": "Dr M Furniture", "shop_type": "furniture", "amenity": null, "opening_hours": null }, "geometry": { "type": "Point", "coordinates": [ 34.7706494, -0.1073777 ] } },
{ "type": "Feature", "properties": { "osm_id": 11016540440, "latitude": -0.1070872, "longitude": 34.7695175, "name": "Titan optics", "shop_type": "optician", "amenity": null, "opening_hours": null }, "geometry": { "type": "Point", "coordinates": [ 34.7695175, -0.1070872 ] } },
{ "type": "Feature", "properties": { "osm_id": 11016540441, "latitude": -0.1070431, "longitude": 34.7697873, "name": "Zoro's cool drinking water", "shop_type": "water", "amenity": null, "opening_hours": null }, "geometry": { "type": "Point", "coordinates": [ 34.7697873, -0.1070431 ] } },
{ "type": "Feature", "properties": { "osm_id": 11016540442, "latitude": -0.1070304, "longitude": 34.7700684, "name": "Mac & More solutions", "shop_type": "computer", "amenity": null, "opening_hours": null }, "geometry": { "type": "Point", "coordinates": [ 34.7700684, -0.1070304 ] } },
{ "type": "Feature", "properties": { "osm_id": 11016540446, "latitude": -0.1079861, "longitude": 34.769631, "name": "Beyond Fruits", "shop_type": "farm", "amenity": null, "opening_hours": null }, "geometry": { "type": "Point", "coordinates": [ 34.769631, -0.1079861 ] } },
{ "type": "Feature", "properties": { "osm_id": 11016540447, "latitude": -0.1080622, "longitude": 34.769818, "name": "khushi motors", "shop_type": "car", "amenity": null, "opening_hours": null }, "geometry": { "type": "Point", "coordinates": [ 34.769818, -0.1080622 ] } },
{ "type": "Feature", "properties": { "osm_id": 11020090781, "latitude": -0.1078899, "longitude": 34.7697528, "name": "Continental Tyres", "shop_type": "tyres", "amenity": null, "opening_hours": null }, "geometry": { "type": "Point", "coordinates": [ 34.7697528, -0.1078899 ] } },
{ "type": "Feature", "properties": { "osm_id": 11030023226, "latitude": -0.0954613, "longitude": 34.7686557, "name": "Roadside General store", "shop_type": "general", "amenity": null, "opening_hours": null }, "geometry": { "type": "Point", "coordinates": [ 34.7686557, -0.0954613 ] } },
{ "type": "Feature", "properties": { "osm_id": 11030023227, "latitude": -0.0954703, "longitude": 34.7685668, "name": "Kim's Poultry", "shop_type": "agrarian", "amenity": null, "opening_hours": null }, "geometry": { "type": "Point", "coordinates": [ 34.7685668, -0.0954703 ] } },
{ "type": "Feature", "properties": { "osm_id": 11030023228, "latitude": -0.0954735, "longitude": 34.7684922, "name": "Jabito Garments & School Supplies", "shop_type": "stationery", "amenity": null, "opening_hours": null }, "geometry": { "type": "Point", "coordinates": [ 34.7684922, -0.0954735 ] } },
{ "type": "Feature", "properties": { "osm_id": 11030023270, "latitude": -0.1050837, "longitude": 34.7530266, "name": "Bata", "shop_type": "shoes", "amenity": null, "opening_hours": null }, "geometry": { "type": "Point", "coordinates": [ 34.7530266, -0.1050837 ] } },
{ "type": "Feature", "properties": { "osm_id": 11030023274, "latitude": -0.1071457, "longitude": 34.7520643, "name": "safarilink", "shop_type": "ticket", "amenity": null, "opening_hours": null }, "geometry": { "type": "Point", "coordinates": [ 34.7520643, -0.1071457 ] } },
{ "type": "Feature", "properties": { "osm_id": 11030023275, "latitude": -0.1069669, "longitude": 34.7521328, "name": null, "shop_type": "shoes", "amenity": null, "opening_hours": null }, "geometry": { "type": "Point", "coordinates": [ 34.7521328, -0.1069669 ] } },
{ "type": "Feature", "properties": { "osm_id": 11030023276, "latitude": -0.1070988, "longitude": 34.7518718, "name": "Beyond Fruits", "shop_type": "greengrocer", "amenity": null, "opening_hours": null }, "geometry": { "type": "Point", "coordinates": [ 34.7518718, -0.1070988 ] } },
{ "type": "Feature", "properties": { "osm_id": 11030023277, "latitude": -0.1071437, "longitude": 34.7519333, "name": "Samsung", "shop_type": "electronics", "amenity": null, "opening_hours": null }, "geometry": { "type": "Point", "coordinates": [ 34.7519333, -0.1071437 ] } },
{ "type": "Feature", "properties": { "osm_id": 11030023278, "latitude": -0.107084, "longitude": 34.7520181, "name": "Oppo", "shop_type": "mobile_phone", "amenity": null, "opening_hours": null }, "geometry": { "type": "Point", "coordinates": [ 34.7520181, -0.107084 ] } },
{ "type": "Feature", "properties": { "osm_id": 11030023285, "latitude": -0.0981795, "longitude": 34.762764, "name": "mika", "shop_type": "electronics", "amenity": null, "opening_hours": null }, "geometry": { "type": "Point", "coordinates": [ 34.762764, -0.0981795 ] } },
{ "type": "Feature", "properties": { "osm_id": 11034057662, "latitude": -0.090886, "longitude": 34.7683214, "name": "Unitas SACCO", "shop_type": "money_lender", "amenity": null, "opening_hours": null }, "geometry": { "type": "Point", "coordinates": [ 34.7683214, -0.090886 ] } },
{ "type": "Feature", "properties": { "osm_id": 11034143944, "latitude": -0.1006279, "longitude": 34.7531505, "name": "marhaba", "shop_type": "convenience", "amenity": null, "opening_hours": null }, "geometry": { "type": "Point", "coordinates": [ 34.7531505, -0.1006279 ] } },
{ "type": "Feature", "properties": { "osm_id": 11035432652, "latitude": -0.0833787, "longitude": 34.7739949, "name": "samuel odinga coffins & furniture", "shop_type": "furniture", "amenity": null, "opening_hours": null }, "geometry": { "type": "Point", "coordinates": [ 34.7739949, -0.0833787 ] } },
{ "type": "Feature", "properties": { "osm_id": 11035432653, "latitude": -0.0833485, "longitude": 34.7738653, "name": "Samorco emporium & logistics", "shop_type": "yes", "amenity": null, "opening_hours": null }, "geometry": { "type": "Point", "coordinates": [ 34.7738653, -0.0833485 ] } },
{ "type": "Feature", "properties": { "osm_id": 11035432654, "latitude": -0.0834251, "longitude": 34.7741285, "name": "Umuya shop", "shop_type": "kiosk", "amenity": null, "opening_hours": null }, "geometry": { "type": "Point", "coordinates": [ 34.7741285, -0.0834251 ] } },
{ "type": "Feature", "properties": { "osm_id": 11035432655, "latitude": -0.0833496, "longitude": 34.7741744, "name": "kosovo base hair cuts", "shop_type": "hairdresser", "amenity": null, "opening_hours": null }, "geometry": { "type": "Point", "coordinates": [ 34.7741744, -0.0833496 ] } },
{ "type": "Feature", "properties": { "osm_id": 11035432656, "latitude": -0.083287, "longitude": 34.7742184, "name": "Rinas Milk shop", "shop_type": "dairy", "amenity": null, "opening_hours": null }, "geometry": { "type": "Point", "coordinates": [ 34.7742184, -0.083287 ] } },
{ "type": "Feature", "properties": { "osm_id": 11035432658, "latitude": -0.0830972, "longitude": 34.7742902, "name": "sigma feeds", "shop_type": "agrarian", "amenity": null, "opening_hours": null }, "geometry": { "type": "Point", "coordinates": [ 34.7742902, -0.0830972 ] } },
{ "type": "Feature", "properties": { "osm_id": 11035432659, "latitude": -0.0830221, "longitude": 34.7743259, "name": "Blue seal drycleaners", "shop_type": "dry_cleaning", "amenity": null, "opening_hours": null }, "geometry": { "type": "Point", "coordinates": [ 34.7743259, -0.0830221 ] } },
{ "type": "Feature", "properties": { "osm_id": 11035432661, "latitude": -0.0829081, "longitude": 34.7744164, "name": "favor botique", "shop_type": "fashion_accessories", "amenity": null, "opening_hours": null }, "geometry": { "type": "Point", "coordinates": [ 34.7744164, -0.0829081 ] } },
{ "type": "Feature", "properties": { "osm_id": 11035432662, "latitude": -0.0828433, "longitude": 34.7744072, "name": "Munyao poultry enterprises", "shop_type": "agrarian", "amenity": null, "opening_hours": null }, "geometry": { "type": "Point", "coordinates": [ 34.7744072, -0.0828433 ] } },
{ "type": "Feature", "properties": { "osm_id": 11035432663, "latitude": -0.0827868, "longitude": 34.7744329, "name": "KIM's poultry enterprises", "shop_type": "agrarian", "amenity": null, "opening_hours": null }, "geometry": { "type": "Point", "coordinates": [ 34.7744329, -0.0827868 ] } },
{ "type": "Feature", "properties": { "osm_id": 11035432664, "latitude": -0.0827473, "longitude": 34.7744999, "name": "Pelikan Paints Centre", "shop_type": "paint", "amenity": null, "opening_hours": null }, "geometry": { "type": "Point", "coordinates": [ 34.7744999, -0.0827473 ] } },
{ "type": "Feature", "properties": { "osm_id": 11035432667, "latitude": -0.082968, "longitude": 34.7748071, "name": "Denvic bookshop", "shop_type": "books", "amenity": null, "opening_hours": null }, "geometry": { "type": "Point", "coordinates": [ 34.7748071, -0.082968 ] } },
{ "type": "Feature", "properties": { "osm_id": 11035432669, "latitude": -0.0822682, "longitude": 34.7750029, "name": "Pramukh wholesale & retail", "shop_type": "wholesale", "amenity": null, "opening_hours": null }, "geometry": { "type": "Point", "coordinates": [ 34.7750029, -0.0822682 ] } },
{ "type": "Feature", "properties": { "osm_id": 11035432670, "latitude": -0.0823665, "longitude": 34.7749758, "name": "Nildeep ltd.", "shop_type": "fabric", "amenity": null, "opening_hours": null }, "geometry": { "type": "Point", "coordinates": [ 34.7749758, -0.0823665 ] } },
{ "type": "Feature", "properties": { "osm_id": 11035432671, "latitude": -0.0823793, "longitude": 34.7750684, "name": "winam decor & hardware", "shop_type": "interior_decoration", "amenity": null, "opening_hours": null }, "geometry": { "type": "Point", "coordinates": [ 34.7750684, -0.0823793 ] } },
{ "type": "Feature", "properties": { "osm_id": 11035432672, "latitude": -0.0820501, "longitude": 34.7746893, "name": "Janam motorbike spares", "shop_type": "motorcycle_repair", "amenity": null, "opening_hours": null }, "geometry": { "type": "Point", "coordinates": [ 34.7746893, -0.0820501 ] } },
{ "type": "Feature", "properties": { "osm_id": 11036196418, "latitude": -0.0887765, "longitude": 34.7677042, "name": "Toreno Motors", "shop_type": "car_repair", "amenity": null, "opening_hours": null }, "geometry": { "type": "Point", "coordinates": [ 34.7677042, -0.0887765 ] } },
{ "type": "Feature", "properties": { "osm_id": 11041880762, "latitude": -0.0758722, "longitude": 34.7807062, "name": "Onion center", "shop_type": "greengrocer", "amenity": null, "opening_hours": null }, "geometry": { "type": "Point", "coordinates": [ 34.7807062, -0.0758722 ] } },
{ "type": "Feature", "properties": { "osm_id": 11041880763, "latitude": -0.075946, "longitude": 34.7805908, "name": "Manchi water", "shop_type": "water", "amenity": null, "opening_hours": null }, "geometry": { "type": "Point", "coordinates": [ 34.7805908, -0.075946 ] } },
{ "type": "Feature", "properties": { "osm_id": 11044596295, "latitude": -0.081228, "longitude": 34.7845126, "name": "danny fashions", "shop_type": "fashion_accessories", "amenity": null, "opening_hours": null }, "geometry": { "type": "Point", "coordinates": [ 34.7845126, -0.081228 ] } },
{ "type": "Feature", "properties": { "osm_id": 11044596296, "latitude": -0.0811797, "longitude": 34.7845126, "name": "Divineland milk & honey", "shop_type": "dairy", "amenity": null, "opening_hours": null }, "geometry": { "type": "Point", "coordinates": [ 34.7845126, -0.0811797 ] } },
{ "type": "Feature", "properties": { "osm_id": 11044596297, "latitude": -0.0811294, "longitude": 34.7845126, "name": "Lee Femmi perfume fills", "shop_type": "perfumery", "amenity": null, "opening_hours": null }, "geometry": { "type": "Point", "coordinates": [ 34.7845126, -0.0811294 ] } },
{ "type": "Feature", "properties": { "osm_id": 11044596298, "latitude": -0.0810852, "longitude": 34.7845166, "name": "mum jees fashion collection", "shop_type": "fashion_accessories", "amenity": null, "opening_hours": null }, "geometry": { "type": "Point", "coordinates": [ 34.7845166, -0.0810852 ] } },
{ "type": "Feature", "properties": { "osm_id": 11044596299, "latitude": -0.0810463, "longitude": 34.7845113, "name": "Double Jay electrical and mini hardware", "shop_type": "hardware", "amenity": null, "opening_hours": null }, "geometry": { "type": "Point", "coordinates": [ 34.7845113, -0.0810463 ] } },
{ "type": "Feature", "properties": { "osm_id": 11044596300, "latitude": -0.0809866, "longitude": 34.7845267, "name": "Ondisore farmers choice depot", "shop_type": "kiosk", "amenity": null, "opening_hours": null }, "geometry": { "type": "Point", "coordinates": [ 34.7845267, -0.0809866 ] } },
{ "type": "Feature", "properties": { "osm_id": 11044596301, "latitude": -0.0808029, "longitude": 34.7843295, "name": "zamani cake suppliers", "shop_type": "bakery", "amenity": null, "opening_hours": null }, "geometry": { "type": "Point", "coordinates": [ 34.7843295, -0.0808029 ] } },
{ "type": "Feature", "properties": { "osm_id": 11044596303, "latitude": -0.0807673, "longitude": 34.7844898, "name": "Odhis Jerseys", "shop_type": "clothes", "amenity": null, "opening_hours": null }, "geometry": { "type": "Point", "coordinates": [ 34.7844898, -0.0807673 ] } },
{ "type": "Feature", "properties": { "osm_id": 11044596304, "latitude": -0.0808827, "longitude": 34.7845029, "name": "Joreddy Wines & spirits", "shop_type": "wine", "amenity": null, "opening_hours": null }, "geometry": { "type": "Point", "coordinates": [ 34.7845029, -0.0808827 ] } },
{ "type": "Feature", "properties": { "osm_id": 11044610205, "latitude": -0.0808277, "longitude": 34.7845032, "name": "samsity nail botique", "shop_type": "beauty", "amenity": null, "opening_hours": null }, "geometry": { "type": "Point", "coordinates": [ 34.7845032, -0.0808277 ] } },
{ "type": "Feature", "properties": { "osm_id": 11044610206, "latitude": -0.0807211, "longitude": 34.7844952, "name": "Lakeside Halal butchery", "shop_type": "butcher", "amenity": null, "opening_hours": null }, "geometry": { "type": "Point", "coordinates": [ 34.7844952, -0.0807211 ] } },
{ "type": "Feature", "properties": { "osm_id": 11044610207, "latitude": -0.0795234, "longitude": 34.7840694, "name": "Underground barber shop", "shop_type": "hairdresser", "amenity": null, "opening_hours": null }, "geometry": { "type": "Point", "coordinates": [ 34.7840694, -0.0795234 ] } },
{ "type": "Feature", "properties": { "osm_id": 11044670410, "latitude": -0.0871959, "longitude": 34.7685394, "name": "sparco motors garage", "shop_type": "car_repair", "amenity": null, "opening_hours": null }, "geometry": { "type": "Point", "coordinates": [ 34.7685394, -0.0871959 ] } },
{ "type": "Feature", "properties": { "osm_id": 11055440278, "latitude": -0.1071832, "longitude": 34.769276, "name": "Sinachi travel & tours", "shop_type": "travel_agency", "amenity": null, "opening_hours": null }, "geometry": { "type": "Point", "coordinates": [ 34.769276, -0.1071832 ] } },
{ "type": "Feature", "properties": { "osm_id": 11082995764, "latitude": -0.075023, "longitude": 34.7814257, "name": null, "shop_type": "kitchen", "amenity": null, "opening_hours": null }, "geometry": { "type": "Point", "coordinates": [ 34.7814257, -0.075023 ] } },
{ "type": "Feature", "properties": { "osm_id": 11082995765, "latitude": -0.0750328, "longitude": 34.7814106, "name": null, "shop_type": "shoes", "amenity": null, "opening_hours": null }, "geometry": { "type": "Point", "coordinates": [ 34.7814106, -0.0750328 ] } },
{ "type": "Feature", "properties": { "osm_id": 11083578781, "latitude": -0.105106, "longitude": 34.7544296, "name": "whiterose drycleaners", "shop_type": "laundry", "amenity": null, "opening_hours": null }, "geometry": { "type": "Point", "coordinates": [ 34.7544296, -0.105106 ] } },
{ "type": "Feature", "properties": { "osm_id": 11088822295, "latitude": -0.097737, "longitude": 34.7535512, "name": "kibuye wholesalers", "shop_type": "wholesale", "amenity": null, "opening_hours": null }, "geometry": { "type": "Point", "coordinates": [ 34.7535512, -0.097737 ] } },
{ "type": "Feature", "properties": { "osm_id": 11088822296, "latitude": -0.097678, "longitude": 34.7536665, "name": "Cycle and Electronic Centre", "shop_type": "bicycle", "amenity": null, "opening_hours": null }, "geometry": { "type": "Point", "coordinates": [ 34.7536665, -0.097678 ] } },
{ "type": "Feature", "properties": { "osm_id": 11088822297, "latitude": -0.0972113, "longitude": 34.7537631, "name": "Galaiya stores Ltd", "shop_type": "wholesale", "amenity": null, "opening_hours": null }, "geometry": { "type": "Point", "coordinates": [ 34.7537631, -0.0972113 ] } },
{ "type": "Feature", "properties": { "osm_id": 11094245646, "latitude": -0.0782233, "longitude": 34.7852488, "name": "Kijani purified", "shop_type": "water", "amenity": null, "opening_hours": null }, "geometry": { "type": "Point", "coordinates": [ 34.7852488, -0.0782233 ] } },
{ "type": "Feature", "properties": { "osm_id": 11094246712, "latitude": -0.0757603, "longitude": 34.7805644, "name": "Betty's classic mitumba", "shop_type": "clothes", "amenity": null, "opening_hours": null }, "geometry": { "type": "Point", "coordinates": [ 34.7805644, -0.0757603 ] } },
{ "type": "Feature", "properties": { "osm_id": 11094246713, "latitude": -0.0757865, "longitude": 34.7805121, "name": "maziwa dairy", "shop_type": "dairy", "amenity": null, "opening_hours": null }, "geometry": { "type": "Point", "coordinates": [ 34.7805121, -0.0757865 ] } },
{ "type": "Feature", "properties": { "osm_id": 11094246714, "latitude": -0.0758676, "longitude": 34.7801527, "name": "Farm fresh", "shop_type": "dairy", "amenity": null, "opening_hours": null }, "geometry": { "type": "Point", "coordinates": [ 34.7801527, -0.0758676 ] } },
{ "type": "Feature", "properties": { "osm_id": 11094246716, "latitude": -0.075875, "longitude": 34.7800548, "name": null, "shop_type": "butcher", "amenity": null, "opening_hours": null }, "geometry": { "type": "Point", "coordinates": [ 34.7800548, -0.075875 ] } },
{ "type": "Feature", "properties": { "osm_id": 11094246717, "latitude": -0.075877, "longitude": 34.7800139, "name": "super collection perfume refil", "shop_type": "perfumery", "amenity": null, "opening_hours": null }, "geometry": { "type": "Point", "coordinates": [ 34.7800139, -0.075877 ] } },
{ "type": "Feature", "properties": { "osm_id": 11094246718, "latitude": -0.0758824, "longitude": 34.7795136, "name": null, "shop_type": "hairdresser", "amenity": null, "opening_hours": null }, "geometry": { "type": "Point", "coordinates": [ 34.7795136, -0.0758824 ] } },
{ "type": "Feature", "properties": { "osm_id": 11094246719, "latitude": -0.0758864, "longitude": 34.7794546, "name": null, "shop_type": "beauty", "amenity": null, "opening_hours": null }, "geometry": { "type": "Point", "coordinates": [ 34.7794546, -0.0758864 ] } },
{ "type": "Feature", "properties": { "osm_id": 11094246721, "latitude": -0.0759038, "longitude": 34.7789624, "name": "pavan paints", "shop_type": "paint", "amenity": null, "opening_hours": null }, "geometry": { "type": "Point", "coordinates": [ 34.7789624, -0.0759038 ] } },
{ "type": "Feature", "properties": { "osm_id": 11094246722, "latitude": -0.0759011, "longitude": 34.7789128, "name": null, "shop_type": "electronics", "amenity": null, "opening_hours": null }, "geometry": { "type": "Point", "coordinates": [ 34.7789128, -0.0759011 ] } },
{ "type": "Feature", "properties": { "osm_id": 11094246723, "latitude": -0.0758998, "longitude": 34.7788699, "name": null, "shop_type": "electronics", "amenity": null, "opening_hours": null }, "geometry": { "type": "Point", "coordinates": [ 34.7788699, -0.0758998 ] } },
{ "type": "Feature", "properties": { "osm_id": 11094246724, "latitude": -0.0759038, "longitude": 34.7787733, "name": null, "shop_type": "clothes", "amenity": null, "opening_hours": null }, "geometry": { "type": "Point", "coordinates": [ 34.7787733, -0.0759038 ] } },
{ "type": "Feature", "properties": { "osm_id": 11094246725, "latitude": -0.0759078, "longitude": 34.7785614, "name": null, "shop_type": "gas", "amenity": null, "opening_hours": null }, "geometry": { "type": "Point", "coordinates": [ 34.7785614, -0.0759078 ] } },
{ "type": "Feature", "properties": { "osm_id": 11094250478, "latitude": -0.0758966, "longitude": 34.7806524, "name": "westland veve shop", "shop_type": "kiosk", "amenity": null, "opening_hours": null }, "geometry": { "type": "Point", "coordinates": [ 34.7806524, -0.0758966 ] } },
{ "type": "Feature", "properties": { "osm_id": 11159362649, "latitude": -0.075887, "longitude": 34.7793929, "name": null, "shop_type": "boutique", "amenity": null, "opening_hours": null }, "geometry": { "type": "Point", "coordinates": [ 34.7793929, -0.075887 ] } },
{ "type": "Feature", "properties": { "osm_id": 11286301270, "latitude": -0.1045231, "longitude": 34.7521472, "name": "Viu Travel", "shop_type": "travel_agency", "amenity": null, "opening_hours": null }, "geometry": { "type": "Point", "coordinates": [ 34.7521472, -0.1045231 ] } },
{ "type": "Feature", "properties": { "osm_id": 11396035095, "latitude": -0.1067894, "longitude": 34.7701018, "name": "silentnight", "shop_type": "bed", "amenity": null, "opening_hours": null }, "geometry": { "type": "Point", "coordinates": [ 34.7701018, -0.1067894 ] } },
{ "type": "Feature", "properties": { "osm_id": 11413254433, "latitude": -0.098606, "longitude": 34.7625446, "name": "Lintons", "shop_type": "beauty", "amenity": null, "opening_hours": null }, "geometry": { "type": "Point", "coordinates": [ 34.7625446, -0.098606 ] } },
{ "type": "Feature", "properties": { "osm_id": 11413254434, "latitude": -0.0984447, "longitude": 34.7624288, "name": "Textbook Center", "shop_type": "books", "amenity": null, "opening_hours": null }, "geometry": { "type": "Point", "coordinates": [ 34.7624288, -0.0984447 ] } },
{ "type": "Feature", "properties": { "osm_id": 11459528275, "latitude": -0.0984451, "longitude": 34.7627136, "name": "Vivo", "shop_type": "mobile_phone", "amenity": null, "opening_hours": null }, "geometry": { "type": "Point", "coordinates": [ 34.7627136, -0.0984451 ] } },
{ "type": "Feature", "properties": { "osm_id": 11459528276, "latitude": -0.1064729, "longitude": 34.7704491, "name": "Carpet City", "shop_type": "carpet", "amenity": null, "opening_hours": null }, "geometry": { "type": "Point", "coordinates": [ 34.7704491, -0.1064729 ] } },
{ "type": "Feature", "properties": { "osm_id": 12876890560, "latitude": -0.1462188, "longitude": 34.8051518, "name": "Builders Superstore", "shop_type": "doityourself", "amenity": null, "opening_hours": "Mo-Fr 09:00-17:00" }, "geometry": { "type": "Point", "coordinates": [ 34.8051518, -0.1462188 ] } },
{ "type": "Feature", "properties": { "osm_id": 12894393845, "latitude": -0.1014786, "longitude": 34.7522959, "name": "umoja", "shop_type": "shoes", "amenity": null, "opening_hours": null }, "geometry": { "type": "Point", "coordinates": [ 34.7522959, -0.1014786 ] } },
{ "type": "Feature", "properties": { "osm_id": 12894393846, "latitude": -0.0984638, "longitude": 34.7628343, "name": "umoja", "shop_type": "shoes", "amenity": null, "opening_hours": null }, "geometry": { "type": "Point", "coordinates": [ 34.7628343, -0.0984638 ] } },
{ "type": "Feature", "properties": { "osm_id": 12898676206, "latitude": -0.1043271, "longitude": 34.7522637, "name": "umoja", "shop_type": "shoes", "amenity": null, "opening_hours": null }, "geometry": { "type": "Point", "coordinates": [ 34.7522637, -0.1043271 ] } },
{ "type": "Feature", "properties": { "osm_id": 13647314920, "latitude": -0.0811364, "longitude": 34.7746317, "name": null, "shop_type": "second_hand", "amenity": null, "opening_hours": null }, "geometry": { "type": "Point", "coordinates": [ 34.7746317, -0.0811364 ] } },
{ "type": "Feature", "properties": { "osm_id": 13658597825, "latitude": -0.0828437, "longitude": 34.7748432, "name": "city mart electricals kondele", "shop_type": "electrical", "amenity": null, "opening_hours": null }, "geometry": { "type": "Point", "coordinates": [ 34.7748432, -0.0828437 ] } },
{ "type": "Feature", "properties": { "osm_id": 13711811503, "latitude": -0.0743815, "longitude": 34.6950314, "name": "Montezumaonalisa funeral home", "shop_type": "funeral_directors", "amenity": null, "opening_hours": null }, "geometry": { "type": "Point", "coordinates": [ 34.6950314, -0.0743815 ] } },
{ "type": "Feature", "properties": { "osm_id": 13714210033, "latitude": -0.1390865, "longitude": 34.7975243, "name": "pepsi", "shop_type": "wholesale", "amenity": null, "opening_hours": null }, "geometry": { "type": "Point", "coordinates": [ 34.7975243, -0.1390865 ] } },
{ "type": "Feature", "properties": { "osm_id": 13714210034, "latitude": -0.1393333, "longitude": 34.7976026, "name": "Jambo mabati", "shop_type": "hardware", "amenity": null, "opening_hours": null }, "geometry": { "type": "Point", "coordinates": [ 34.7976026, -0.1393333 ] } },
{ "type": "Feature", "properties": { "osm_id": 13714210035, "latitude": -0.1331397, "longitude": 34.7949545, "name": "Isuzu service center", "shop_type": "car_repair", "amenity": null, "opening_hours": null }, "geometry": { "type": "Point", "coordinates": [ 34.7949545, -0.1331397 ] } },
{ "type": "Feature", "properties": { "osm_id": 13714210038, "latitude": -0.1388046, "longitude": 34.7974169, "name": "gypsum ceiling supplies", "shop_type": "tiles", "amenity": null, "opening_hours": null }, "geometry": { "type": "Point", "coordinates": [ 34.7974169, -0.1388046 ] } },
{ "type": "Feature", "properties": { "osm_id": 13714210045, "latitude": -0.1532883, "longitude": 34.8288615, "name": "Rabuor gen mart", "shop_type": "wholesale", "amenity": null, "opening_hours": null }, "geometry": { "type": "Point", "coordinates": [ 34.8288615, -0.1532883 ] } },
{ "type": "Feature", "properties": { "osm_id": 13714210047, "latitude": -0.1223524, "longitude": 34.7908722, "name": "Jumbo steel mills", "shop_type": "hardware", "amenity": null, "opening_hours": null }, "geometry": { "type": "Point", "coordinates": [ 34.7908722, -0.1223524 ] } },
{ "type": "Feature", "properties": { "osm_id": 13714403360, "latitude": -0.0758255, "longitude": 34.7995764, "name": "Buffalo bicycles", "shop_type": "bicycle", "amenity": null, "opening_hours": null }, "geometry": { "type": "Point", "coordinates": [ 34.7995764, -0.0758255 ] } },
{ "type": "Feature", "properties": { "osm_id": 13733945080, "latitude": -0.1065221, "longitude": 34.7700428, "name": "China square", "shop_type": "department_store", "amenity": null, "opening_hours": null }, "geometry": { "type": "Point", "coordinates": [ 34.7700428, -0.1065221 ] } },
{ "type": "Feature", "properties": { "osm_id": 13749616722, "latitude": -0.0954578, "longitude": 34.7676872, "name": "tuffoam limited factory outlet", "shop_type": "wholesale", "amenity": null, "opening_hours": null }, "geometry": { "type": "Point", "coordinates": [ 34.7676872, -0.0954578 ] } },
{ "type": "Feature", "properties": { "osm_id": 13749654037, "latitude": -0.0920758, "longitude": 34.7614069, "name": "taji", "shop_type": "water", "amenity": "shop", "opening_hours": null }, "geometry": { "type": "Point", "coordinates": [ 34.7614069, -0.0920758 ] } },
{ "type": "Feature", "properties": { "osm_id": 13749654038, "latitude": -0.0977095, "longitude": 34.7554512, "name": "jaaria mini mart", "shop_type": "supermarket", "amenity": null, "opening_hours": null }, "geometry": { "type": "Point", "coordinates": [ 34.7554512, -0.0977095 ] } },
{ "type": "Feature", "properties": { "osm_id": 13749654039, "latitude": -0.0920593, "longitude": 34.7615096, "name": "keki Na taji", "shop_type": "bakery", "amenity": "shop", "opening_hours": null }, "geometry": { "type": "Point", "coordinates": [ 34.7615096, -0.0920593 ] } }
]
}
